IP 地址,已发送,已接收,丢包率,平均延迟,下载速度(MB/s),地区码
2606:4700:d:1936:d5ab:c30b:954:e275,4,4,0.00,154.79,0.00,SJC
2606:4700:a9:cf:a7e:2516:1c48:6de8,4,4,0.00,154.84,0.00,SJC
2a06:98c1:58:0:ba4:426b:a64b:6379,4,4,0.00,154.97,0.00,SJC
2606:4700:3006:9:d132:8759:e469:99c0,4,4,0.00,154.99,0.00,SJC
2606:4700:0:d923:49e4:1f81:dc61:54bb,4,4,0.00,155.00,0.00,SJC
2606:4700:0:5c07:fac3:6e19:c563:28a5,4,4,0.00,155.04,0.00,SJC
2606:4700:a9:cf:a07:f6b0:9472:b75,4,4,0.00,155.09,0.00,SJC
2606:4700:a9:fa6e:5f28:e6d1:5117:72a,4,4,0.00,155.11,0.00,SJC
2606:4700:0:88:5448:c250:a85b:e415,4,4,0.00,155.13,0.00,SJC
2606:4700:a9:fa7d:fd70:d022:a958:9e8d,4,4,0.00,155.13,0.00,SJC
2606:4700:d1:8795:5072:28b7:2ff1:9cd0,4,4,0.00,155.25,0.00,SJC
2606:4700:d:1d:1eaf:af78:9444:877c,4,4,0.00,155.25,0.00,SJC
2606:4700:a9:fa7d:5bf0:20ed:43b9:4775,4,4,0.00,155.31,0.00,SJC
2606:4700:3007::2f70:d8d1:b738,4,4,0.00,155.37,0.00,SJC
2606:4700:3009:b966:7994:1716:a1b2:f37d,4,4,0.00,155.40,0.00,SJC
2606:4700:3009:3d:f39b:912c:2c36:da36,4,4,0.00,155.41,0.00,SJC
2606:4700:c:0:83:a57a:bc4c:76d2,4,4,0.00,155.41,0.00,SJC
2606:4700:3005:0:ce9a:1e51:240c:a90b,4,4,0.00,155.46,0.00,SJC
2606:4700:d1:d9:5cc1:5e1a:23fb:6382,4,4,0.00,155.46,0.00,SJC
2606:4700:3004:aca6:a302:ec8b:84e2:25f1,4,4,0.00,155.47,0.00,SJC
2606:4700:f:8f:855a:730f:50a:16f3,4,4,0.00,155.48,0.00,SJC
2606:4700:3000:0:9349:24e4:6878:72b1,4,4,0.00,155.51,0.00,SJC
2606:4700:a:e4:4c2f:8dd5:18a0:ad91,4,4,0.00,155.57,0.00,SJC
2606:4700:a:0:af0f:f24e:7a98:7366,4,4,0.00,155.58,0.00,SJC
2606:4700:3005:ca:3a69:6ef9:c9de:bf28,4,4,0.00,155.59,0.00,SJC
2606:4700:0:5ce0:d3b3:4613:90d8:5a0d,4,4,0.00,155.61,0.00,SJC
2606:4700:0:88:54cc:ded9:f8e8:d654,4,4,0.00,155.65,0.00,SJC
2606:4700:130:f7:c302:3ad6:d563:8275,4,4,0.00,155.70,0.00,SJC
2606:4700:3003::3ffc,4,4,0.00,155.70,0.00,SJC
2606:4700:3009:0:fdcc:b420:2cd5:666a,4,4,0.00,155.72,0.00,SJC
2606:4700:a9:fa7d:fd1f:507b:7e04:81e8,4,4,0.00,155.72,0.00,SJC
2606:4700:3008:f6:1fd5:904f:cd52:2e77,4,4,0.00,155.77,0.00,SJC
2606:4700:0:d923:c357:d517:1240:278f,4,4,0.00,155.79,0.00,SJC
2606:4700:e:0:5ce3:f55d:69d1:851,4,4,0.00,155.80,0.00,SJC
2606:4700:d:1d:1e07:3911:fcec:fcab,4,4,0.00,155.81,0.00,SJC
2606:4700:3003::a0:7ab6,4,4,0.00,155.83,0.00,SJC
2606:4700:3003:cd:2d98:a606:9ae9:d107,4,4,0.00,155.84,0.00,SJC
2606:4700:3002::10:f831:a4e,4,4,0.00,155.85,0.00,SJC
2606:4700:e:77b9:6470:f1fb:673d:56ed,4,4,0.00,155.85,0.00,SJC
2606:4700:3006:9:6295:d2e:f5f5:bd29,4,4,0.00,155.86,0.00,SJC
2606:4700:3005:0:ce9a:1ef8:f2bf:6931,4,4,0.00,155.87,0.00,SJC
2606:4700:a:c528:9b7b:c343:400e:f7cd,4,4,0.00,155.88,0.00,SJC
2606:4700:a9:fa7d:5b2c:71c7:b4a7:f9b1,4,4,0.00,155.88,0.00,SJC
2606:4700:a:4267:89cd:f334:9836:358b,4,4,0.00,155.88,0.00,SJC
2606:4700:c:cefc:6378:24b0:946b:fe1f,4,4,0.00,155.90,0.00,SJC
2606:4700:0:5ce0:d3b3:46d9:f66d:6582,4,4,0.00,155.91,0.00,SJC
2606:4700:a9:cf:a07:11e8:7f7c:11df,4,4,0.00,155.92,0.00,SJC
2606:4700:c:5b:6b6c:94e9:1fb9:4a29,4,4,0.00,155.93,0.00,SJC
2606:4700:a9:fafc:ad12:6c36:2c94:c07c,4,4,0.00,155.94,0.00,SJC
2606:4700:d:1996:da17:d21f:f07e:9903,4,4,0.00,155.94,0.00,SJC
2606:4700:a8:a9:84cf:77da:1d25:7c9f,4,4,0.00,155.94,0.00,SJC
2606:4700:3001::6e65:260a:43ab,4,4,0.00,155.95,0.00,SJC
2606:4700:3001::3f:2cef:b2cd,4,4,0.00,155.95,0.00,SJC
2606:4700:d0:1403:7c10:87ee:d416:134c,4,4,0.00,155.96,0.00,SJC
2606:4700:3009:0:fdcc:b450:6d6b:d9c0,4,4,0.00,155.96,0.00,SJC
2606:4700:e:77be:86dd:1537:f414:421,4,4,0.00,156.01,0.00,SJC
2606:4700:d0:1473:d33f:1d1c:a4d5:c683,4,4,0.00,156.01,0.00,SJC
2606:4700:d:f7:245f:3041:4ef8:3033,4,4,0.00,156.05,0.00,SJC
2606:4700:3009:b966:7969:24db:443f:ee27,4,4,0.00,156.06,0.00,SJC
2606:4700:3009:0:fdcc:b450:6dae:41dd,4,4,0.00,156.07,0.00,SJC
2606:4700:d0:14e8:6e5b:4da1:32e6:9a19,4,4,0.00,156.07,0.00,SJC
2606:4700:3003:1329:fa4:5e59:2f0f:a70f,4,4,0.00,156.07,0.00,SJC
2606:4700:3009:93b3:e901:58a3:5633:d87c,4,4,0.00,156.10,0.00,SJC
2606:4700:d:f7:c893:4e02:9c53:df82,4,4,0.00,156.11,0.00,SJC
2606:4700:3006:9:62ca:ef4f:2bec:d01a,4,4,0.00,156.12,0.00,SJC
2606:4700:3000:9b92:29c:1100:ca43:cf87,4,4,0.00,156.17,0.00,SJC
2606:4700:3003:cd:2dd0:8f33:b2b8:5088,4,4,0.00,156.18,0.00,SJC
2606:4700:3004:0:9b0c:bf2c:f8fa:d214,4,4,0.00,156.18,0.00,SJC
2606:4700:3005:376f:e7f4:f1ca:6c82:a6f9,4,4,0.00,156.19,0.00,SJC
2606:4700:3008:0:19:4ee3:dbe3:fd24,4,4,0.00,156.19,0.00,SJC
2606:4700:3003:cd:2de1:2103:25e0:5c97,4,4,0.00,156.19,0.00,SJC
2606:4700:3004:cc58:33b1:5edb:c6c1:8043,4,4,0.00,156.21,0.00,SJC
2606:4700:d:1d:1eaf:af78:94a5:b2e0,4,4,0.00,156.21,0.00,SJC
2606:4700:a:0:ae:2f27:2e01:5fb1,4,4,0.00,156.21,0.00,SJC
2606:4700:e:77b9:a95c:f567:ba28:de3f,4,4,0.00,156.21,0.00,SJC
2a06:98c1:58:8b36:e430:55a6:750f:3362,4,4,0.00,156.22,0.00,SJC
2606:4700:a8:a6:7a7:1da4:4522:b472,4,4,0.00,156.24,0.00,SJC
2606:4700:e:77b9:9832:e704:8d36:1927,4,4,0.00,156.24,0.00,SJC
2606:4700:e:0:5ce3:f553:c84e:4c31,4,4,0.00,156.26,0.00,SJC
2606:4700:e:4d05:a9dc:5b60:4bcf:b61f,4,4,0.00,156.27,0.00,SJC
2606:4700:a:8:f27f:3e79:5c82:d799,4,4,0.00,156.28,0.00,SJC
2606:4700:130:0:d0fb:a1ac:5209:635b,4,4,0.00,156.28,0.00,SJC
2606:4700:f:8383:b180:75de:9e0:df5,4,4,0.00,156.30,0.00,SJC
2606:4700:3006:7690:9da5:9388:a466:eb16,4,4,0.00,156.33,0.00,SJC
2606:4700:c:3c32:35aa:3ca4:fc3b:47f1,4,4,0.00,156.34,0.00,SJC
2606:4700:a8:a6:d750:995a:da3d:a6aa,4,4,0.00,156.35,0.00,SJC
2a06:98c1:58:8b10:e64:c93b:2401:9f85,4,4,0.00,156.37,0.00,SJC
2606:4700:d0:1403:7c10:87ed:e718:e273,4,4,0.00,156.38,0.00,SJC
2606:4700:a9:fafc:ad81:a0ac:4942:befe,4,4,0.00,156.39,0.00,SJC
2606:4700:0:d923:c32a:a06d:b02e:989a,4,4,0.00,156.40,0.00,SJC
2606:4700:3006:0:ea19:1436:92ca:c961,4,4,0.00,156.42,0.00,SJC
2606:4700:3006:760f:ac82:a51b:1597:3a30,4,4,0.00,156.44,0.00,SJC
2a06:98c1:58:8b10:f6ff:de58:4cfc:cbc8,4,4,0.00,156.45,0.00,SJC
2606:4700:d0:14e8:6e39:86bb:d146:6cc5,4,4,0.00,156.45,0.00,SJC
2606:4700:130:f7:c302:3a6c:e4b0:59ce,4,4,0.00,156.46,0.00,SJC
2606:4700:d:1996:da17:ab34:f910:2870,4,4,0.00,156.46,0.00,SJC
2606:4700:e:4dd9:c96c:6b2d:57c2:b943,4,4,0.00,156.46,0.00,SJC
2606:4700:c:ce56:4138:cea4:5654:28a7,4,4,0.00,156.47,0.00,SJC
2606:4700:3009:93b3:e901:6f4c:daed:4a40,4,4,0.00,156.47,0.00,SJC
2606:4700:3006:9:d1e4:56e5:4786:75e7,4,4,0.00,156.47,0.00,SJC
2606:4700:f:8383:7aa:5420:1068:a2d3,4,4,0.00,156.48,0.00,SJC
2606:4700:c::d210:644e:6b38,4,4,0.00,156.48,0.00,SJC
2606:4700:3009::1d5e:15f5:3877,4,4,0.00,156.48,0.00,SJC
2606:4700:e:4d05:a95e:b6d:e9a2:31ea,4,4,0.00,156.48,0.00,SJC
2606:4700:0:88:5419:70ac:a7d4:9f3f,4,4,0.00,156.48,0.00,SJC
2606:4700:3004:0:9b0c:bf2c:f8ae:df53,4,4,0.00,156.49,0.00,SJC
2606:4700:f:0:f601:6108:62d:4565,4,4,0.00,156.49,0.00,SJC
2606:4700:130:0:5903:9870:6a0a:fef8,4,4,0.00,156.49,0.00,SJC
2606:4700:0:5c18:cc05:8413:9d12:f797,4,4,0.00,156.49,0.00,SJC
2606:4700:b:e836:3474:50a4:ff77:aa81,4,4,0.00,156.51,0.00,SJC
2606:4700:e:77b9:a95c:f578:c186:cfc5,4,4,0.00,156.51,0.00,SJC
2606:4700:3000:9b92:29c:b95b:20da:e898,4,4,0.00,156.52,0.00,SJC
2a06:98c1:58:8bba:2412:3a43:9fc7:bf78,4,4,0.00,156.53,0.00,SJC
2606:4700:f:0:5d40:21f3:6d:ad15,4,4,0.00,156.54,0.00,SJC
2606:4700:130:f7:3221:df9b:8de:c65b,4,4,0.00,156.56,0.00,SJC
2606:4700:3005:ca:3a69:151a:3797:b7a3,4,4,0.00,156.57,0.00,SJC
2606:4700:0:5ce0:7241:7ed9:9786:5d98,4,4,0.00,156.57,0.00,SJC
2606:4700:3008:0:a5:8b8f:6cf7:d1fe,4,4,0.00,156.58,0.00,SJC
2606:4700:a8:a6:7e3:f788:81c9:bbbf,4,4,0.00,156.58,0.00,SJC
2606:4700:3006:0:ea19:1436:8aa5:e538,4,4,0.00,156.58,0.00,SJC
2606:4700:a9:fafc:ad12:3c27:74fc:2eee,4,4,0.00,156.58,0.00,SJC
2606:4700:3001:0:5bf3:630a:ae99:8ac2,4,4,0.00,156.58,0.00,SJC
2606:4700:3006:7690:9da5:931c:6dd0:6f3a,4,4,0.00,156.59,0.00,SJC
2606:4700:d1:873a:fbf4:83ba:1351:625f,4,4,0.00,156.59,0.00,SJC
2606:4700:3007:d4:158c:79b6:ad26:3d06,4,4,0.00,156.59,0.00,SJC
2606:4700:a8:a6:7d3:406f:809d:fd43,4,4,0.00,156.59,0.00,SJC
2606:4700:3005:ca:20ff:ab9d:dcb0:497f,4,4,0.00,156.60,0.00,SJC
2606:4700:f:8383:7aa:5420:10c5:a580,4,4,0.00,156.61,0.00,SJC
2606:4700:a8:a6:d73c:cb77:16a6:cf3b,4,4,0.00,156.61,0.00,SJC
2606:4700:b:e836:b773:474:d2e5:26a1,4,4,0.00,156.63,0.00,SJC
2606:4700:a8:bbaf:e526:ad35:fcf3:8864,4,4,0.00,156.64,0.00,SJC
2a06:98c1:58:8b10:e64:c93b:2430:61b2,4,4,0.00,156.64,0.00,SJC
2606:4700:a8:a6:759:2785:2dc5:43d3,4,4,0.00,156.64,0.00,SJC
2606:4700:a9:fa7d:5bf0:20aa:5946:d4bb,4,4,0.00,156.65,0.00,SJC
2606:4700:3008:71f2:18c9:c2f7:9d06:9a39,4,4,0.00,156.66,0.00,SJC
2606:4700:a8:bbaf:e526:b715:e3e4:ab29,4,4,0.00,156.66,0.00,SJC
2606:4700:3004:5c:961e:5476:85f1:ab81,4,4,0.00,156.67,0.00,SJC
2606:4700:c:cefc:6378:92:1514:265b,4,4,0.00,156.68,0.00,SJC
2606:4700:0:88:5448:5452:9f32:e7c7,4,4,0.00,156.69,0.00,SJC
2606:4700:3004:cc58:3357:a668:e6f4:525f,4,4,0.00,156.69,0.00,SJC
2606:4700:f::ffec:e398:c75d,4,4,0.00,156.69,0.00,SJC
2606:4700:3009::1dfc:1144:520f,4,4,0.00,156.69,0.00,SJC
2606:4700:3003::2d:e361:7c,4,4,0.00,156.70,0.00,SJC
2606:4700:130:f7:c302:3a11:1ee1:eed6,4,4,0.00,156.70,0.00,SJC
2606:4700:3004::117a:8fca:c7ae,4,4,0.00,156.71,0.00,SJC
2606:4700:a1:d557:6474:2a86:e514:c0dd,4,4,0.00,156.71,0.00,SJC
2606:4700:3005:0:ce9a:5646:7e54:f99f,4,4,0.00,156.71,0.00,SJC
2606:4700:3005:0:ce9a:5601:d5d4:6fd7,4,4,0.00,156.71,0.00,SJC
2606:4700:3003:cd:9afd:340d:77d2:fb16,4,4,0.00,156.72,0.00,SJC
2606:4700:3002:28:f530:6761:a7bf:5053,4,4,0.00,156.73,0.00,SJC
2606:4700:3001:d4:67f6:c373:3324:c997,4,4,0.00,156.73,0.00,SJC
2606:4700:3006:0:ea19:1404:223:cbda,4,4,0.00,156.73,0.00,SJC
2606:4700:f:8f:8573:30dd:da26:1d13,4,4,0.00,156.75,0.00,SJC
2606:4700:a8:0:a64f:e650:762e:7ba2,4,4,0.00,156.75,0.00,SJC
2606:4700:a:4267:89cd:f3c5:99dd:c82c,4,4,0.00,156.75,0.00,SJC
2606:4700:a1:d5be:a5f5:4493:ac95:91b5,4,4,0.00,156.75,0.00,SJC
2606:4700:3009:93e7:dc9d:ac50:ca9d:f84,4,4,0.00,156.76,0.00,SJC
2606:4700:e:0:cef7:7d29:e48c:45cd,4,4,0.00,156.76,0.00,SJC
2606:4700:d1:fa76:3bf1:89a1:6da8:dc26,4,4,0.00,156.77,0.00,SJC
2606:4700:3003:cd:9a7c:6db0:fcb5:24d6,4,4,0.00,156.77,0.00,SJC
2606:4700:a9:cf:a7e:25c3:c9c2:75f1,4,4,0.00,156.78,0.00,SJC
2606:4700:3000:9b92:228:869e:952c:41db,4,4,0.00,156.78,0.00,SJC
2606:4700:3003:1329:584c:b59b:3b73:8d12,4,4,0.00,156.78,0.00,SJC
2606:4700:e:77be:86dd:15c7:d055:df3e,4,4,0.00,156.80,0.00,SJC
2606:4700:c:ce56:4138:9d79:2cde:b7a0,4,4,0.00,156.80,0.00,SJC
2606:4700:c:3cae:c0c7:4b30:8187:8001,4,4,0.00,156.80,0.00,SJC
2606:4700:d0:1473:d33f:9e3b:ade2:5297,4,4,0.00,156.82,0.00,SJC
2606:4700:3000:ac:75bc:2d8a:bb93:65af,4,4,0.00,156.83,0.00,SJC
2606:4700:d0:1473:a465:44c2:358:9f7f,4,4,0.00,156.83,0.00,SJC
2606:4700:3007:d3b6:ded9:af5d:8796:44db,4,4,0.00,156.83,0.00,SJC
2606:4700:f::ff32:5d62:6a0a,4,4,0.00,156.83,0.00,SJC
2606:4700:c:5b:6779:3b35:959e:1314,4,4,0.00,156.86,0.00,SJC
2606:4700:d1:873a:73cd:d322:9fa2:8eb5,4,4,0.00,156.86,0.00,SJC
2a06:98c1:58:8b10:e64:a455:b203:c49f,4,4,0.00,156.87,0.00,SJC
2606:4700:3008:0:b586:7196:4503:5907,4,4,0.00,156.87,0.00,SJC
2606:4700:3009:a8:69bd:b88f:a508:50f9,4,4,0.00,156.87,0.00,SJC
2606:4700:3003:cd:2d24:3b08:df45:67e5,4,4,0.00,156.88,0.00,SJC
2606:4700:a1:d50b:465d:1b65:70cb:3bde,4,4,0.00,156.88,0.00,SJC
2606:4700:e:4df4:b402:43a2:2fbb:549a,4,4,0.00,156.89,0.00,SJC
2606:4700:f:8383:71b:4146:76a9:6390,4,4,0.00,156.89,0.00,SJC
2606:4700:0:5ce0:d3b3:f0e7:6c0d:175c,4,4,0.00,156.90,0.00,SJC
2606:4700:a:c528:4c83:edb5:6a61:5951,4,4,0.00,156.90,0.00,SJC
2606:4700:3001:0:78:dff3:ccd8:cf71,4,4,0.00,156.91,0.00,SJC
2606:4700:3004:5c:961e:fa:8f1:66ee,4,4,0.00,156.92,0.00,SJC
2606:4700:3009:93e7:dc06:c55e:a55b:1a08,4,4,0.00,156.93,0.00,SJC
2606:4700:3006:7690:9d77:3281:2a34:c7de,4,4,0.00,156.93,0.00,SJC
2606:4700:3005:0:ce9a:e481:5b92:b493,4,4,0.00,156.93,0.00,SJC
2606:4700:a9:997c:41f:ad2e:9fae:5f54,4,4,0.00,156.94,0.00,SJC
2606:4700:b:da58:c78:9336:f937:4e4b,4,4,0.00,156.95,0.00,SJC
2606:4700:3005::a9dd:d3df:49b1,4,4,0.00,156.96,0.00,SJC
2606:4700:3000:0:2f:3294:34fe:f04b,4,4,0.00,156.96,0.00,SJC
2606:4700:0:d923:c357:96ec:a0ba:349c,4,4,0.00,156.97,0.00,SJC
2606:4700:3003:cd:9ae7:353b:5b14:f3cd,4,4,0.00,156.97,0.00,SJC
2606:4700:a:8:f27f:3ef5:f537:ede5,4,4,0.00,156.97,0.00,SJC
2606:4700:3001:ef60:ae3b:fbbc:3914:7739,4,4,0.00,156.98,0.00,SJC
2606:4700:3005:88:9983:5a6f:7a7a:a2d1,4,4,0.00,156.99,0.00,SJC
2606:4700:3003::ab:6b15:4f49,4,4,0.00,156.99,0.00,SJC
2606:4700:0:88:54cc:3dd2:fb9c:e814,4,4,0.00,157.00,0.00,SJC
2606:4700:3003:13ee:8869:45be:17d6:7ec,4,4,0.00,157.00,0.00,SJC
2606:4700:e:4dd9:aac:1c14:b09:1a20,4,4,0.00,157.00,0.00,SJC
2606:4700:d:f7:24c4:df03:51df:c0cb,4,4,0.00,157.00,0.00,SJC
2606:4700:3003:cd:9afd:340d:77cf:efbf,4,4,0.00,157.01,0.00,SJC
2606:4700:3001:ef60:ae3b:d16e:7a9d:6c59,4,4,0.00,157.01,0.00,SJC
2606:4700:3000:0:9349:24e4:ec69:ec20,4,4,0.00,157.01,0.00,SJC
2a06:98c1:58:8b10:e64:c93b:dbe4:af7a,4,4,0.00,157.02,0.00,SJC
2606:4700:130:f7:c3c2:484e:faaa:7f22,4,4,0.00,157.02,0.00,SJC
2606:4700:b:da58:748e:fb7c:d464:2639,4,4,0.00,157.02,0.00,SJC
2606:4700:f:8383:71b:9a1b:ca20:a5d2,4,4,0.00,157.02,0.00,SJC
2606:4700:3009:93e7:dc06:c583:cf00:5c21,4,4,0.00,157.02,0.00,SJC
2606:4700:c:3cae:c0c7:4b30:5f7a:5b35,4,4,0.00,157.03,0.00,SJC
2606:4700:3009:93b3:21a2:4c7a:604c:408c,4,4,0.00,157.03,0.00,SJC
2606:4700:3007:0:c2:2d29:8514:e021,4,4,0.00,157.06,0.00,SJC
2606:4700:a9:fa6e:5f28:e628:b6db:188e,4,4,0.00,157.06,0.00,SJC
2606:4700:a9:fa6e:5f28:63df:f22d:5c8d,4,4,0.00,157.06,0.00,SJC
2606:4700:0:5ce0:d3b3:f05c:85f7:a2d,4,4,0.00,157.06,0.00,SJC
2606:4700:a:0:ae:8760:e064:f43,4,4,0.00,157.06,0.00,SJC
2606:4700:a1:74:cf60:bb4:ea5:357a,4,4,0.00,157.06,0.00,SJC
2606:4700:3008:71f2:18a4:41c6:cd1e:663d,4,4,0.00,157.06,0.00,SJC
2606:4700:a1::4f:1db3:81d9,4,4,0.00,157.06,0.00,SJC
2606:4700:a:4267:89cd:533a:c59c:ac6a,4,4,0.00,157.07,0.00,SJC
2606:4700:3006:9:d1e4:8cf5:ea6d:3502,4,4,0.00,157.07,0.00,SJC
2606:4700:d1:873a:fba0:eb62:5fc:c8c5,4,4,0.00,157.08,0.00,SJC
2606:4700:a9:fa7d:5bf0:20aa:6241:1a3c,4,4,0.00,157.08,0.00,SJC
2606:4700:3004:cc9f:ff19:d4f8:7ec3:fbe3,4,4,0.00,157.08,0.00,SJC
2606:4700:0:d923:c32a:2e02:4560:363,4,4,0.00,157.08,0.00,SJC
2606:4700:3006:0:eaf3:f155:bed9:29c9,4,4,0.00,157.09,0.00,SJC
2606:4700:3009:b966:e91c:d2bb:b86b:3c77,4,4,0.00,157.09,0.00,SJC
2606:4700:3000:ac:7538:3c16:f172:164,4,4,0.00,157.09,0.00,SJC
2606:4700:a:8:f2c1:5a13:36d4:2cd0,4,4,0.00,157.09,0.00,SJC
2606:4700:0:7129:de00:a2e8:da4c:a687,4,4,0.00,157.10,0.00,SJC
2606:4700:e:77b9:9890:b4e9:b5f1:2dfc,4,4,0.00,157.10,0.00,SJC
2606:4700:3005:ca:3abc:b7fa:be61:3db7,4,4,0.00,157.10,0.00,SJC
2606:4700:a1:d557:64a8:6a83:d593:4603,4,4,0.00,157.10,0.00,SJC
2606:4700:130:0:afc8:3e6c:f955:ccfe,4,4,0.00,157.10,0.00,SJC
2606:4700:3004:b9:dc32:18b4:1427:112b,4,4,0.00,157.10,0.00,SJC
2606:4700:3006:9:d1e4:5696:1987:cf98,4,4,0.00,157.11,0.00,SJC
2606:4700:e:4d05:a1d2:ca93:f1ed:98a2,4,4,0.00,157.12,0.00,SJC
2606:4700:d1:8795:502a:2c17:fa3b:a7a5,4,4,0.00,157.12,0.00,SJC
2606:4700:e:b3:5fb9:9180:c3ff:bbe5,4,4,0.00,157.13,0.00,SJC
2606:4700:a::f5:7edb:5cc2,4,4,0.00,157.13,0.00,SJC
2606:4700:0:88:54ba:ed9f:2a2a:3c67,4,4,0.00,157.14,0.00,SJC
2606:4700:3009:b966:9056:c815:cff6:685d,4,4,0.00,157.14,0.00,SJC
2606:4700:e::d3:c2b9,4,4,0.00,157.15,0.00,SJC
2606:4700:a::95c6:68ec:bab5,4,4,0.00,157.15,0.00,SJC
2606:4700:3002:2a:ea2a:fb36:d1ce:26e3,4,4,0.00,157.16,0.00,SJC
2606:4700:3001:0:5bf3:d678:2c73:2594,4,4,0.00,157.17,0.00,SJC
2606:4700:a9:997c:e46c:ee24:b534:d943,4,4,0.00,157.17,0.00,SJC
2606:4700:3001:0:54:6b23:a859:4b3e,4,4,0.00,157.17,0.00,SJC
2606:4700:d0:14e8:6e5b:4d3c:7d64:3763,4,4,0.00,157.17,0.00,SJC
2606:4700:d:1996:8f35:562d:548:3243,4,4,0.00,157.18,0.00,SJC
2606:4700:3009:a8:69bb:43d8:bce:a18d,4,4,0.00,157.18,0.00,SJC
2606:4700:0:88:54cc:ded9:fa0:a6bb,4,4,0.00,157.18,0.00,SJC
2606:4700:130::cb:a7d4:705b,4,4,0.00,157.18,0.00,SJC
2606:4700:a9:fa6e:5f28:9018:2301:ea39,4,4,0.00,157.19,0.00,SJC
2606:4700:c:ce56:4138:ce63:136a:9840,4,4,0.00,157.19,0.00,SJC
2606:4700:3005:88:9983:fc0d:ae85:cd42,4,4,0.00,157.20,0.00,SJC
2606:4700:3005:ca:2c89:2fac:b387:fe3e,4,4,0.00,157.20,0.00,SJC
2606:4700:0:88:54ba:ed29:7614:5d07,4,4,0.00,157.20,0.00,SJC
2606:4700:130:f7:3221:cd7d:7e50:f0bc,4,4,0.00,157.20,0.00,SJC
2606:4700:3005:ca:2cba:69d6:aec2:de70,4,4,0.00,157.22,0.00,SJC
2606:4700:f:8383:b1c7:2652:7209:41d1,4,4,0.00,157.23,0.00,SJC
2a06:98c1:58:8bba:2412:3a43:9faa:bdc,4,4,0.00,157.23,0.00,SJC
2606:4700:3004:5c:fa4b:1bae:9b6a:749a,4,4,0.00,157.23,0.00,SJC
2606:4700:a:0:d863:f19d:2605:dffd,4,4,0.00,157.23,0.00,SJC
2606:4700:0:5ce0:7210:da26:549b:892f,4,4,0.00,157.24,0.00,SJC
2606:4700:c:0:efda:3c6:8a63:ede,4,4,0.00,157.25,0.00,SJC
2606:4700:0:88:5448:c29e:723d:23af,4,4,0.00,157.25,0.00,SJC
2606:4700:e:b3:5fb9:af2f:a270:2a4d,4,4,0.00,157.25,0.00,SJC
2606:4700:3008:71f2:18c9:bfd9:5a01:6052,4,4,0.00,157.25,0.00,SJC
2606:4700:3008:71f2:8169:a611:12ab:5a8d,4,4,0.00,157.25,0.00,SJC
2606:4700:c:5b:6b82:be51:5380:868f,4,4,0.00,157.25,0.00,SJC
2606:4700:f:8f:855a:730f:5f8:c8ee,4,4,0.00,157.25,0.00,SJC
2606:4700:a:e4:c24b:14c8:705:5a59,4,4,0.00,157.26,0.00,SJC
2606:4700:3002:fec3:8a0b:727:79cf:adaa,4,4,0.00,157.26,0.00,SJC
2606:4700:3004:cc9f:ff19:4518:7e64:cbe0,4,4,0.00,157.26,0.00,SJC
2606:4700:3008:71f2:18c9:bfd9:8d78:3395,4,4,0.00,157.26,0.00,SJC
2606:4700:3001:efe8:9dd3:ac4f:c70a:f6c6,4,4,0.00,157.27,0.00,SJC
2606:4700:130:0:d00a:12fb:f1d1:3b82,4,4,0.00,157.27,0.00,SJC
2606:4700:d1:0:6c6b:f9a9:1090:bb81,4,4,0.00,157.27,0.00,SJC
2606:4700:3006:9:d99b:d905:92a8:e0b3,4,4,0.00,157.27,0.00,SJC
2606:4700:3008:71f2:184a:4d43:af3a:1d2c,4,4,0.00,157.27,0.00,SJC
2606:4700:3001:ef60:ae3b:fbd3:e11c:8a72,4,4,0.00,157.27,0.00,SJC
2606:4700:3003:cd:9af5:10ea:c10c:cb6d,4,4,0.00,157.27,0.00,SJC
2606:4700:c:5b:6b6c:9456:c37a:3746,4,4,0.00,157.28,0.00,SJC
2606:4700:3001:0:5bf3:228b:2269:1b53,4,4,0.00,157.29,0.00,SJC
2606:4700:a8:a6:7e3:f788:c8b1:3f87,4,4,0.00,157.30,0.00,SJC
2606:4700:3000:0:93ef:46ec:3ac4:4db5,4,4,0.00,157.30,0.00,SJC
2606:4700:3009:b966:7994:4866:7871:3943,4,4,0.00,157.30,0.00,SJC
2606:4700:a8:a6:7d2:67b0:e548:a6b5,4,4,0.00,157.31,0.00,SJC
2606:4700:d1:d9:e0bd:9ce1:1e74:91bf,4,4,0.00,157.31,0.00,SJC
2606:4700:a:8:632:f931:5098:1a6c,4,4,0.00,157.32,0.00,SJC
2a06:98c1:58:8bba:24ce:2d90:9a9e:9765,4,4,0.00,157.32,0.00,SJC
2606:4700:3000:9b92:23b:1384:9a06:31d5,4,4,0.00,157.32,0.00,SJC
2606:4700:d1:d9:588b:f208:e81f:143a,4,4,0.00,157.32,0.00,SJC
2606:4700:c:5b:6b6c:940d:63cc:1fba,4,4,0.00,157.32,0.00,SJC
2606:4700:d1:fa26:127e:2857:f594:4c02,4,4,0.00,157.32,0.00,SJC
2606:4700:a9:fa7d:5bf0:85a3:674c:d608,4,4,0.00,157.33,0.00,SJC
2606:4700:3004:aca6:a302:5bd0:97c3:470c,4,4,0.00,157.33,0.00,SJC
2606:4700:0:5ce0:7241:7ed9:318d:919c,4,4,0.00,157.33,0.00,SJC
2606:4700:3003:1329:fa4:ce64:fba8:530b,4,4,0.00,157.34,0.00,SJC
2606:4700:a9:fafc:ad81:a016:5e17:fb6b,4,4,0.00,157.34,0.00,SJC
2606:4700:3005:ca:2054:afe2:a85c:5bac,4,4,0.00,157.34,0.00,SJC
2606:4700:f:0:39cf:e1a0:e6f:8250,4,4,0.00,157.34,0.00,SJC
2606:4700:3003::9a2c:ad69:2c2,4,4,0.00,157.35,0.00,SJC
2606:4700:d:1d:1eaf:3b92:c674:a00,4,4,0.00,157.35,0.00,SJC
2606:4700:d0:1403:fbac:43b0:928d:de88,4,4,0.00,157.35,0.00,SJC
2606:4700:f:0:f6d0:8a8d:dfef:96c0,4,4,0.00,157.36,0.00,SJC
2606:4700:3008:f6:1ff4:6db2:90f5:2cfa,4,4,0.00,157.36,0.00,SJC
2a06:98c1:58:74:f8eb:d593:c455:11f9,4,4,0.00,157.37,0.00,SJC
2606:4700:a8:bbaf:2067:4910:9939:572b,4,4,0.00,157.37,0.00,SJC
2606:4700:d0:1473:4ed7:daf9:4d6c:83d2,4,4,0.00,157.38,0.00,SJC
2606:4700:0:d9cd:4012:a316:a8dc:c5c4,4,4,0.00,157.38,0.00,SJC
2606:4700:3009:93e7:dc06:8caf:8e5:6f4,4,4,0.00,157.38,0.00,SJC
2606:4700:3005:ca:2c89:2fc1:8e9:96b9,4,4,0.00,157.38,0.00,SJC
2606:4700:a9:0:96bb:a471:3af5:fb3e,4,4,0.00,157.38,0.00,SJC
2a06:98c1:58:8b36:e49d:9f89:f5ec:c836,4,4,0.00,157.38,0.00,SJC
2606:4700:3003:1329:f1a:2114:e5a6:993a,4,4,0.00,157.39,0.00,SJC
2606:4700:c:0:efdb:d157:cd30:42e8,4,4,0.00,157.40,0.00,SJC
2606:4700:d::ac:9094:a4d4,4,4,0.00,157.40,0.00,SJC
2606:4700:3003:13ee:bf90:6518:fab:5aea,4,4,0.00,157.41,0.00,SJC
2606:4700:3004:b9:dcfc:2f02:5677:79ce,4,4,0.00,157.41,0.00,SJC
2a06:98c1:58:74:f888:bf4:124e:881,4,4,0.00,157.41,0.00,SJC
2606:4700:3005:0:38:543b:ce88:3b4a,4,4,0.00,157.41,0.00,SJC
2606:4700:3004:cc58:3357:1a6f:f7a2:9718,4,4,0.00,157.41,0.00,SJC
2606:4700:3009:93e7:dc9d:5ced:8aa0:6301,4,4,0.00,157.42,0.00,SJC
2606:4700:0:5c07:fa3e:6b27:5e2:dbe2,4,4,0.00,157.42,0.00,SJC
2606:4700:0:88:5419:7060:d580:eff0,4,4,0.00,157.42,0.00,SJC
2606:4700:3003:cd:2dd0:8f33:b21f:d613,4,4,0.00,157.43,0.00,SJC
2606:4700:a:4267:8964:764a:3a8e:992c,4,4,0.00,157.43,0.00,SJC
2606:4700:a:a05a:1cfc:b6f9:a062:5bb4,4,4,0.00,157.43,0.00,SJC
2606:4700:a:c5fa:f8ee:7712:c3ce:4f01,4,4,0.00,157.43,0.00,SJC
2606:4700:3005:376f:e7f4:e371:b273:73ce,4,4,0.00,157.44,0.00,SJC
2606:4700:3006:7690:9d77:c653:1ad4:5f1b,4,4,0.00,157.45,0.00,SJC
2606:4700:0:d923:4945:197e:e2af:6ee2,4,4,0.00,157.46,0.00,SJC
2606:4700:d0:1403:fb17:f3aa:c239:39b3,4,4,0.00,157.46,0.00,SJC
2606:4700:f:8383:b180:75b5:201a:f40a,4,4,0.00,157.46,0.00,SJC
2606:4700:3004:cc58:3357:a6ec:8db3:cbdb,4,4,0.00,157.46,0.00,SJC
2606:4700:a:0:d863:f146:15d9:7a91,4,4,0.00,157.46,0.00,SJC
2606:4700:3004:b9:dc32:5e5c:71c:35c6,4,4,0.00,157.47,0.00,SJC
2606:4700:d:1996:da17:d21f:6a4e:d376,4,4,0.00,157.47,0.00,SJC
2606:4700:a::f4d8:aa21:d8a1,4,4,0.00,157.47,0.00,SJC
2606:4700:e:21:d488:3913:a50:1e81,4,4,0.00,157.48,0.00,SJC
2606:4700:d1:fa26:127e:f6fe:186d:4e22,4,4,0.00,157.48,0.00,SJC
2606:4700:3003:13ee:db5:45a1:43cc:93d3,4,4,0.00,157.49,0.00,SJC
2606:4700:3005:ca:20ff:ab9d:7a27:86e5,4,4,0.00,157.49,0.00,SJC
2606:4700:3007:d3b6:ded9:af5d:30c0:a77f,4,4,0.00,157.50,0.00,SJC
2606:4700:130:0:d0cd:d455:2d99:76f7,4,4,0.00,157.50,0.00,SJC
2606:4700:3005:ca:2c89:2f3a:af12:efa8,4,4,0.00,157.50,0.00,SJC
2606:4700:3001:0:5b49:c2dd:9e60:e134,4,4,0.00,157.50,0.00,SJC
2606:4700:a9:cf:a07:1108:f24e:c2c3,4,4,0.00,157.51,0.00,SJC
2606:4700:a1::e3:5e4:59a4,4,4,0.00,157.51,0.00,SJC
2606:4700:e:21:309f:3e95:6206:c9d7,4,4,0.00,157.51,0.00,SJC
2606:4700:3004:cc58:f3ad:f783:15dd:2293,4,4,0.00,157.51,0.00,SJC
2606:4700:a8:5e:1ec4:e977:c4c2:b8f6,4,4,0.00,157.51,0.00,SJC
2606:4700:3004:cc9f:ff19:d4f8:22f7:4b8a,4,4,0.00,157.51,0.00,SJC
2606:4700:3000:9b92:23b:1384:d498:a4bf,4,4,0.00,157.52,0.00,SJC
2606:4700:3005::7f6c:97f6,4,4,0.00,157.52,0.00,SJC
2606:4700:f::549b:efdc,4,4,0.00,157.52,0.00,SJC
2606:4700:d1:d9:5cc1:5e1a:2a29:3ebc,4,4,0.00,157.53,0.00,SJC
2606:4700:d1:fa76:3b50:cdb:b3b9:2435,4,4,0.00,157.53,0.00,SJC
2606:4700:130:f7:3221:8720:656d:c280,4,4,0.00,157.53,0.00,SJC
2606:4700:a:0:af44:bb40:9be1:7983,4,4,0.00,157.54,0.00,SJC
2606:4700:e:0:cef7:c4c:3fee:f8b8,4,4,0.00,157.54,0.00,SJC
2606:4700:b:da58:7463:19c9:db33:b647,4,4,0.00,157.54,0.00,SJC
2606:4700:3005:0:d8e6:64ae:c30a:2a11,4,4,0.00,157.54,0.00,SJC
2606:4700:130:0:d00a:12fb:d43c:7747,4,4,0.00,157.55,0.00,SJC
2606:4700:3007:0:c2:b1e6:dee6:11e5,4,4,0.00,157.56,0.00,SJC
2606:4700:3007:d3b6:edd:2f0d:8570:3025,4,4,0.00,157.57,0.00,SJC
2a06:98c1:58:0:95bb:1311:770d:3372,4,4,0.00,157.57,0.00,SJC
2606:4700:3002::b80b:33c7:5d6e,4,4,0.00,157.57,0.00,SJC
2606:4700:d:da45:a180:b683:e25a:3916,4,4,0.00,157.57,0.00,SJC
2606:4700:d0:14e8:198a:63:fcc0:5c1c,4,4,0.00,157.58,0.00,SJC
2606:4700:3008:71f2:18c9:c286:f949:65ce,4,4,0.00,157.58,0.00,SJC
2606:4700:3001:d4:6702:f944:2bc4:e50,4,4,0.00,157.58,0.00,SJC
2606:4700:e:0:32:e5db:f796:9e36,4,4,0.00,157.58,0.00,SJC
2606:4700:3006:0:f4:3f86:d53d:cd61,4,4,0.00,157.58,0.00,SJC
2606:4700:3005::a92c:48d:fbd9,4,4,0.00,157.59,0.00,SJC
2606:4700:b:da58:7463:19c9:a343:d27,4,4,0.00,157.59,0.00,SJC
2606:4700:a9:0:be3c:24e9:d823:1896,4,4,0.00,157.59,0.00,SJC
2606:4700:3009:93b3:e93d:6c6d:4302:bc1c,4,4,0.00,157.60,0.00,SJC
2606:4700:b:e836:3474:50e4:9be3:90fa,4,4,0.00,157.60,0.00,SJC
2606:4700:3002::10:f8e0:9cfd,4,4,0.00,157.60,0.00,SJC
2606:4700:3003:cd:2d24:3b35:1fd3:cb86,4,4,0.00,157.61,0.00,SJC
2606:4700:c:3c32:80d1:28cb:66da:89a1,4,4,0.00,157.61,0.00,SJC
2606:4700:0:5ce0:b3d1:1da0:36a6:a767,4,4,0.00,157.61,0.00,SJC
2a06:98c1:58:8b36:8b03:3f28:f5c1:c70c,4,4,0.00,157.62,0.00,SJC
2606:4700:0:d923:c357:d517:125e:6b00,4,4,0.00,157.62,0.00,SJC
2606:4700:a9:fa7d:5b1c:2752:c649:e150,4,4,0.00,157.63,0.00,SJC
2a06:98c1:58:8b10:e64:c93b:f236:83db,4,4,0.00,157.63,0.00,SJC
2606:4700:0:5ce0:b3d1:1d02:27ed:5de9,4,4,0.00,157.63,0.00,SJC
2606:4700:3003:cd:9af5:10ea:c174:9bf7,4,4,0.00,157.63,0.00,SJC
2606:4700:3009:b966:7969:2455:6c58:5353,4,4,0.00,157.63,0.00,SJC
2606:4700:0:d923:c357:b5:9fa5:26d,4,4,0.00,157.63,0.00,SJC
2606:4700:3005:376f:1cd2:fb70:280e:1c50,4,4,0.00,157.63,0.00,SJC
2606:4700:0:d923:c357:bc:1135:f7a2,4,4,0.00,157.63,0.00,SJC
2606:4700:3005::a9dd:4c6f:4f4a,4,4,0.00,157.63,0.00,SJC
2606:4700:d1:fa26:1235:6500:9696:d8a4,4,4,0.00,157.65,0.00,SJC
2606:4700:3009:93e7:dc06:8c2d:149f:7445,4,4,0.00,157.65,0.00,SJC
2a06:98c1:58:8b10:f6ff:de58:4ca3:5f86,4,4,0.00,157.65,0.00,SJC
2606:4700:3004:5c:fa4b:a3a:f907:cea2,4,4,0.00,157.65,0.00,SJC
2606:4700:a9:fa7d:5bf0:20d6:e218:4cd0,4,4,0.00,157.65,0.00,SJC
2606:4700:3004::71:cbe9:a06c,4,4,0.00,157.65,0.00,SJC
2606:4700:c::d210:27c9:4c83,4,4,0.00,157.65,0.00,SJC
2606:4700:a:0:ae:b0b6:9b3b:7e99,4,4,0.00,157.65,0.00,SJC
2606:4700:3001:efe8:1b5b:d5d9:8378:1eac,4,4,0.00,157.66,0.00,SJC
2606:4700:0:5ce0:7210:da26:54c7:426e,4,4,0.00,157.66,0.00,SJC
2606:4700:a8:bbaf:2067:4910:99eb:dd09,4,4,0.00,157.66,0.00,SJC
2606:4700:3009:93b3:21a2:a7d0:1eff:dca1,4,4,0.00,157.66,0.00,SJC
2606:4700:d1:fa26:1235:659b:8a17:f2db,4,4,0.00,157.66,0.00,SJC
2606:4700:e:0:5c81:7429:2e46:c85f,4,4,0.00,157.66,0.00,SJC
2606:4700:d0:56:7bd7:9f0:8232:d63b,4,4,0.00,157.67,0.00,SJC
2606:4700:130:0:59ee:60fa:8c5b:f168,4,4,0.00,157.67,0.00,SJC
2606:4700:130:f7:c3c2:489e:c6b0:d016,4,4,0.00,157.68,0.00,SJC
2606:4700:3009::1ea6:4a50:6a34,4,4,0.00,157.68,0.00,SJC
2606:4700:d0:1473:d37b:222c:eef5:3c47,4,4,0.00,157.68,0.00,SJC
2606:4700:f:0:f6d0:8ab5:e362:af,4,4,0.00,157.69,0.00,SJC
2606:4700:3001:0:5bf3:63c1:e5c8:ec61,4,4,0.00,157.69,0.00,SJC
2606:4700:3003:13ee:8869:d351:435c:9fd,4,4,0.00,157.69,0.00,SJC
2606:4700:0:d923:49e4:e76d:75db:e7aa,4,4,0.00,157.69,0.00,SJC
2606:4700:3004:cc58:6209:53a5:4c66:640e,4,4,0.00,157.69,0.00,SJC
2606:4700:3004:aca6:a302:ec8b:949:a38d,4,4,0.00,157.70,0.00,SJC
2606:4700:f:8383:b1c7:91da:8ab3:5db2,4,4,0.00,157.70,0.00,SJC
2606:4700:a1:74:ae78:3017:34a2:e3da,4,4,0.00,157.70,0.00,SJC
2606:4700:3009:b966:9056:c815:14a1:e05d,4,4,0.00,157.70,0.00,SJC
2606:4700:d1:fa76:3b50:96d1:dcac:bd9c,4,4,0.00,157.71,0.00,SJC
2606:4700:3003:13ee:bf90:6518:f73:fc08,4,4,0.00,157.71,0.00,SJC
2606:4700:3001:ef60:ae3b:fbbc:4de9:1827,4,4,0.00,157.71,0.00,SJC
2606:4700:a9:fa7d:5b1c:7a34:693b:9bc2,4,4,0.00,157.71,0.00,SJC
2606:4700:c:ce40:8c25:e3c4:420d:5e2c,4,4,0.00,157.72,0.00,SJC
2606:4700:f::9c54:8423:d968,4,4,0.00,157.73,0.00,SJC
2606:4700:c::44:80d1:73c,4,4,0.00,157.73,0.00,SJC
2606:4700:3007:d4:158c:7900:a1f1:111,4,4,0.00,157.73,0.00,SJC
2606:4700:3001:efe8:9dd3:ac19:34bc:9c5,4,4,0.00,157.74,0.00,SJC
2606:4700:3005:376f:1c48:946f:75a:eec8,4,4,0.00,157.74,0.00,SJC
2606:4700:a:0:d863:1814:e2cb:17b2,4,4,0.00,157.74,0.00,SJC
2606:4700:a8:5e:e9ac:d8bc:82f8:964f,4,4,0.00,157.74,0.00,SJC
2606:4700:3005:ca:3a69:15b6:bdd8:adc3,4,4,0.00,157.74,0.00,SJC
2606:4700:3005:ca:3a69:15b6:7b6e:23f7,4,4,0.00,157.75,0.00,SJC
2606:4700:3008:71f2:18a4:41c6:4b16:41e2,4,4,0.00,157.75,0.00,SJC
2606:4700:3001:bb:70f1:a041:12ba:3bc7,4,4,0.00,157.76,0.00,SJC
2606:4700:3007:d4:15ef:f53d:a3de:8561,4,4,0.00,157.76,0.00,SJC
2606:4700:b:e836:b718:9248:5310:8c49,4,4,0.00,157.77,0.00,SJC
2606:4700:e:777d:b6ca:90ba:4384:3d3f,4,4,0.00,157.77,0.00,SJC
2606:4700:3000:ac:707d:688f:9dbe:fda3,4,4,0.00,157.77,0.00,SJC
2606:4700:a8:a6:7a7:26bb:2ae7:81e0,4,4,0.00,157.77,0.00,SJC
2606:4700:a::95c6:68a7:690c,4,4,0.00,157.77,0.00,SJC
2606:4700:0:88:54cc:e5ae:5289:507,4,4,0.00,157.78,0.00,SJC
2606:4700:a1:d557:6494:d2b8:80c8:6598,4,4,0.00,157.78,0.00,SJC
2606:4700:3004:5c:fa4b:a63:2daf:7a67,4,4,0.00,157.78,0.00,SJC
2606:4700:3002:0:89:53b0:5235:16de,4,4,0.00,157.78,0.00,SJC
2606:4700:e:77be:8649:9454:6127:b39d,4,4,0.00,157.79,0.00,SJC
2606:4700:0:5ce0:d3b3:96d8:be73:267c,4,4,0.00,157.79,0.00,SJC
2606:4700:0:d923:c357:bc:2468:dadd,4,4,0.00,157.79,0.00,SJC
2606:4700:3009:93e7:dc9d:5ced:d402:f44e,4,4,0.00,157.79,0.00,SJC
2606:4700:0:5ce0:d3b3:4613:9099:ba51,4,4,0.00,157.79,0.00,SJC
2606:4700:a1:d557:64a8:6a83:6389:a105,4,4,0.00,157.80,0.00,SJC
2606:4700:a9::b30a:9dc5:b99d,4,4,0.00,157.80,0.00,SJC
2606:4700:d0:1473:d33f:1d52:d1c4:2e45,4,4,0.00,157.80,0.00,SJC
2606:4700:3008:71f2:18c9:bfbc:14a:c0dc,4,4,0.00,157.80,0.00,SJC
2606:4700:b:0:c517:cad:97d4:c63d,4,4,0.00,157.81,0.00,SJC
2606:4700:d1:fa26:12e7:d162:e785:27f9,4,4,0.00,157.81,0.00,SJC
2a06:98c1:58:8bba:2412:3ad5:9888:336f,4,4,0.00,157.81,0.00,SJC
2606:4700:3009:93b3:2149:794e:cbaf:db0c,4,4,0.00,157.81,0.00,SJC
2606:4700:d1:873a:734a:919:ae26:4a16,4,4,0.00,157.82,0.00,SJC
2606:4700:3009:93b3:3822:91d5:ed39:e42f,4,4,0.00,157.83,0.00,SJC
2606:4700:d:1996:8f35:b28c:776e:70cb,4,4,0.00,157.83,0.00,SJC
2606:4700:3002:fec3:8a0b:7ec:c0f5:e093,4,4,0.00,157.83,0.00,SJC
2606:4700:3001:d4:6702:8758:6bb3:eeae,4,4,0.00,157.83,0.00,SJC
2606:4700:3009:93b3:e942:4fc3:5a8f:f436,4,4,0.00,157.83,0.00,SJC
2606:4700:e:0:32:59fc:f91f:a814,4,4,0.00,157.84,0.00,SJC
2606:4700:f:0:4352:f527:70eb:c85b,4,4,0.00,157.84,0.00,SJC
2606:4700:3005:0:d8e6:aa3d:98ee:d22e,4,4,0.00,157.84,0.00,SJC
2606:4700:a9:fa7d:fd45:374e:d202:83bd,4,4,0.00,157.85,0.00,SJC
2606:4700:c:5b:58cf:a951:6c3e:6806,4,4,0.00,157.85,0.00,SJC
2606:4700:3006:0:ea19:adca:1d6f:af31,4,4,0.00,157.85,0.00,SJC
2606:4700:b:0:ac:5ad1:8763:eeea,4,4,0.00,157.86,0.00,SJC
2606:4700:130:f7:3221:8720:367f:2135,4,4,0.00,157.87,0.00,SJC
2a06:98c1:58:8bba:24ce:c2a6:b876:db1e,4,4,0.00,157.87,0.00,SJC
2606:4700:e:0:5c81:76ef:fa5b:5558,4,4,0.00,157.87,0.00,SJC
2606:4700:3005:ca:2cba:16ce:a15e:938b,4,4,0.00,157.87,0.00,SJC
2606:4700:d:1996:da17:d21f:5180:fc72,4,4,0.00,157.87,0.00,SJC
2606:4700:f:bd2f:9710:1695:d945:2eb2,4,4,0.00,157.87,0.00,SJC
2606:4700:0:d9cd:4012:a322:1f72:aa31,4,4,0.00,157.88,0.00,SJC
2606:4700:3002:28:f530:b2f2:33e9:9aef,4,4,0.00,157.88,0.00,SJC
2606:4700:3009:3d:ae29:927f:e8bb:360,4,4,0.00,157.88,0.00,SJC
2606:4700:a:c528:a5ff:9bef:f02a:f49d,4,4,0.00,157.88,0.00,SJC
2606:4700:3009:b966:e976:29b8:38ca:6b19,4,4,0.00,157.89,0.00,SJC
2606:4700:3004:ac9d:a78f:c7b9:e24b:b863,4,4,0.00,157.89,0.00,SJC
2606:4700:c:5b:6bda:7f26:2fcc:c569,4,4,0.00,157.89,0.00,SJC
2606:4700:3009:937e:2785:c409:fc71:153a,4,4,0.00,157.89,0.00,SJC
2606:4700:d0:1403:fb17:f3fb:14c3:5505,4,4,0.00,157.89,0.00,SJC
2606:4700:a:c528:a5ff:9baa:5652:5f4,4,4,0.00,157.90,0.00,SJC
2606:4700:e:4df4:b434:c803:a2ed:24ad,4,4,0.00,157.91,0.00,SJC
2606:4700:3005:0:f7:dc3f:b064:c66,4,4,0.00,157.92,0.00,SJC
2606:4700:3004::de:a843:9151,4,4,0.00,157.92,0.00,SJC
2606:4700:c:3cae:c0c7:2c42:20cc:71d9,4,4,0.00,157.92,0.00,SJC
2606:4700:3005:88:9983:fc0d:ae2f:d398,4,4,0.00,157.92,0.00,SJC
2606:4700:3005:88:99a5:1d15:3082:4f3d,4,4,0.00,157.93,0.00,SJC
2606:4700:3003:1329:5892:478c:5606:99d5,4,4,0.00,157.93,0.00,SJC
2606:4700:d1:fa76:3bf1:89a1:2b6b:3a43,4,4,0.00,157.93,0.00,SJC
2606:4700:3008:71f2:18c9:bf6b:1508:7668,4,4,0.00,157.93,0.00,SJC
2606:4700:3001:efe8:1b5b:699c:46af:1485,4,4,0.00,157.93,0.00,SJC
2606:4700:130:0:d0fb:a1ac:5275:7e51,4,4,0.00,157.93,0.00,SJC
2606:4700:a8:bbaf:7e7b:8d9b:fcc9:8350,4,4,0.00,157.94,0.00,SJC
2606:4700:3003:1329:5892:47e0:1f58:532f,4,4,0.00,157.94,0.00,SJC
2606:4700:3007:0:c2:5793:d441:e762,4,4,0.00,157.94,0.00,SJC
2606:4700:b:e836:b773:8917:a6c8:6b79,4,4,0.00,157.95,0.00,SJC
2606:4700:3001:0:5b49:d9fc:ccd7:fb0d,4,4,0.00,157.95,0.00,SJC
2606:4700::eab7:f9ef:67f:59b,4,4,0.00,157.95,0.00,SJC
2606:4700:3008:f6:1ff4:ff76:bd04:fc80,4,4,0.00,157.96,0.00,SJC
2606:4700:e:21:d488:d7a0:91dd:3434,4,4,0.00,157.96,0.00,SJC
2606:4700:0:d9cd:40c3:4269:15cb:5a1a,4,4,0.00,157.96,0.00,SJC
2606:4700:3005:ca:20ff:ab9d:db84:d462,4,4,0.00,157.96,0.00,SJC
2606:4700:a8:5e:1e2d:1550:d83b:a9ae,4,4,0.00,157.96,0.00,SJC
2606:4700:3004:cc9f:ff19:d40c:f255:d5d5,4,4,0.00,157.96,0.00,SJC
2606:4700:c:3c32:80d1:30c8:8334:3d23,4,4,0.00,157.97,0.00,SJC
2606:4700:0:5ce0:7241:7ebd:8597:4c5f,4,4,0.00,157.97,0.00,SJC
2606:4700:f:8383:b1c7:91da:8ac4:6ba7,4,4,0.00,157.97,0.00,SJC
2606:4700:e:b3:5fb9:917b:d4e8:7fe0,4,4,0.00,157.97,0.00,SJC
2606:4700:a9:cf:a07:50d8:38ae:2eaf,4,4,0.00,157.98,0.00,SJC
2606:4700:3008::c9dc:9452,4,4,0.00,157.98,0.00,SJC
2606:4700:c:3cae:c0c7:2c42:8785:6a54,4,4,0.00,157.98,0.00,SJC
2606:4700:3009:b966:e976:ea7d:ecc4:7cf1,4,4,0.00,157.98,0.00,SJC
2606:4700:3001:0:54:ff0a:8176:c2b8,4,4,0.00,157.99,0.00,SJC
2606:4700:a9:fafc:ad12:6c36:8c9b:5b1c,4,4,0.00,157.99,0.00,SJC
2606:4700:3003:13ee:8869:454c:6afd:a2ee,4,4,0.00,157.99,0.00,SJC
2606:4700:3000:9b92:228:6bf:7bf:c0c7,4,4,0.00,157.99,0.00,SJC
2606:4700:3008:71f2:8151:b02:8735:434f,4,4,0.00,157.99,0.00,SJC
2606:4700:a8:bb96:1f85:f881:af4b:686f,4,4,0.00,157.99,0.00,SJC
2606:4700:3006:9:62ca:9317:83ce:db3,4,4,0.00,157.99,0.00,SJC
2606:4700:3003:1329:58d3:3ed0:a5e6:bac3,4,4,0.00,157.99,0.00,SJC
2606:4700:0:5ce0:7210:9ba3:7acf:1be5,4,4,0.00,157.99,0.00,SJC
2606:4700:a:0:ae:de79:8d02:8f0e,4,4,0.00,157.99,0.00,SJC
2606:4700:3009:3d:f39b:dfd1:349d:ae62,4,4,0.00,158.00,0.00,SJC
2606:4700:3006:0:f7:387b:374c:6e4,4,4,0.00,158.00,0.00,SJC
2606:4700:3001:0:78:df17:96e9:d4c0,4,4,0.00,158.00,0.00,SJC
2606:4700:a9:fa7d:5b1c:2782:14e0:840b,4,4,0.00,158.00,0.00,SJC
2606:4700:0:5c18:cc05:3e91:61f3:1422,4,4,0.00,158.00,0.00,SJC
2606:4700:3002:2a:ea92:9750:613c:66f,4,4,0.00,158.01,0.00,SJC
2606:4700:d0:14e8:6e5b:4da1:322c:5bf0,4,4,0.00,158.01,0.00,SJC
2a06:98c1:58:8b10:f6ff:def4:9edf:6e4f,4,4,0.00,158.01,0.00,SJC
2606:4700:3009::b5:8db5:de6,4,4,0.00,158.01,0.00,SJC
2606:4700:a8:bbaf:7e7b:fe7d:d48a:edc1,4,4,0.00,158.01,0.00,SJC
2606:4700:e:0:5c81:76ef:5763:5f5,4,4,0.00,158.02,0.00,SJC
2606:4700:b:0:c559:dcff:afe2:6c55,4,4,0.00,158.02,0.00,SJC
2606:4700:3000::cc2:2ac5:35e1,4,4,0.00,158.02,0.00,SJC
2606:4700::ea5b:d5e3:a0a4:e35d,4,4,0.00,158.03,0.00,SJC
2606:4700:3000:ac:7538:3c75:f769:c734,4,4,0.00,158.03,0.00,SJC
2606:4700:3009:93e7:dc06:a80c:db17:7f37,4,4,0.00,158.03,0.00,SJC
2606:4700:d0:14e8:19c3:15a0:9236:aa88,4,4,0.00,158.04,0.00,SJC
2606:4700:3001:efe8:9dd3:ac19:8496:e7b2,4,4,0.00,158.04,0.00,SJC
2606:4700:c:cefc:db5:3084:c474:a04,4,4,0.00,158.04,0.00,SJC
2606:4700:3006:7690:9d64:c869:aafa:5d75,4,4,0.00,158.04,0.00,SJC
2606:4700:a9:fafc:ad53:5b6a:50fe:5ca7,4,4,0.00,158.05,0.00,SJC
2606:4700:a9:fa6e:5617:cf1a:245a:b90d,4,4,0.00,158.05,0.00,SJC
2606:4700:a9:fa7d:5b2c:d028:a4ed:c01f,4,4,0.00,158.05,0.00,SJC
2606:4700:d1:d9:6234:583c:4820:3a33,4,4,0.00,158.05,0.00,SJC
2606:4700:3004:5c:9683:7f56:bd29:b060,4,4,0.00,158.05,0.00,SJC
2606:4700:3004:ac9d:a78f:2200:31e6:398d,4,4,0.00,158.05,0.00,SJC
2606:4700:a9:cf:a07:11e8:7f20:fde0,4,4,0.00,158.06,0.00,SJC
2606:4700:c:5b:6bda:7fed:a568:63c4,4,4,0.00,158.06,0.00,SJC
2606:4700:e:77b9:6470:f1e1:f851:c4fd,4,4,0.00,158.06,0.00,SJC
2606:4700:a9:fa6e:56d8:687e:ee9a:b63d,4,4,0.00,158.06,0.00,SJC
2606:4700:e:21:309f:3e2e:2aa:be43,4,4,0.00,158.06,0.00,SJC
2606:4700:3009:5a:295d:98b3:13d5:7924,4,4,0.00,158.07,0.00,SJC
2606:4700:3006:0:f4:3f86:d55b:db6e,4,4,0.00,158.07,0.00,SJC
2606:4700:a1:d557:df4f:33a2:b1fb:d938,4,4,0.00,158.07,0.00,SJC
2606:4700:d0::6b15:a6ef:fdbc,4,4,0.00,158.08,0.00,SJC
2606:4700:3009:5a:295d:98b3:2bef:ad68,4,4,0.00,158.08,0.00,SJC
2606:4700:3003::9a2c:21d:8345,4,4,0.00,158.08,0.00,SJC
2606:4700:3006:7690:9d77:c6be:9e65:6a45,4,4,0.00,158.08,0.00,SJC
2606:4700:a9:fa7d:fd70:d022:af5c:b49d,4,4,0.00,158.08,0.00,SJC
2a06:98c1:58:8b36:8b03:3f28:2dcb:3a22,4,4,0.00,158.08,0.00,SJC
2606:4700:e:21:3025:5a13:ce55:a3e7,4,4,0.00,158.08,0.00,SJC
2606:4700:e:4dd9:c96c:7224:3581:61aa,4,4,0.00,158.08,0.00,SJC
2606:4700:3002:fec3:8ae3:9b94:1390:5d1a,4,4,0.00,158.09,0.00,SJC
2606:4700:f:8f:8573:30dd:d1d:f84b,4,4,0.00,158.09,0.00,SJC
2606:4700:d0:1403:7c10:87ed:e777:b4ad,4,4,0.00,158.09,0.00,SJC
2606:4700:d:f7:245f:3041:4a3c:7ec4,4,4,0.00,158.09,0.00,SJC
2606:4700:3009::ab7b:3b50,4,4,0.00,158.09,0.00,SJC
2606:4700:d1:fa76:a44d:2960:a725:4132,4,4,0.00,158.10,0.00,SJC
2606:4700:d0:1473:4e02:ff2:a818:1ceb,4,4,0.00,158.10,0.00,SJC
2606:4700:a8:a6:7a7:1da4:57c8:b34c,4,4,0.00,158.10,0.00,SJC
2606:4700:0:88:54cc:3dd2:53cd:7c15,4,4,0.00,158.11,0.00,SJC
2606:4700:e:77be:8649:f1b7:c25f:209,4,4,0.00,158.11,0.00,SJC
2606:4700:a:c528:9b75:d664:ea06:a6c8,4,4,0.00,158.11,0.00,SJC
2606:4700:a:e4:185c:c34:54e2:bc06,4,4,0.00,158.11,0.00,SJC
2606:4700:3008:0:b586:7196:c5c8:eb1f,4,4,0.00,158.11,0.00,SJC
2606:4700:d0:1473:d38d:4656:a136:6a89,4,4,0.00,158.11,0.00,SJC
2606:4700:c:3c32:80d1:7a8a:c5bf:e8a1,4,4,0.00,158.11,0.00,SJC
2606:4700:d:1d:1e07:3991:cf2f:963,4,4,0.00,158.12,0.00,SJC
2606:4700:3009:a8:69bd:ad4:ab07:d545,4,4,0.00,158.12,0.00,SJC
2606:4700:3004:aca6:a302:b51e:5560:78b0,4,4,0.00,158.12,0.00,SJC
2606:4700:f:0:5d40:a3ad:4c3f:5ade,4,4,0.00,158.12,0.00,SJC
2606:4700:a:0:d822:75a1:2c89:d147,4,4,0.00,158.12,0.00,SJC
2606:4700:3004:b9:dcfc:2f0d:8f15:c934,4,4,0.00,158.12,0.00,SJC
2606:4700:0:5ce0:d3b3:d988:bc51:5972,4,4,0.00,158.12,0.00,SJC
2606:4700:c:cefc:6378:ca7a:5e3f:204d,4,4,0.00,158.12,0.00,SJC
2606:4700:3007:d3b6:edd:2fb1:47cf:d435,4,4,0.00,158.13,0.00,SJC
2606:4700:3000:9b92:29c:11d7:c0da:f240,4,4,0.00,158.13,0.00,SJC
2606:4700:d:f7:245f:3099:9aeb:2b81,4,4,0.00,158.13,0.00,SJC
2606:4700:3005:0:f7:f38e:fc47:cf,4,4,0.00,158.14,0.00,SJC
2606:4700:3003:cd:2d98:a65a:c14c:63e5,4,4,0.00,158.14,0.00,SJC
2606:4700:d1:d9:62c7:6656:e41e:e040,4,4,0.00,158.14,0.00,SJC
2606:4700:d:1d:1e07:c98:1588:f997,4,4,0.00,158.14,0.00,SJC
2606:4700:a:8:f2c1:5a13:36a9:a93e,4,4,0.00,158.14,0.00,SJC
2606:4700:d:1996:dad9:934a:d74a:f3bd,4,4,0.00,158.14,0.00,SJC
2606:4700:3000:ac:707d:68f2:c204:9ae1,4,4,0.00,158.15,0.00,SJC
2606:4700:e:4d05:2694:64f8:a9c1:df23,4,4,0.00,158.15,0.00,SJC
2606:4700:130:f7:c3c2:48c0:cf34:b150,4,4,0.00,158.15,0.00,SJC
2606:4700:3000::859e:eaba:e3d7,4,4,0.00,158.15,0.00,SJC
2606:4700:3000::8591:ed79:3555,4,4,0.00,158.15,0.00,SJC
2606:4700:3001:d4:678e:baf9:b9b3:3112,4,4,0.00,158.15,0.00,SJC
2606:4700:0:5c07:fa3e:ea2d:4373:8f3d,4,4,0.00,158.16,0.00,SJC
2606:4700:a8:bb96:e6e2:b1e9:566d:dca0,4,4,0.00,158.16,0.00,SJC
2606:4700:d0:1473:4e02:f4c:ed8:cf31,4,4,0.00,158.16,0.00,SJC
2606:4700:3001:0:5bf3:ec72:9946:3364,4,4,0.00,158.16,0.00,SJC
2606:4700:3008::97f7:3c2:c0a6,4,4,0.00,158.16,0.00,SJC
2606:4700:a::f4bb:d74c:e943,4,4,0.00,158.17,0.00,SJC
2606:4700:a1:74:ae94:7e30:1c44:bf4e,4,4,0.00,158.17,0.00,SJC
2606:4700:3009:0:fd46:d18b:2212:14e2,4,4,0.00,158.17,0.00,SJC
2606:4700:e:77be:8649:d222:4bf0:f895,4,4,0.00,158.17,0.00,SJC
2606:4700:0:5c07:fa3e:44:b514:12e4,4,4,0.00,158.17,0.00,SJC
2606:4700:3004:cc58:6209:53f4:d2d5:b9ae,4,4,0.00,158.18,0.00,SJC
2606:4700:3003:1329:f1a:1df0:8efe:653d,4,4,0.00,158.18,0.00,SJC
2606:4700:3008:0:a5:8b8f:6ce3:4c58,4,4,0.00,158.18,0.00,SJC
2606:4700:b:da58:748e:fb7c:d442:a177,4,4,0.00,158.18,0.00,SJC
2606:4700:0:7129:dec2:1516:77a7:b567,4,4,0.00,158.19,0.00,SJC
2606:4700:e:4dd9:c96c:6b2d:d462:9c17,4,4,0.00,158.19,0.00,SJC
2606:4700:c:ce40:8c55:d2ef:2657:f7d5,4,4,0.00,158.19,0.00,SJC
2606:4700:3005:88:9983:fc0d:96be:6bb1,4,4,0.00,158.19,0.00,SJC
2606:4700:3001:ef60:ae3b:fbbc:1ebf:84db,4,4,0.00,158.19,0.00,SJC
2606:4700:d1:873a:734a:919:df68:6fae,4,4,0.00,158.19,0.00,SJC
2606:4700:f:bd2f:97c5:f1cb:a596:9d39,4,4,0.00,158.20,0.00,SJC
2606:4700:a:0:ae:de02:85f0:3a7a,4,4,0.00,158.20,0.00,SJC
2a06:98c1:58:8b36:e430:55a6:7574:b7e8,4,4,0.00,158.20,0.00,SJC
2606:4700:3009:93e7:dc06:a80c:3f17:b6f2,4,4,0.00,158.21,0.00,SJC
2606:4700:3005:376f:e7f4:f1ca:c3:2232,4,4,0.00,158.21,0.00,SJC
2606:4700:0:5ce0:7241:7ea2:1c10:b6f4,4,4,0.00,158.21,0.00,SJC
2606:4700:130:0:d0fb:a1ac:52f8:b01e,4,4,0.00,158.22,0.00,SJC
2606:4700:3008:f6:1fd4:bd8f:30a:13af,4,4,0.00,158.22,0.00,SJC
2606:4700:130:f7:c3c2:489e:c64d:158a,4,4,0.00,158.23,0.00,SJC
2606:4700:a8:a6:7d3:406f:c177:ceb2,4,4,0.00,158.23,0.00,SJC
2606:4700:3001:ef60:ae7c:c0fe:f42b:220b,4,4,0.00,158.23,0.00,SJC
2606:4700:a9:fa7d:5b1c:2752:120b:667d,4,4,0.00,158.23,0.00,SJC
2606:4700:0:5ce0:7210:9ba3:b7e8:d87e,4,4,0.00,158.23,0.00,SJC
2606:4700:a8:5e:1ec4:2d9d:c2bf:749d,4,4,0.00,158.23,0.00,SJC
2606:4700:e:77b9:a95c:f578:6aad:a69a,4,4,0.00,158.23,0.00,SJC
2606:4700:3007:0:c2:2de2:10ec:aff2,4,4,0.00,158.24,0.00,SJC
2606:4700:b::71c7,4,4,0.00,158.24,0.00,SJC
2606:4700:3006:7690:9d64:c869:d3a9:ca94,4,4,0.00,158.24,0.00,SJC
2606:4700:a:a05a:1c80:c94a:aa9a:a5cb,4,4,0.00,158.24,0.00,SJC
2606:4700:d1:fa26:12d6:d686:f13c:48cb,4,4,0.00,158.24,0.00,SJC
2606:4700:3008:0:a5:8bd3:5a19:939d,4,4,0.00,158.24,0.00,SJC
2606:4700:d1:fa26:1231:a31f:a1cd:9ad6,4,4,0.00,158.24,0.00,SJC
2606:4700:3006::f406:ba72:4a01,4,4,0.00,158.25,0.00,SJC
2606:4700:3000:ac:707d:688f:9d53:476b,4,4,0.00,158.25,0.00,SJC
2606:4700:3004::1189:42e5:72cd,4,4,0.00,158.25,0.00,SJC
2606:4700:f:bdfe:5575:ac14:c65f:ec2b,4,4,0.00,158.25,0.00,SJC
2606:4700:d1:d9:5851:d7f7:8e76:da6e,4,4,0.00,158.25,0.00,SJC
2606:4700:a8:a6:7a7:cf32:957b:7441,4,4,0.00,158.26,0.00,SJC
2606:4700:a8:0:a554:ff4c:227f:3f92,4,4,0.00,158.26,0.00,SJC
2606:4700:3001::6edd:bc75:82c2,4,4,0.00,158.26,0.00,SJC
2606:4700:3009:0:f5:3c23:c1aa:cb2c,4,4,0.00,158.26,0.00,SJC
2606:4700:f:0:5d40:21f3:f575:693c,4,4,0.00,158.26,0.00,SJC
2606:4700:e:4d05:a95e:bc2:881:7e36,4,4,0.00,158.26,0.00,SJC
2606:4700:130:0:afc8:3e6c:717c:38c,4,4,0.00,158.26,0.00,SJC
2606:4700:e:77b9:9890:5968:130b:d413,4,4,0.00,158.26,0.00,SJC
2606:4700:d0:9941:35ae:192d:13ed:f52b,4,4,0.00,158.27,0.00,SJC
2606:4700:d1:d9:588b:f2f5:7717:633b,4,4,0.00,158.27,0.00,SJC
2606:4700:c:3c32:8080:eee5:d603:4766,4,4,0.00,158.27,0.00,SJC
2606:4700:3008:71f2:810d:938d:8359:42c8,4,4,0.00,158.27,0.00,SJC
2606:4700:3004:aca6:a302:b5f3:61ab:2d8b,4,4,0.00,158.28,0.00,SJC
2606:4700:f:0:39cf:e1a0:7d24:5ce8,4,4,0.00,158.28,0.00,SJC
2606:4700::48f0:e76d:aca6:e7eb,4,4,0.00,158.28,0.00,SJC
2606:4700:3005:0:cef8:bcd6:537c:a40f,4,4,0.00,158.28,0.00,SJC
2606:4700:3005:0:38:543b:1010:73e6,4,4,0.00,158.28,0.00,SJC
2606:4700:3007:d3b6:ded9:af2a:44b9:f0b0,4,4,0.00,158.28,0.00,SJC
2606:4700:3009:a8:115a:748c:7d4e:d50,4,4,0.00,158.28,0.00,SJC
2606:4700:0:5ce0:7210:3dbd:e258:4c58,4,4,0.00,158.28,0.00,SJC
2606:4700:a8:5e:1ec4:4ab6:ff:5164,4,4,0.00,158.29,0.00,SJC
2606:4700:a8:bbaf:2067:1e99:3e89:2271,4,4,0.00,158.29,0.00,SJC
2606:4700:3001:0:54:ff0a:7d6f:672b,4,4,0.00,158.29,0.00,SJC
2606:4700:b:0:c559:1a2d:2b78:421a,4,4,0.00,158.29,0.00,SJC
2606:4700:0:5c18:cc05:3e91:334b:45db,4,4,0.00,158.30,0.00,SJC
2606:4700:3004:0:9b48:645e:7fdc:6801,4,4,0.00,158.30,0.00,SJC
2606:4700:a1::de6e:c4f2:c6e2,4,4,0.00,158.30,0.00,SJC
2606:4700:e:777d:b6ca:90ba:c36a:e107,4,4,0.00,158.30,0.00,SJC
2606:4700:b:0:ac:e9a3:f415:3264,4,4,0.00,158.30,0.00,SJC
2606:4700:3009:b966:e976:ea7d:5cfd:7cee,4,4,0.00,158.30,0.00,SJC
2606:4700:d1:fa76:3b50:cdb:b39d:2a3a,4,4,0.00,158.30,0.00,SJC
2606:4700:3001:0:78:afaa:89ce:8e90,4,4,0.00,158.30,0.00,SJC
2606:4700:e:b3:5fb9:afee:6206:6b8b,4,4,0.00,158.30,0.00,SJC
2606:4700:d:f7:24c4:5575:3471:d95c,4,4,0.00,158.31,0.00,SJC
2606:4700:b::c982:cf2d,4,4,0.00,158.31,0.00,SJC
2606:4700:d1:873a:fb03:10af:c1fd:5a40,4,4,0.00,158.31,0.00,SJC
2606:4700:3009:a8:69bb:43d8:2590:e2f0,4,4,0.00,158.31,0.00,SJC
2a06:98c1:58:74:f888:b97:d0bd:5d8d,4,4,0.00,158.31,0.00,SJC
2606:4700:3005:ca:3a69:15b6:7bb5:9c8f,4,4,0.00,158.32,0.00,SJC
2606:4700:3003:1329:589d:909a:3e78:8a6b,4,4,0.00,158.32,0.00,SJC
2606:4700:3004:5c:9683:eaa:4333:40c3,4,4,0.00,158.32,0.00,SJC
2a06:98c1:58:8b36:e49d:9fe9:af1:1eee,4,4,0.00,158.32,0.00,SJC
2606:4700:3008:f6:25e:8074:eb56:6da1,4,4,0.00,158.32,0.00,SJC
2606:4700:0:d9cd:4012:a322:b8a1:3e45,4,4,0.00,158.33,0.00,SJC
2606:4700:c:5b:6b6c:940d:70d:c8ca,4,4,0.00,158.33,0.00,SJC
2606:4700:3008:71f2:18c9:bfd9:5a9c:976e,4,4,0.00,158.33,0.00,SJC
2606:4700:3003:cd:9ae7:3635:6766:876c,4,4,0.00,158.33,0.00,SJC
2606:4700:c:0:83:4f18:54e0:14a9,4,4,0.00,158.33,0.00,SJC
2606:4700:130:0:d0cd:d455:2d2a:646b,4,4,0.00,158.34,0.00,SJC
2606:4700::ea5b:bf15:7e2f:d086,4,4,0.00,158.34,0.00,SJC
2606:4700:e:4d05:a1d2:cad5:87a:8736,4,4,0.00,158.34,0.00,SJC
2606:4700:c:cefc:6378:ca84:4cae:6e0b,4,4,0.00,158.34,0.00,SJC
2606:4700:d0:56:68dc:5406:c74a:a02,4,4,0.00,158.34,0.00,SJC
2606:4700:e:0:5ce3:f58e:97f0:3f0c,4,4,0.00,158.34,0.00,SJC
2606:4700:f:0:4352:59b3:55cd:c1e1,4,4,0.00,158.34,0.00,SJC
2606:4700:d1:d9:5851:d7c1:fa76:efa,4,4,0.00,158.35,0.00,SJC
2606:4700:d1:d9:6234:58e5:6ed6:cc3e,4,4,0.00,158.35,0.00,SJC
2606:4700:3000:0:9368:9026:2d9:1ea4,4,4,0.00,158.35,0.00,SJC
2606:4700:3000:0:9368:9026:204:d146,4,4,0.00,158.35,0.00,SJC
2606:4700:3007:d3b6:de69:f68f:e7fc:4442,4,4,0.00,158.35,0.00,SJC
2606:4700:c:3cae:c0c7:f93b:6710:4980,4,4,0.00,158.35,0.00,SJC
2606:4700:3008:71f2:8151:b883:d24b:4b1b,4,4,0.00,158.35,0.00,SJC
2606:4700:d::9299:b934,4,4,0.00,158.36,0.00,SJC
2606:4700:3002:fec3:8ab8:7c3d:418d:2068,4,4,0.00,158.36,0.00,SJC
2606:4700:3004:cc58:f3ad:1fc9:206c:9b19,4,4,0.00,158.36,0.00,SJC
2606:4700:3000:0:93ef:89df:659a:8bda,4,4,0.00,158.36,0.00,SJC
2606:4700:3007:d3b6:edd:2f48:196e:80af,4,4,0.00,158.36,0.00,SJC
2a06:98c1:58:8bba:9ab0:6b92:4afe:956d,4,4,0.00,158.36,0.00,SJC
2606:4700:a8::eb03:b15,4,4,0.00,158.37,0.00,SJC
2606:4700:3000:0:93ef:461d:bf34:a33d,4,4,0.00,158.37,0.00,SJC
2606:4700:3001:bb:70f1:a041:1203:7e58,4,4,0.00,158.37,0.00,SJC
2606:4700:a9:fa7d:fd45:efd9:c7ae:b033,4,4,0.00,158.37,0.00,SJC
2606:4700:a8:a9:84cf:3e3b:397f:5d89,4,4,0.00,158.37,0.00,SJC
2606:4700:a8:a6:7a7:cf03:2e14:9717,4,4,0.00,158.37,0.00,SJC
2a06:98c1:58:74:672:dbdf:f9b3:9e08,4,4,0.00,158.37,0.00,SJC
2606:4700:130:0:afc8:3e6c:f9c9:3271,4,4,0.00,158.37,0.00,SJC
2606:4700:e:21:d488:3913:c93b:d260,4,4,0.00,158.37,0.00,SJC
2606:4700:e:77b9:9890:b40e:459b:b33a,4,4,0.00,158.37,0.00,SJC
2606:4700:3004:cc58:6209:53a5:4c09:5bf9,4,4,0.00,158.37,0.00,SJC
2606:4700:a:c528:9b75:d664:3517:6178,4,4,0.00,158.37,0.00,SJC
2a06:98c1:58:8bba:2412:729f:df24:2fef,4,4,0.00,158.38,0.00,SJC
2606:4700:3003:1329:584c:b59b:3b76:ea23,4,4,0.00,158.38,0.00,SJC
2606:4700:0:5ce0:7241:7ebd:2de5:1397,4,4,0.00,158.38,0.00,SJC
2606:4700:3003:cd:2dd0:7235:1755:3ad4,4,4,0.00,158.39,0.00,SJC
2606:4700:c:cefc:6378:ca7a:5e49:47c7,4,4,0.00,158.39,0.00,SJC
2606:4700:3002:fe22:9d53:3329:285:e2c8,4,4,0.00,158.39,0.00,SJC
2606:4700:0:5ce0:d3b3:4613:4f5d:8d8a,4,4,0.00,158.39,0.00,SJC
2606:4700:f::ff32:70e2:c1ab,4,4,0.00,158.39,0.00,SJC
2606:4700:f::ffd4:5a54:b5da,4,4,0.00,158.39,0.00,SJC
2606:4700:3009:b966:7969:24db:15dd:3814,4,4,0.00,158.39,0.00,SJC
2606:4700:3006:9:6295:df5e:4f03:ae59,4,4,0.00,158.39,0.00,SJC
2606:4700:3000::cd:1561,4,4,0.00,158.39,0.00,SJC
2606:4700:130::6e6e:f1f7:64ea,4,4,0.00,158.40,0.00,SJC
2606:4700:f:0:4352:f5f7:bd2a:40cf,4,4,0.00,158.40,0.00,SJC
2606:4700:3003:cd:2d98:a65a:3f54:4939,4,4,0.00,158.40,0.00,SJC
2606:4700:3005:376f:586:9ab:e65a:d59d,4,4,0.00,158.40,0.00,SJC
2606:4700:d:1d:1e07:3991:cfee:2644,4,4,0.00,158.41,0.00,SJC
2606:4700:3005:0:f9:e838:8ecf:a927,4,4,0.00,158.41,0.00,SJC
2606:4700:3005:0:f9:e8e8:aa0b:8f57,4,4,0.00,158.41,0.00,SJC
2606:4700:3002:fec3:8ae3:3f6c:2e57:6e5b,4,4,0.00,158.41,0.00,SJC
2606:4700:3009::1d5e:1d73:51ba,4,4,0.00,158.41,0.00,SJC
2606:4700:3004:ac9d:a78f:7fe2:3a72:1779,4,4,0.00,158.41,0.00,SJC
2606:4700:3004:0:3023:55d0:c26b:dd79,4,4,0.00,158.41,0.00,SJC
2606:4700:3005:ca:2cba:b2b4:5f27:f61e,4,4,0.00,158.42,0.00,SJC
2606:4700:3009:937e:c650:9784:c330:54c4,4,4,0.00,158.42,0.00,SJC
2606:4700:3007:0:c2:2de2:9967:804c,4,4,0.00,158.42,0.00,SJC
2606:4700:d1:0:1:4cc5:2766:9845,4,4,0.00,158.42,0.00,SJC
2606:4700:e:77be:8649:f1b7:27e5:a0ef,4,4,0.00,158.42,0.00,SJC
2606:4700:a1:d557:6494:d259:798:66a9,4,4,0.00,158.43,0.00,SJC
2606:4700:3008:71f2:18a4:dc97:8c4e:b6f9,4,4,0.00,158.43,0.00,SJC
2606:4700:d:1d:1e07:3911:6e8b:e06f,4,4,0.00,158.43,0.00,SJC
2606:4700:a8:bbaf:2086:ae95:7cd4:690e,4,4,0.00,158.43,0.00,SJC
2606:4700:a::e5:cb98:39ea,4,4,0.00,158.43,0.00,SJC
2606:4700:d:1996:da17:6051:6370:4cc8,4,4,0.00,158.43,0.00,SJC
2606:4700:3004:5c:9683:7ffb:eb2a:17d,4,4,0.00,158.43,0.00,SJC
2606:4700:d:0:5504:8db2:3bac:9dd2,4,4,0.00,158.44,0.00,SJC
2606:4700:a:8:6d4:d5c7:729e:abaf,4,4,0.00,158.44,0.00,SJC
2606:4700:3005:ca:2cba:b2b4:4c16:a033,4,4,0.00,158.44,0.00,SJC
2a06:98c1:58:8b10:f6ff:ae1f:8e29:aa63,4,4,0.00,158.44,0.00,SJC
2a06:98c1:58:8b10:f6ff:ae1f:8eb3:e475,4,4,0.00,158.44,0.00,SJC
2606:4700:d1:873a:ac41:6bd1:b683:6f7f,4,4,0.00,158.44,0.00,SJC
2606:4700:3001::41f5:9d1,4,4,0.00,158.44,0.00,SJC
2606:4700:d0:56:68dc:2303:73be:3f03,4,4,0.00,158.44,0.00,SJC
2606:4700:3008:71f2:18c9:c2d7:d34e:4e7d,4,4,0.00,158.44,0.00,SJC
2606:4700:d1:d9:62c7:de09:ac51:4430,4,4,0.00,158.45,0.00,SJC
2606:4700:d0:1473:a465:44c2:334:8873,4,4,0.00,158.46,0.00,SJC
2606:4700:3001:d4:678e:62ea:13a:403,4,4,0.00,158.46,0.00,SJC
2a06:98c1:58:8bba:2412:7266:2992:60ad,4,4,0.00,158.46,0.00,SJC
2606:4700:3003:1329:f1a:2114:fd9:cbbf,4,4,0.00,158.46,0.00,SJC
2606:4700:3003:13ee:888f:43cb:5021:4d79,4,4,0.00,158.47,0.00,SJC
2a06:98c1:58:8b10:e64:a4bf:153d:ef07,4,4,0.00,158.47,0.00,SJC
2606:4700:d:1d:84:4219:2239:9f96,4,4,0.00,158.48,0.00,SJC
2606:4700:d:1936:d5ab:c32c:4e1b:d844,4,4,0.00,158.48,0.00,SJC
2606:4700:e:0:cef7:7d29:e441:60f9,4,4,0.00,158.48,0.00,SJC
2606:4700:d0:56:7be4:de94:ad72:50ad,4,4,0.00,158.48,0.00,SJC
2606:4700:3000:9b92:29c:b974:a37c:f6b2,4,4,0.00,158.49,0.00,SJC
2606:4700:3005:ca:3a69:6ef0:324f:2c51,4,4,0.00,158.49,0.00,SJC
2606:4700:e:4d05:2694:6415:2a10:ef88,4,4,0.00,158.49,0.00,SJC
2606:4700:a8:a6:7e3:f7ab:73a6:dabc,4,4,0.00,158.49,0.00,SJC
2606:4700:a9:fafc:ad12:3cb8:5955:ef61,4,4,0.00,158.49,0.00,SJC
2606:4700:3009::b2:d6f8,4,4,0.00,158.49,0.00,SJC
2606:4700:d1:d9:62c7:dec1:94fc:cab1,4,4,0.00,158.49,0.00,SJC
2606:4700:c:cefc:63ab:a9ed:30:d87f,4,4,0.00,158.49,0.00,SJC
2606:4700:3008:71f2:18c9:bf6b:aaee:70da,4,4,0.00,158.49,0.00,SJC
2606:4700:3009:a8:691d:248:5de9:5838,4,4,0.00,158.50,0.00,SJC
2606:4700:0:5c18:ccc0:508:5228:9cad,4,4,0.00,158.50,0.00,SJC
2606:4700:a:8:f27f:446:7775:126a,4,4,0.00,158.50,0.00,SJC
2606:4700:3009:0:822f:30da:fb13:a740,4,4,0.00,158.50,0.00,SJC
2606:4700:f:bdfe:55c4:41c2:e10:10d,4,4,0.00,158.51,0.00,SJC
2606:4700:d:0:5504:4286:c3f9:5b7e,4,4,0.00,158.51,0.00,SJC
2606:4700:3003:1329:5892:478c:5624:db01,4,4,0.00,158.51,0.00,SJC
2606:4700:b::94:6cd:32c7,4,4,0.00,158.51,0.00,SJC
2606:4700:c:ce56:41b0:766f:15b5:9443,4,4,0.00,158.51,0.00,SJC
2606:4700:0:7129:740d:b10d:3d8b:748c,4,4,0.00,158.51,0.00,SJC
2606:4700:0:5ce0:d3b3:46d9:f62f:c0c3,4,4,0.00,158.51,0.00,SJC
2606:4700:c:ce56:4c17:51e3:ef1c:94a0,4,4,0.00,158.52,0.00,SJC
2606:4700:b:a9:9008:59f0:24f1:95e7,4,4,0.00,158.52,0.00,SJC
2606:4700:a9:cf:a07:47b2:319c:e5a9,4,4,0.00,158.52,0.00,SJC
2606:4700:a:8:f27f:3ef5:61c7:10e3,4,4,0.00,158.52,0.00,SJC
2606:4700:0:d923:4945:193e:ccf6:aa33,4,4,0.00,158.52,0.00,SJC
2606:4700:a8:a6:7a7:cf32:782:1523,4,4,0.00,158.52,0.00,SJC
2606:4700:a:0:8a:afc0:671d:aafc,4,4,0.00,158.53,0.00,SJC
2606:4700:e:0:5c09:952b:21f0:9b45,4,4,0.00,158.53,0.00,SJC
2606:4700:a1:d557:df4f:337b:2edf:4c3e,4,4,0.00,158.53,0.00,SJC
2606:4700:130:0:5903:9870:fcf2:a669,4,4,0.00,158.53,0.00,SJC
2606:4700:f:bdfe:5575:acd7:907d:c90b,4,4,0.00,158.53,0.00,SJC
2606:4700:3004:5c:961e:545f:6881:2e61,4,4,0.00,158.53,0.00,SJC
2a06:98c1:58:8b10:f62b:cd02:faa0:14b1,4,4,0.00,158.53,0.00,SJC
2606:4700:a1:74:ae78:302a:7631:d17c,4,4,0.00,158.53,0.00,SJC
2606:4700:3001:bb:70f1:947b:3f8e:13e7,4,4,0.00,158.54,0.00,SJC
2606:4700:3005:0:ce9a:1e51:c9bd:dd65,4,4,0.00,158.54,0.00,SJC
2606:4700:d1:fa76:3bf1:89a1:6d51:5399,4,4,0.00,158.54,0.00,SJC
2606:4700:a1:d5be:a581:9692:fb39:941b,4,4,0.00,158.54,0.00,SJC
2606:4700:130:f7:c3c2:48c0:b416:f256,4,4,0.00,158.54,0.00,SJC
2606:4700:a8:a9:84cf:77bf:2fd6:d805,4,4,0.00,158.54,0.00,SJC
2606:4700:3006:9:d130:8a85:a4b6:272f,4,4,0.00,158.54,0.00,SJC
2606:4700:3003:cd:9af5:daee:6a96:7c95,4,4,0.00,158.55,0.00,SJC
2606:4700:a8:0:64:62a9:783a:3a3c,4,4,0.00,158.55,0.00,SJC
2606:4700:a8:5e:e9ac:d8bc:825e:6e35,4,4,0.00,158.55,0.00,SJC
2606:4700:3009:0:fd46:689:e2b8:ba7b,4,4,0.00,158.55,0.00,SJC
2606:4700:3009:a8:69db:6c91:f707:97ca,4,4,0.00,158.56,0.00,SJC
2606:4700:d0:1473:d37b:624c:eb89:f5f5,4,4,0.00,158.56,0.00,SJC
2606:4700:a:4267:89cd:f3c5:362a:f616,4,4,0.00,158.56,0.00,SJC
2606:4700:a8:a6:d7a4:417:9b2:3233,4,4,0.00,158.56,0.00,SJC
2606:4700:3009::d1:d2e5,4,4,0.00,158.57,0.00,SJC
2606:4700:3004:5c:fa4b:a3a:f9f4:ea6b,4,4,0.00,158.57,0.00,SJC
2606:4700:a8:a6:7d3:406f:ae4b:d590,4,4,0.00,158.57,0.00,SJC
2a06:98c1:58:8b36:e49d:9f89:f557:46c5,4,4,0.00,158.57,0.00,SJC
2606:4700:3004:aca6:a302:ecd9:b19a:a9b7,4,4,0.00,158.57,0.00,SJC
2606:4700:f:0:f601:6108:fd30:624e,4,4,0.00,158.58,0.00,SJC
2606:4700:f::ffec:2bc7:5bcc,4,4,0.00,158.58,0.00,SJC
2606:4700:a:e4:185c:c34:4774:3b4,4,4,0.00,158.58,0.00,SJC
2606:4700:3007::fd:9a76:fb00,4,4,0.00,158.58,0.00,SJC
2606:4700:a8:a6:d7a4:417:92f:2eb1,4,4,0.00,158.58,0.00,SJC
2606:4700:d:1d:2b:3ff9:1b32:469b,4,4,0.00,158.59,0.00,SJC
2606:4700:e:77b9:a95c:4f6d:99e7:d2b6,4,4,0.00,158.59,0.00,SJC
2606:4700:a:c5fa:96f5:8ca5:abf4:d1e3,4,4,0.00,158.59,0.00,SJC
2606:4700:d0:56:687c:6898:7338:8e17,4,4,0.00,158.59,0.00,SJC
2606:4700:e:21:309f:3e2e:3f28:f297,4,4,0.00,158.60,0.00,SJC
2606:4700:a:0:aff5:7eb0:b7f5:c96,4,4,0.00,158.60,0.00,SJC
2606:4700:3005:ca:3a69:e689:85ee:fbf,4,4,0.00,158.60,0.00,SJC
2606:4700:e:0:32:e5db:204f:70ea,4,4,0.00,158.60,0.00,SJC
2606:4700:130:0:d00a:1213:a16f:6e7e,4,4,0.00,158.60,0.00,SJC
2606:4700:130:0:d0cd:d4ed:eab8:2cad,4,4,0.00,158.60,0.00,SJC
2606:4700:a1:74:cf60:b91:47f4:643d,4,4,0.00,158.60,0.00,SJC
2606:4700:a1:d50b:465d:a00d:5a45:e63a,4,4,0.00,158.60,0.00,SJC
2606:4700:0:d9cd:40c3:4241:5dfb:6201,4,4,0.00,158.61,0.00,SJC
2606:4700:a9:fa6e:5f28:e6d1:510a:6272,4,4,0.00,158.61,0.00,SJC
2606:4700:d0:0:d5:9701:3c28:5c8a,4,4,0.00,158.61,0.00,SJC
2606:4700:3007:d4:158c:63fe:5fdb:cc5d,4,4,0.00,158.61,0.00,SJC
2a06:98c1:58:8b36:8b03:cb1a:21d4:20d4,4,4,0.00,158.61,0.00,SJC
2606:4700:d1:873a:734a:964:89c5:6708,4,4,0.00,158.61,0.00,SJC
2606:4700:a:0:ae:b0b6:cef7:5b0,4,4,0.00,158.62,0.00,SJC
2606:4700:3006:760f:ac82:a51b:1529:eaf1,4,4,0.00,158.62,0.00,SJC
2a06:98c1:58:cb:e0a1:530:7a57:2d53,4,4,0.00,158.63,0.00,SJC
2606:4700:3006:9:62ca:eff2:2fc5:2898,4,4,0.00,158.63,0.00,SJC
2606:4700:3005:0:f7:dc81:2fbc:fc14,4,4,0.00,158.63,0.00,SJC
2606:4700:d0:1473:d37b:62d0:c779:93f1,4,4,0.00,158.63,0.00,SJC
2606:4700:0:88:54cc:3dd2:766c:eb48,4,4,0.00,158.63,0.00,SJC
2606:4700:a8:bbaf:e562:8f7c:8039:f5f3,4,4,0.00,158.63,0.00,SJC
2606:4700:a8:bbaf:e526:ad35:fc20:c468,4,4,0.00,158.64,0.00,SJC
2606:4700:3008:71f2:810d:9301:5c5b:69d1,4,4,0.00,158.64,0.00,SJC
2606:4700:3009:3d:ae29:929a:c153:9f58,4,4,0.00,158.64,0.00,SJC
2606:4700:3004:5c:fa4b:1be4:de0:eec7,4,4,0.00,158.64,0.00,SJC
2606:4700:0:5ce0:b334:b239:2e46:dc06,4,4,0.00,158.64,0.00,SJC
2a06:98c1:58:8b10:f6ff:1b81:642b:f6a1,4,4,0.00,158.65,0.00,SJC
2606:4700:130:9acb:7b5c:7b9a:c7aa:486e,4,4,0.00,158.65,0.00,SJC
2606:4700:d0:1473:d33f:1d1c:4cd9:8fea,4,4,0.00,158.65,0.00,SJC
2606:4700:c:0:efda:39e:691:1b0,4,4,0.00,158.65,0.00,SJC
2606:4700:3009:937e:2785:c4c0:b95e:a70e,4,4,0.00,158.66,0.00,SJC
2606:4700:c:0:efdb:d158:9c35:9135,4,4,0.00,158.66,0.00,SJC
2606:4700:c:cefc:db5:3018:ad5:e306,4,4,0.00,158.66,0.00,SJC
2606:4700:3007:d4:158c:73ec:9843:4fbd,4,4,0.00,158.66,0.00,SJC
2606:4700:3009:0:f5:3c01:1d07:edf1,4,4,0.00,158.66,0.00,SJC
2606:4700:f::ffec:2b3e:dfdc,4,4,0.00,158.66,0.00,SJC
2606:4700:c:3cae:2db1:2bb:1c26:2fcd,4,4,0.00,158.67,0.00,SJC
2606:4700:e:4d05:a1d2:ca37:f8b:37e9,4,4,0.00,158.67,0.00,SJC
2606:4700:c:3cae:c0c7:f93b:efbc:90af,4,4,0.00,158.67,0.00,SJC
2606:4700:b:e836:b756:2587:539c:d285,4,4,0.00,158.67,0.00,SJC
2606:4700:e:0:32:e5db:2095:5fd9,4,4,0.00,158.67,0.00,SJC
2606:4700:e:4d05:a1d2:ca93:8efa:67f4,4,4,0.00,158.67,0.00,SJC
2606:4700:a1:d557:6474:d9b8:8c9e:45db,4,4,0.00,158.68,0.00,SJC
2606:4700:3009:3d:ae29:927f:967:8e55,4,4,0.00,158.68,0.00,SJC
2606:4700:d:1936:d5ec:28cc:383e:f4ec,4,4,0.00,158.68,0.00,SJC
2606:4700:3005:0:38:5484:b0fc:619c,4,4,0.00,158.68,0.00,SJC
2606:4700:d1:d9:6234:3302:91b:6d01,4,4,0.00,158.68,0.00,SJC
2606:4700:3004:5c:961e:80:72ab:6182,4,4,0.00,158.68,0.00,SJC
2606:4700:3008:71f2:8169:a611:a03e:89bf,4,4,0.00,158.68,0.00,SJC
2606:4700:3008:71f2:18a4:41c6:cd4b:d9c3,4,4,0.00,158.68,0.00,SJC
2606:4700:a1::defd:e03b:9246,4,4,0.00,158.68,0.00,SJC
2606:4700:d1:d9:62c7:66d8:4c1:abda,4,4,0.00,158.68,0.00,SJC
2606:4700:d0:1473:a465:44c2:5eae:d6af,4,4,0.00,158.69,0.00,SJC
2606:4700:0:d923:c30d:ab86:2b8f:caa0,4,4,0.00,158.69,0.00,SJC
2606:4700:0:5ce0:b334:b239:951d:d699,4,4,0.00,158.69,0.00,SJC
2606:4700:3004:ac9d:a78f:2200:3186:e33a,4,4,0.00,158.70,0.00,SJC
2606:4700:a:0:aff5:7eb0:82b9:e135,4,4,0.00,158.70,0.00,SJC
2606:4700:3004:5c:961e:5476:85d8:ee68,4,4,0.00,158.70,0.00,SJC
2606:4700:3003:cd:9afd:34f3:785c:4dcb,4,4,0.00,158.70,0.00,SJC
2606:4700:d1:873a:734a:b936:21a:764e,4,4,0.00,158.71,0.00,SJC
2606:4700:d1:0:6c6b:f900:b00d:c732,4,4,0.00,158.71,0.00,SJC
2606:4700:0:5c18:ccc0:5de:c328:e751,4,4,0.00,158.72,0.00,SJC
2606:4700:e:77be:8649:d24d:7c42:ea2d,4,4,0.00,158.72,0.00,SJC
2606:4700:3003:1329:fa4:ce1d:7a98:8c48,4,4,0.00,158.72,0.00,SJC
2606:4700:3006:9:62ca:efed:948d:3be0,4,4,0.00,158.72,0.00,SJC
2a06:98c1:58:74:69a:ea50:b3d6:2975,4,4,0.00,158.72,0.00,SJC
2606:4700:3001:0:54:6b23:e5cc:d86b,4,4,0.00,158.72,0.00,SJC
2606:4700:3008::c02b:dd67,4,4,0.00,158.72,0.00,SJC
2606:4700:a8:0:a554:ff4c:22d3:5d4c,4,4,0.00,158.72,0.00,SJC
2606:4700:d1:873a:73cd:b49a:1958:cd3a,4,4,0.00,158.72,0.00,SJC
2606:4700:d1:873a:734a:b9c7:c9d3:7995,4,4,0.00,158.72,0.00,SJC
2606:4700:3004:5c:9683:3e6b:b6a0:620f,4,4,0.00,158.72,0.00,SJC
2606:4700:a9:997c:41f:f29e:4aa8:39fb,4,4,0.00,158.72,0.00,SJC
2606:4700:3001:0:5bf3:12be:81a1:140b,4,4,0.00,158.73,0.00,SJC
2606:4700:3008:f6:2fd:986a:4eb0:312b,4,4,0.00,158.73,0.00,SJC
2606:4700:e:77b9:a95c:f578:c18b:a65a,4,4,0.00,158.73,0.00,SJC
2606:4700:d:1936:d562:f1c3:fdf3:d1b,4,4,0.00,158.73,0.00,SJC
2606:4700:d0:56:7b16:9a:e03a:462f,4,4,0.00,158.73,0.00,SJC
2606:4700:3008:f6:1ff4:6d02:a115:c7be,4,4,0.00,158.73,0.00,SJC
2606:4700:d0:0:e0a9:b4f5:9b03:2002,4,4,0.00,158.73,0.00,SJC
2606:4700:e:0:ce95:2770:69c6:ce6b,4,4,0.00,158.74,0.00,SJC
2606:4700:130:f7:3221:87c1:211:c646,4,4,0.00,158.74,0.00,SJC
2606:4700:b:0:c559:dc58:66f7:680,4,4,0.00,158.74,0.00,SJC
2606:4700:3009:0:f5:3cec:f876:b165,4,4,0.00,158.74,0.00,SJC
2606:4700:a9:cf:a49:d166:aed9:a3e2,4,4,0.00,158.74,0.00,SJC
2606:4700:3004:cc58:6209:75a0:5b3a:68a1,4,4,0.00,158.74,0.00,SJC
2606:4700:3004:cc58:f3ad:459f:632d:c859,4,4,0.00,158.74,0.00,SJC
2606:4700:e:b3:5fb9:9108:f1bb:f949,4,4,0.00,158.74,0.00,SJC
2606:4700:a::f472:4ccf:3c9e,4,4,0.00,158.74,0.00,SJC
2606:4700:a1:d50b:6952:2d3c:2fb2:ad07,4,4,0.00,158.74,0.00,SJC
2606:4700:a9:fa6e:5f28:63df:43a0:2bc1,4,4,0.00,158.74,0.00,SJC
2606:4700:0:5ce0:b3d1:1d02:ea77:456f,4,4,0.00,158.75,0.00,SJC
2606:4700:f:bdfe:55c4:4110:f477:12b5,4,4,0.00,158.75,0.00,SJC
2606:4700:a1:74:ae78:3035:38e3:ea14,4,4,0.00,158.75,0.00,SJC
2606:4700:e:0:32:59d0:dd55:f70e,4,4,0.00,158.75,0.00,SJC
2a06:98c1:58:8b10:f6ff:1bc2:5edd:577e,4,4,0.00,158.75,0.00,SJC
2606:4700:3001::6ea1:eeb3:ed47,4,4,0.00,158.76,0.00,SJC
2606:4700:b::6e5b:7ce8:4369,4,4,0.00,158.76,0.00,SJC
2606:4700:3001:0:5bf3:12be:813a:e282,4,4,0.00,158.76,0.00,SJC
2606:4700:e:77b9:a95c:4f6d:3d90:ae51,4,4,0.00,158.76,0.00,SJC
2606:4700:e:77b9:9890:b4f0:6a6e:8d72,4,4,0.00,158.76,0.00,SJC
2606:4700:b::932d:13bd:90,4,4,0.00,158.77,0.00,SJC
2606:4700:3004:cc58:6209:7f99:6005:20d8,4,4,0.00,158.77,0.00,SJC
2606:4700:c:3c32:35aa:3ca4:21d8:7e9d,4,4,0.00,158.77,0.00,SJC
2606:4700:3001:ef60:ae7c:c0fe:9b5c:d8c5,4,4,0.00,158.78,0.00,SJC
2606:4700:c:0:efdb:69ca:2d2e:fc5d,4,4,0.00,158.78,0.00,SJC
2606:4700:0:88:5419:8b0c:d97d:ee68,4,4,0.00,158.78,0.00,SJC
2a06:98c1:58:787d:496c:b79f:5cd9:a4ee,4,4,0.00,158.78,0.00,SJC
2606:4700:3000:ac:7538:3c75:37f8:2488,4,4,0.00,158.78,0.00,SJC
2606:4700:3003:cd:9ae7:bbe5:e3c6:31d5,4,4,0.00,158.79,0.00,SJC
2606:4700:3000:9b92:23b:1384:9a8d:1800,4,4,0.00,158.79,0.00,SJC
2606:4700:3004:0:9b0c:1bd7:cca9:6fd,4,4,0.00,158.79,0.00,SJC
2606:4700:d1:fa76:3bf1:89a1:2b82:39e4,4,4,0.00,158.79,0.00,SJC
2606:4700:a:0:aff5:7e15:c836:18b2,4,4,0.00,158.79,0.00,SJC
2606:4700:3006:7690:9d77:c69c:ee8:5610,4,4,0.00,158.79,0.00,SJC
2606:4700:3009:b966:9056:c8a1:a679:2fec,4,4,0.00,158.79,0.00,SJC
2606:4700:3001::6e65:26d6:968c,4,4,0.00,158.79,0.00,SJC
2606:4700:3003:cd:9a7c:6d90:20cf:3528,4,4,0.00,158.80,0.00,SJC
2606:4700:3009:93e7:dc06:8caf:ebd9:810a,4,4,0.00,158.80,0.00,SJC
2606:4700:3001:0:78:df17:96a4:e05e,4,4,0.00,158.80,0.00,SJC
2606:4700:3005:ca:2cba:16ce:a13a:187f,4,4,0.00,158.80,0.00,SJC
2606:4700:3000:9b92:2fb:b1e4:8503:335f,4,4,0.00,158.80,0.00,SJC
2606:4700:c:3cae:c0c7:2c42:2029:b6d2,4,4,0.00,158.80,0.00,SJC
2606:4700:0:d923:495c:668d:8a76:acb6,4,4,0.00,158.80,0.00,SJC
2606:4700:3007:0:853a:ba21:8c8e:6201,4,4,0.00,158.80,0.00,SJC
2606:4700:3006:7690:9d64:c869:d50a:1bf5,4,4,0.00,158.81,0.00,SJC
2606:4700:a1:d50b:b5a2:943d:fcdd:c7d4,4,4,0.00,158.81,0.00,SJC
2606:4700:a:4267:8936:8b61:47fc:3418,4,4,0.00,158.81,0.00,SJC
2606:4700:e:77b9:a95c:f567:ba57:e064,4,4,0.00,158.81,0.00,SJC
2606:4700:f:bd2f:9710:1695:488:a239,4,4,0.00,158.82,0.00,SJC
2606:4700:a:4267:89cd:f3c5:364b:44a2,4,4,0.00,158.82,0.00,SJC
2606:4700:d1:fa76:3bf1:2809:969e:7a81,4,4,0.00,158.82,0.00,SJC
2606:4700:a1:d557:64a8:fb35:fcc7:f168,4,4,0.00,158.83,0.00,SJC
2a06:98c1:58:8bba:9ab0:6b63:d81:6c3f,4,4,0.00,158.83,0.00,SJC
2606:4700:3007:d4:15ef:6f8d:d645:c4aa,4,4,0.00,158.83,0.00,SJC
2606:4700:f:0:5d40:21f3:f52e:124a,4,4,0.00,158.83,0.00,SJC
2606:4700:3006:7690:9d64:10a3:921:d276,4,4,0.00,158.83,0.00,SJC
2606:4700:d0:1473:a47c:308d:51a3:c8d5,4,4,0.00,158.83,0.00,SJC
2606:4700:a1:d557:6474:d97d:ccb0:d11d,4,4,0.00,158.83,0.00,SJC
2606:4700:0:d9cd:40c3:42fc:f88b:fa23,4,4,0.00,158.83,0.00,SJC
2606:4700:a:8:2b1a:d1a9:1b27:2e9,4,4,0.00,158.84,0.00,SJC
2606:4700:3006:7690:9d77:c6be:a3ef:a7d5,4,4,0.00,158.84,0.00,SJC
2606:4700:3003:13ee:db5:5b0e:afa2:5715,4,4,0.00,158.84,0.00,SJC
2606:4700:3005::3c88:118a:a77d,4,4,0.00,158.84,0.00,SJC
2606:4700:3005:376f:1c48:3bc2:1f0:f76,4,4,0.00,158.84,0.00,SJC
2606:4700:a8:5e:e9ac:d8bc:f600:3d89,4,4,0.00,158.84,0.00,SJC
2606:4700:3003:cd:9a7c:6db0:90ea:12b2,4,4,0.00,158.85,0.00,SJC
2606:4700:d:1d:8ea4:48cc:e907:aaa8,4,4,0.00,158.85,0.00,SJC
2a06:98c1:58:8bba:2412:3ad5:989f:f900,4,4,0.00,158.85,0.00,SJC
2606:4700:d:1d:2b:3f9f:1ea5:77a7,4,4,0.00,158.86,0.00,SJC
2606:4700:3001:d4:678e:62ea:1f5:666f,4,4,0.00,158.86,0.00,SJC
2606:4700:3001:ef60:8be8:92ae:e3a2:b3a,4,4,0.00,158.86,0.00,SJC
2606:4700:c:5b:6b79:487a:7270:9883,4,4,0.00,158.86,0.00,SJC
2606:4700:130:f7:c3c2:484e:feea:d99b,4,4,0.00,158.86,0.00,SJC
2606:4700:b:e836:b756:2587:112:f703,4,4,0.00,158.87,0.00,SJC
2606:4700:3003::1471:bfa3,4,4,0.00,158.87,0.00,SJC
2606:4700:3005:376f:e7f4:f145:126:a90,4,4,0.00,158.87,0.00,SJC
2606:4700:3000:9b92:228:6bf:3e6a:a332,4,4,0.00,158.87,0.00,SJC
2606:4700:b:0:fb:dd58:ee11:b297,4,4,0.00,158.87,0.00,SJC
2606:4700:d1:d9:62c7:e6a6:61ea:1582,4,4,0.00,158.87,0.00,SJC
2606:4700:e:0:32:e50b:2cf1:207f,4,4,0.00,158.87,0.00,SJC
2606:4700:3001:0:5b49:d9fc:cc43:ac02,4,4,0.00,158.87,0.00,SJC
2606:4700:c:5b:6b6c:940d:6314:7230,4,4,0.00,158.87,0.00,SJC
2606:4700:d1:fa26:12e5:919a:cbc7:b1f6,4,4,0.00,158.87,0.00,SJC
2606:4700:3002:0:89:533f:f0b:b653,4,4,0.00,158.87,0.00,SJC
2606:4700:3004:cc58:f3ad:c560:f2c0:94b4,4,4,0.00,158.88,0.00,SJC
2606:4700:a:e4:4c2f:bd2f:5a75:3c75,4,4,0.00,158.88,0.00,SJC
2606:4700:130:0:d0fb:a1c3:50b0:1d6c,4,4,0.00,158.88,0.00,SJC
2606:4700:3005:ca:2c89:2fac:9617:90bb,4,4,0.00,158.88,0.00,SJC
2606:4700:3002:fe22:9d53:3329:291:7ba6,4,4,0.00,158.88,0.00,SJC
2606:4700:d1:fa76:a44d:2960:cbb:a407,4,4,0.00,158.88,0.00,SJC
2a06:98c1:58:8b10:e64:c93b:f0a5:dd1a,4,4,0.00,158.88,0.00,SJC
2606:4700:3003:cd:9ae7:bb72:284:68ed,4,4,0.00,158.88,0.00,SJC
2606:4700:3001:0:5bf3:a930:87f1:6a8f,4,4,0.00,158.88,0.00,SJC
2606:4700:d1:d9:e0bd:2330:265b:7bf9,4,4,0.00,158.88,0.00,SJC
2606:4700:a1:0:ba:5ebb:53bc:5e98,4,4,0.00,158.89,0.00,SJC
2606:4700:a1:d557:df4f:337b:2e93:272,4,4,0.00,158.89,0.00,SJC
2606:4700:0:d923:c32a:a06d:9cb:f620,4,4,0.00,158.89,0.00,SJC
2606:4700:a8:5e:e9ac:d893:30dc:c411,4,4,0.00,158.89,0.00,SJC
2606:4700:3009:93e7:dc9d:5ced:d47e:5fd4,4,4,0.00,158.89,0.00,SJC
2606:4700:f:bd2f:97c5:f1cb:faef:91f8,4,4,0.00,158.89,0.00,SJC
2606:4700:d1:fa76:a44d:8800:d497:c1b2,4,4,0.00,158.90,0.00,SJC
2a06:98c1:58:8b10:f62b:cd36:cc9c:c288,4,4,0.00,158.90,0.00,SJC
2606:4700:3001:bb:70f1:a067:708e:6eca,4,4,0.00,158.90,0.00,SJC
2606:4700:3001:bb:70f1:a067:9a24:3f8d,4,4,0.00,158.90,0.00,SJC
2606:4700:0:5c07:fa3e:b6:e416:2c39,4,4,0.00,158.90,0.00,SJC
2606:4700:e:777d:b6ca:90ba:c3b0:b953,4,4,0.00,158.90,0.00,SJC
2606:4700::ea25:b9f1:73ab:7a57,4,4,0.00,158.91,0.00,SJC
2606:4700:a:4267:89cd:f3c5:4db4:1de1,4,4,0.00,158.91,0.00,SJC
2606:4700:3006:7690:9d64:10a3:ee68:764f,4,4,0.00,158.91,0.00,SJC
2606:4700:a8:bbaf:e526:ad35:369c:fd1a,4,4,0.00,158.91,0.00,SJC
2606:4700:b:e836:b773:6157:5db9:e680,4,4,0.00,158.91,0.00,SJC
2606:4700:a:a05a:5ee6:5556:63b1:4011,4,4,0.00,158.91,0.00,SJC
2606:4700:3007::2f70:6cb9:4a95,4,4,0.00,158.91,0.00,SJC
2a06:98c1:58:0:95bb:ff08:3029:8b15,4,4,0.00,158.92,0.00,SJC
2a06:98c1:58:0:95bb:29ff:6253:e281,4,4,0.00,158.92,0.00,SJC
2606:4700:d0::6b15:a672:2304,4,4,0.00,158.92,0.00,SJC
2606:4700:3006:7690:9d64:10a3:e7ba:50bf,4,4,0.00,158.92,0.00,SJC
2606:4700:d1:fa26:1235:659b:b92a:970f,4,4,0.00,158.92,0.00,SJC
2606:4700:3006::84:2324,4,4,0.00,158.92,0.00,SJC
2606:4700:0:d923:c357:d563:4c31:12f4,4,4,0.00,158.92,0.00,SJC
2a06:98c1:58:8b36:e49d:9f89:1b94:216f,4,4,0.00,158.92,0.00,SJC
2606:4700:a:c5fa:f8ee:77af:58d6:8fa0,4,4,0.00,158.92,0.00,SJC
2606:4700:3000::cdf:8cdf:a00c,4,4,0.00,158.92,0.00,SJC
2606:4700:e:777d:b636:b03c:90e2:200e,4,4,0.00,158.92,0.00,SJC
2606:4700:0:d923:49e4:5bdb:f3dc:c437,4,4,0.00,158.92,0.00,SJC
2606:4700:0:d923:c32a:a0a4:60e0:93da,4,4,0.00,158.93,0.00,SJC
2606:4700:3004:cc9f:ff19:459f:14e5:f3a2,4,4,0.00,158.93,0.00,SJC
2606:4700:3004:0:c1:6843:f91a:d32e,4,4,0.00,158.93,0.00,SJC
2606:4700:3000:0:2f:9d3c:1fed:bc43,4,4,0.00,158.93,0.00,SJC
2606:4700:f:0:5d40:21f4:8e71:2e52,4,4,0.00,158.94,0.00,SJC
2606:4700:130:0:d0cd:2a6e:a499:8885,4,4,0.00,158.94,0.00,SJC
2606:4700:a:4267:89cd:a7cc:4f20:eb0,4,4,0.00,158.94,0.00,SJC
2606:4700:3002:fec3:8a0b:7d3:b266:1909,4,4,0.00,158.94,0.00,SJC
2606:4700:3003:cd:9a7c:b277:b51:35e0,4,4,0.00,158.94,0.00,SJC
2606:4700:d0:0:e0a9:39af:9f2e:50d7,4,4,0.00,158.94,0.00,SJC
2606:4700:3000:9b92:228:6bf:4aa:dcb1,4,4,0.00,158.95,0.00,SJC
2606:4700:3008:f6:165a:517d:22cc:da84,4,4,0.00,158.95,0.00,SJC
2606:4700:e:77b9:6470:f1e1:6d9:814a,4,4,0.00,158.95,0.00,SJC
2606:4700:3003:13ee:888f:324c:3c1a:537a,4,4,0.00,158.95,0.00,SJC
2606:4700:130::6e13:82c3:1a0c,4,4,0.00,158.95,0.00,SJC
2606:4700:d:1d:2b:3f9f:8a3d:e323,4,4,0.00,158.95,0.00,SJC
2606:4700:a8:a6:d7a4:4ad:9926:c4f9,4,4,0.00,158.95,0.00,SJC
2606:4700:0:5c07:fa43:3be5:b50a:e301,4,4,0.00,158.95,0.00,SJC
2a06:98c1:58:74:672:69ca:2f28:7561,4,4,0.00,158.96,0.00,SJC
2606:4700:a1::7dcb,4,4,0.00,158.96,0.00,SJC
2606:4700:a:e4:c21a:88f3:6d13:5e54,4,4,0.00,158.96,0.00,SJC
2606:4700:3004:cc58:f30b:4459:bd6c:5d1f,4,4,0.00,158.96,0.00,SJC
2606:4700:3006:9:6295:df8:6791:cd25,4,4,0.00,158.96,0.00,SJC
2606:4700:3006:7690:9d77:95e7:9985:db13,4,4,0.00,158.96,0.00,SJC
2606:4700:3006:760f:ac82:f5c3:a032:9b0d,4,4,0.00,158.96,0.00,SJC
2606:4700:d:1d:1eaf:3b0d:5f0a:3bda,4,4,0.00,158.96,0.00,SJC
2606:4700:3005:376f:586:9ab:e62f:1c82,4,4,0.00,158.97,0.00,SJC
2606:4700:b:da58:7463:19ad:dd04:72a8,4,4,0.00,158.97,0.00,SJC
2606:4700:c:cefc:6378:ca7a:5eb8:cad,4,4,0.00,158.97,0.00,SJC
2606:4700:b:0:ac:5a7e:6644:5b41,4,4,0.00,158.97,0.00,SJC
2606:4700:3009:5a:295d:98b3:ace0:f74f,4,4,0.00,158.97,0.00,SJC
2606:4700:3009:93b3:21a2:a7d0:53df:f2f,4,4,0.00,158.97,0.00,SJC
2606:4700:c:0:efda:a4a4:f8ba:8eb2,4,4,0.00,158.97,0.00,SJC
2606:4700:c:3c32:80e0:d2b8:fedf:6177,4,4,0.00,158.97,0.00,SJC
2606:4700:3009:0:fd46:689:e211:4e18,4,4,0.00,158.97,0.00,SJC
2606:4700:3006:7690:9d64:c8ee:4cdc:a801,4,4,0.00,158.97,0.00,SJC
2606:4700:3000:0:9368:90b3:4420:345a,4,4,0.00,158.97,0.00,SJC
2606:4700:3001:ef60:8be8:92ae:6972:4450,4,4,0.00,158.97,0.00,SJC
2606:4700:3002:fec3:8a0b:95e9:bb05:2ea5,4,4,0.00,158.97,0.00,SJC
2606:4700:3004::111d:9c48:b81b,4,4,0.00,158.98,0.00,SJC
2606:4700:b:0:ac:5ae6:49eb:87c9,4,4,0.00,158.98,0.00,SJC
2606:4700:d0:1473:a465:442b:32b2:2b22,4,4,0.00,158.98,0.00,SJC
2606:4700:3008:0:19:4ec9:74d3:6cd3,4,4,0.00,158.98,0.00,SJC
2606:4700:a9:fafc:ad81:a016:2ed6:2808,4,4,0.00,158.98,0.00,SJC
2606:4700:3004:5c:fa4b:1bae:a53b:2c47,4,4,0.00,158.98,0.00,SJC
2606:4700:3009:0:fd46:d18b:faa2:4783,4,4,0.00,158.98,0.00,SJC
2606:4700:a:4267:89f7:e5db:3b78:bd02,4,4,0.00,158.99,0.00,SJC
2606:4700:d0:0:d4:712f:2058:88d7,4,4,0.00,158.99,0.00,SJC
2606:4700:3001:ef60:ae3b:fb63:a81f:2602,4,4,0.00,158.99,0.00,SJC
2606:4700:b:e836:b718:9248:53cd:1383,4,4,0.00,158.99,0.00,SJC
2606:4700:a9:fa6e:5f28:9018:23d3:5c7,4,4,0.00,158.99,0.00,SJC
2a06:98c1:58:8bba:f594:15c:a008:b760,4,4,0.00,158.99,0.00,SJC
2606:4700:b:0:c559:dc58:e507:228,4,4,0.00,158.99,0.00,SJC
2606:4700:a:a05a:1cfc:6c3a:2424:b5a7,4,4,0.00,158.99,0.00,SJC
2a06:98c1:58:8bba:f594:15c:a0da:b4fb,4,4,0.00,159.00,0.00,SJC
2606:4700:3002:2a:ea4a:c911:57cf:dab3,4,4,0.00,159.00,0.00,SJC
2606:4700:c:5b:6b6c:9456:e78:6a4e,4,4,0.00,159.00,0.00,SJC
2606:4700:c:cefc:fea9:52c0:4f58:226a,4,4,0.00,159.00,0.00,SJC
2606:4700:a8:bbaf:7e7b:8d9b:2af:8735,4,4,0.00,159.00,0.00,SJC
2606:4700:a9:997c:e41a:8176:ae51:ce3b,4,4,0.00,159.00,0.00,SJC
2606:4700:a8:5e:1e2d:1550:d882:c701,4,4,0.00,159.00,0.00,SJC
2606:4700:0:7129:dec2:a54a:10ee:2f56,4,4,0.00,159.00,0.00,SJC
2606:4700:a1:d557:64a8:6a4d:f89f:8f19,4,4,0.00,159.01,0.00,SJC
2606:4700:0:5ce0:b334:b239:245b:c3c7,4,4,0.00,159.01,0.00,SJC
2606:4700:3006::432a:99da,4,4,0.00,159.01,0.00,SJC
2606:4700:3007:d3b6:ded9:af2a:441c:3777,4,4,0.00,159.01,0.00,SJC
2606:4700:3001:d4:2b4f:63db:83ac:5d01,4,4,0.00,159.01,0.00,SJC
2606:4700:d1:d9:5c61:dc43:bb07:3c6,4,4,0.00,159.01,0.00,SJC
2606:4700:130:f7:c302:3a11:91a3:eaf6,4,4,0.00,159.02,0.00,SJC
2606:4700:d1:d9:5851:43fb:a27:fd12,4,4,0.00,159.02,0.00,SJC
2606:4700:3009:93b3:e93d:23a6:1f84:6c7,4,4,0.00,159.02,0.00,SJC
2606:4700:3004:cc9f:ff19:4550:7e5d:ae10,4,4,0.00,159.02,0.00,SJC
2606:4700:c:5b:6b79:caaf:cc08:689,4,4,0.00,159.02,0.00,SJC
2606:4700:3004:cc58:625f:b7ba:b712:f7b3,4,4,0.00,159.02,0.00,SJC
2606:4700:3000:0:2f:3294:3458:2893,4,4,0.00,159.02,0.00,SJC
2606:4700:e:0:32:e50b:8b36:d4fb,4,4,0.00,159.02,0.00,SJC
2606:4700:b:da58:7463:808:45b8:1577,4,4,0.00,159.02,0.00,SJC
2606:4700:3009:a8:69db:6c9c:1b8a:99d4,4,4,0.00,159.02,0.00,SJC
2606:4700:3009:93e7:dc06:8caf:c9d0:3e78,4,4,0.00,159.02,0.00,SJC
2a06:98c1:58:8b36:e49d:6a34:3f72:e2ed,4,4,0.00,159.02,0.00,SJC
2606:4700:3002:fec3:8a0b:727:bce1:51bc,4,4,0.00,159.02,0.00,SJC
2606:4700:b:0:c517:47d4:4f87:1f15,4,4,0.00,159.03,0.00,SJC
2606:4700:a1:d50b:6952:2d06:a16:4530,4,4,0.00,159.03,0.00,SJC
2606:4700:d0:56:7bd7:92bf:47a1:88d5,4,4,0.00,159.03,0.00,SJC
2606:4700:a9:fa7d:fd1f:5010:7849:bb1,4,4,0.00,159.03,0.00,SJC
2606:4700:a1:d50b:3f93:bbb7:784f:337f,4,4,0.00,159.03,0.00,SJC
2606:4700:3000:ac:707d:68f2:d530:94bb,4,4,0.00,159.03,0.00,SJC
2606:4700:d1:873a:734a:9d7:7689:7bf,4,4,0.00,159.04,0.00,SJC
2606:4700:e:4dd9:c96c:723f:ff6e:fbce,4,4,0.00,159.04,0.00,SJC
2606:4700:d0:56:e2d8:d029:f4ab:f725,4,4,0.00,159.04,0.00,SJC
2606:4700:3007:d3b6:ded9:af5d:e56f:9b38,4,4,0.00,159.04,0.00,SJC
2606:4700:3004::30e4:7faa,4,4,0.00,159.04,0.00,SJC
2606:4700:d1:0:15:6a53:f45f:99f9,4,4,0.00,159.04,0.00,SJC
2606:4700:0:d9cd:4012:a3b9:cafd:94b7,4,4,0.00,159.04,0.00,SJC
2606:4700:d1:fa26:5e38:6808:bb05:782d,4,4,0.00,159.04,0.00,SJC
2606:4700:f:8383:b1c7:915c:7a40:7d1f,4,4,0.00,159.04,0.00,SJC
2606:4700:b:da58:748e:20a:bb43:260c,4,4,0.00,159.04,0.00,SJC
2606:4700:0:5ce0:7210:9ba9:25eb:e67d,4,4,0.00,159.05,0.00,SJC
2606:4700:3001:0:54:ffdc:5e3a:d7e2,4,4,0.00,159.05,0.00,SJC
2606:4700:d0:56:e2d8:9a0:ea5b:d9ad,4,4,0.00,159.05,0.00,SJC
2a06:98c1:58:0:95bb:2931:58c2:2bc8,4,4,0.00,159.05,0.00,SJC
2606:4700:d1:fa26:12e5:894a:ac09:a2ad,4,4,0.00,159.05,0.00,SJC
2606:4700:a8:a6:7d2:6d3e:55df:9f5c,4,4,0.00,159.05,0.00,SJC
2606:4700:0:88:5419:7060:8b60:5626,4,4,0.00,159.05,0.00,SJC
2606:4700:3005:0:ce9a:e4f0:4283:ad57,4,4,0.00,159.05,0.00,SJC
2606:4700:f:8383:b1c7:91da:8a56:1db0,4,4,0.00,159.05,0.00,SJC
2606:4700:3008::97f7:323:3000,4,4,0.00,159.06,0.00,SJC
2606:4700:b:da58:748e:fbf1:83bd:278f,4,4,0.00,159.06,0.00,SJC
2606:4700:f:8383:71b:9a1b:4298:33a3,4,4,0.00,159.06,0.00,SJC
2606:4700:0:d923:c32a:5b68:e193:e8fc,4,4,0.00,159.06,0.00,SJC
2606:4700:a:c528:a50d:a698:a4bb:93ab,4,4,0.00,159.06,0.00,SJC
2606:4700:d0:14e8:19c3:f1bd:6650:2e5a,4,4,0.00,159.06,0.00,SJC
2606:4700:3003:1329:5892:c076:412a:c0c1,4,4,0.00,159.06,0.00,SJC
2606:4700:c:5b:6b6c:9456:c3dd:8b38,4,4,0.00,159.06,0.00,SJC
2606:4700:a9:fa6e:5f28:904e:e60b:ce8f,4,4,0.00,159.07,0.00,SJC
2606:4700:0:d923:4945:926c:e30e:ee86,4,4,0.00,159.07,0.00,SJC
2606:4700:3003:cd:2dd0:7235:33cc:522e,4,4,0.00,159.07,0.00,SJC
2606:4700:3003:cd:2dbc:2a30:1be7:fed4,4,4,0.00,159.07,0.00,SJC
2606:4700:3003:13ee:bf90:211:8d1d:808a,4,4,0.00,159.07,0.00,SJC
2606:4700:3009:93b3:21a2:a7e2:70a3:477e,4,4,0.00,159.07,0.00,SJC
2606:4700:3005:ca:3abc:b7fa:289e:7fde,4,4,0.00,159.07,0.00,SJC
2606:4700:0:7129:740d:b19a:1d33:41b1,4,4,0.00,159.07,0.00,SJC
2606:4700:3004:0:9b0c:1b03:8f47:9815,4,4,0.00,159.08,0.00,SJC
2606:4700:3005:0:d8e6:aaf3:bfdf:eb2b,4,4,0.00,159.08,0.00,SJC
2606:4700:a9:fa6e:5f28:e6d1:72a9:5b5d,4,4,0.00,159.08,0.00,SJC
2606:4700:3002::b1:38a9:5a52,4,4,0.00,159.08,0.00,SJC
2a06:98c1:58:8b10:e64:c93b:f2ba:79a,4,4,0.00,159.08,0.00,SJC
2606:4700:3000:9b92:23b:13b8:5b25:d3d3,4,4,0.00,159.08,0.00,SJC
2606:4700:c:3c32:80e0:d2b8:5d0f:7c78,4,4,0.00,159.08,0.00,SJC
2606:4700:3006:9:6295:df5e:4f0c:4e18,4,4,0.00,159.08,0.00,SJC
2606:4700:130:0:d00a:d1a0:6987:71f1,4,4,0.00,159.08,0.00,SJC
2606:4700:3006:9:6295:df5e:4faa:867d,4,4,0.00,159.09,0.00,SJC
2606:4700:3004:5c:9683:70c3:9ba7:fedb,4,4,0.00,159.09,0.00,SJC
2606:4700:0:5ce0:7210:3dbd:1696:68d8,4,4,0.00,159.09,0.00,SJC
2a06:98c1:58:8b10:e64:c93b:db1b:3a88,4,4,0.00,159.09,0.00,SJC
2606:4700:3009:0:f5:3cec:3d22:da69,4,4,0.00,159.09,0.00,SJC
2606:4700:a::acbe,4,4,0.00,159.09,0.00,SJC
2606:4700:a:0:8a:af2d:961c:941,4,4,0.00,159.09,0.00,SJC
2606:4700:3004:5c:fa4b:1bae:31d5:294c,4,4,0.00,159.09,0.00,SJC
2a06:98c1:58:8b10:f62b:cd91:525c:c214,4,4,0.00,159.09,0.00,SJC
2606:4700:a9:fafc:ad12:6c36:dd77:a670,4,4,0.00,159.10,0.00,SJC
2606:4700:3001:ef60:ae3b:fbfb:f54b:4c36,4,4,0.00,159.10,0.00,SJC
2606:4700:3001:ef60:ae3b:fbd3:f300:8ce,4,4,0.00,159.10,0.00,SJC
2606:4700:d1:873a:acf7:c128:570c:dd85,4,4,0.00,159.10,0.00,SJC
2606:4700::ea25:9a94:3b4b:efe4,4,4,0.00,159.10,0.00,SJC
2606:4700:3005:0:d8e6:aa3d:984d:c103,4,4,0.00,159.10,0.00,SJC
2606:4700:b:e836:b756:2587:5323:60ce,4,4,0.00,159.10,0.00,SJC
2606:4700:3009:a8:115a:7431:98e0:2e0a,4,4,0.00,159.11,0.00,SJC
2606:4700:3001:d4:2b4f:635d:5543:f5de,4,4,0.00,159.11,0.00,SJC
2606:4700:3006:7690:9d77:c6be:a320:8525,4,4,0.00,159.11,0.00,SJC
2606:4700:3003:cd:9afd:3485:4420:d0f3,4,4,0.00,159.11,0.00,SJC
2606:4700:d0:1403:f179:e362:4018:5a33,4,4,0.00,159.11,0.00,SJC
2a06:98c1:58:8bba:f594:15c:1444:9be3,4,4,0.00,159.11,0.00,SJC
2606:4700:a8:5e:1ec4:2d9d:7396:3469,4,4,0.00,159.11,0.00,SJC
2606:4700:3006:7690:9d77:b67b:7c57:2eef,4,4,0.00,159.11,0.00,SJC
2606:4700:3005:0:ce9a:1e51:24cb:a366,4,4,0.00,159.11,0.00,SJC
2606:4700:3005:376f:e7f4:b99:114b:4ef7,4,4,0.00,159.11,0.00,SJC
2606:4700:d:f7:24c4:2bc2:9ea8:6148,4,4,0.00,159.11,0.00,SJC
2606:4700:a8:bb96:e6e2:b16f:1919:2a54,4,4,0.00,159.11,0.00,SJC
2606:4700:3001:bb:70f1:a064:8889:8a46,4,4,0.00,159.11,0.00,SJC
2a06:98c1:58:0:9502:2f22:9240:aff9,4,4,0.00,159.12,0.00,SJC
2606:4700::eab7:f9ef:2084:f01e,4,4,0.00,159.12,0.00,SJC
2606:4700:a1:0:c9:729d:3f90:e901,4,4,0.00,159.12,0.00,SJC
2606:4700:c:3cae:393d:890d:313d:6953,4,4,0.00,159.12,0.00,SJC
2606:4700:3002:2a:ea2a:d2a1:a7f7:1e07,4,4,0.00,159.12,0.00,SJC
2606:4700:130:0:d0cd:d4ed:a977:6c8e,4,4,0.00,159.12,0.00,SJC
2606:4700:a1:74:ae78:3017:34f4:7d50,4,4,0.00,159.12,0.00,SJC
2606:4700:a9:fa6e:5617:cf1a:b179:f2df,4,4,0.00,159.13,0.00,SJC
2a06:98c1:58:8bba:24ce:2d43:f433:d664,4,4,0.00,159.13,0.00,SJC
2606:4700:3003:cd:2dbc:b6f3:c987:4213,4,4,0.00,159.13,0.00,SJC
2a06:98c1:58:8b36:e49d:3179:23bd:b0bd,4,4,0.00,159.14,0.00,SJC
2606:4700:3001:ef60:ae3b:fbfb:221c:f4da,4,4,0.00,159.14,0.00,SJC
2606:4700:3000:0:2f:a517:5b32:e687,4,4,0.00,159.14,0.00,SJC
2606:4700:130:f7:3221:df5b:20bd:857f,4,4,0.00,159.14,0.00,SJC
2606:4700:d0:56:7be4:933b:1f4c:b439,4,4,0.00,159.14,0.00,SJC
2606:4700:d:1d:8ea4:4848:3270:d79b,4,4,0.00,159.14,0.00,SJC
2606:4700:3008:71f2:18a4:567e:e83b:3476,4,4,0.00,159.14,0.00,SJC
2606:4700:3009:a8:691d:248:5d0d:7fed,4,4,0.00,159.14,0.00,SJC
2606:4700:3009:0:8251:a540:c3ad:d098,4,4,0.00,159.15,0.00,SJC
2606:4700:b:a9:90d6:3b8d:b92f:cfb8,4,4,0.00,159.15,0.00,SJC
2606:4700:a1::92:3b9b:506b,4,4,0.00,159.15,0.00,SJC
2606:4700:d0:1403:fbac:43b0:92ce:f6e0,4,4,0.00,159.15,0.00,SJC
2606:4700:b:da58:7463:8a8:7484:85d1,4,4,0.00,159.15,0.00,SJC
2606:4700:d0:1473:4e02:f4c:a092:75e,4,4,0.00,159.15,0.00,SJC
2606:4700:3004::1189:426e:c82b,4,4,0.00,159.15,0.00,SJC
2606:4700:e:77be:8649:f126:2283:29eb,4,4,0.00,159.15,0.00,SJC
2606:4700:3007::fd:3907:d85,4,4,0.00,159.16,0.00,SJC
2606:4700:3009:93e7:dc06:a8e1:7586:3eda,4,4,0.00,159.16,0.00,SJC
2606:4700:a:4267:89cd:f334:846:e5f9,4,4,0.00,159.16,0.00,SJC
2606:4700:a8:a6:d744:8a5:b9d6:7b78,4,4,0.00,159.16,0.00,SJC
2606:4700:3001:d4:673f:c275:863e:bfc3,4,4,0.00,159.16,0.00,SJC
2606:4700:d0:56:e2d8:d0bf:d8a4:3594,4,4,0.00,159.16,0.00,SJC
2606:4700:3001:ef60:8b30:b56a:b4d8:df15,4,4,0.00,159.16,0.00,SJC
2606:4700:d0::41:689d,4,4,0.00,159.16,0.00,SJC
2606:4700:3004:cc58:6209:53f4:948b:5b10,4,4,0.00,159.17,0.00,SJC
2606:4700:3007:0:9ca7:6db2:835e:8102,4,4,0.00,159.17,0.00,SJC
2606:4700:3009:0:8251:c69e:5c3b:2f03,4,4,0.00,159.17,0.00,SJC
2606:4700:3005:ca:3a69:15b6:7b01:31a0,4,4,0.00,159.17,0.00,SJC
2606:4700:3005:376f:e7f4:f145:888a:1d2d,4,4,0.00,159.17,0.00,SJC
2606:4700:130:9acb:7b5c:7b29:52d7:da1,4,4,0.00,159.17,0.00,SJC
2606:4700:d1:873a:fba0:eb62:a32f:df65,4,4,0.00,159.17,0.00,SJC
2606:4700:130:0:36:b685:dfe6:11f4,4,4,0.00,159.18,0.00,SJC
2a06:98c1:58:8b36:e49d:311b:2f55:8527,4,4,0.00,159.18,0.00,SJC
2606:4700:3008:71f2:8151:b883:5908:6e0,4,4,0.00,159.18,0.00,SJC
2606:4700:d1::fa2b:47b0:5594,4,4,0.00,159.18,0.00,SJC
2606:4700:3003:1329:584c:b526:2609:2d79,4,4,0.00,159.18,0.00,SJC
2606:4700:b::6e5b:7c32:769a,4,4,0.00,159.18,0.00,SJC
2606:4700:3003:cd:2d98:175:1585:2c5b,4,4,0.00,159.18,0.00,SJC
2606:4700:3006::e990:156b,4,4,0.00,159.19,0.00,SJC
2606:4700:c:3c32:80e0:3b41:5b2b:f087,4,4,0.00,159.19,0.00,SJC
2606:4700:0:d923:c32a:a06d:944:b0d,4,4,0.00,159.19,0.00,SJC
2606:4700:d0:14e8:6e5b:e7a2:7696:b79c,4,4,0.00,159.19,0.00,SJC
2606:4700:a8:a6:7a7:d966:6578:1bca,4,4,0.00,159.19,0.00,SJC
2606:4700:3008:71f2:18a4:415f:4da5:e3c3,4,4,0.00,159.19,0.00,SJC
2606:4700:a1:74:5289:694e:49b4:c31d,4,4,0.00,159.19,0.00,SJC
2606:4700:3009:a8:69db:12d0:b441:6e4d,4,4,0.00,159.20,0.00,SJC
2606:4700:3009::b5:8d5b:ca18,4,4,0.00,159.20,0.00,SJC
2606:4700:0:7129:dec2:157f:29ac:8d0a,4,4,0.00,159.20,0.00,SJC
2606:4700:d0:1403:7c10:87a7:273d:40f8,4,4,0.00,159.20,0.00,SJC
2606:4700:a8:a6:d7a4:4ad:99f4:7b59,4,4,0.00,159.20,0.00,SJC
2606:4700:3003::9add:7bd8:f7c,4,4,0.00,159.20,0.00,SJC
2606:4700:a9:fafc:ad81:a0ac:5afe:5d3d,4,4,0.00,159.20,0.00,SJC
2606:4700:3005:376f:e753:15e:e890:4f65,4,4,0.00,159.20,0.00,SJC
2606:4700:3005:ca:2c89:2fc1:fe06:62ed,4,4,0.00,159.20,0.00,SJC
2606:4700:a9:cf:ab0:6819:b2fe:224b,4,4,0.00,159.20,0.00,SJC
2606:4700:3003:13ee:bf90:6518:84ac:e919,4,4,0.00,159.21,0.00,SJC
2606:4700:c::d210:7143:be17,4,4,0.00,159.21,0.00,SJC
2606:4700:3009:0:fd46:659:71ff:17ee,4,4,0.00,159.22,0.00,SJC
2606:4700:d1:d9:588b:a6b7:f0de:dd9f,4,4,0.00,159.22,0.00,SJC
2606:4700:d0:14e8:6e39:86bb:d169:9621,4,4,0.00,159.22,0.00,SJC
2606:4700:c:0:efda:a4a4:1ddd:be48,4,4,0.00,159.22,0.00,SJC
2606:4700:a::f483:2e40:5132,4,4,0.00,159.22,0.00,SJC
2606:4700:3009:b966:9056:c80c:6b92:6b8a,4,4,0.00,159.23,0.00,SJC
2606:4700:3003:13ee:bf90:4ebb:3dd6:fccd,4,4,0.00,159.23,0.00,SJC
2606:4700:3004:5c:fa4b:1be4:f275:cfe4,4,4,0.00,159.23,0.00,SJC
2606:4700:f:8383:b180:7531:2bea:3cdc,4,4,0.00,159.23,0.00,SJC
2606:4700:3000:9b92:23b:13dc:4e91:4a7c,4,4,0.00,159.23,0.00,SJC
2606:4700:3007:d4:158c:b2a9:2fb6:12b7,4,4,0.00,159.23,0.00,SJC
2606:4700:130:f7:c302:3a96:ccd9:5f50,4,4,0.00,159.24,0.00,SJC
2a06:98c1:58:0:95bb:29ff:47de:232f,4,4,0.00,159.24,0.00,SJC
2606:4700:a9:fa6e:5f28:904e:e6f2:fb09,4,4,0.00,159.24,0.00,SJC
2a06:98c1:58:0:ba4:426b:a65d:df82,4,4,0.00,159.24,0.00,SJC
2606:4700:3002:fec3:8a0b:95e9:3407:48dd,4,4,0.00,159.24,0.00,SJC
2606:4700:d1:fa26:12d6:d6fc:b2ce:1aba,4,4,0.00,159.24,0.00,SJC
2606:4700:3005:376f:1cd2:8196:4fae:d106,4,4,0.00,159.24,0.00,SJC
2606:4700:3002::10:f8b4:978e,4,4,0.00,159.24,0.00,SJC
2606:4700:c:cefc:6378:2412:ca05:7055,4,4,0.00,159.24,0.00,SJC
2606:4700:3001:d4:673f:c219:db47:157d,4,4,0.00,159.25,0.00,SJC
2a06:98c1:58:0:9502:2f03:9c0e:9102,4,4,0.00,159.25,0.00,SJC
2606:4700:f:bd2f:97c5:f1ed:9f45:547,4,4,0.00,159.25,0.00,SJC
2606:4700:d:1d:84:42a7:4c75:b6c,4,4,0.00,159.25,0.00,SJC
2606:4700:3000:0:9349:24e4:681e:7414,4,4,0.00,159.25,0.00,SJC
2606:4700:3003:cd:2dd0:8fbf:7ff3:a133,4,4,0.00,159.25,0.00,SJC
2606:4700:3001:d4:679f:b48a:3e5:3379,4,4,0.00,159.26,0.00,SJC
2606:4700:c:3cae:c0c7:4b30:5fb3:bd2,4,4,0.00,159.26,0.00,SJC
2606:4700:d0:56:7bd7:937:20e3:5aa0,4,4,0.00,159.26,0.00,SJC
2a06:98c1:58:74:672:69ca:c72f:7a60,4,4,0.00,159.26,0.00,SJC
2606:4700:0:5ce0:d3b3:4613:4f7a:a7dc,4,4,0.00,159.26,0.00,SJC
2606:4700:d:0:8c:90ed:e447:1d4c,4,4,0.00,159.26,0.00,SJC
2a06:98c1:58:8b10:f6ff:1bc2:c7bc:9dc0,4,4,0.00,159.26,0.00,SJC
2606:4700:0:d923:495c:6690:3c66:28c2,4,4,0.00,159.27,0.00,SJC
2606:4700:c:5b:58cf:a9a9:653c:73a2,4,4,0.00,159.27,0.00,SJC
2606:4700:0:88:5419:7060:d5c0:a37,4,4,0.00,159.27,0.00,SJC
2606:4700:3003:cd:9ae7:353b:5b74:a6bf,4,4,0.00,159.27,0.00,SJC
2606:4700:0:88:54cc:ded6:44ee:4ec0,4,4,0.00,159.27,0.00,SJC
2606:4700:c:3c32:80d1:7a6f:e1ca:e604,4,4,0.00,159.27,0.00,SJC
2606:4700:a1:d50b:6952:d41a:f81a:7d75,4,4,0.00,159.27,0.00,SJC
2606:4700:d0:0:e0a9:39af:9f84:d76d,4,4,0.00,159.27,0.00,SJC
2606:4700:d1:8795:5093:d6ef:eaae:b835,4,4,0.00,159.28,0.00,SJC
2606:4700:3003:1329:5892:c076:c3b6:e3db,4,4,0.00,159.28,0.00,SJC
2606:4700:c:cefc:6378:2412:ca80:f9c0,4,4,0.00,159.28,0.00,SJC
2606:4700:e:0:5ce3:64f1:db:d9d4,4,4,0.00,159.28,0.00,SJC
2606:4700:3001:0:54:ffff:1308:5962,4,4,0.00,159.28,0.00,SJC
2606:4700:a9:fa7d:5bf0:20aa:59f0:92f4,4,4,0.00,159.28,0.00,SJC
2606:4700:3001:0:5bf3:ec91:7bf:64ad,4,4,0.00,159.28,0.00,SJC
2606:4700:3009:5a:295d:980d:ddf8:f4d6,4,4,0.00,159.28,0.00,SJC
2606:4700:e:4d05:a946:b27f:cb6:2308,4,4,0.00,159.28,0.00,SJC
2606:4700:3003:1329:5892:47e0:8c95:877f,4,4,0.00,159.28,0.00,SJC
2606:4700:c:0:83:5bdc:545:76a7,4,4,0.00,159.29,0.00,SJC
2606:4700:a8:bbaf:e562:7007:6ac3:9ade,4,4,0.00,159.29,0.00,SJC
2606:4700:e:4df4:b402:43d5:24e6:e252,4,4,0.00,159.29,0.00,SJC
2606:4700:d0:0:d4:7152:4e6c:a971,4,4,0.00,159.29,0.00,SJC
2606:4700:a8:0:a64f:613a:f273:a83e,4,4,0.00,159.29,0.00,SJC
2606:4700:3004:aca6:a302:b5f0:f316:328c,4,4,0.00,159.30,0.00,SJC
2606:4700:3009:a8:69bb:4316:3058:8c7,4,4,0.00,159.30,0.00,SJC
2606:4700:3006:7690:9d64:c869:d37d:b329,4,4,0.00,159.30,0.00,SJC
2606:4700:a8:a6:7d3:406f:aef0:9888,4,4,0.00,159.30,0.00,SJC
2606:4700:3008:f6:1fd4:bdf0:dd35:6dec,4,4,0.00,159.30,0.00,SJC
2606:4700:d1:d9:6234:bec3:a650:24c6,4,4,0.00,159.30,0.00,SJC
2606:4700:0:5ce0:b3d1:1d02:eae5:d53e,4,4,0.00,159.31,0.00,SJC
2606:4700:a1:74:ae78:302a:5fd1:70f4,4,4,0.00,159.31,0.00,SJC
2606:4700:f:8f:855a:7392:d5ed:1b04,4,4,0.00,159.31,0.00,SJC
2a06:98c1:58::6e68,4,4,0.00,159.31,0.00,SJC
2606:4700:3009::b5:7cc8:a451,4,4,0.00,159.31,0.00,SJC
2606:4700:3003:1329:5892:a089:271f:7faf,4,4,0.00,159.31,0.00,SJC
2606:4700:d1:d9:6234:bec3:a663:a2a,4,4,0.00,159.31,0.00,SJC
2606:4700:d:f7:245f:3041:bcd2:c10f,4,4,0.00,159.31,0.00,SJC
2a06:98c1:58:0:95bb:29ff:4741:2de9,4,4,0.00,159.32,0.00,SJC
2a06:98c1:58:0:ea:9e3b:e2e:433d,4,4,0.00,159.32,0.00,SJC
2606:4700:c:ce40:8c55:d2ef:260d:1cf9,4,4,0.00,159.32,0.00,SJC
2606:4700:b:0:c559:1a2d:cb68:ddca,4,4,0.00,159.32,0.00,SJC
2606:4700:a:c528:a50d:a698:a473:aa9a,4,4,0.00,159.32,0.00,SJC
2606:4700:e:21:309f:3e2e:323e:acc1,4,4,0.00,159.32,0.00,SJC
2606:4700:0:88:5448:c29e:37ff:cc13,4,4,0.00,159.32,0.00,SJC
2606:4700:3006:9:62ca:93e2:7515:7d65,4,4,0.00,159.32,0.00,SJC
2606:4700:3005:ca:2cba:6938:969b:b113,4,4,0.00,159.33,0.00,SJC
2a06:98c1:58:8bba:f594:15c:1b4c:d9e,4,4,0.00,159.33,0.00,SJC
2606:4700:a::ce:1a85:a6d1,4,4,0.00,159.33,0.00,SJC
2606:4700:3009:93e7:dc06:a80c:cb3f:7db0,4,4,0.00,159.33,0.00,SJC
2606:4700:b:0:c559:1a2d:2b33:c585,4,4,0.00,159.33,0.00,SJC
2606:4700:130:0:59a5:2b06:6a14:7cc0,4,4,0.00,159.33,0.00,SJC
2606:4700:d1:fa26:127e:282e:5cf0:2740,4,4,0.00,159.33,0.00,SJC
2606:4700:d:1936:d562:f108:f5ca:95e2,4,4,0.00,159.33,0.00,SJC
2606:4700:a:e4:c21a:88f5:4636:5aa7,4,4,0.00,159.34,0.00,SJC
2606:4700:f:0:5d40:21f3:f569:87cf,4,4,0.00,159.34,0.00,SJC
2606:4700:c::af1:408d,4,4,0.00,159.34,0.00,SJC
2606:4700:3005::8c38:4e2c:a2db,4,4,0.00,159.34,0.00,SJC
2606:4700:3007::a518:26b8,4,4,0.00,159.34,0.00,SJC
2606:4700:a8:a6:7e3:f7ab:ae46:5b86,4,4,0.00,159.34,0.00,SJC
2606:4700:a8:bbaf:2064:5535:514f:269e,4,4,0.00,159.35,0.00,SJC
2606:4700:f:8383:b180:4474:4878:d7e,4,4,0.00,159.35,0.00,SJC
2606:4700:3001:d4:678e:baf9:8ec5:c675,4,4,0.00,159.35,0.00,SJC
2606:4700:3002:2a:ea2a:d233:de49:da5b,4,4,0.00,159.35,0.00,SJC
2606:4700:f:8f:8573:30dd:daf3:bf2f,4,4,0.00,159.35,0.00,SJC
2606:4700:3006:0:ea19:1404:cd89:65ee,4,4,0.00,159.35,0.00,SJC
2606:4700:d:1936:d562:26f:ff94:8701,4,4,0.00,159.35,0.00,SJC
2606:4700:f:0:f6d0:8a8d:df5f:4867,4,4,0.00,159.35,0.00,SJC
2606:4700:a:8:6d4:1912:7b28:d453,4,4,0.00,159.35,0.00,SJC
2606:4700:d:1936:d562:272:cc55:5762,4,4,0.00,159.35,0.00,SJC
2606:4700:130::b967:8c5e,4,4,0.00,159.36,0.00,SJC
2606:4700:3006:9:6295:dffb:2316:90bd,4,4,0.00,159.36,0.00,SJC
2606:4700:3005:376f:e7f4:b050:675e:6119,4,4,0.00,159.36,0.00,SJC
2606:4700:3007:0:c2:b1e6:3184:ea06,4,4,0.00,159.36,0.00,SJC
2606:4700:3005:ca:3a69:6ef9:c017:c7a4,4,4,0.00,159.36,0.00,SJC
2606:4700:c:ce56:4138:9d79:2cef:c820,4,4,0.00,159.36,0.00,SJC
2606:4700:3006:0:f7:387b:e017:7868,4,4,0.00,159.36,0.00,SJC
2606:4700:0:d923:c357:d517:ff16:c521,4,4,0.00,159.37,0.00,SJC
2606:4700:3001:ef60:ae3b:d16e:7aef:f180,4,4,0.00,159.37,0.00,SJC
2606:4700:b::93a2:6bac:e48,4,4,0.00,159.37,0.00,SJC
2606:4700:a9:fa6e:5f28:e6d1:7201:3616,4,4,0.00,159.37,0.00,SJC
2606:4700:a:e4:185c:df16:862d:a2c7,4,4,0.00,159.37,0.00,SJC
2606:4700:a:c528:a558:69d3:c327:42a3,4,4,0.00,159.37,0.00,SJC
2606:4700:b:0:c559:dcff:afe2:5a6c,4,4,0.00,159.37,0.00,SJC
2606:4700:c:3cae:39f6:d610:d71d:6990,4,4,0.00,159.37,0.00,SJC
2606:4700:d0:1403:f10e:8c57:2898:7ef,4,4,0.00,159.37,0.00,SJC
2606:4700:3003:13ee:888f:95e2:e490:731c,4,4,0.00,159.37,0.00,SJC
2606:4700:d1:fa76:a44d:2960:6943:8273,4,4,0.00,159.37,0.00,SJC
2606:4700:130:0:d00a:d1a0:4790:e850,4,4,0.00,159.38,0.00,SJC
2606:4700:3006:0:f4:3f86:cc27:9cb8,4,4,0.00,159.38,0.00,SJC
2606:4700:d1:8795:5072:283b:2fc7:cc40,4,4,0.00,159.38,0.00,SJC
2606:4700:a1:d557:6494:d259:e329:cb88,4,4,0.00,159.38,0.00,SJC
2606:4700:3009::ec:c671:d6a9,4,4,0.00,159.38,0.00,SJC
2606:4700:3008:0:a5:8bd3:cb86:7f9b,4,4,0.00,159.39,0.00,SJC
2606:4700:3006:760f:ac82:22a4:8777:ef0,4,4,0.00,159.39,0.00,SJC
2606:4700:0:88:5419:c7b3:15f2:a,4,4,0.00,159.39,0.00,SJC
2606:4700:0:d923:4945:19bb:2ec6:cb25,4,4,0.00,159.39,0.00,SJC
2606:4700:d:1d:1e07:c98:9f46:e4f8,4,4,0.00,159.39,0.00,SJC
2606:4700:f:0:5d40:21f3:ac:ec15,4,4,0.00,159.40,0.00,SJC
2606:4700:3000:ac:7538:3c16:f1f7:4b13,4,4,0.00,159.40,0.00,SJC
2606:4700:3005:376f:1c48:3bc2:19c:17e0,4,4,0.00,159.40,0.00,SJC
2606:4700:130:0:afc8:47b5:88c1:c70e,4,4,0.00,159.41,0.00,SJC
2606:4700:a:e4:4c2f:bd2f:5a45:8c41,4,4,0.00,159.41,0.00,SJC
2606:4700:3001:bb:70f1:a041:814a:1a1e,4,4,0.00,159.41,0.00,SJC
2606:4700:3001:0:5bf3:ec91:7bb:9a13,4,4,0.00,159.41,0.00,SJC
2606:4700:e:0:5c81:7497:6f0e:df70,4,4,0.00,159.41,0.00,SJC
2606:4700:e:21:309f:3e95:136b:cbe2,4,4,0.00,159.41,0.00,SJC
2606:4700:130:0:afc8:3e6c:71f8:c1c1,4,4,0.00,159.42,0.00,SJC
2606:4700:130:0:59a5:2b8f:88e:b1b6,4,4,0.00,159.42,0.00,SJC
2606:4700:a:8:f27f:446:b5b2:c9f9,4,4,0.00,159.42,0.00,SJC
2606:4700:3008:0:b5da:4dd3:ccfe:91f3,4,4,0.00,159.42,0.00,SJC
2606:4700:3003:cd:9a7c:6db0:dd40:5e4,4,4,0.00,159.42,0.00,SJC
2606:4700:a1:d50b:3f59:cd98:c0f:3c5a,4,4,0.00,159.42,0.00,SJC
2606:4700:3001:d4:678e:6290:589a:f5df,4,4,0.00,159.42,0.00,SJC
2606:4700:3001:d4:673f:2d42:a2f9:29ad,4,4,0.00,159.42,0.00,SJC
2606:4700:a:e4:185c:df16:86b9:bfa8,4,4,0.00,159.42,0.00,SJC
2606:4700:e:77b9:6470:350:5897:f932,4,4,0.00,159.43,0.00,SJC
2606:4700:3004:5c:9683:7ffb:a690:1a6b,4,4,0.00,159.43,0.00,SJC
2606:4700:3003:0:e484:3655:611b:7bb9,4,4,0.00,159.43,0.00,SJC
2606:4700:3003:cd:2d98:a65a:c13d:d573,4,4,0.00,159.43,0.00,SJC
2606:4700:e:b3:5fb9:9108:f1a5:9f,4,4,0.00,159.43,0.00,SJC
2606:4700:e:4d05:a946:b27f:a300:cb09,4,4,0.00,159.43,0.00,SJC
2606:4700:a9:cf:a07:1108:8fc1:bee6,4,4,0.00,159.43,0.00,SJC
2a06:98c1:58:8b36:8b03:cb1a:fd11:61a5,4,4,0.00,159.43,0.00,SJC
2606:4700:0:88:54cc:ded7:2f7d:bc9c,4,4,0.00,159.43,0.00,SJC
2606:4700:3009:0:8251:c69e:5cad:64e2,4,4,0.00,159.43,0.00,SJC
2606:4700:0:5c07:fa3e:6b27:319d:23f5,4,4,0.00,159.43,0.00,SJC
2606:4700:a1:d5be:a581:1ce8:7c97:f0f0,4,4,0.00,159.43,0.00,SJC
2606:4700:3005:ca:3abc:b7fa:2871:6f75,4,4,0.00,159.44,0.00,SJC
2606:4700:b:da58:c78:70b8:394e:d988,4,4,0.00,159.44,0.00,SJC
2606:4700:3004:aca6:a302:b5f0:bc73:3789,4,4,0.00,159.44,0.00,SJC
2606:4700:e:4d05:a946:46ca:e391:1313,4,4,0.00,159.44,0.00,SJC
2606:4700:3001:efe8:1b5b:7d55:3fd3:c544,4,4,0.00,159.44,0.00,SJC
2606:4700:3001:ef60:8b30:b5b3:9f9b:28b,4,4,0.00,159.44,0.00,SJC
2606:4700:3005:ca:2c89:2fc1:fe99:45cf,4,4,0.00,159.44,0.00,SJC
2606:4700:3008:71f2:810d:938d:ed25:fb1c,4,4,0.00,159.44,0.00,SJC
2606:4700:3005::a92c:4c5:84a,4,4,0.00,159.45,0.00,SJC
2606:4700:3005:0:d8e6:aa89:87ba:7e72,4,4,0.00,159.45,0.00,SJC
2606:4700:3001:efe8:1b5b:d5d9:a370:29a6,4,4,0.00,159.45,0.00,SJC
2606:4700:a1:d50b:6952:d41a:adb4:c9ce,4,4,0.00,159.45,0.00,SJC
2606:4700:3005:0:f9:e838:7093:85c4,4,4,0.00,159.46,0.00,SJC
2606:4700:3002::b1:38e6:c8ab,4,4,0.00,159.46,0.00,SJC
2606:4700:3008::23bf,4,4,0.00,159.46,0.00,SJC
2606:4700:f:0:5d40:a3ad:ac06:4ba,4,4,0.00,159.46,0.00,SJC
2606:4700:3005:376f:1cd2:fb70:8e15:7a6f,4,4,0.00,159.46,0.00,SJC
2606:4700:3007:0:853a:ba79:4ee1:d67c,4,4,0.00,159.46,0.00,SJC
2606:4700:a1:d557:df4f:337b:88d3:9422,4,4,0.00,159.46,0.00,SJC
2606:4700:3003:1329:5892:47e0:8c44:4fd3,4,4,0.00,159.46,0.00,SJC
2606:4700:a9:0:e3:932b:9918:46c1,4,4,0.00,159.46,0.00,SJC
2606:4700:e:0:5ce3:f55d:6943:b9fa,4,4,0.00,159.46,0.00,SJC
2606:4700:c:3cae:2db1:2bb:6ea6:7283,4,4,0.00,159.47,0.00,SJC
2606:4700:3008:71f2:184a:4d43:f6c9:43b9,4,4,0.00,159.47,0.00,SJC
2a06:98c1:58:8b10:e64:c994:8265:de70,4,4,0.00,159.47,0.00,SJC
2606:4700:a8:a6:7d2:6de2:bb6:7545,4,4,0.00,159.47,0.00,SJC
2606:4700:d:f7:245f:3099:75d8:7f66,4,4,0.00,159.47,0.00,SJC
2606:4700:c:cefc:6378:ca7a:325:e511,4,4,0.00,159.47,0.00,SJC
2606:4700:e:77be:86dd:4fc2:54d0:b1dc,4,4,0.00,159.47,0.00,SJC
2a06:98c1:58:8b36:e49d:6a34:da84:3805,4,4,0.00,159.47,0.00,SJC
2606:4700:c:cefc:6378:f2ae:7b3c:6470,4,4,0.00,159.47,0.00,SJC
2606:4700:a:e4:185c:df16:ba5b:1b1e,4,4,0.00,159.48,0.00,SJC
2606:4700:d:f7:245f:3041:4e9f:d58,4,4,0.00,159.48,0.00,SJC
2606:4700:d0:9941:35ae:192d:da19:3a91,4,4,0.00,159.48,0.00,SJC
2606:4700:0:d923:49e4:5b4e:24e9:e2c7,4,4,0.00,159.48,0.00,SJC
2606:4700:a8:a6:7d3:4005:61b7:79c,4,4,0.00,159.48,0.00,SJC
2606:4700:3003:1329:f1a:1df0:330e:fee8,4,4,0.00,159.48,0.00,SJC
2606:4700:e:77b9:6470:f124:88ef:d59e,4,4,0.00,159.48,0.00,SJC
2606:4700:a:c528:a558:6cd8:396f:9836,4,4,0.00,159.48,0.00,SJC
2606:4700:0:7129:de00:a2e8:1ce1:9ea5,4,4,0.00,159.48,0.00,SJC
2606:4700:a9:0:be3c:ab88:94a2:c11a,4,4,0.00,159.48,0.00,SJC
2606:4700:130:0:36:3758:b9be:8500,4,4,0.00,159.49,0.00,SJC
2606:4700:d:0:8c:90ed:e495:317d,4,4,0.00,159.49,0.00,SJC
2606:4700:3001::6ea1:f98b:d54e,4,4,0.00,159.49,0.00,SJC
2606:4700:d1:873a:73cd:d3fd:ad44:d388,4,4,0.00,159.49,0.00,SJC
2606:4700:f:0:f601:6108:fd37:3f45,4,4,0.00,159.49,0.00,SJC
2606:4700:0:d9cd:40c3:42fc:f8da:3abe,4,4,0.00,159.49,0.00,SJC
2606:4700:f:bd2f:97c5:f12c:924:b459,4,4,0.00,159.49,0.00,SJC
2606:4700:3000:ac:707d:688f:bd8a:455,4,4,0.00,159.50,0.00,SJC
2606:4700:d:1936:847b:23c6:a76a:ad0f,4,4,0.00,159.50,0.00,SJC
2606:4700:d0:14e8:6e5b:e70d:7606:5ee2,4,4,0.00,159.50,0.00,SJC
2606:4700:3002:2a:ea92:97ab:c5b7:57d1,4,4,0.00,159.50,0.00,SJC
2606:4700:3009:b966:7969:e9be:3d57:3b18,4,4,0.00,159.50,0.00,SJC
2606:4700:c:5b:6b79:ca0b:2dbb:149c,4,4,0.00,159.50,0.00,SJC
2606:4700:a8:bbaf:2067:4910:dce5:147d,4,4,0.00,159.50,0.00,SJC
2a06:98c1:58:cb:e0a1:5f7:5018:bc65,4,4,0.00,159.51,0.00,SJC
2606:4700:3007::2f70:97cb:d2c5,4,4,0.00,159.51,0.00,SJC
2606:4700:d1:873a:734a:964:8912:8c64,4,4,0.00,159.51,0.00,SJC
2606:4700:3000:9b92:23b:13dc:acce:c68e,4,4,0.00,159.51,0.00,SJC
2606:4700:130:0:afc8:3e6c:b946:daa1,4,4,0.00,159.51,0.00,SJC
2606:4700:3001:efe8:9dd3:3c48:e03a:dfd6,4,4,0.00,159.51,0.00,SJC
2606:4700:a:e4:185c:f8bc:f585:4ebe,4,4,0.00,159.51,0.00,SJC
2606:4700:f:0:5d40:21f3:313c:d8c1,4,4,0.00,159.51,0.00,SJC
2606:4700:a9:cf:a07:f6d7:d0a0:f0f3,4,4,0.00,159.52,0.00,SJC
2606:4700:d1:fa26:5ec0:2cbf:960a:8103,4,4,0.00,159.52,0.00,SJC
2606:4700:a1:d557:6474:d90b:3705:1e47,4,4,0.00,159.52,0.00,SJC
2606:4700:b:e836:3474:9fdd:c4e:fee1,4,4,0.00,159.52,0.00,SJC
2606:4700:3009:93e7:dc06:a8f7:8df3:abe0,4,4,0.00,159.52,0.00,SJC
2606:4700:3007::e50f:9e4c,4,4,0.00,159.52,0.00,SJC
2606:4700:a1:d557:64a8:6a83:d52d:9dce,4,4,0.00,159.52,0.00,SJC
2606:4700:0:88:54ba:e25f:e06d:3e3f,4,4,0.00,159.53,0.00,SJC
2606:4700:3005:0:d8e6:aa89:87d8:d94e,4,4,0.00,159.53,0.00,SJC
2606:4700:c:5b:58cf:a9a9:33f5:5c2e,4,4,0.00,159.53,0.00,SJC
2606:4700:0:5ce0:7210:9b7c:cd89:45e7,4,4,0.00,159.53,0.00,SJC
2606:4700:e:4d05:a1d2:95f7:cc29:2a4,4,4,0.00,159.53,0.00,SJC
2606:4700:d1:8795:5093:d64b:3927:6a89,4,4,0.00,159.53,0.00,SJC
2606:4700:3005:ca:3a69:6ef9:c9d5:c88e,4,4,0.00,159.54,0.00,SJC
2606:4700:3005::3ce9:7441:2dd6,4,4,0.00,159.54,0.00,SJC
2606:4700:a9:fa6e:5f28:63df:f2b3:3744,4,4,0.00,159.54,0.00,SJC
2606:4700:3004:cc58:33b1:5edb:c6fd:cf5a,4,4,0.00,159.54,0.00,SJC
2606:4700:0:d923:4945:923b:f965:c5d8,4,4,0.00,159.54,0.00,SJC
2606:4700:c:ce56:4cdd:a369:ff36:a49b,4,4,0.00,159.54,0.00,SJC
2606:4700:f:8383:7aa:a1e:5627:e841,4,4,0.00,159.54,0.00,SJC
2606:4700:a8:a6:d7a4:1ef8:c0c6:e369,4,4,0.00,159.54,0.00,SJC
2606:4700:3008:71f2:18a4:416f:bde4:3811,4,4,0.00,159.54,0.00,SJC
2606:4700:d1:d9:5cc1:5ea6:64ce:f737,4,4,0.00,159.54,0.00,SJC
2606:4700:3005:ca:2cba:69d6:aecd:cc9a,4,4,0.00,159.54,0.00,SJC
2606:4700:3008:71f2:18c9:c286:135a:fb5a,4,4,0.00,159.54,0.00,SJC
2606:4700:d1:873a:acf7:c12f:558b:3b99,4,4,0.00,159.55,0.00,SJC
2606:4700:a:0:af44:bb40:61c:9cbe,4,4,0.00,159.55,0.00,SJC
2606:4700:c:5b:58cf:a972:80e8:d5e9,4,4,0.00,159.55,0.00,SJC
2606:4700:3004:cc9f:ff19:4550:7ebd:3f1e,4,4,0.00,159.55,0.00,SJC
2606:4700:3008:f6:1ff4:ff7a:157f:9bea,4,4,0.00,159.55,0.00,SJC
2606:4700:e:57:5863:4ae3:fa0a:6a67,4,4,0.00,159.55,0.00,SJC
2606:4700:3004:5c:fa4b:1be4:d633:e9a,4,4,0.00,159.55,0.00,SJC
2606:4700:f::ffec:e388:d0cc,4,4,0.00,159.55,0.00,SJC
2606:4700:3008:71f2:18c9:bf6b:15ee:fe70,4,4,0.00,159.55,0.00,SJC
2606:4700:f:8383:b1c7:91da:1f77:46c9,4,4,0.00,159.55,0.00,SJC
2606:4700:3005:0:ce9a:1e3c:361f:98dd,4,4,0.00,159.56,0.00,SJC
2606:4700:a:8:6d4:d501:5f7d:b298,4,4,0.00,159.56,0.00,SJC
2606:4700:0:d9cd:40c3:4269:e1bc:65f6,4,4,0.00,159.56,0.00,SJC
2606:4700:a:0:af44:bbc7:e9f1:7306,4,4,0.00,159.56,0.00,SJC
2606:4700:3008:0:b586:7196:fcab:1b57,4,4,0.00,159.56,0.00,SJC
2606:4700:a8::ba09:9fab:f6a0,4,4,0.00,159.56,0.00,SJC
2606:4700:3001:0:5bf3:a9d6:6690:fc80,4,4,0.00,159.56,0.00,SJC
2606:4700:3003:1329:f1a:2168:25c0:f9ad,4,4,0.00,159.56,0.00,SJC
2606:4700:a8:a6:7e3:9231:be39:f012,4,4,0.00,159.56,0.00,SJC
2606:4700:3001:0:78:9461:7a43:1da1,4,4,0.00,159.56,0.00,SJC
2606:4700:a1:d50b:3f59:cd98:fb30:3aa4,4,4,0.00,159.57,0.00,SJC
2606:4700:b::f725:2e0c,4,4,0.00,159.57,0.00,SJC
2606:4700:f:0:4352:b21a:67f4:b4c,4,4,0.00,159.57,0.00,SJC
2606:4700:f:bd2f:97c5:f12c:84fd:a85a,4,4,0.00,159.57,0.00,SJC
2606:4700:a8:5e:e9ac:d8bc:ccb3:3566,4,4,0.00,159.57,0.00,SJC
2606:4700:3008:71f2:8151:be2:d0dd:8c45,4,4,0.00,159.57,0.00,SJC
2606:4700:f:0:4352:b21a:873f:c721,4,4,0.00,159.58,0.00,SJC
2606:4700:d1:8795:502a:2cd5:8a4d:6e48,4,4,0.00,159.58,0.00,SJC
2606:4700:3006:7690:9d77:324f:4802:8986,4,4,0.00,159.58,0.00,SJC
2606:4700:d1:8795:502a:2c17:e070:a93a,4,4,0.00,159.58,0.00,SJC
2606:4700:130::eb4c:e486:c8c9,4,4,0.00,159.58,0.00,SJC
2a06:98c1:58:0:95bb:2931:cfdf:70db,4,4,0.00,159.58,0.00,SJC
2606:4700:3006:7690:9d77:c653:96d7:253,4,4,0.00,159.59,0.00,SJC
2606:4700:b:da58:c78:70b8:396e:9e40,4,4,0.00,159.59,0.00,SJC
2606:4700:3003:13ee:bf90:4e0e:8f38:edc7,4,4,0.00,159.59,0.00,SJC
2606:4700:3009:93e7:dc06:8caf:818:bf48,4,4,0.00,159.59,0.00,SJC
2606:4700:d1:fa76:a43a:9d51:fdc9:6715,4,4,0.00,159.59,0.00,SJC
2606:4700:3006:9:d1e4:a0d9:c3b6:b77a,4,4,0.00,159.59,0.00,SJC
2606:4700:d1:d9:62c7:6656:4894:565c,4,4,0.00,159.59,0.00,SJC
2606:4700:d0:14e8:6e39:86bb:aaf0:2d38,4,4,0.00,159.59,0.00,SJC
2606:4700:d1:d9:e0bd:9cb9:a3c8:23df,4,4,0.00,159.59,0.00,SJC
2606:4700:f:0:39cf:bee6:4ac0:597a,4,4,0.00,159.60,0.00,SJC
2606:4700:3003::9add:61c4:c303,4,4,0.00,159.60,0.00,SJC
2606:4700:3009:93b3:21a2:a7d0:1e03:4d6c,4,4,0.00,159.60,0.00,SJC
2606:4700:0:5ce0:7241:7ed9:8f8:6ac2,4,4,0.00,159.60,0.00,SJC
2606:4700:d:0:5504:8db2:2447:638f,4,4,0.00,159.60,0.00,SJC
2606:4700:3009::ec:6:b68,4,4,0.00,159.60,0.00,SJC
2606:4700:3005:376f:e7f4:b050:6792:514c,4,4,0.00,159.60,0.00,SJC
2606:4700:e:77b9:6470:f1e1:f841:b88b,4,4,0.00,159.60,0.00,SJC
2606:4700:3001:bb:70f1:947b:3fe6:87d2,4,4,0.00,159.60,0.00,SJC
2606:4700:d0:0:d5:ec30:d935:29d6,4,4,0.00,159.60,0.00,SJC
2a06:98c1:58:8bba:2412:72fc:dc0c:3f2,4,4,0.00,159.60,0.00,SJC
2606:4700:3008:71f2:18a4:415f:4d73:242c,4,4,0.00,159.60,0.00,SJC
2606:4700:e:57:b7c6:bb26:2424:75cc,4,4,0.00,159.61,0.00,SJC
2606:4700:0:d923:49e4:5b4e:f89b:4e94,4,4,0.00,159.61,0.00,SJC
2606:4700:d1:fa76:3197:43f2:68ca:fca,4,4,0.00,159.61,0.00,SJC
2606:4700:3008:71f2:18c9:c2f7:f8b3:bef7,4,4,0.00,159.61,0.00,SJC
2606:4700:3004:0:9b0c:bf5d:2b04:8f4,4,4,0.00,159.61,0.00,SJC
2606:4700:f:0:4352:f52c:110e:3ea0,4,4,0.00,159.61,0.00,SJC
2606:4700:3008:f6:1fd5:902c:3c64:246d,4,4,0.00,159.61,0.00,SJC
2606:4700:3001:d4:679f:b4fa:d9f8:e07f,4,4,0.00,159.61,0.00,SJC
2606:4700:d1:873a:734a:1dba:29d9:d2b9,4,4,0.00,159.62,0.00,SJC
2606:4700:d1:0:15:6a53:4e6f:6fde,4,4,0.00,159.62,0.00,SJC
2606:4700:d1:0:6c6b:f9a9:9e30:b48b,4,4,0.00,159.62,0.00,SJC
2606:4700:a1:d557:df83:34c5:393f:390e,4,4,0.00,159.62,0.00,SJC
2606:4700:a8:a9:84cf:3e3b:39be:4bd,4,4,0.00,159.63,0.00,SJC
2606:4700:c::d210:647e:37e4,4,4,0.00,159.63,0.00,SJC
2606:4700:3001::3f:10b3:483,4,4,0.00,159.63,0.00,SJC
2606:4700:c:3cae:c0c7:7406:3d49:9541,4,4,0.00,159.63,0.00,SJC
2606:4700:3005:ca:3a69:15d3:aeae:7378,4,4,0.00,159.63,0.00,SJC
2606:4700:e:4d05:a1d2:ca93:8e73:7c67,4,4,0.00,159.63,0.00,SJC
2606:4700:f:8383:b180:7504:fe17:31d4,4,4,0.00,159.63,0.00,SJC
2606:4700:c:0:efda:3c6:2a3f:7b04,4,4,0.00,159.63,0.00,SJC
2606:4700:3002:fec3:8a0b:95e9:3434:3bbb,4,4,0.00,159.63,0.00,SJC
2606:4700:e:0:ce95:2770:6920:4741,4,4,0.00,159.63,0.00,SJC
2606:4700:0:88:5419:70ac:a791:8415,4,4,0.00,159.63,0.00,SJC
2606:4700:a8:bb96:1f85:10e0:3897:bf45,4,4,0.00,159.63,0.00,SJC
2606:4700:d1:fa26:12e5:894a:26fb:6fc7,4,4,0.00,159.64,0.00,SJC
2606:4700:0:d923:c357:d563:f1af:ccae,4,4,0.00,159.64,0.00,SJC
2606:4700:3006:9:d99b:d944:4499:a6db,4,4,0.00,159.64,0.00,SJC
2606:4700::eab7:f9ef:f442:6d96,4,4,0.00,159.64,0.00,SJC
2606:4700:d:1936:847b:232a:a8ec:2f5f,4,4,0.00,159.64,0.00,SJC
2606:4700:c:cefc:fea9:52c0:4f0e:4cb7,4,4,0.00,159.64,0.00,SJC
2606:4700:0:5ce0:7241:9d57:ffc5:75be,4,4,0.00,159.65,0.00,SJC
2606:4700:0:d923:49e4:1f81:568c:8120,4,4,0.00,159.65,0.00,SJC
2606:4700:3008:71f2:18c9:bfd9:8d88:8ca0,4,4,0.00,159.65,0.00,SJC
2606:4700:3006:760f:ac82:f5c3:7f59:bf59,4,4,0.00,159.65,0.00,SJC
2606:4700:c:3c32:80d1:3ef7:7c0f:a5e0,4,4,0.00,159.65,0.00,SJC
2606:4700:3003:cd:2de1:2103:25d6:3ce0,4,4,0.00,159.65,0.00,SJC
2606:4700:3004:cc9f:ff19:4518:5445:5fc2,4,4,0.00,159.66,0.00,SJC
2606:4700:a9:fa7d:5b1c:2752:2903:16d7,4,4,0.00,159.66,0.00,SJC
2606:4700:130::6e6e:28de:a948,4,4,0.00,159.66,0.00,SJC
2606:4700:d0:0:d5:9741:9376:9d32,4,4,0.00,159.66,0.00,SJC
2606:4700:0:88:54cc:ded9:f2f:c69a,4,4,0.00,159.66,0.00,SJC
2606:4700:3003:1329:fa4:ce64:fb3c:863f,4,4,0.00,159.66,0.00,SJC
2606:4700:3009:a8:691d:d92b:57b0:5738,4,4,0.00,159.66,0.00,SJC
2606:4700:b:a9:90d6:9fbf:1000:97aa,4,4,0.00,159.66,0.00,SJC
2606:4700:3002:fec3:8ab8:7c82:b2e2:15d7,4,4,0.00,159.66,0.00,SJC
2606:4700:3004::11fa:8f15:e9ad,4,4,0.00,159.67,0.00,SJC
2606:4700:a8:bb96:e6e2:b1e9:12b0:9bfd,4,4,0.00,159.67,0.00,SJC
2606:4700:d:1996:8f35:5694:5b89:c3de,4,4,0.00,159.67,0.00,SJC
2606:4700:3003:13ee:bf90:211:474b:a7ae,4,4,0.00,159.67,0.00,SJC
2606:4700:130:0:59ee:60fa:e87a:1152,4,4,0.00,159.67,0.00,SJC
2606:4700:3003:cd:2dd0:8f40:6658:97f8,4,4,0.00,159.67,0.00,SJC
2606:4700:3008:0:19:c9e1:5b38:6aa,4,4,0.00,159.67,0.00,SJC
2606:4700:d:1d:8ea4:6f97:aa3f:dffc,4,4,0.00,159.67,0.00,SJC
2606:4700:a:c528:a50d:a602:6081:1567,4,4,0.00,159.68,0.00,SJC
2606:4700:a9::b30a:9d23:f02f,4,4,0.00,159.68,0.00,SJC
2606:4700:3005:88:9983:5a8f:286f:5744,4,4,0.00,159.68,0.00,SJC
2606:4700:3005:376f:e753:15e:a805:a75b,4,4,0.00,159.68,0.00,SJC
2606:4700:e:77b9:9890:b4e9:b5cf:6a92,4,4,0.00,159.68,0.00,SJC
2606:4700:d1:8795:502a:2cd5:8ae5:86fa,4,4,0.00,159.68,0.00,SJC
2a06:98c1:58:8b36:e430:55e6:b927:1377,4,4,0.00,159.68,0.00,SJC
2606:4700:b:da58:c78:a8f:6a28:d382,4,4,0.00,159.68,0.00,SJC
2606:4700:e:57:5863:4ae3:fac3:3889,4,4,0.00,159.68,0.00,SJC
2606:4700:e:777d:3aa9:9a08:f1a1:7f38,4,4,0.00,159.69,0.00,SJC
2606:4700:3006:7690:9d77:c6be:ddaa:7646,4,4,0.00,159.69,0.00,SJC
2606:4700:a9:fafc:ad12:3cb8:59b6:53e1,4,4,0.00,159.69,0.00,SJC
2606:4700:3001:efe8:9dd3:ac4f:c770:7c64,4,4,0.00,159.69,0.00,SJC
2606:4700:a:0:8a:f162:2a02:c312,4,4,0.00,159.69,0.00,SJC
2606:4700:a:0:af44:bb40:69a:7111,4,4,0.00,159.69,0.00,SJC
2606:4700:e:0:ce95:7817:557b:4b40,4,4,0.00,159.70,0.00,SJC
2606:4700:3003:0:e484:5948:660c:8979,4,4,0.00,159.70,0.00,SJC
2606:4700:3001::97:8c72:ed6d,4,4,0.00,159.70,0.00,SJC
2606:4700:3008:f6:1ff4:6dad:3f29:7d0e,4,4,0.00,159.70,0.00,SJC
2606:4700:3002:2a:ea4a:276:bc0e:3f72,4,4,0.00,159.71,0.00,SJC
2606:4700:a1:0:c9:729d:3f0d:f04d,4,4,0.00,159.71,0.00,SJC
2606:4700:3008:71f2:18c9:191:3530:2211,4,4,0.00,159.71,0.00,SJC
2606:4700:3003:13ee:888f:324c:3ce0:7158,4,4,0.00,159.71,0.00,SJC
2606:4700:c:cefc:fea9:52c0:4ffc:ee84,4,4,0.00,159.71,0.00,SJC
2606:4700:0:d923:49e4:1f08:cf2b:8753,4,4,0.00,159.71,0.00,SJC
2606:4700:3000:9b92:23b:1384:f20c:5f53,4,4,0.00,159.72,0.00,SJC
2606:4700:a9:997c:e41a:8176:ae8d:23e3,4,4,0.00,159.72,0.00,SJC
2606:4700:c:ce56:41b0:766f:1539:226c,4,4,0.00,159.72,0.00,SJC
2606:4700:a9:fa7d:5b1c:2752:c702:9696,4,4,0.00,159.72,0.00,SJC
2606:4700:c:ce56:41b0:766f:15ca:d9f0,4,4,0.00,159.73,0.00,SJC
2606:4700:3000:0:93ef:46ec:3ace:9328,4,4,0.00,159.73,0.00,SJC
2606:4700:3004::71:cb8a:fe6e,4,4,0.00,159.73,0.00,SJC
2606:4700:f:0:39cf:e1a0:e49:8296,4,4,0.00,159.73,0.00,SJC
2606:4700:c:5b:6779:f631:bb38:22a0,4,4,0.00,159.73,0.00,SJC
2606:4700:d0:56:68dc:1078:2246:66db,4,4,0.00,159.73,0.00,SJC
2606:4700:3008:f6:1fd5:904f:cd0d:ad7a,4,4,0.00,159.74,0.00,SJC
2606:4700:c:3c32:80d1:3ea4:74c4:872a,4,4,0.00,159.74,0.00,SJC
2606:4700:b:da58:748e:fb7c:2174:f58,4,4,0.00,159.74,0.00,SJC
2606:4700:e:b3:5fb9:afee:62c2:10f9,4,4,0.00,159.74,0.00,SJC
2a06:98c1:58:0:95bb:2931:cf52:bfbf,4,4,0.00,159.74,0.00,SJC
2606:4700:3003:13ee:8869:45be:f4b2:754d,4,4,0.00,159.74,0.00,SJC
2606:4700:a:a05a:1cfc:b6f9:a06b:57b4,4,4,0.00,159.74,0.00,SJC
2606:4700:d0:14e8:19c3:f18b:6eff:d75e,4,4,0.00,159.75,0.00,SJC
2606:4700:c:5b:58cf:a972:8002:4460,4,4,0.00,159.75,0.00,SJC
2606:4700:b:0:c517:4776:2473:2ba1,4,4,0.00,159.75,0.00,SJC
2606:4700:e:0:5ce3:f58e:9702:c049,4,4,0.00,159.76,0.00,SJC
2606:4700:d0:14e8:6eb1:a4c8:6d09:4a36,4,4,0.00,159.76,0.00,SJC
2606:4700:e:777d:b636:4c28:abf5:564b,4,4,0.00,159.76,0.00,SJC
2606:4700:3006:0:f7:387b:3796:cd5a,4,4,0.00,159.76,0.00,SJC
2606:4700:0:d923:49e4:5b4e:2437:cc39,4,4,0.00,159.76,0.00,SJC
2606:4700:3000:0:2f:3294:c487:7d96,4,4,0.00,159.76,0.00,SJC
2606:4700:d1::37:76e5:147a,4,4,0.00,159.76,0.00,SJC
2606:4700:a9::61:99c2:440d,4,4,0.00,159.76,0.00,SJC
2606:4700:a1:d50b:3f93:bbb7:b2d:c1ae,4,4,0.00,159.76,0.00,SJC
2606:4700:d1:0:1:917d:a1a8:5bc,4,4,0.00,159.76,0.00,SJC
2a06:98c1:58:8bba:2412:3ad5:98e0:34b0,4,4,0.00,159.76,0.00,SJC
2606:4700:3001:bb:70f1:a041:8124:1b60,4,4,0.00,159.76,0.00,SJC
2606:4700:d0:9941:35ae:192d:dafb:21af,4,4,0.00,159.77,0.00,SJC
2606:4700:3003:cd:2d98:349a:176e:3124,4,4,0.00,159.77,0.00,SJC
2606:4700:b:0:ac:82af:fb6:e241,4,4,0.00,159.77,0.00,SJC
2606:4700:d1:873a:fba0:eb62:55c:22ec,4,4,0.00,159.77,0.00,SJC
2606:4700:3000:9b92:228:869e:8766:c900,4,4,0.00,159.77,0.00,SJC
2606:4700:a9:fa7d:5b1c:7aca:b279:914a,4,4,0.00,159.77,0.00,SJC
2606:4700:a::958d:7a48:a327,4,4,0.00,159.77,0.00,SJC
2606:4700:f:8383:b180:7504:1e0b:cc41,4,4,0.00,159.77,0.00,SJC
2606:4700:3004:cc58:f30b:4459:3f1c:6afb,4,4,0.00,159.77,0.00,SJC
2606:4700:d0:1473:d37b:62d0:c77b:e566,4,4,0.00,159.77,0.00,SJC
2606:4700:a8:bbaf:2086:ae3a:819e:a83c,4,4,0.00,159.77,0.00,SJC
2606:4700:a9:fa7d:5bf0:1b15:5061:aa33,4,4,0.00,159.77,0.00,SJC
2606:4700:a8:bb96:1f85:f881:544c:aa6,4,4,0.00,159.77,0.00,SJC
2606:4700:c:3cae:2db1:2bb:6ebe:82ba,4,4,0.00,159.78,0.00,SJC
2606:4700:f:0:5d40:ac5c:5521:3caa,4,4,0.00,159.78,0.00,SJC
2606:4700:d1:d9:e0bd:82d2:f880:92d6,4,4,0.00,159.78,0.00,SJC
2606:4700:a:a05a:1c80:c980:fb5:ea72,4,4,0.00,159.78,0.00,SJC
2606:4700:3008:71f2:8151:b84d:2184:6ae5,4,4,0.00,159.78,0.00,SJC
2606:4700:3005:88:99a5:3e5e:cdad:f95,4,4,0.00,159.78,0.00,SJC
2606:4700:3006:9:d130:2c4a:1062:c8b4,4,4,0.00,159.78,0.00,SJC
2606:4700:0:5c07:fac3:3230:7667:f039,4,4,0.00,159.78,0.00,SJC
2606:4700:a:e4:c24b:14ed:c422:4424,4,4,0.00,159.78,0.00,SJC
2606:4700:3009:b966:7969:e9be:e467:6fea,4,4,0.00,159.78,0.00,SJC
2606:4700:b:e836:b718:79e6:6396:dc88,4,4,0.00,159.78,0.00,SJC
2606:4700:b:e836:3474:9fdd:65a8:85c4,4,4,0.00,159.78,0.00,SJC
2606:4700:a:e4:185c:f8bc:20b3:55b6,4,4,0.00,159.79,0.00,SJC
2606:4700:3009:0:8251:c69e:1c69:db01,4,4,0.00,159.79,0.00,SJC
2606:4700:a1::65ab:a35c:50dc,4,4,0.00,159.79,0.00,SJC
2606:4700:0:88:54ba:edf6:119d:b285,4,4,0.00,159.79,0.00,SJC
2606:4700:c:3c32:35aa:35ba:1063:f39e,4,4,0.00,159.79,0.00,SJC
2606:4700:3004:5c:961e:7d02:e4b1:6740,4,4,0.00,159.79,0.00,SJC
2606:4700:a9:fa7d:fd70:17a1:b878:63b4,4,4,0.00,159.79,0.00,SJC
2606:4700:3000:9b92:29c:1184:caa8:6056,4,4,0.00,159.80,0.00,SJC
2606:4700:3007:d3b6:de69:f6f4:f1b1:81d0,4,4,0.00,159.80,0.00,SJC
2606:4700:c:ce56:4187:b052:55ca:d891,4,4,0.00,159.80,0.00,SJC
2606:4700:c:0:efda:39e:694:9c2e,4,4,0.00,159.80,0.00,SJC
2606:4700:3003:0:e484:3655:61a1:efc7,4,4,0.00,159.80,0.00,SJC
2606:4700:3003:cd:9ae7:353b:622d:c606,4,4,0.00,159.80,0.00,SJC
2606:4700:3002:2a:ea4a:c984:67fd:e69f,4,4,0.00,159.80,0.00,SJC
2606:4700:0:5ce0:7241:7ea2:5cc9:2f26,4,4,0.00,159.80,0.00,SJC
2606:4700:3001:0:54:ff0a:817f:a81d,4,4,0.00,159.80,0.00,SJC
2606:4700:0:d923:c32a:5b68:c819:a1a2,4,4,0.00,159.80,0.00,SJC
2606:4700:3003:cd:2d24:3b58:7f64:abc5,4,4,0.00,159.80,0.00,SJC
2606:4700:3004:0:9b0c:1b03:36d9:6e26,4,4,0.00,159.80,0.00,SJC
2606:4700:a1:74:ae94:7eb0:f192:a9a,4,4,0.00,159.80,0.00,SJC
2606:4700:d0:1473:a465:44c2:b10:b9ad,4,4,0.00,159.80,0.00,SJC
2606:4700:3001:d4:679f:b48a:62a7:213,4,4,0.00,159.81,0.00,SJC
2606:4700:a1:d557:6494:d259:719:dd73,4,4,0.00,159.81,0.00,SJC
2606:4700:a:c528:a50d:a602:6021:1b29,4,4,0.00,159.81,0.00,SJC
2606:4700:d0:56:68dc:23b9:4620:17a3,4,4,0.00,159.81,0.00,SJC
2606:4700:3003:cd:9af5:daee:6acf:fa45,4,4,0.00,159.81,0.00,SJC
2606:4700:3003:13ee:bf90:8a7d:3c6d:4086,4,4,0.00,159.81,0.00,SJC
2606:4700:3002:2a:ea4a:5f6b:c6e9:8fea,4,4,0.00,159.81,0.00,SJC
2606:4700:3003:cd:9a7c:b277:a926:b677,4,4,0.00,159.81,0.00,SJC
2606:4700:0:5c07:fa3e:44:52a5:59b2,4,4,0.00,159.81,0.00,SJC
2606:4700:3008:71f2:18c9:191:a14:6300,4,4,0.00,159.81,0.00,SJC
2606:4700:e:777d:b6ca:9026:dc7e:1b1a,4,4,0.00,159.81,0.00,SJC
2606:4700:3007:0:853a:bab6:dc47:7866,4,4,0.00,159.81,0.00,SJC
2606:4700:3001:ef60:ae3b:fb63:a8ba:e97b,4,4,0.00,159.82,0.00,SJC
2606:4700:a9:fafc:ad53:5b78:76be:30d8,4,4,0.00,159.82,0.00,SJC
2606:4700:3002:0:ae:dc00:f8cb:e6a5,4,4,0.00,159.82,0.00,SJC
2606:4700:3002:28:f530:6788:86fc:ba66,4,4,0.00,159.82,0.00,SJC
2606:4700:3004::b256:decd:e705,4,4,0.00,159.83,0.00,SJC
2606:4700:130:0:d0cd:2a6e:12a:872f,4,4,0.00,159.83,0.00,SJC
2606:4700:e:77b9:9890:5969:a1e7:89aa,4,4,0.00,159.83,0.00,SJC
2606:4700:b:da58:7463:1938:b512:4beb,4,4,0.00,159.83,0.00,SJC
2606:4700:3001:ef60:ae3b:fbfb:cdd5:4357,4,4,0.00,159.83,0.00,SJC
2606:4700:a8::bab5:238c:5569,4,4,0.00,159.83,0.00,SJC
2606:4700:d:1d:1e07:3991:3b9b:954b,4,4,0.00,159.84,0.00,SJC
2606:4700:d1:873a:73cd:b49a:1914:535,4,4,0.00,159.84,0.00,SJC
2606:4700:a8:bbaf:2086:ae3a:209c:16cf,4,4,0.00,159.84,0.00,SJC
2606:4700:a9:997c:e46c:ee24:b550:604,4,4,0.00,159.84,0.00,SJC
2606:4700:d0:1403:f10e:afd5:9bfb:13bc,4,4,0.00,159.84,0.00,SJC
2606:4700:3003:1329:58d3:3ed0:61:14d0,4,4,0.00,159.84,0.00,SJC
2606:4700:3007:0:c2:b19e:6dfe:79ef,4,4,0.00,159.84,0.00,SJC
2606:4700:a:0:8a:af2d:96bb:3bf7,4,4,0.00,159.84,0.00,SJC
2606:4700:3009:0:822f:3041:2061:c4da,4,4,0.00,159.85,0.00,SJC
2606:4700:3009:0:fd46:691:ba6e:9351,4,4,0.00,159.85,0.00,SJC
2606:4700:3004:cc9f:617e:9a8c:71e2:60a7,4,4,0.00,159.85,0.00,SJC
2606:4700:0:d923:49e4:1f08:cf1f:5d6f,4,4,0.00,159.85,0.00,SJC
2606:4700:a1:d50b:465d:a00d:620e:a42f,4,4,0.00,159.85,0.00,SJC
2a06:98c1:58:8b10:f6ff:1b81:6446:bd96,4,4,0.00,159.85,0.00,SJC
2606:4700:3009::4291:d604:6ae0,4,4,0.00,159.85,0.00,SJC
2606:4700:0:5c18:ccc0:500:5b23:cef0,4,4,0.00,159.85,0.00,SJC
2606:4700:a:0:d822:75a1:ae45:c5cf,4,4,0.00,159.85,0.00,SJC
2606:4700:3004:5c:fa4b:1bae:4390:a8e8,4,4,0.00,159.85,0.00,SJC
2606:4700:3009:b966:7969:24db:e0b8:332f,4,4,0.00,159.85,0.00,SJC
2606:4700:a9:fa7d:5bf0:1b15:3f76:2a0,4,4,0.00,159.85,0.00,SJC
2606:4700:a:c528:4c54:490a:aed6:554,4,4,0.00,159.86,0.00,SJC
2606:4700:0:88:54ba:edf6:11ff:2b9b,4,4,0.00,159.86,0.00,SJC
2606:4700:3005:376f:1cd2:8196:3357:7ddd,4,4,0.00,159.86,0.00,SJC
2606:4700:3001:0:54:ff45:9878:8c55,4,4,0.00,159.86,0.00,SJC
2606:4700:a1::65ab:24e:4daa,4,4,0.00,159.86,0.00,SJC
2606:4700:3008:f6:1f0c:3244:640f:5a87,4,4,0.00,159.86,0.00,SJC
2606:4700:3009::1dd6:7a58:32ae,4,4,0.00,159.86,0.00,SJC
2606:4700:d1::fa30:4ddb:338e,4,4,0.00,159.86,0.00,SJC
2606:4700:f:8383:b1c7:915c:315b:f164,4,4,0.00,159.86,0.00,SJC
2606:4700:c:5b:6779:f631:d368:4dc7,4,4,0.00,159.86,0.00,SJC
2606:4700:a8:a9:84cf:3e3b:90bd:f8f3,4,4,0.00,159.87,0.00,SJC
2606:4700:0:5c07:fa3e:6b1a:22f3:1b5,4,4,0.00,159.87,0.00,SJC
2606:4700:3002:fec3:8ae3:9b94:1341:3b0f,4,4,0.00,159.87,0.00,SJC
2606:4700:c:3c32:80d1:30c8:1cd3:d442,4,4,0.00,159.87,0.00,SJC
2606:4700:d1::a891:d137,4,4,0.00,159.87,0.00,SJC
2606:4700:d:1996:dad9:934a:d792:60d,4,4,0.00,159.87,0.00,SJC
2606:4700:e:77b9:9832:fce5:5845:48b1,4,4,0.00,159.87,0.00,SJC
2606:4700:e:4df4:b4ed:8a26:ed70:8fa1,4,4,0.00,159.88,0.00,SJC
2606:4700:3009:937e:c650:9784:3f4f:627,4,4,0.00,159.88,0.00,SJC
2606:4700:3003:cd:9ae7:bb27:ea0:4d24,4,4,0.00,159.88,0.00,SJC
2606:4700:d:f7:245f:f1c9:b638:ac77,4,4,0.00,159.88,0.00,SJC
2606:4700:a8:a6:722:54b6:357:25a9,4,4,0.00,159.88,0.00,SJC
2606:4700:3003:13ee:db5:45a1:43e3:f279,4,4,0.00,159.88,0.00,SJC
2606:4700:a8:a6:759:2785:8ec2:6e04,4,4,0.00,159.88,0.00,SJC
2606:4700:b:da58:c78:9336:3496:a2d,4,4,0.00,159.88,0.00,SJC
2606:4700:3001:0:5bf3:128c:6e1c:13cd,4,4,0.00,159.88,0.00,SJC
2606:4700:3007:0:853a:ba79:a0c6:cc48,4,4,0.00,159.88,0.00,SJC
2606:4700:3007:d3b6:de69:a679:6604:ac03,4,4,0.00,159.89,0.00,SJC
2606:4700:3004:b9:dc32:18b4:1438:f171,4,4,0.00,159.89,0.00,SJC
2606:4700:3003:cd:9afd:3485:6a9c:4942,4,4,0.00,159.89,0.00,SJC
2606:4700:c:ce56:4138:cea4:c83d:2cd6,4,4,0.00,159.89,0.00,SJC
2606:4700:3006:7690:9d77:61c9:219a:f63d,4,4,0.00,159.89,0.00,SJC
2606:4700:a9:cf:a07:f6b0:437e:5ed3,4,4,0.00,159.89,0.00,SJC
2606:4700:f::b5:196c:eb1c,4,4,0.00,159.89,0.00,SJC
2606:4700:c:5b:6b6c:9474:4b9:47f,4,4,0.00,159.89,0.00,SJC
2606:4700:e:0:32:55ff:cf1b:942,4,4,0.00,159.89,0.00,SJC
2606:4700:e:0:ce95:7817:555f:e4db,4,4,0.00,159.89,0.00,SJC
2606:4700:130:0:d00a:12fb:3fd7:32bf,4,4,0.00,159.89,0.00,SJC
2606:4700:a1:d50b:b5a2:943d:fcc2:58bd,4,4,0.00,159.89,0.00,SJC
2a06:98c1:58:74:69a:ea50:b376:fe61,4,4,0.00,159.89,0.00,SJC
2606:4700:3005:ca:2cba:6938:96a9:1511,4,4,0.00,159.90,0.00,SJC
2606:4700:3005:ca:2054:af1f:e220:ed1b,4,4,0.00,159.90,0.00,SJC
2606:4700:d0:14e8:198a:63:8af2:9138,4,4,0.00,159.90,0.00,SJC
2606:4700:e:4d05:a931:71fe:a93c:a825,4,4,0.00,159.91,0.00,SJC
2606:4700:3001:0:78:94fe:6735:38d1,4,4,0.00,159.91,0.00,SJC
2606:4700:a:4267:89cd:f347:617a:b358,4,4,0.00,159.91,0.00,SJC
2606:4700:a:c528:a50d:a602:3b6a:7008,4,4,0.00,159.91,0.00,SJC
2606:4700:a8::ba09:fa7:5c82,4,4,0.00,159.91,0.00,SJC
2606:4700:e:4dd9:aac:8a00:3d7:3894,4,4,0.00,159.91,0.00,SJC
2606:4700:3004:cc58:625f:b7ba:b7d4:e895,4,4,0.00,159.91,0.00,SJC
2606:4700:3002::b1:274e:5f24,4,4,0.00,159.92,0.00,SJC
2606:4700:d0:1403:f179:e362:40e9:50e2,4,4,0.00,159.92,0.00,SJC
2606:4700:c:ce56:4138:ce63:bdef:e3b4,4,4,0.00,159.92,0.00,SJC
2606:4700:3005::a965:8771:cb2b,4,4,0.00,159.92,0.00,SJC
2606:4700:c:5b:6779:f637:13bc:8a22,4,4,0.00,159.92,0.00,SJC
2a06:98c1:58:8bba:2412:3ad5:e2d3:15af,4,4,0.00,159.93,0.00,SJC
2606:4700:a1:2f:93bc:5687:1a7c:916b,4,4,0.00,159.93,0.00,SJC
2a06:98c1:58:8bba:f594:15c:a0d0:4f68,4,4,0.00,159.93,0.00,SJC
2606:4700:3003:cd:2d98:1ca:dffb:d578,4,4,0.00,159.93,0.00,SJC
2606:4700:a8:0:a6d6:a297:eb50:7a33,4,4,0.00,159.93,0.00,SJC
2606:4700:3001:d4:6702:8758:6bc8:f0fb,4,4,0.00,159.93,0.00,SJC
2606:4700:3001:d4:6702:f9bf:21ba:be60,4,4,0.00,159.93,0.00,SJC
2a06:98c1:58:8b36:e49d:96c2:2b23:2c0a,4,4,0.00,159.93,0.00,SJC
2606:4700:a1:d50b:b5a2:1907:79f5:b929,4,4,0.00,159.93,0.00,SJC
2606:4700:c:5b:6b79:487a:5581:a9bf,4,4,0.00,159.93,0.00,SJC
2606:4700:a9:997c:41f:ad14:8260:e7a3,4,4,0.00,159.94,0.00,SJC
2606:4700:3005:376f:1c48:3bc2:fff4:13,4,4,0.00,159.94,0.00,SJC
2606:4700:0:d923:4945:193e:30d8:b5e2,4,4,0.00,159.94,0.00,SJC
2606:4700:d:0:5504:cc20:b3e9:c7dc,4,4,0.00,159.94,0.00,SJC
2606:4700:b:0:c559:dcff:af8d:786f,4,4,0.00,159.94,0.00,SJC
2606:4700:3004:cc9f:617e:f625:5c77:82f2,4,4,0.00,159.94,0.00,SJC
2606:4700:3008:0:b5da:4da3:d68b:c169,4,4,0.00,159.94,0.00,SJC
2606:4700:3009:0:f5:3c01:860b:d76b,4,4,0.00,159.94,0.00,SJC
2a06:98c1:58:8b10:e64:a4bf:a90f:f5d5,4,4,0.00,159.94,0.00,SJC
2606:4700:a8:a6:7d2:67b0:e5de:6828,4,4,0.00,159.95,0.00,SJC
2606:4700:b:0:c515:6a58:f172:669c,4,4,0.00,159.95,0.00,SJC
2606:4700:e:0:5c09:952b:2718:5836,4,4,0.00,159.95,0.00,SJC
2606:4700:0:88:54ba:30c5:26d8:ab63,4,4,0.00,159.95,0.00,SJC
2606:4700:3009::1ea6:38f:a342,4,4,0.00,159.95,0.00,SJC
2606:4700:a1:d557:6474:d942:951a:26d8,4,4,0.00,159.95,0.00,SJC
2606:4700:3009:a8:69bb:4316:a32e:7367,4,4,0.00,159.95,0.00,SJC
2606:4700:130:0:d00a:41aa:c23c:426,4,4,0.00,159.95,0.00,SJC
2606:4700:3003:cd:2d98:349a:179a:45c1,4,4,0.00,159.95,0.00,SJC
2606:4700:a1:d50b:3f59:303:a3bc:813c,4,4,0.00,159.95,0.00,SJC
2606:4700:f:0:4352:f5f7:bdf5:cb8a,4,4,0.00,159.95,0.00,SJC
2606:4700:3001:d4:2b4f:635d:5520:26ef,4,4,0.00,159.95,0.00,SJC
2606:4700:a1:0:98a9:2d31:c997:7925,4,4,0.00,159.95,0.00,SJC
2606:4700:d1:d9:6234:583c:815d:4cf0,4,4,0.00,159.95,0.00,SJC
2606:4700:b:e836:b718:b0d4:9218:8aad,4,4,0.00,159.96,0.00,SJC
2a06:98c1:58:8b10:e64:a4bf:a94f:3bad,4,4,0.00,159.96,0.00,SJC
2606:4700:3008:f6:1fd4:bd8f:3b0:ca80,4,4,0.00,159.96,0.00,SJC
2a06:98c1:58:8b36:8b03:3f28:f5e4:f4b0,4,4,0.00,159.96,0.00,SJC
2606:4700:3004::b256:1dd1:b630,4,4,0.00,159.96,0.00,SJC
2606:4700:3003:13ee:888f:43cb:972e:7b4d,4,4,0.00,159.96,0.00,SJC
2606:4700:c:ce56:4c17:51ac:8d9d:ae44,4,4,0.00,159.96,0.00,SJC
2606:4700:b:a9:90d6:3b8d:eedf:20e0,4,4,0.00,159.96,0.00,SJC
2606:4700:f:0:4352:5961:55d9:2eaf,4,4,0.00,159.96,0.00,SJC
2606:4700:a8:a6:d750:2aa8:228:3860,4,4,0.00,159.97,0.00,SJC
2606:4700:e:777d:3aa9:cb2b:34a:d595,4,4,0.00,159.97,0.00,SJC
2606:4700:b:e836:3474:50e4:9b1e:ac4d,4,4,0.00,159.97,0.00,SJC
2606:4700:3009:93e7:dc06:a80c:3f77:6fc2,4,4,0.00,159.97,0.00,SJC
2606:4700:a1:d50b:b5a2:1907:7912:cfce,4,4,0.00,159.97,0.00,SJC
2606:4700:3004::117a:7e62:d802,4,4,0.00,159.97,0.00,SJC
2606:4700:a1:d557:6474:2a40:e2c7:7b84,4,4,0.00,159.97,0.00,SJC
2606:4700:a::f5:a146:98a9,4,4,0.00,159.97,0.00,SJC
2606:4700:b:e836:b718:79e6:630d:6cb0,4,4,0.00,159.97,0.00,SJC
2606:4700:3009:0:f5:3c01:864e:83b8,4,4,0.00,159.97,0.00,SJC
2606:4700:a8:a6:d744:93a2:9834:3db5,4,4,0.00,159.98,0.00,SJC
2606:4700:3007::e9:41b3,4,4,0.00,159.98,0.00,SJC
2606:4700:3000:0:93ef:89df:aff6:a95e,4,4,0.00,159.98,0.00,SJC
2606:4700:c:3c32:80d1:7a6f:e199:e4e1,4,4,0.00,159.98,0.00,SJC
2a06:98c1:58:74:69a:7f65:bf78:b272,4,4,0.00,159.98,0.00,SJC
2a06:98c1:58:8b36:e49d:9f89:f5fd:fc37,4,4,0.00,159.98,0.00,SJC
2606:4700:3006:9:d1e4:5696:19bc:e14b,4,4,0.00,159.98,0.00,SJC
2606:4700:d:1d:1e07:39c8:8337:f553,4,4,0.00,159.99,0.00,SJC
2606:4700:f:bdfe:55c4:4110:f45a:f229,4,4,0.00,159.99,0.00,SJC
2606:4700:3005::8c38:4e0d:53ad,4,4,0.00,159.99,0.00,SJC
2606:4700:c:3cae:c053:d227:215b:d872,4,4,0.00,159.99,0.00,SJC
2606:4700:3001:0:54:ff0a:81e6:15e6,4,4,0.00,159.99,0.00,SJC
2606:4700:3003:13ee:bf90:6518:c030:adaa,4,4,0.00,159.99,0.00,SJC
2606:4700:e:777d:b636:4c28:ab35:a49,4,4,0.00,159.99,0.00,SJC
2606:4700:0:5ce0:7241:d762:116b:6e00,4,4,0.00,159.99,0.00,SJC
2606:4700:3005:0:f7:dc3f:af53:799b,4,4,0.00,160.00,0.00,SJC
2606:4700:130:f7:c3c2:e267:3148:a1f1,4,4,0.00,160.00,0.00,SJC
2606:4700:3009:93b3:21a2:a7d0:a55d:7f7,4,4,0.00,160.00,0.00,SJC
2606:4700:3004:5c:961e:fa:839:6ae8,4,4,0.00,160.00,0.00,SJC
2606:4700:a:a05a:5e9f:7d6a:ce65:ec7,4,4,0.00,160.00,0.00,SJC
2606:4700:3001:0:5bf3:63c1:c52:19e8,4,4,0.00,160.00,0.00,SJC
2606:4700:0:88:54ba:e2f7:95fe:5f8a,4,4,0.00,160.00,0.00,SJC
2606:4700:a8:a6:d744:f4da:b9e7:2144,4,4,0.00,160.01,0.00,SJC
2606:4700:a:8:632:f9e3:adba:513f,4,4,0.00,160.01,0.00,SJC
2606:4700:3008:f6:1ff4:ff76:7778:96e1,4,4,0.00,160.01,0.00,SJC
2606:4700:d0:14e8:19c3:15a0:92fb:2cde,4,4,0.00,160.01,0.00,SJC
2606:4700:a8:a6:7d3:cee2:2305:c68c,4,4,0.00,160.01,0.00,SJC
2606:4700:3008:0:19:4e95:916c:63a9,4,4,0.00,160.01,0.00,SJC
2606:4700:0:5c07:fa3e:6b27:31a5:7e81,4,4,0.00,160.01,0.00,SJC
2606:4700:b:e836:b773:6157:ee8c:62f0,4,4,0.00,160.01,0.00,SJC
2606:4700:e:4dd9:c96c:723f:ff0a:ad4f,4,4,0.00,160.01,0.00,SJC
2606:4700:3008:71f2:8151:b4e:c8ac:94b0,4,4,0.00,160.02,0.00,SJC
2606:4700:d:1936:847b:232a:a803:a9ef,4,4,0.00,160.02,0.00,SJC
2606:4700:0:5c07:fa3e:6b1a:2252:d164,4,4,0.00,160.02,0.00,SJC
2606:4700:d1:0:6c6b:f900:8a0c:ef7a,4,4,0.00,160.02,0.00,SJC
2606:4700:d1:873a:73cd:d3a8:9557:598b,4,4,0.00,160.02,0.00,SJC
2a06:98c1:58:8b36:e49d:6a34:ef6b:da19,4,4,0.00,160.02,0.00,SJC
2606:4700:d0:56:6280:e1c2:1731:b7a1,4,4,0.00,160.02,0.00,SJC
2606:4700:d:f7:24c4:df21:40a6:1eb9,4,4,0.00,160.02,0.00,SJC
2606:4700:3000:ac:707d:688f:bd1d:671c,4,4,0.00,160.02,0.00,SJC
2606:4700:3001:0:5bf3:eca8:b0c2:4864,4,4,0.00,160.03,0.00,SJC
2606:4700:3005::2133:79b2,4,4,0.00,160.03,0.00,SJC
2606:4700:3008:71f2:184a:4d43:1354:457f,4,4,0.00,160.03,0.00,SJC
2606:4700:3004:5c:9683:70c3:9981:9eec,4,4,0.00,160.03,0.00,SJC
2606:4700:a9:fafc:ad12:6c36:ddd5:3981,4,4,0.00,160.04,0.00,SJC
2606:4700:0:5c07:fac3:6ec7:c090:5ad,4,4,0.00,160.04,0.00,SJC
2606:4700:3009:b966:9056:c815:81dc:55e2,4,4,0.00,160.04,0.00,SJC
2606:4700:d0:14e8:198a:ece1:e3d1:ba1c,4,4,0.00,160.04,0.00,SJC
2606:4700:a9:fa7d:5b1c:7a34:69cc:ec08,4,4,0.00,160.04,0.00,SJC
2606:4700:a8:5e:1ec4:2d9d:c22a:9ab2,4,4,0.00,160.04,0.00,SJC
2606:4700:3004:5c:961e:7d02:5333:e98d,4,4,0.00,160.04,0.00,SJC
2606:4700:d:1d:8ea4:48cc:edeb:b8d8,4,4,0.00,160.04,0.00,SJC
2a06:98c1:58:8b36:e49d:311b:2f23:6b28,4,4,0.00,160.04,0.00,SJC
2606:4700:f:8383:b180:7504:1ef7:bbec,4,4,0.00,160.04,0.00,SJC
2606:4700:b:da58:c78:9351:d3db:25e9,4,4,0.00,160.04,0.00,SJC
2606:4700:d0:1403:fb17:f351:7f18:b78a,4,4,0.00,160.04,0.00,SJC
2606:4700:3006:7690:9da5:9388:59e2:30d0,4,4,0.00,160.04,0.00,SJC
2a06:98c1:58:8b10:e64:c93b:b158:e289,4,4,0.00,160.05,0.00,SJC
2606:4700:e:77b9:9890:b4e9:b50c:7ab9,4,4,0.00,160.05,0.00,SJC
2606:4700:d:1d:1eaf:3bf2:e3b8:c952,4,4,0.00,160.05,0.00,SJC
2606:4700:b:e836:3474:50a4:92d3:33f7,4,4,0.00,160.05,0.00,SJC
2606:4700:3000:0:2f:3294:60dc:fcb3,4,4,0.00,160.05,0.00,SJC
2a06:98c1:58:74:672:69ca:c7d8:63df,4,4,0.00,160.05,0.00,SJC
2606:4700:3004:cc9f:ff19:d4f8:7e23:23e6,4,4,0.00,160.05,0.00,SJC
2606:4700:c:cefc:6378:1cdc:af58:7987,4,4,0.00,160.05,0.00,SJC
2606:4700:d1:d9:e0bd:821c:3bb7:d01e,4,4,0.00,160.05,0.00,SJC
2606:4700:3007::5602:e0bb,4,4,0.00,160.05,0.00,SJC
2606:4700:3003:1329:f1a:2e0e:a24f:48e4,4,4,0.00,160.06,0.00,SJC
2606:4700:3001:d4:6702:8758:ebf:b44f,4,4,0.00,160.06,0.00,SJC
2606:4700:3009:b966:e976:ea44:9a6a:2b10,4,4,0.00,160.06,0.00,SJC
2606:4700:3009:a8:691d:2f6:bf7d:bdf1,4,4,0.00,160.06,0.00,SJC
2606:4700:d1:873a:734a:b936:f767:4920,4,4,0.00,160.06,0.00,SJC
2606:4700:a:8:f2c1:5a13:16d3:b00f,4,4,0.00,160.06,0.00,SJC
2606:4700:3000:9b92:5def:afc2:7183:b186,4,4,0.00,160.06,0.00,SJC
2606:4700:f:0:f601:ceec:f320:cb46,4,4,0.00,160.06,0.00,SJC
2606:4700:d:f7:24c4:df21:c2ea:4d37,4,4,0.00,160.06,0.00,SJC
2606:4700:3008:71f2:18c9:c2f7:9d58:ae60,4,4,0.00,160.06,0.00,SJC
2606:4700:a8:a6:7a7:cf03:2ecd:3097,4,4,0.00,160.06,0.00,SJC
2606:4700:a8:a6:d73c:cb77:16fd:a7e0,4,4,0.00,160.07,0.00,SJC
2606:4700:e:21:3025:5a47:712c:3ad3,4,4,0.00,160.07,0.00,SJC
2606:4700:3003:13ee:bf90:6518:f5a3:9f12,4,4,0.00,160.07,0.00,SJC
2606:4700:3009:0:fd46:659:f0bb:f225,4,4,0.00,160.07,0.00,SJC
2606:4700:0:5c18:ccc0:bf94:d02b:6d09,4,4,0.00,160.07,0.00,SJC
2606:4700:e:777d:b6ca:90ba:c301:31f6,4,4,0.00,160.07,0.00,SJC
2606:4700:f:0:f601:ce28:967e:dfac,4,4,0.00,160.07,0.00,SJC
2606:4700:3001:0:78:9461:3a9f:b094,4,4,0.00,160.08,0.00,SJC
2606:4700:a8:0:64:62a9:b0a:cc88,4,4,0.00,160.08,0.00,SJC
2606:4700:3007:d3b6:ded9:af5d:f732:8859,4,4,0.00,160.08,0.00,SJC
2606:4700:3006:9:d130:8a7c:c836:287,4,4,0.00,160.08,0.00,SJC
2606:4700:3004:aca6:a302:b5f0:bc4b:747c,4,4,0.00,160.08,0.00,SJC
2606:4700:a8:a6:7d3:ea67:4a7d:1ed8,4,4,0.00,160.08,0.00,SJC
2606:4700:a9:997c:41f:ad14:5727:d2a2,4,4,0.00,160.08,0.00,SJC
2606:4700:b::94:c00e:36ca,4,4,0.00,160.08,0.00,SJC
2606:4700:3009:3d:ae29:929a:c1df:17e,4,4,0.00,160.08,0.00,SJC
2606:4700:d:0:5504:8db2:739f:9c63,4,4,0.00,160.08,0.00,SJC
2606:4700:3005:376f:e7f4:e371:b208:a1ee,4,4,0.00,160.08,0.00,SJC
2606:4700:d1:873a:ac41:6b82:8c6c:a38e,4,4,0.00,160.08,0.00,SJC
2606:4700:3006:0:ea19:1489:133d:ec85,4,4,0.00,160.08,0.00,SJC
2606:4700:a9:fafc:ad81:c71:75e7:9a4b,4,4,0.00,160.08,0.00,SJC
2606:4700:3007:0:9ca7:6d5b:956a:db1a,4,4,0.00,160.08,0.00,SJC
2606:4700:c:5b:58cf:a972:eac9:d46b,4,4,0.00,160.08,0.00,SJC
2606:4700:d0:1473:d37b:624c:3757:8ec7,4,4,0.00,160.09,0.00,SJC
2606:4700:0:d923:c32a:5b68:dee6:cade,4,4,0.00,160.09,0.00,SJC
2606:4700:3001:bb:70f1:a064:88be:3151,4,4,0.00,160.09,0.00,SJC
2606:4700:b:da58:7463:19c9:a3e0:3cc8,4,4,0.00,160.09,0.00,SJC
2a06:98c1:58:8b10:e64:a4bf:a921:fc38,4,4,0.00,160.09,0.00,SJC
2606:4700:3006:7690:9d77:c6fe:d6b3:fc46,4,4,0.00,160.09,0.00,SJC
2606:4700:d0:1473:a465:442b:d509:c4d6,4,4,0.00,160.09,0.00,SJC
2a06:98c1:58:8bba:24ce:2d43:f4cf:62a1,4,4,0.00,160.09,0.00,SJC
2606:4700:3007:0:9ca7:6d5b:6f91:1f3a,4,4,0.00,160.10,0.00,SJC
2606:4700:a:c528:4c54:4938:c1f:1406,4,4,0.00,160.10,0.00,SJC
2606:4700:3007:d4:158c:b2a9:2f01:2dc,4,4,0.00,160.10,0.00,SJC
2606:4700:3000::1c76,4,4,0.00,160.10,0.00,SJC
2606:4700:3009:93b3:21a2:a726:35f9:6239,4,4,0.00,160.10,0.00,SJC
2606:4700:0:5ce0:7241:9d7a:5dd4:3efc,4,4,0.00,160.10,0.00,SJC
2606:4700:f:8f:855a:7392:d9e0:7757,4,4,0.00,160.10,0.00,SJC
2606:4700:3000:9b92:2fb:b166:f257:f72c,4,4,0.00,160.10,0.00,SJC
2606:4700:0:88:54cc:ded6:71ea:9acc,4,4,0.00,160.10,0.00,SJC
2606:4700:a8::ba09:f39:2138,4,4,0.00,160.10,0.00,SJC
2606:4700:a:c528:a558:6c4b:7409:ec97,4,4,0.00,160.10,0.00,SJC
2606:4700:b:e836:b773:89cc:883a:2d78,4,4,0.00,160.10,0.00,SJC
2606:4700:c:3cae:393d:890d:f176:d0ad,4,4,0.00,160.10,0.00,SJC
2606:4700:a1:2f:932f:6611:bf40:123,4,4,0.00,160.10,0.00,SJC
2606:4700:c:ce56:4c17:da29:bbe0:7605,4,4,0.00,160.11,0.00,SJC
2606:4700:3005::3c35:a374:1ff0,4,4,0.00,160.11,0.00,SJC
2606:4700:a:4267:89f7:e5bd:5a80:5d36,4,4,0.00,160.11,0.00,SJC
2606:4700:d0:1473:d33f:1d1c:4c92:f02d,4,4,0.00,160.11,0.00,SJC
2606:4700:f:8383:b1c7:2652:e66e:2e11,4,4,0.00,160.11,0.00,SJC
2606:4700:3004:0:9b0c:bf5d:2b01:d20f,4,4,0.00,160.11,0.00,SJC
2606:4700:3003:1329:f1a:2e3e:92f1:9c3f,4,4,0.00,160.11,0.00,SJC
2606:4700:3006:760f:ac82:22a4:871c:f142,4,4,0.00,160.11,0.00,SJC
2a06:98c1:58:0:ea:9e3b:e26:9838,4,4,0.00,160.11,0.00,SJC
2606:4700:3006::f48e:9cdb:ede8,4,4,0.00,160.11,0.00,SJC
2606:4700:e:77be:86dd:1537:6822:9883,4,4,0.00,160.11,0.00,SJC
2606:4700:130:0:d0cd:d455:1188:3a9c,4,4,0.00,160.11,0.00,SJC
2606:4700:b:0:c517:4776:24cd:4dac,4,4,0.00,160.11,0.00,SJC
2606:4700:d1:8795:5072:feaf:2e0:a347,4,4,0.00,160.11,0.00,SJC
2606:4700:a::f5:f675:53c5,4,4,0.00,160.12,0.00,SJC
2606:4700:d1:873a:73cd:d3fd:bf0:70f6,4,4,0.00,160.12,0.00,SJC
2606:4700:a9:cf:a07:1193:d1ac:20b4,4,4,0.00,160.12,0.00,SJC
2606:4700:3002::29:10a4:8cb5,4,4,0.00,160.12,0.00,SJC
2606:4700:a:4267:89cd:f3c5:36d1:94f3,4,4,0.00,160.12,0.00,SJC
2a06:98c1:58:8bba:24ce:c2a6:b835:37a6,4,4,0.00,160.12,0.00,SJC
2606:4700:d1:873a:734a:b946:74ed:d40b,4,4,0.00,160.12,0.00,SJC
2606:4700:0:88:5419:c7b3:dcf8:2749,4,4,0.00,160.13,0.00,SJC
2606:4700:c:ce56:4187:b052:5541:2f73,4,4,0.00,160.13,0.00,SJC
2606:4700:a:e4:c24b:14c8:f72d:6597,4,4,0.00,160.13,0.00,SJC
2606:4700:d1:fa76:3bf1:2871:24f9:b05b,4,4,0.00,160.13,0.00,SJC
2606:4700:d:1d:84:429b:2bc7:dc49,4,4,0.00,160.13,0.00,SJC
2606:4700:3009:93b3:3822:91d5:edd6:492b,4,4,0.00,160.13,0.00,SJC
2606:4700:3003:cd:9a7c:6db0:fca6:5e0f,4,4,0.00,160.13,0.00,SJC
2606:4700:d0:1473:4e02:e0ea:7435:67fb,4,4,0.00,160.13,0.00,SJC
2606:4700:d1:8795:5072:feaf:2ce:b3eb,4,4,0.00,160.14,0.00,SJC
2606:4700:3001:0:5bf3:228b:642c:8f95,4,4,0.00,160.14,0.00,SJC
2606:4700:e:21:d488:39a4:941f:a3c,4,4,0.00,160.14,0.00,SJC
2606:4700:0:5ce0:d3b3:f0e7:de3e:aa5,4,4,0.00,160.14,0.00,SJC
2606:4700:3004:5c:9683:7f56:23bb:f7d2,4,4,0.00,160.14,0.00,SJC
2606:4700:d0:56:7be4:de94:ad3e:298c,4,4,0.00,160.14,0.00,SJC
2606:4700:3002::b80b:3322:b33,4,4,0.00,160.15,0.00,SJC
2606:4700:3002:28:f530:b236:c13f:77a4,4,4,0.00,160.15,0.00,SJC
2606:4700:f:0:f601:6108:625:c5e,4,4,0.00,160.15,0.00,SJC
2606:4700:e:777d:3a1f:c315:a7dc:fba0,4,4,0.00,160.15,0.00,SJC
2606:4700:3004:5c:fa4b:a63:fed9:30d1,4,4,0.00,160.15,0.00,SJC
2606:4700:d0:1403:fb17:f3aa:c24c:1b84,4,4,0.00,160.15,0.00,SJC
2606:4700:d:0:5504:6730:befc:d0fe,4,4,0.00,160.16,0.00,SJC
2606:4700::eab7:e100:818a:1881,4,4,0.00,160.16,0.00,SJC
2606:4700:a:c528:a558:6c1b:712c:e578,4,4,0.00,160.16,0.00,SJC
2606:4700:130:0:d00a:1213:a14b:60d9,4,4,0.00,160.16,0.00,SJC
2606:4700:130:f7:c3c2:e2ed:8bb2:c519,4,4,0.00,160.16,0.00,SJC
2606:4700:d1:873a:fba0:eb62:513:6f41,4,4,0.00,160.16,0.00,SJC
2606:4700:130:0:d0fb:a1ac:c523:a036,4,4,0.00,160.16,0.00,SJC
2606:4700:3009:0:f5:3c23:49aa:ab95,4,4,0.00,160.16,0.00,SJC
2606:4700:3005:ca:2c89:2fc1:fe77:d8ad,4,4,0.00,160.16,0.00,SJC
2606:4700:3008:f6:25e:8074:eba6:28bb,4,4,0.00,160.16,0.00,SJC
2606:4700:d1:d9:e0bd:2330:d420:48ea,4,4,0.00,160.17,0.00,SJC
2606:4700:a8:a6:d750:2aa8:8bac:9631,4,4,0.00,160.17,0.00,SJC
2606:4700:3005:ca:2cba:1606:e715:76b9,4,4,0.00,160.17,0.00,SJC
2606:4700:c:0:efda:39e:d30d:a2fd,4,4,0.00,160.17,0.00,SJC
2606:4700:e:4d05:a1d2:95f7:f805:edd5,4,4,0.00,160.17,0.00,SJC
2606:4700:a8:a6:d750:99f5:1b1a:3e14,4,4,0.00,160.18,0.00,SJC
2606:4700:3009:93b3:e942:4f07:e98f:f8cc,4,4,0.00,160.18,0.00,SJC
2606:4700:3004:aca6:a302:b5f3:612f:1518,4,4,0.00,160.18,0.00,SJC
2606:4700:d1:fa26:1235:6594:79bb:8c35,4,4,0.00,160.18,0.00,SJC
2606:4700:e:4d05:26f6:9846:e3ed:6f31,4,4,0.00,160.18,0.00,SJC
2606:4700:c:3cae:2d2a:cd21:453b:fce3,4,4,0.00,160.18,0.00,SJC
2606:4700:a:c528:4c54:4938:434f:4701,4,4,0.00,160.18,0.00,SJC
2606:4700:f:8383:b180:75b5:20f0:760a,4,4,0.00,160.18,0.00,SJC
2606:4700:3000:0:4e:4307:7889:a129,4,4,0.00,160.18,0.00,SJC
2606:4700:3002:fec3:8a0b:727:bcdd:2b7,4,4,0.00,160.18,0.00,SJC
2606:4700:c:5b:6bda:7fed:a55e:ac6d,4,4,0.00,160.19,0.00,SJC
2606:4700:d0:0:d5:9701:984d:2755,4,4,0.00,160.19,0.00,SJC
2606:4700:a:0:d863:f1ec:9dff:362e,4,4,0.00,160.19,0.00,SJC
2606:4700:0:d9cd:4012:a3b9:ca3e:762e,4,4,0.00,160.19,0.00,SJC
2606:4700:3009:5a:295d:98b3:6b46:10b1,4,4,0.00,160.19,0.00,SJC
2606:4700:d:0:5504:8d29:2579:72d6,4,4,0.00,160.20,0.00,SJC
2606:4700:0:5c07:fac3:6e19:c533:181e,4,4,0.00,160.20,0.00,SJC
2606:4700:d:1936:d562:292:ba85:6b90,4,4,0.00,160.20,0.00,SJC
2606:4700:a:c528:a5ff:9bef:c37:189c,4,4,0.00,160.20,0.00,SJC
2606:4700:3009:93e7:dc06:250:4723:7049,4,4,0.00,160.21,0.00,SJC
2606:4700:0:5ce0:b3d1:83ac:9e5f:4eb9,4,4,0.00,160.21,0.00,SJC
2606:4700:c:0:efda:a44c:9225:d5a1,4,4,0.00,160.21,0.00,SJC
2606:4700:d:1d:1e07:3911:fa44:d25f,4,4,0.00,160.21,0.00,SJC
2606:4700:a8:5e:1ec4:4ab6:c3:df10,4,4,0.00,160.21,0.00,SJC
2606:4700:0:88:54ba:300a:9858:b7f9,4,4,0.00,160.21,0.00,SJC
2606:4700:c:cefc:6378:cab5:4cf3:d3f0,4,4,0.00,160.22,0.00,SJC
2606:4700:a9:fafc:ad12:3c27:e2b:4e81,4,4,0.00,160.22,0.00,SJC
2606:4700:a8:bbaf:2086:ae3a:7d9b:b613,4,4,0.00,160.22,0.00,SJC
2606:4700:e:4d05:a1d2:954e:2fa0:1039,4,4,0.00,160.22,0.00,SJC
2606:4700:d:f7:c893:4ec2:d4cf:18c2,4,4,0.00,160.22,0.00,SJC
2606:4700:d1:d9:62c7:de09:7905:c640,4,4,0.00,160.22,0.00,SJC
2606:4700:c:3c32:80d1:3ea0:2a49:5459,4,4,0.00,160.22,0.00,SJC
2a06:98c1:58::9e:3ede:4a77,4,4,0.00,160.22,0.00,SJC
2606:4700:c:3cae:da32:f5d2:db:9aa9,4,4,0.00,160.22,0.00,SJC
2606:4700:a:c5fa:f8ee:7712:c311:c8c6,4,4,0.00,160.22,0.00,SJC
2606:4700:a8:a6:7a7:1da4:5f9b:c3a6,4,4,0.00,160.22,0.00,SJC
2606:4700:3004:b9:dcfc:2f02:b373:edf8,4,4,0.00,160.22,0.00,SJC
2606:4700:d1:d9:6234:bec3:567d:6d8b,4,4,0.00,160.22,0.00,SJC
2606:4700:a9:0:e3:932b:fa3b:b29d,4,4,0.00,160.22,0.00,SJC
2606:4700:a:8:f2c1:5a6e:c2b3:5102,4,4,0.00,160.22,0.00,SJC
2606:4700:f:8f:855a:7392:d9c1:b465,4,4,0.00,160.22,0.00,SJC
2606:4700:a9::d82f:5f59,4,4,0.00,160.22,0.00,SJC
2606:4700:3003:1329:f1a:2114:c1c8:749d,4,4,0.00,160.22,0.00,SJC
2606:4700:d0:56:e2d8:1d2c:d3ad:50f1,4,4,0.00,160.22,0.00,SJC
2606:4700:a1:d557:6494:d259:760:a96b,4,4,0.00,160.23,0.00,SJC
2606:4700:3009:0:8251:c69e:5cce:de70,4,4,0.00,160.23,0.00,SJC
2606:4700:a:0:af44:bb40:9b7c:eeb7,4,4,0.00,160.23,0.00,SJC
2606:4700:a8:5e:1e2d:15cd:7e9b:c1a1,4,4,0.00,160.23,0.00,SJC
2606:4700:3003:1329:5892:c076:c38a:e2de,4,4,0.00,160.23,0.00,SJC
2606:4700:3009:93b3:e942:4f56:4c50:f7bf,4,4,0.00,160.23,0.00,SJC
2606:4700:3008:f6:1ff4:6dad:d1d1:e605,4,4,0.00,160.23,0.00,SJC
2606:4700:3005::3c88:ca26:254f,4,4,0.00,160.23,0.00,SJC
2606:4700:d1:fa76:a44d:8848:ce2a:bac6,4,4,0.00,160.23,0.00,SJC
2606:4700:3005:ca:3abc:b7fa:cbbb:ab0d,4,4,0.00,160.23,0.00,SJC
2606:4700:3006:7690:9d77:9560:ecce:7aa,4,4,0.00,160.23,0.00,SJC
2606:4700:a1:d50b:465d:1b30:187f:50a3,4,4,0.00,160.23,0.00,SJC
2606:4700:3003:1329:589d:909a:e912:84e7,4,4,0.00,160.23,0.00,SJC
2606:4700:3003::ab:6b0b:73f6,4,4,0.00,160.23,0.00,SJC
2606:4700:3001:ef60:ae3b:fbbc:9adb:f00a,4,4,0.00,160.24,0.00,SJC
2a06:98c1:58:cb:3ece:4472:c2b0:d37a,4,4,0.00,160.24,0.00,SJC
2606:4700:a1:d50b:3f93:bbf7:73ba:6b0,4,4,0.00,160.24,0.00,SJC
2606:4700:3006:9:d99b:8845:306:1366,4,4,0.00,160.24,0.00,SJC
2606:4700:a9:fa6e:5f28:904e:10ae:3f48,4,4,0.00,160.24,0.00,SJC
2606:4700:d0:56:6280:e14a:d11f:3e59,4,4,0.00,160.24,0.00,SJC
2606:4700:b:e836:b773:89cc:8801:e310,4,4,0.00,160.24,0.00,SJC
2a06:98c1:58:8bba:2412:7266:2986:94b7,4,4,0.00,160.24,0.00,SJC
2606:4700:a9:fa7d:fd1f:5010:3eed:242b,4,4,0.00,160.24,0.00,SJC
2606:4700:a9:fafc:ad81:c71:7504:65e7,4,4,0.00,160.24,0.00,SJC
2606:4700:0:5ce0:7210:9ba3:8aa4:c184,4,4,0.00,160.24,0.00,SJC
2606:4700:3008:f6:165a:515e:3ad6:6ce,4,4,0.00,160.25,0.00,SJC
2606:4700:e:21:d488:d7a0:9126:c977,4,4,0.00,160.25,0.00,SJC
2606:4700:d:da45:a180:b619:9b8d:19c6,4,4,0.00,160.25,0.00,SJC
2606:4700:3008:f6:2fd:981d:b911:4bc8,4,4,0.00,160.25,0.00,SJC
2606:4700:e:4df4:b434:c88c:9ddb:c647,4,4,0.00,160.25,0.00,SJC
2606:4700:130:f7:c3c2:489e:c66c:22e7,4,4,0.00,160.25,0.00,SJC
2606:4700:e:77b9:a95c:f567:982:d981,4,4,0.00,160.25,0.00,SJC
2606:4700:d:1d:2b:3fc7:6fa6:7388,4,4,0.00,160.25,0.00,SJC
2606:4700:0:5c07:fa43:3b0e:4d3c:3f62,4,4,0.00,160.25,0.00,SJC
2606:4700:e:777d:b636:4c28:ab05:f19b,4,4,0.00,160.26,0.00,SJC
2a06:98c1:58:8bba:2412:7266:292c:1fa,4,4,0.00,160.26,0.00,SJC
2606:4700:b:da58:7463:8a8:1a16:7a60,4,4,0.00,160.26,0.00,SJC
2606:4700:e:57:b744:4204:95e:991b,4,4,0.00,160.26,0.00,SJC
2606:4700:e:57:b744:4204:f031:580a,4,4,0.00,160.26,0.00,SJC
2606:4700:e:77b9:9890:b4e9:f300:302c,4,4,0.00,160.26,0.00,SJC
2606:4700:a9::70:9e63,4,4,0.00,160.26,0.00,SJC
2606:4700:e:777d:b636:4c28:61b7:4712,4,4,0.00,160.26,0.00,SJC
2606:4700:a8:bbaf:2067:1e99:33d3:e610,4,4,0.00,160.26,0.00,SJC
2606:4700:c:ce56:4cdd:a369:c605:acb8,4,4,0.00,160.26,0.00,SJC
2606:4700:f:8383:71b:19bf:e0f7:2f4a,4,4,0.00,160.26,0.00,SJC
2a06:98c1:58:0:95bb:13b6:f14c:52aa,4,4,0.00,160.27,0.00,SJC
2606:4700:f:0:f6d0:8a1e:a4bd:d35e,4,4,0.00,160.27,0.00,SJC
2606:4700:3000:9b92:23b:43ff:488f:7d20,4,4,0.00,160.27,0.00,SJC
2606:4700:b::94:640:28a8,4,4,0.00,160.27,0.00,SJC
2606:4700:0:5ce0:b334:b239:1279:fa41,4,4,0.00,160.27,0.00,SJC
2606:4700:3008:71f2:810d:93ff:d5e9:7a83,4,4,0.00,160.27,0.00,SJC
2606:4700:d1:fa26:5ec0:2c7a:f915:5552,4,4,0.00,160.27,0.00,SJC
2606:4700:a9:cf:a07:f6b0:43eb:bc65,4,4,0.00,160.28,0.00,SJC
2606:4700:3009::1d5e:1d25:89e8,4,4,0.00,160.28,0.00,SJC
2606:4700:d1:d9:6234:cd15:783f:3a4b,4,4,0.00,160.28,0.00,SJC
2606:4700:b:0:ac:5a7e:f29c:37e4,4,4,0.00,160.28,0.00,SJC
2606:4700:3009:b966:e91c:d274:3f4b:dbdb,4,4,0.00,160.28,0.00,SJC
2606:4700:d0:1403:fbac:43b0:9272:5bfa,4,4,0.00,160.28,0.00,SJC
2606:4700:3000:0:9368:9096:ac8b:a095,4,4,0.00,160.28,0.00,SJC
2606:4700:3001:0:5b49:d96b:947c:28c5,4,4,0.00,160.28,0.00,SJC
2606:4700:a1:74:ae94:7e30:291:d178,4,4,0.00,160.28,0.00,SJC
2606:4700:b:da58:c78:9336:531c:a040,4,4,0.00,160.28,0.00,SJC
2606:4700:3006:7690:9d64:c869:8e18:1d4c,4,4,0.00,160.29,0.00,SJC
2606:4700:c:cefc:6378:f2c5:336c:e8cf,4,4,0.00,160.29,0.00,SJC
2606:4700:3004:0:9b48:645e:f4bb:70d0,4,4,0.00,160.29,0.00,SJC
2606:4700:e:4d05:2694:64f8:52dd:d9e6,4,4,0.00,160.29,0.00,SJC
2606:4700:d:1996:8f35:5694:5b10:ed0,4,4,0.00,160.29,0.00,SJC
2606:4700:e:4d05:a1d2:954e:2f1c:7f0d,4,4,0.00,160.29,0.00,SJC
2606:4700:3009:0:82b4:502d:4607:7234,4,4,0.00,160.29,0.00,SJC
2606:4700:d1:fa26:1235:6594:e08d:a15,4,4,0.00,160.30,0.00,SJC
2606:4700:c:ce56:4138:9d47:300f:d01a,4,4,0.00,160.30,0.00,SJC
2606:4700:3002:2a:ea2a:fb36:9aa5:5b89,4,4,0.00,160.30,0.00,SJC
2606:4700:f:8383:7a5:4d05:78c7:6e66,4,4,0.00,160.30,0.00,SJC
2606:4700:d0:56:7b16:9a:f91f:2d93,4,4,0.00,160.30,0.00,SJC
2606:4700:3009:a8:115a:7431:5fa5:e2f2,4,4,0.00,160.30,0.00,SJC
2606:4700:3008:0:19:c931:3542:33bf,4,4,0.00,160.30,0.00,SJC
2606:4700:3008:0:19:4ee3:dbca:6b2a,4,4,0.00,160.30,0.00,SJC
2606:4700:3003:13ee:bf90:28b:96ab:ea41,4,4,0.00,160.30,0.00,SJC
2606:4700:a:0:aff5:1efc:a6bf:4894,4,4,0.00,160.31,0.00,SJC
2606:4700:a::f472:cbb4:d990,4,4,0.00,160.31,0.00,SJC
2a06:98c1:58:74:69a:ea50:b3d0:9174,4,4,0.00,160.31,0.00,SJC
2606:4700:3009:b966:7994:17de:8569:2806,4,4,0.00,160.31,0.00,SJC
2606:4700:e:4df4:b402:4316:4cc9:bb77,4,4,0.00,160.31,0.00,SJC
2606:4700:3003:1329:fa4:ce29:8ff9:d07,4,4,0.00,160.31,0.00,SJC
2606:4700:d0:0:d4:71fc:49e0:f872,4,4,0.00,160.31,0.00,SJC
2606:4700:3008:f6:25e:8004:ecd1:acd4,4,4,0.00,160.31,0.00,SJC
2606:4700:3001:0:78:948a:8fc8:39b5,4,4,0.00,160.31,0.00,SJC
2a06:98c1:58:8b36:e49d:1a66:b257:7624,4,4,0.00,160.31,0.00,SJC
2606:4700:e:4d05:a1d2:95f7:160a:8124,4,4,0.00,160.31,0.00,SJC
2a06:98c1:58:cb:e0a1:5f7:d6c0:eaba,4,4,0.00,160.31,0.00,SJC
2606:4700:f:8383:7aa:a1e:28a3:cc69,4,4,0.00,160.32,0.00,SJC
2606:4700:3001:0:5bf3:630a:51ab:316,4,4,0.00,160.32,0.00,SJC
2606:4700:c:3cae:c0c7:7401:b7e1:8902,4,4,0.00,160.32,0.00,SJC
2606:4700:a::743a:fab:6c62,4,4,0.00,160.32,0.00,SJC
2606:4700:c:cefc:63ab:a9ed:be9f:22ad,4,4,0.00,160.32,0.00,SJC
2606:4700:a8:bbaf:2086:ae95:a4c2:c9b5,4,4,0.00,160.32,0.00,SJC
2606:4700:3006:7690:9d64:c890:7602:207c,4,4,0.00,160.32,0.00,SJC
2606:4700:3000:ac:7538:3c75:3720:6f7d,4,4,0.00,160.32,0.00,SJC
2606:4700:3000:9b92:29c:11d7:e9f0:4f0c,4,4,0.00,160.32,0.00,SJC
2606:4700:3007:d3b6:ded9:af5d:87f2:949b,4,4,0.00,160.32,0.00,SJC
2606:4700:a8:a6:d7f1:6417:2c6:e3de,4,4,0.00,160.32,0.00,SJC
2606:4700:0:88:54ba:edf6:111c:7397,4,4,0.00,160.32,0.00,SJC
2606:4700:d1:d9:5851:d7f7:335d:6b3b,4,4,0.00,160.32,0.00,SJC
2606:4700:d1:0:1:4c06:2727:4339,4,4,0.00,160.32,0.00,SJC
2606:4700:f:bdfe:55c4:4110:17a:f70f,4,4,0.00,160.33,0.00,SJC
2606:4700:a::ff:82bb:8a1d,4,4,0.00,160.33,0.00,SJC
2a06:98c1:58::d313:18a1:7301,4,4,0.00,160.33,0.00,SJC
2606:4700:0:d923:c357:bb:9816:a3c,4,4,0.00,160.33,0.00,SJC
2606:4700:0:5ce0:d3b3:d988:f13:c3,4,4,0.00,160.33,0.00,SJC
2606:4700:e:4df4:b402:43d5:c246:1a03,4,4,0.00,160.33,0.00,SJC
2606:4700:e:4df4:b434:c803:3046:f9c6,4,4,0.00,160.33,0.00,SJC
2606:4700:c:3cae:c0c7:7406:be48:e166,4,4,0.00,160.34,0.00,SJC
2606:4700:a1:74:ae78:c269:2b63:a3a2,4,4,0.00,160.34,0.00,SJC
2606:4700:130:f7:3221:877b:339c:4476,4,4,0.00,160.34,0.00,SJC
2606:4700:3000::cdf:8f44:3bbb,4,4,0.00,160.34,0.00,SJC
2606:4700:3000:ac:707d:68f2:f69a:4f7d,4,4,0.00,160.34,0.00,SJC
2606:4700:0:5c07:fa3e:ea26:5d55:6182,4,4,0.00,160.34,0.00,SJC
2606:4700:3004:cc58:3357:a668:e63d:7e7,4,4,0.00,160.34,0.00,SJC
2606:4700:3007:d4:15ef:6f8d:6dcb:fa5c,4,4,0.00,160.34,0.00,SJC
2606:4700:3003:13ee:888f:95e2:3f7e:d144,4,4,0.00,160.34,0.00,SJC
2606:4700:3004::e8:dde5,4,4,0.00,160.34,0.00,SJC
2606:4700:3008:f6:1f0c:d077:bb9c:90a4,4,4,0.00,160.34,0.00,SJC
2606:4700:3009:b966:7969:24db:e045:edfa,4,4,0.00,160.35,0.00,SJC
2606:4700:3000::8591:8d03:5e70,4,4,0.00,160.35,0.00,SJC
2606:4700:c:0:ef6e:7143:3f1c:8620,4,4,0.00,160.35,0.00,SJC
2606:4700:a9:0:be3c:ab88:9420:6125,4,4,0.00,160.35,0.00,SJC
2606:4700:3004:cc58:f3ad:459f:63db:3b8e,4,4,0.00,160.35,0.00,SJC
2606:4700:d:1996:dad9:93f6:c2c5:3cc1,4,4,0.00,160.35,0.00,SJC
2606:4700:3003:13ee:db5:5bed:9e72:715c,4,4,0.00,160.35,0.00,SJC
2606:4700:3001:0:5bf3:d678:836e:5bbb,4,4,0.00,160.35,0.00,SJC
2606:4700:3004::11fa:8fed:7bf2,4,4,0.00,160.36,0.00,SJC
2606:4700:e:777d:b636:4c28:92b4:11d1,4,4,0.00,160.36,0.00,SJC
2606:4700:3006:9:d132:ef3c:20e1:7491,4,4,0.00,160.36,0.00,SJC
2606:4700:a:8:f27f:446:8e09:25ea,4,4,0.00,160.36,0.00,SJC
2606:4700:a9:cf:a7e:2516:1c9e:4c34,4,4,0.00,160.36,0.00,SJC
2606:4700:3005:376f:1cd2:fb70:2869:4489,4,4,0.00,160.36,0.00,SJC
2606:4700:d0:1403:f10e:28a4:4016:9e9,4,4,0.00,160.36,0.00,SJC
2606:4700:3001:ef60:629d:87a7:d06e:513,4,4,0.00,160.36,0.00,SJC
2606:4700:a:e4:4c2f:bd2f:f59d:b616,4,4,0.00,160.37,0.00,SJC
2606:4700:a:4267:8936:8b61:474a:735,4,4,0.00,160.37,0.00,SJC
2606:4700:c:5b:6b82:bee7:9fa6:aca8,4,4,0.00,160.37,0.00,SJC
2606:4700:a:8:6d4:d5c7:7292:e49a,4,4,0.00,160.37,0.00,SJC
2606:4700:d0:1403:f10e:af48:dec6:2cc7,4,4,0.00,160.37,0.00,SJC
2606:4700:d:1d:1eaf:3bf2:6844:dd6,4,4,0.00,160.37,0.00,SJC
2606:4700:d0:1473:d37b:62d0:3592:667e,4,4,0.00,160.37,0.00,SJC
2606:4700:c:3c32:80e0:3b41:5bed:9594,4,4,0.00,160.37,0.00,SJC
2606:4700:3008:f6:25e:8004:f07d:6e6e,4,4,0.00,160.37,0.00,SJC
2a06:98c1:58:74:f888:b97:421b:5937,4,4,0.00,160.37,0.00,SJC
2606:4700:d1:fa26:12e5:919a:8ab0:2b21,4,4,0.00,160.37,0.00,SJC
2606:4700:e:57:5863:5693:5aec:f3c6,4,4,0.00,160.37,0.00,SJC
2606:4700:a9:fa7d:fd1f:507b:7e7c:6d58,4,4,0.00,160.37,0.00,SJC
2606:4700:a1::92:3b9b:fbc4,4,4,0.00,160.37,0.00,SJC
2606:4700:a1::92:3bbc:a124,4,4,0.00,160.37,0.00,SJC
2606:4700:3008:0:b586:8b1d:a38f:7665,4,4,0.00,160.37,0.00,SJC
2606:4700:3004:b9:dc32:5e5c:8495:2bae,4,4,0.00,160.37,0.00,SJC
2606:4700:a:c528:a558:6903:7601:3933,4,4,0.00,160.37,0.00,SJC
2606:4700:e:77b9:9890:4176:e4b4:6d97,4,4,0.00,160.37,0.00,SJC
2606:4700:a8:a6:d744:f419:329c:c6a8,4,4,0.00,160.37,0.00,SJC
2606:4700:f:0:4352:59b3:295b:fa,4,4,0.00,160.38,0.00,SJC
2606:4700:a8::bab5:2347:c51e,4,4,0.00,160.38,0.00,SJC
2606:4700:d:f7:24c4:df21:c26a:3803,4,4,0.00,160.38,0.00,SJC
2606:4700:3007::e5ef:2012,4,4,0.00,160.38,0.00,SJC
2606:4700:c:5b:6b79:caaf:cc59:426a,4,4,0.00,160.38,0.00,SJC
2606:4700:3003:13ee:888f:95e2:dbcb:fccb,4,4,0.00,160.38,0.00,SJC
2606:4700:3006::3f:5bb7:64e3,4,4,0.00,160.38,0.00,SJC
2606:4700:3005:0:ce9a:e4f0:8f80:af4d,4,4,0.00,160.38,0.00,SJC
2606:4700:3001:0:54:ffff:ecd5:70bd,4,4,0.00,160.38,0.00,SJC
2606:4700:a:e4:4c2f:8d10:7db7:7c83,4,4,0.00,160.38,0.00,SJC
2606:4700:d1:d9:588b:f2f5:a810:262b,4,4,0.00,160.39,0.00,SJC
2606:4700:f:8383:7aa:a59:1432:5b61,4,4,0.00,160.39,0.00,SJC
2606:4700:3009:93e7:dc06:8c2d:14cd:f4ef,4,4,0.00,160.39,0.00,SJC
2606:4700:0:d9cd:4012:a322:1fbc:79a9,4,4,0.00,160.39,0.00,SJC
2606:4700:a1:2f:93bc:5687:1a39:2ca1,4,4,0.00,160.39,0.00,SJC
2606:4700:b:a9:90d6:3b8d:4378:d9d2,4,4,0.00,160.39,0.00,SJC
2606:4700:a:8:2b85:8b27:4c83:99c6,4,4,0.00,160.39,0.00,SJC
2606:4700:b:a9:90d6:9fbf:9d92:33d5,4,4,0.00,160.39,0.00,SJC
2606:4700:a8:bbaf:2067:4910:16d9:caf8,4,4,0.00,160.39,0.00,SJC
2606:4700:c:ce56:4c17:516c:8426:445c,4,4,0.00,160.39,0.00,SJC
2606:4700:3009:b966:7969:2455:d5f2:fe70,4,4,0.00,160.39,0.00,SJC
2606:4700:3003:cd:2d98:349a:e56f:d83d,4,4,0.00,160.40,0.00,SJC
2606:4700:3002:fec3:8a0b:7aa0:7583:aeb0,4,4,0.00,160.40,0.00,SJC
2606:4700:3001:0:5bf3:63c1:c1c:2c77,4,4,0.00,160.40,0.00,SJC
2606:4700:0:5ce0:7210:9b7c:cdc8:5b64,4,4,0.00,160.40,0.00,SJC
2606:4700:3006:7690:9d77:3281:39a7:a235,4,4,0.00,160.40,0.00,SJC
2606:4700:3006:7690:9d77:3281:399f:a54,4,4,0.00,160.40,0.00,SJC
2606:4700:3009:93b3:e901:58a3:4f3a:20b6,4,4,0.00,160.40,0.00,SJC
2606:4700:3001:bb:70f1:a067:9a80:8642,4,4,0.00,160.41,0.00,SJC
2606:4700:e::89:4894:eb7f,4,4,0.00,160.41,0.00,SJC
2606:4700:b:a9:90d6:9fbf:10cc:a58c,4,4,0.00,160.41,0.00,SJC
2a06:98c1:58:0:ea:9e3b:5048:5bc,4,4,0.00,160.41,0.00,SJC
2606:4700:3006:0:f7:389a:5ee3:9791,4,4,0.00,160.41,0.00,SJC
2606:4700:0:5c07:fac3:6ec7:470c:b7d4,4,4,0.00,160.41,0.00,SJC
2606:4700:0:5ce0:7210:dab0:fc84:8e95,4,4,0.00,160.41,0.00,SJC
2606:4700:3008:71f2:18c9:c273:3909:4452,4,4,0.00,160.41,0.00,SJC
2606:4700:b:da58:7463:19c9:ea6a:878c,4,4,0.00,160.41,0.00,SJC
2606:4700:3002:2a:ea92:7dc3:e32:9c9b,4,4,0.00,160.41,0.00,SJC
2a06:98c1:58:8bba:9ab0:6b92:4ac2:62f1,4,4,0.00,160.41,0.00,SJC
2606:4700:3009:937e:c650:9784:649b:a1c6,4,4,0.00,160.41,0.00,SJC
2606:4700:c:5b:58cf:a9cf:e40a:90d0,4,4,0.00,160.41,0.00,SJC
2606:4700:a:0:af44:bb40:9b6f:751d,4,4,0.00,160.41,0.00,SJC
2606:4700:3003:1329:584c:b59b:b859:3971,4,4,0.00,160.42,0.00,SJC
2606:4700:130:0:59a5:f4ff:5820:2853,4,4,0.00,160.42,0.00,SJC
2606:4700:c:ce56:4cdd:eb62:f2c4:2b2c,4,4,0.00,160.42,0.00,SJC
2606:4700:3001:0:5bf3:ec91:a3a:c685,4,4,0.00,160.42,0.00,SJC
2606:4700:a:8:f27f:446:558c:c090,4,4,0.00,160.42,0.00,SJC
2606:4700:d0:56:68dc:1078:e052:ca34,4,4,0.00,160.42,0.00,SJC
2606:4700:3000:0:9368:5292:64ed:42c5,4,4,0.00,160.42,0.00,SJC
2606:4700:f:bdfe:55c4:4110:169:a8ab,4,4,0.00,160.42,0.00,SJC
2606:4700:3004::fb17,4,4,0.00,160.42,0.00,SJC
2606:4700:3002:2a:ea2a:fb36:d109:26a9,4,4,0.00,160.43,0.00,SJC
2606:4700:0:5c07:fa3e:6b27:f51b:f161,4,4,0.00,160.43,0.00,SJC
2606:4700:d:1996:da17:d28a:91b9:cd80,4,4,0.00,160.43,0.00,SJC
2606:4700:3000:9b92:5def:afc2:7124:b47b,4,4,0.00,160.43,0.00,SJC
2606:4700:e:0:5c81:74e0:4a04:6729,4,4,0.00,160.43,0.00,SJC
2606:4700:0:d923:495c:6690:59e3:2738,4,4,0.00,160.43,0.00,SJC
2a06:98c1:58:8bba:f594:ec51:98a1:8c88,4,4,0.00,160.43,0.00,SJC
2606:4700:d:da45:a180:2e59:f4b9:3064,4,4,0.00,160.43,0.00,SJC
2606:4700:f:0:f6d0:8a1e:f2eb:deab,4,4,0.00,160.43,0.00,SJC
2606:4700:3008:f6:1ff4:6dad:d194:928d,4,4,0.00,160.43,0.00,SJC
2606:4700:0:5ce0:7210:9ba3:b743:d293,4,4,0.00,160.43,0.00,SJC
2606:4700:0:d923:4945:197e:e217:6fb4,4,4,0.00,160.43,0.00,SJC
2606:4700:3009:b966:e976:ea44:9a60:8972,4,4,0.00,160.44,0.00,SJC
2606:4700:3002:0:89:fc9c:8758:d08b,4,4,0.00,160.44,0.00,SJC
2606:4700:a1:0:ba:7314:e1b0:5473,4,4,0.00,160.44,0.00,SJC
2606:4700:3000:9b92:228:6bf:2391:aa94,4,4,0.00,160.44,0.00,SJC
2606:4700:a:c528:a558:6c4b:b020:164f,4,4,0.00,160.44,0.00,SJC
2606:4700:3008:71f2:18a4:567e:e814:f4f7,4,4,0.00,160.44,0.00,SJC
2606:4700:3002:28:f530:b2f2:33c8:7d80,4,4,0.00,160.44,0.00,SJC
2a06:98c1:58::f7ed:b53b,4,4,0.00,160.44,0.00,SJC
2606:4700:d0:0:d4:b7ad:3ecf:516e,4,4,0.00,160.44,0.00,SJC
2606:4700:0:5ce0:d3b3:d9d2:e9a2:6429,4,4,0.00,160.45,0.00,SJC
2606:4700:d:f7:24c4:5575:342a:dac5,4,4,0.00,160.45,0.00,SJC
2606:4700:3008:f6:1f0c:32e1:f394:5740,4,4,0.00,160.45,0.00,SJC
2606:4700:a:8:f27f:446:5538:a6d2,4,4,0.00,160.45,0.00,SJC
2606:4700:0:d923:c32a:a06d:b09a:4882,4,4,0.00,160.45,0.00,SJC
2606:4700:c:3c32:80d1:3ea4:7406:18dd,4,4,0.00,160.45,0.00,SJC
2606:4700:3000:0:9349:24e4:1ec:c5c6,4,4,0.00,160.46,0.00,SJC
2606:4700:c:3cae:2db1:7be2:c87d:3bf4,4,4,0.00,160.46,0.00,SJC
2606:4700:a8:bbaf:2067:496e:6f7f:a672,4,4,0.00,160.46,0.00,SJC
2606:4700:c:5b:58cf:c7c9:63ed:c153,4,4,0.00,160.46,0.00,SJC
2606:4700:3005:ca:20ff:ab9d:76be:ccfb,4,4,0.00,160.46,0.00,SJC
2606:4700:d:da45:a180:b619:c0b7:233,4,4,0.00,160.46,0.00,SJC
2606:4700:b:0:ac:e9a3:55e4:2be6,4,4,0.00,160.46,0.00,SJC
2606:4700:0:d923:49e4:e76d:7562:9ed7,4,4,0.00,160.46,0.00,SJC
2606:4700:0:7129:740d:b19a:cc2a:3643,4,4,0.00,160.46,0.00,SJC
2606:4700:3001:0:54:ff0a:81db:6816,4,4,0.00,160.47,0.00,SJC
2606:4700:b:da58:7463:1938:e0b8:e6c8,4,4,0.00,160.47,0.00,SJC
2606:4700:d0:56:7b16:29a6:c43:1803,4,4,0.00,160.47,0.00,SJC
2606:4700:f:bdfe:5575:acd7:90da:f1cb,4,4,0.00,160.47,0.00,SJC
2606:4700:3004:0:9b0c:bf2c:f310:1b9c,4,4,0.00,160.47,0.00,SJC
2606:4700:3005:0:f9:e838:5393:182d,4,4,0.00,160.48,0.00,SJC
2606:4700:3005:376f:1c48:3b01:6568:7428,4,4,0.00,160.48,0.00,SJC
2606:4700:a:4267:89f7:e5bd:25b1:6bba,4,4,0.00,160.48,0.00,SJC
2606:4700:3000:9b92:2fb:b1e4:8557:f8f4,4,4,0.00,160.48,0.00,SJC
2606:4700:130:f7:c3c2:48c0:b450:716e,4,4,0.00,160.48,0.00,SJC
2606:4700:a1:0:ba:7314:8e38:d7f5,4,4,0.00,160.48,0.00,SJC
2606:4700:d1:fa26:5ec0:2cbf:e5e6:2f45,4,4,0.00,160.48,0.00,SJC
2606:4700:d:1d:2b:3ff9:a1d:b453,4,4,0.00,160.48,0.00,SJC
2a06:98c1:58:8b10:f62b:544a:81ee:ad69,4,4,0.00,160.49,0.00,SJC
2606:4700:a8:a6:7d2:6de2:b2a:1996,4,4,0.00,160.49,0.00,SJC
2606:4700:c:ce56:4c17:516c:667:b381,4,4,0.00,160.49,0.00,SJC
2a06:98c1:58:0:ea:9e7f:4b17:9ea7,4,4,0.00,160.49,0.00,SJC
2606:4700:0:88:54ba:edf6:c8e4:95eb,4,4,0.00,160.49,0.00,SJC
2606:4700:0:d923:c357:bc:113d:ae0d,4,4,0.00,160.49,0.00,SJC
2606:4700:a9:cf:a07:47b2:ecb1:3619,4,4,0.00,160.49,0.00,SJC
2606:4700:a8:bb96:1fef:c98f:7f7a:3d5,4,4,0.00,160.50,0.00,SJC
2606:4700:130:0:d00a:41aa:e773:8040,4,4,0.00,160.50,0.00,SJC
2606:4700:a:c528:a50d:a6e2:2892:1667,4,4,0.00,160.50,0.00,SJC
2606:4700:130:0:59ee:60fa:6ade:9077,4,4,0.00,160.50,0.00,SJC
2606:4700:a:0:d863:18e3:db91:b69e,4,4,0.00,160.50,0.00,SJC
2606:4700:c:cefc:6378:92:15ef:9425,4,4,0.00,160.50,0.00,SJC
2606:4700:3009:a8:69bd:e9b3:e51b:9f6c,4,4,0.00,160.50,0.00,SJC
2606:4700:b:e836:b718:b0d4:92d9:527,4,4,0.00,160.50,0.00,SJC
2606:4700:d:1996:8f35:b28c:d61f:127b,4,4,0.00,160.50,0.00,SJC
2606:4700:3003:cd:2d8e:2d95:886:1e9c,4,4,0.00,160.50,0.00,SJC
2606:4700:c:ce56:4cdd:a369:dc99:ae63,4,4,0.00,160.50,0.00,SJC
2606:4700:3004:cc58:f3ad:45b9:3bb0:5563,4,4,0.00,160.50,0.00,SJC
2606:4700:d1:fa26:12d6:d6fc:b2dc:bb61,4,4,0.00,160.50,0.00,SJC
2606:4700:a1:0:ba:7314:af6:56ef,4,4,0.00,160.50,0.00,SJC
2606:4700:3007:0:853a:5447:81a6:10b9,4,4,0.00,160.50,0.00,SJC
2606:4700:d0:56:7b16:29a6:cbf:4c19,4,4,0.00,160.51,0.00,SJC
2606:4700:d:1936:d562:f1c3:5930:df58,4,4,0.00,160.51,0.00,SJC
2606:4700:3002:28:f530:b2f2:6be2:8524,4,4,0.00,160.51,0.00,SJC
2606:4700:b:da58:c78:9351:d31f:ab4,4,4,0.00,160.51,0.00,SJC
2606:4700:c:0:83:5bdc:6ee7:3c,4,4,0.00,160.51,0.00,SJC
2606:4700:3004:cc58:62e9:f762:76f5:105e,4,4,0.00,160.51,0.00,SJC
2606:4700:c:5b:6b79:caaf:20b:8dc7,4,4,0.00,160.51,0.00,SJC
2606:4700:a1:d50b:465d:a00d:62e0:c607,4,4,0.00,160.51,0.00,SJC
2606:4700:3004:ac9d:a78f:2200:ddde:a2e5,4,4,0.00,160.51,0.00,SJC
2606:4700:3004:cc9f:617e:39d9:adbd:c2d9,4,4,0.00,160.51,0.00,SJC
2606:4700:3003:13ee:888f:95e2:db10:ec50,4,4,0.00,160.51,0.00,SJC
2606:4700:0:5c07:fa3e:b6:3337:9307,4,4,0.00,160.52,0.00,SJC
2606:4700:3004:cc9f:617e:9aec:5e2a:4e71,4,4,0.00,160.52,0.00,SJC
2606:4700:3005:ca:2cba:b2b4:4c99:2962,4,4,0.00,160.52,0.00,SJC
2606:4700:3006:9:62ca:eff2:9305:901e,4,4,0.00,160.52,0.00,SJC
2606:4700:3001:d4:673f:2d4d:8fa0:ae1d,4,4,0.00,160.52,0.00,SJC
2606:4700:3009:0:82b4:2e33:65db:9b9,4,4,0.00,160.52,0.00,SJC
2606:4700:130:0:d0cd:d455:d484:fcef,4,4,0.00,160.52,0.00,SJC
2606:4700:e:4df4:b4ed:8a26:b296:bb85,4,4,0.00,160.52,0.00,SJC
2606:4700:a:8:632:1d7:8c18:4d3f,4,4,0.00,160.52,0.00,SJC
2a06:98c1:58:8bba:24ce:2daa:445f:ad2,4,4,0.00,160.53,0.00,SJC
2606:4700:a::95c6:98bc:6d2e,4,4,0.00,160.53,0.00,SJC
2606:4700:a:c528:4c83:4707:114c:b310,4,4,0.00,160.53,0.00,SJC
2606:4700:e:b3:5fb9:917b:d435:589c,4,4,0.00,160.53,0.00,SJC
2606:4700:d1:d9:e0bd:821c:3b39:780f,4,4,0.00,160.53,0.00,SJC
2606:4700:b:da58:7463:19c9:b12c:d34c,4,4,0.00,160.53,0.00,SJC
2606:4700:130:f7:3221:df9b:837:913d,4,4,0.00,160.53,0.00,SJC
2606:4700:0:5ce0:d3b3:d9d2:5c25:8548,4,4,0.00,160.53,0.00,SJC
2606:4700:e:0:ce95:7817:d520:c759,4,4,0.00,160.54,0.00,SJC
2606:4700:e:57:b744:c5f7:205:c11b,4,4,0.00,160.54,0.00,SJC
2606:4700:3004:cc58:625f:b7ba:b783:51e0,4,4,0.00,160.54,0.00,SJC
2606:4700:b:0:ac:e9a3:5750:2a22,4,4,0.00,160.54,0.00,SJC
2606:4700:130:0:afc8:3e6c:b95f:71c0,4,4,0.00,160.54,0.00,SJC
2606:4700:d0:1473:4e02:e0ea:74e3:e08f,4,4,0.00,160.54,0.00,SJC
2606:4700:3003:1329:584c:b59b:b82b:208,4,4,0.00,160.54,0.00,SJC
2606:4700:3004::11fa:46c:ebb3,4,4,0.00,160.54,0.00,SJC
2606:4700:a8:bb96:1f85:1031:e81b:76f8,4,4,0.00,160.54,0.00,SJC
2606:4700:c:3cae:2db1:2bb:1cbb:2bce,4,4,0.00,160.55,0.00,SJC
2606:4700:3001:d4:673f:2d42:a20d:102a,4,4,0.00,160.55,0.00,SJC
2606:4700:a8:a6:d7a4:1ef8:c093:c62a,4,4,0.00,160.55,0.00,SJC
2606:4700:a1:d50b:6952:d41a:18c2:23b9,4,4,0.00,160.55,0.00,SJC
2606:4700:3008:f6:1ff4:ff76:bd76:47ae,4,4,0.00,160.55,0.00,SJC
2606:4700:130:0:59a5:2b8f:864:ec2b,4,4,0.00,160.55,0.00,SJC
2606:4700:a:c528:a50d:a602:3bfa:e2c6,4,4,0.00,160.55,0.00,SJC
2606:4700:3007:d4:158c:79c8:89f8:398b,4,4,0.00,160.55,0.00,SJC
2a06:98c1:58:8b10:f6ff:1b81:89e6:a007,4,4,0.00,160.55,0.00,SJC
2606:4700:a8:a6:759:2722:d06f:f557,4,4,0.00,160.55,0.00,SJC
2606:4700:3005:ca:2c52:4969:a819:5d3f,4,4,0.00,160.55,0.00,SJC
2606:4700:a8:bbaf:2086:ae31:3b4e:f638,4,4,0.00,160.56,0.00,SJC
2606:4700:3005:ca:2cba:1606:3e33:2efe,4,4,0.00,160.56,0.00,SJC
2606:4700:d:1996:da17:60cc:1ca4:412d,4,4,0.00,160.56,0.00,SJC
2606:4700:d1:d9:62c7:de09:79c6:830b,4,4,0.00,160.56,0.00,SJC
2606:4700:a:0:d863:180a:6a1d:e989,4,4,0.00,160.56,0.00,SJC
2606:4700:3003:bad2:6f78:570c:47e:79ea,4,4,0.00,160.56,0.00,SJC
2606:4700:c:3c32:35aa:35ba:d8e:25d9,4,4,0.00,160.56,0.00,SJC
2606:4700:0:d9cd:4012:a3b9:19db:5f07,4,4,0.00,160.56,0.00,SJC
2606:4700:3005:ca:2c89:2fac:b305:112c,4,4,0.00,160.56,0.00,SJC
2606:4700:a1:d557:64a8:6a83:6317:c6a0,4,4,0.00,160.56,0.00,SJC
2606:4700:a9:fafc:ad81:a0ac:49b1:e2c,4,4,0.00,160.57,0.00,SJC
2a06:98c1:58:8b10:e64:a455:2e1c:32b4,4,4,0.00,160.57,0.00,SJC
2606:4700:c:cefc:6378:cab5:1210:fb91,4,4,0.00,160.57,0.00,SJC
2606:4700:b:a9:90d6:9fbf:9dcf:9db5,4,4,0.00,160.57,0.00,SJC
2606:4700:130::6e0a:82b3:ae41,4,4,0.00,160.57,0.00,SJC
2606:4700:3006:0:f4:3f86:ccde:68f3,4,4,0.00,160.57,0.00,SJC
2606:4700:a8:bbaf:2064:558d:e5f4:602a,4,4,0.00,160.57,0.00,SJC
2606:4700:3003:cd:9afd:340d:626b:999f,4,4,0.00,160.57,0.00,SJC
2606:4700:d0:1473:a465:442b:3227:9f84,4,4,0.00,160.57,0.00,SJC
2606:4700:3009:3d:ae29:eb84:603f:6aaf,4,4,0.00,160.57,0.00,SJC
2606:4700:a9:fa7d:5b1c:2752:c7c4:1ebe,4,4,0.00,160.57,0.00,SJC
2606:4700:130:0:d00a:d1a0:471f:cd8d,4,4,0.00,160.57,0.00,SJC
2606:4700:d0:14e8:6e39:86bb:d1bc:da8c,4,4,0.00,160.57,0.00,SJC
2606:4700:d0:14e8:19c3:15a0:1880:7f93,4,4,0.00,160.57,0.00,SJC
2606:4700:0:5ce0:7210:9ba3:b742:5ead,4,4,0.00,160.58,0.00,SJC
2606:4700:3002:2a:ea4a:c984:bf7:b640,4,4,0.00,160.58,0.00,SJC
2606:4700:b:e836:3474:9fd0:33b7:a610,4,4,0.00,160.58,0.00,SJC
2606:4700:3001:0:78:df17:2506:67c7,4,4,0.00,160.58,0.00,SJC
2606:4700:3005:0:f7:dc3f:af70:f97c,4,4,0.00,160.58,0.00,SJC
2a06:98c1:58:74:f8eb:d512:33e1:d2f1,4,4,0.00,160.58,0.00,SJC
2606:4700:3005:0:f7:dc81:2f63:e77e,4,4,0.00,160.58,0.00,SJC
2606:4700:3000:9b92:5def:afd8:5679:5a72,4,4,0.00,160.58,0.00,SJC
2606:4700:d:f7:c893:4ec2:e538:f479,4,4,0.00,160.58,0.00,SJC
2606:4700:3004:0:9b0c:bf2c:f86f:5ee2,4,4,0.00,160.58,0.00,SJC
2606:4700:d1:fa26:127e:2857:8a5f:f46f,4,4,0.00,160.58,0.00,SJC
2606:4700:3001:0:54:ffff:13d7:25e1,4,4,0.00,160.58,0.00,SJC
2606:4700:e:77b9:9890:5969:174b:e23c,4,4,0.00,160.58,0.00,SJC
2606:4700:3003::2d:64e2:51da,4,4,0.00,160.58,0.00,SJC
2606:4700:130::60:24b6,4,4,0.00,160.59,0.00,SJC
2606:4700:d1:d9:6234:3375:8d42:9ba4,4,4,0.00,160.59,0.00,SJC
2606:4700:d1:d9:62c7:e6a6:6145:bb46,4,4,0.00,160.59,0.00,SJC
2606:4700:a1:74:ae78:3017:34a3:d98b,4,4,0.00,160.59,0.00,SJC
2606:4700:3000:9b92:29c:b90f:7ba6:1a77,4,4,0.00,160.59,0.00,SJC
2606:4700:3008:f6:165a:5121:5c20:2d8c,4,4,0.00,160.59,0.00,SJC
2606:4700:d0:14e8:199d:48eb:3aed:207e,4,4,0.00,160.59,0.00,SJC
2a06:98c1:58:8bba:24ce:2daa:4407:6617,4,4,0.00,160.59,0.00,SJC
2606:4700:3004:5c:fa4b:a63:2dee:dc5c,4,4,0.00,160.59,0.00,SJC
2606:4700:3000:9b92:fbd4:6229:d291:557e,4,4,0.00,160.59,0.00,SJC
2606:4700:3001:d4:6702:1d76:8c63:9e5f,4,4,0.00,160.60,0.00,SJC
2606:4700:3009:a8:69db:12d0:46d9:ab2c,4,4,0.00,160.60,0.00,SJC
2606:4700:a8:a6:d7a4:417:bc8f:2a68,4,4,0.00,160.60,0.00,SJC
2606:4700:d1:d9:6234:583c:811a:9a59,4,4,0.00,160.60,0.00,SJC
2606:4700:0:5ce0:7241:d762:11b6:32e9,4,4,0.00,160.60,0.00,SJC
2606:4700:a1:0:ba:7314:8eea:fb21,4,4,0.00,160.60,0.00,SJC
2606:4700:0:d923:c357:bc:11f6:7365,4,4,0.00,160.60,0.00,SJC
2606:4700:3003:cd:2dd0:7235:1737:4a35,4,4,0.00,160.60,0.00,SJC
2606:4700:c:cefc:db5:3018:af3:afa3,4,4,0.00,160.60,0.00,SJC
2606:4700:3009:0:82b4:5016:6090:70d,4,4,0.00,160.60,0.00,SJC
2606:4700:c::633e,4,4,0.00,160.60,0.00,SJC
2606:4700:d1:873a:734a:b9c7:c947:c77,4,4,0.00,160.60,0.00,SJC
2606:4700:3001:0:5bf3:ec91:a79:5844,4,4,0.00,160.61,0.00,SJC
2606:4700:3004:ac9d:a78f:c7fd:7fd2:cef2,4,4,0.00,160.61,0.00,SJC
2606:4700:a8:bbaf:7e7b:8d9b:8c3c:3df9,4,4,0.00,160.61,0.00,SJC
2606:4700:e:0:5c81:76ef:1064:1796,4,4,0.00,160.61,0.00,SJC
2606:4700:a:8:f27f:3ef5:61d9:8fbc,4,4,0.00,160.61,0.00,SJC
2606:4700:e:0:cef7:7d29:df2a:f6aa,4,4,0.00,160.61,0.00,SJC
2606:4700:d0:0:d4:7152:4ef2:9274,4,4,0.00,160.61,0.00,SJC
2606:4700:3001:0:5b49:d96b:94af:fc40,4,4,0.00,160.61,0.00,SJC
2606:4700:e:777d:3aa9:cb74:db3a:82e2,4,4,0.00,160.61,0.00,SJC
2606:4700:a8:a6:7a7:1da4:22d5:143c,4,4,0.00,160.62,0.00,SJC
2606:4700:0:88:54cc:ded6:2027:c68a,4,4,0.00,160.62,0.00,SJC
2606:4700:3009:93b3:e942:4f56:dde6:9d02,4,4,0.00,160.62,0.00,SJC
2606:4700:a:4267:89cd:53cf:1a90:1480,4,4,0.00,160.62,0.00,SJC
2a06:98c1:58:8bba:9ab0:6b23:339a:fed1,4,4,0.00,160.62,0.00,SJC
2606:4700:3008:f6:2fd:301f:dd59:c3fd,4,4,0.00,160.62,0.00,SJC
2606:4700:a1:74:ae78:3035:2e0e:c735,4,4,0.00,160.63,0.00,SJC
2606:4700:0:5c07:fac3:3230:7617:9874,4,4,0.00,160.63,0.00,SJC
2606:4700:c::d210:275a:f59a,4,4,0.00,160.63,0.00,SJC
2606:4700:3000:ac:707d:68f2:f68e:a0c4,4,4,0.00,160.63,0.00,SJC
2606:4700:0:7129:740d:f1c5:f954:28ec,4,4,0.00,160.63,0.00,SJC
2606:4700:a8:bbaf:7e7b:fe74:8fcf:a77d,4,4,0.00,160.63,0.00,SJC
2606:4700:d:1996:dad9:934a:d7f3:f254,4,4,0.00,160.63,0.00,SJC
2606:4700:3005:ca:2c52:4969:a873:f0c6,4,4,0.00,160.63,0.00,SJC
2606:4700:c:3c32:80e0:3b41:5427:e616,4,4,0.00,160.64,0.00,SJC
2606:4700:c:0:83:5bdc:5af8:fcd4,4,4,0.00,160.64,0.00,SJC
2606:4700:a:0:d822:75a1:ae6d:c8ae,4,4,0.00,160.64,0.00,SJC
2606:4700:3005:ca:2054:2c29:38d7:540a,4,4,0.00,160.64,0.00,SJC
2606:4700:f::ffec:e333:5586,4,4,0.00,160.64,0.00,SJC
2606:4700:3008:f6:1fd4:c52e:40d5:b044,4,4,0.00,160.64,0.00,SJC
2606:4700:a8:a6:d7f1:64d8:939:75ab,4,4,0.00,160.64,0.00,SJC
2606:4700:c:0:83:5bdc:6ef5:808b,4,4,0.00,160.64,0.00,SJC
2606:4700:3005:ca:2cba:6938:963e:dfcb,4,4,0.00,160.64,0.00,SJC
2606:4700:3004:5c:fa4b:1be4:d6ad:dda3,4,4,0.00,160.64,0.00,SJC
2606:4700:3003:1329:f1a:1df0:3388:3922,4,4,0.00,160.64,0.00,SJC
2606:4700:3004:ac9d:a78f:c7b9:d35:6903,4,4,0.00,160.64,0.00,SJC
2606:4700:a9:997c:e41a:cdd7:7023:4576,4,4,0.00,160.64,0.00,SJC
2606:4700:f:0:f6d0:8a1e:f25a:aea4,4,4,0.00,160.64,0.00,SJC
2606:4700:e:77be:8649:f1c1:80d4:a34c,4,4,0.00,160.64,0.00,SJC
2606:4700:a:0:aff5:7eb0:8205:a80a,4,4,0.00,160.65,0.00,SJC
2606:4700:a9:997c:41f:f20d:84d3:9480,4,4,0.00,160.65,0.00,SJC
2606:4700:f::ffec:2b7c:475,4,4,0.00,160.65,0.00,SJC
2606:4700:a:0:ae:de02:83ba:4122,4,4,0.00,160.65,0.00,SJC
2606:4700:a8:0:a554:2fa4:3ad6:258,4,4,0.00,160.65,0.00,SJC
2606:4700:e:77be:86dd:1537:f4e3:9bf6,4,4,0.00,160.65,0.00,SJC
2606:4700:130:0:36:3766:dd6f:8585,4,4,0.00,160.65,0.00,SJC
2606:4700:3003:cd:2dd0:8f33:3b:7030,4,4,0.00,160.65,0.00,SJC
2606:4700:3004:5c:fa4b:1bae:a595:f302,4,4,0.00,160.65,0.00,SJC
2606:4700:a1:d557:6494:4381:ac6f:a691,4,4,0.00,160.65,0.00,SJC
2606:4700:e:4d05:a1d2:ca37:287e:fd02,4,4,0.00,160.65,0.00,SJC
2606:4700:c:3cae:c0c7:74f4:2918:d98c,4,4,0.00,160.65,0.00,SJC
2606:4700:d:f7:c893:4ec2:e573:e31,4,4,0.00,160.65,0.00,SJC
2606:4700:a1:d557:64a8:6a4d:f8c7:cb8,4,4,0.00,160.66,0.00,SJC
2606:4700:3004:cc58:62e9:f762:2503:b74a,4,4,0.00,160.66,0.00,SJC
2606:4700:a8:a6:7d3:406f:4fa6:755b,4,4,0.00,160.66,0.00,SJC
2a06:98c1:58:0:95bb:1311:7786:ccee,4,4,0.00,160.66,0.00,SJC
2606:4700:a:4267:89cd:a7cc:4f90:85e9,4,4,0.00,160.66,0.00,SJC
2606:4700:c:5b:6779:f637:13d5:fcd5,4,4,0.00,160.66,0.00,SJC
2606:4700::eab7:1b4a:c078:a005,4,4,0.00,160.66,0.00,SJC
2606:4700:a8::ba09:9f8f:eca5,4,4,0.00,160.67,0.00,SJC
2606:4700:d0:14e8:19c3:15a0:92ec:5f4,4,4,0.00,160.67,0.00,SJC
2606:4700:3007:d4:158c:79c8:c96:dce9,4,4,0.00,160.67,0.00,SJC
2606:4700:a8:0:a6d6:a27d:14c8:e5e2,4,4,0.00,160.67,0.00,SJC
2606:4700:3006:0:ea19:1436:8a1e:c4ec,4,4,0.00,160.68,0.00,SJC
2606:4700:d0:56:7be4:a132:9879:53d2,4,4,0.00,160.68,0.00,SJC
2606:4700:3001:efe8:1bfc:4e60:518:3976,4,4,0.00,160.68,0.00,SJC
2606:4700:f:0:f6d0:8a1e:f299:3dbf,4,4,0.00,160.68,0.00,SJC
2606:4700:3000:9b92:23b:43ff:4872:cc38,4,4,0.00,160.68,0.00,SJC
2606:4700:a8:a6:7d2:6de2:484b:7de0,4,4,0.00,160.68,0.00,SJC
2606:4700:e:777d:3aa9:cb74:dbf8:1b57,4,4,0.00,160.68,0.00,SJC
2606:4700:d:1936:847b:23c6:8992:30dc,4,4,0.00,160.68,0.00,SJC
2606:4700:3004:cc58:33b1:5edb:2081:651e,4,4,0.00,160.68,0.00,SJC
2606:4700:d0:1403:f10e:280b:1ce7:c743,4,4,0.00,160.68,0.00,SJC
2606:4700:a:8:f27f:3ef5:6196:2448,4,4,0.00,160.68,0.00,SJC
2606:4700:b:0:c559:dc58:e57c:a23b,4,4,0.00,160.68,0.00,SJC
2606:4700:b::24:b5d:9773,4,4,0.00,160.68,0.00,SJC
2a06:98c1:58:8b10:f62b:cd91:4987:37d3,4,4,0.00,160.69,0.00,SJC
2606:4700:d:f7:24c4:2b11:a7f3:b837,4,4,0.00,160.69,0.00,SJC
2606:4700:a8:a6:d750:2a1d:3e74:9e93,4,4,0.00,160.69,0.00,SJC
2606:4700:3009::b5:7c59:5bfd,4,4,0.00,160.69,0.00,SJC
2606:4700:f:0:f601:ce28:9e3:4f85,4,4,0.00,160.69,0.00,SJC
2606:4700:3003:1329:f1a:ce59:d935:ce1d,4,4,0.00,160.69,0.00,SJC
2606:4700:a:8:f27f:485:8602:5c73,4,4,0.00,160.69,0.00,SJC
2606:4700:3004:cc58:f30b:4459:a860:ca6e,4,4,0.00,160.69,0.00,SJC
2606:4700:3002:0:ae:dce4:6ffb:3c45,4,4,0.00,160.69,0.00,SJC
2606:4700:d1:fa76:a43a:70fe:e4f1:82b5,4,4,0.00,160.69,0.00,SJC
2606:4700:3001:ef60:8bf6:66e4:9e76:af18,4,4,0.00,160.70,0.00,SJC
2606:4700:f:0:4352:b21a:6700:3967,4,4,0.00,160.70,0.00,SJC
2606:4700:c:3c32:35aa:3509:2162:637a,4,4,0.00,160.70,0.00,SJC
2606:4700:a8:a6:759:2785:2d94:789f,4,4,0.00,160.70,0.00,SJC
2606:4700:e:4d05:a1d2:ca93:1da5:9cc3,4,4,0.00,160.70,0.00,SJC
2606:4700:c:0:efa5:7f4b:25d5:dbd,4,4,0.00,160.70,0.00,SJC
2606:4700:3004:5c:9683:70c3:99b5:98cc,4,4,0.00,160.71,0.00,SJC
2606:4700:d1:873a:fba0:70e8:2872:a2d9,4,4,0.00,160.71,0.00,SJC
2606:4700:3007:d4:158c:63fe:cec4:916d,4,4,0.00,160.71,0.00,SJC
2606:4700:e:77b9:6470:f124:2b2c:8f1c,4,4,0.00,160.71,0.00,SJC
2606:4700:f:0:39cf:bee6:2ab5:12,4,4,0.00,160.71,0.00,SJC
2606:4700:d1:d9:e0bd:9ce1:e855:43ae,4,4,0.00,160.71,0.00,SJC
2606:4700:a:a05a:1c80:c94a:656c:404e,4,4,0.00,160.71,0.00,SJC
2606:4700:b:e836:3474:9fd0:c887:4a5d,4,4,0.00,160.71,0.00,SJC
2606:4700:3008:71f2:184a:4d43:ec25:86e0,4,4,0.00,160.72,0.00,SJC
2606:4700:0:5c07:fa3e:ea1f:3ffa:7409,4,4,0.00,160.72,0.00,SJC
2606:4700:e:0:32:a8e8:973e:eb10,4,4,0.00,160.72,0.00,SJC
2606:4700:d1:8795:5093:d6ef:1804:a267,4,4,0.00,160.72,0.00,SJC
2606:4700:3006:760f:ac82:22a4:873f:aa81,4,4,0.00,160.72,0.00,SJC
2606:4700:3009:b966:7994:48fc:a753:fc26,4,4,0.00,160.72,0.00,SJC
2606:4700:3002:2a:ea2a:d2a1:a032:782e,4,4,0.00,160.72,0.00,SJC
2606:4700:f:0:4352:f5f7:bd3f:e1a2,4,4,0.00,160.72,0.00,SJC
2606:4700:a::f472:cb93:7f1b,4,4,0.00,160.72,0.00,SJC
2606:4700:130:0:d00a:1284:370:112c,4,4,0.00,160.72,0.00,SJC
2606:4700:a8:0:a6d6:a2b6:a446:497b,4,4,0.00,160.72,0.00,SJC
2606:4700:a1:d557:df83:3446:a962:c437,4,4,0.00,160.72,0.00,SJC
2606:4700:f:8383:7aa:a59:baf2:1bb7,4,4,0.00,160.72,0.00,SJC
2606:4700:a:4267:89cd:53cf:1a37:e581,4,4,0.00,160.72,0.00,SJC
2606:4700:0:5ce0:b3d1:83ac:9e27:6116,4,4,0.00,160.72,0.00,SJC
2606:4700:3003:cd:2d24:3b35:abfa:eb7b,4,4,0.00,160.72,0.00,SJC
2606:4700:3009:0:8251:c69e:a8:d2c2,4,4,0.00,160.73,0.00,SJC
2606:4700:a::3b91:a7a6:ddc7,4,4,0.00,160.73,0.00,SJC
2606:4700:b:0:c559:1ae0:b9f3:71c3,4,4,0.00,160.73,0.00,SJC
2606:4700:a9:cf:a7e:ea2d:b7cc:30de,4,4,0.00,160.73,0.00,SJC
2606:4700:a1:d5be:a581:1ce8:33aa:4ab8,4,4,0.00,160.73,0.00,SJC
2606:4700:0:5c18:ccc0:bf94:1006:234a,4,4,0.00,160.73,0.00,SJC
2606:4700:3002:0:b68e:d488:b5bb:f473,4,4,0.00,160.73,0.00,SJC
2606:4700:c:cefc:6378:cab5:a5ce:4534,4,4,0.00,160.73,0.00,SJC
2606:4700:f:8f:8573:30dd:def:d8de,4,4,0.00,160.73,0.00,SJC
2606:4700:3001:d4:6702:1d5d:3640:b2b0,4,4,0.00,160.73,0.00,SJC
2606:4700:3000:9b92:29c:b95b:f4eb:67eb,4,4,0.00,160.73,0.00,SJC
2606:4700:e:4df4:b402:43a2:fb56:b757,4,4,0.00,160.73,0.00,SJC
2606:4700:0:5ce0:7241:7ebd:8583:3ce3,4,4,0.00,160.73,0.00,SJC
2606:4700:d1:fa26:12e5:919a:8a45:7b99,4,4,0.00,160.73,0.00,SJC
2606:4700:a8:bb96:e6e2:b1e9:12f0:9fcc,4,4,0.00,160.73,0.00,SJC
2606:4700:a1::b89d:b660,4,4,0.00,160.73,0.00,SJC
2606:4700:a9:cf:a49:eccb:1e77:8915,4,4,0.00,160.73,0.00,SJC
2606:4700:3004:aca6:a302:ec8b:9f1:7fde,4,4,0.00,160.74,0.00,SJC
2606:4700:3004:cc58:625f:b70e:fff1:56d4,4,4,0.00,160.74,0.00,SJC
2606:4700:c:3c32:35aa:35ba:3895:1eda,4,4,0.00,160.74,0.00,SJC
2606:4700:a1:d557:df4f:33bd:d079:eca6,4,4,0.00,160.74,0.00,SJC
2606:4700:3004:cc58:6209:7fdd:40a1:8834,4,4,0.00,160.74,0.00,SJC
2606:4700:a1:74:5289:694e:49d3:d895,4,4,0.00,160.74,0.00,SJC
2a06:98c1:58:8b10:e64:a4e9:6384:8bd3,4,4,0.00,160.74,0.00,SJC
2606:4700:3006:7690:9d77:c653:1a15:ac2,4,4,0.00,160.74,0.00,SJC
2606:4700:3006:5f:ae04:222e:fc8b:f6af,4,4,0.00,160.75,0.00,SJC
2606:4700:3004:cc58:33b1:64bf:7dd4:2a66,4,4,0.00,160.75,0.00,SJC
2606:4700:130:0:afc8:3e32:4b56:6cbd,4,4,0.00,160.75,0.00,SJC
2606:4700:3009:a8:69db:6c91:4a1a:51ae,4,4,0.00,160.75,0.00,SJC
2606:4700:d0:1473:a47c:7083:d75c:899a,4,4,0.00,160.75,0.00,SJC
2606:4700:d0:14e8:6eb1:a4bd:8492:5055,4,4,0.00,160.75,0.00,SJC
2606:4700:3007::2f70:d8a1:c201,4,4,0.00,160.75,0.00,SJC
2606:4700:130:0:d00a:41aa:a2bb:202e,4,4,0.00,160.76,0.00,SJC
2606:4700:a:8:f27f:485:86c6:20f5,4,4,0.00,160.76,0.00,SJC
2606:4700:d0:1473:a465:44c2:a577:e7d2,4,4,0.00,160.76,0.00,SJC
2606:4700:3001::3e:a217,4,4,0.00,160.76,0.00,SJC
2606:4700:a1:0:98a9:2dd3:dbc7:43a4,4,4,0.00,160.76,0.00,SJC
2606:4700:3005:ca:3a69:6ef9:2d85:98e0,4,4,0.00,160.76,0.00,SJC
2606:4700:0:d923:49e4:95ec:4a2a:c3a9,4,4,0.00,160.76,0.00,SJC
2606:4700:a1:74:cf60:b91:4723:d264,4,4,0.00,160.76,0.00,SJC
2606:4700:c:5b:6b6c:94e9:ec17:924d,4,4,0.00,160.77,0.00,SJC
2606:4700:b:e836:3474:9fdd:ddc4:93f2,4,4,0.00,160.77,0.00,SJC
2606:4700:c:3cae:c053:d227:efc6:ea38,4,4,0.00,160.77,0.00,SJC
2606:4700:3004:aca6:a3d0:dbbd:43f:ec24,4,4,0.00,160.77,0.00,SJC
2606:4700:f:bdfe:5575:acd7:312d:a1a5,4,4,0.00,160.77,0.00,SJC
2606:4700:f:bdfe:55c4:4110:181:8609,4,4,0.00,160.77,0.00,SJC
2606:4700:b:0:ac:82af:9da:d69d,4,4,0.00,160.77,0.00,SJC
2606:4700:3006:9:d132:27bc:4137:9833,4,4,0.00,160.77,0.00,SJC
2606:4700:3005:376f:1c48:3b01:6516:7f59,4,4,0.00,160.77,0.00,SJC
2606:4700:a1:d557:df4f:bfce:3b99:8473,4,4,0.00,160.77,0.00,SJC
2606:4700:c:3cae:da32:f514:110b:f21,4,4,0.00,160.77,0.00,SJC
2606:4700:3003:1329:f1a:2168:c82c:294c,4,4,0.00,160.77,0.00,SJC
2606:4700:3006:7690:9da5:df02:83be:c5b7,4,4,0.00,160.77,0.00,SJC
2606:4700:a:e4:185c:f849:b503:2c84,4,4,0.00,160.77,0.00,SJC
2606:4700:a9:997c:e41a:8176:ae0a:ee2,4,4,0.00,160.77,0.00,SJC
2606:4700:a8:bbaf:7e7b:fe74:1d43:b357,4,4,0.00,160.78,0.00,SJC
2606:4700:3002:28:f530:b23b:5059:c5bc,4,4,0.00,160.78,0.00,SJC
2606:4700:3005:0:d8e6:64ae:c3b5:7788,4,4,0.00,160.78,0.00,SJC
2606:4700:a:0:d863:f146:2b31:c68b,4,4,0.00,160.78,0.00,SJC
2606:4700:3004::de:1477:e73,4,4,0.00,160.78,0.00,SJC
2606:4700:a9:fa7d:5bf0:1b15:3f8c:206,4,4,0.00,160.78,0.00,SJC
2606:4700:a8:a6:7a7:26f3:9946:2fe4,4,4,0.00,160.78,0.00,SJC
2606:4700:3004:cc58:f3ad:f725:376b:f90d,4,4,0.00,160.78,0.00,SJC
2606:4700:f:8383:71b:19bf:e0af:65b7,4,4,0.00,160.78,0.00,SJC
2606:4700:c:cefc:6378:c:575f:ce4,4,4,0.00,160.78,0.00,SJC
2606:4700:a9:fa6e:5f28:e6d1:5125:612a,4,4,0.00,160.78,0.00,SJC
2606:4700:d0:1403:f179:e362:d2b7:2f88,4,4,0.00,160.79,0.00,SJC
2606:4700:c:0:efda:39e:c975:9a7f,4,4,0.00,160.79,0.00,SJC
2606:4700:3002::d2:7fa8,4,4,0.00,160.79,0.00,SJC
2606:4700:a8:bbaf:7e7b:8dfc:8d39:684e,4,4,0.00,160.79,0.00,SJC
2a06:98c1:58:8b10:e64:a455:2e01:bba9,4,4,0.00,160.79,0.00,SJC
2606:4700:3005:ca:3a69:e689:45b6:ce99,4,4,0.00,160.79,0.00,SJC
2606:4700:d:1996:dad9:934a:f3a9:785,4,4,0.00,160.80,0.00,SJC
2606:4700:b::94:c0b9:8de1,4,4,0.00,160.80,0.00,SJC
2a06:98c1:58:0:95bb:13b6:f1eb:2212,4,4,0.00,160.80,0.00,SJC
2606:4700:0:5c18:ccc0:508:6ad3:2c9b,4,4,0.00,160.80,0.00,SJC
2a06:98c1:58:0:95bb:13b6:3d46:da17,4,4,0.00,160.80,0.00,SJC
2606:4700:c:0:ef6e:7143:f372:c0d5,4,4,0.00,160.80,0.00,SJC
2606:4700:d:f7:245f:3041:4e41:decc,4,4,0.00,160.80,0.00,SJC
2606:4700:a1:74:5289:1077:53a2:c8a1,4,4,0.00,160.80,0.00,SJC
2606:4700:3009:a8:69bb:43d8:64b3:4b09,4,4,0.00,160.80,0.00,SJC
2606:4700:f:8383:7a5:4d05:de07:b12d,4,4,0.00,160.81,0.00,SJC
2606:4700:3004:aca6:a302:b5f0:aba2:26d4,4,4,0.00,160.81,0.00,SJC
2606:4700:a:c528:a558:6cd8:3936:11cd,4,4,0.00,160.81,0.00,SJC
2606:4700:c:3c32:35aa:f726:5d48:bb1e,4,4,0.00,160.81,0.00,SJC
2606:4700:a1:d557:df83:34f7:6f19:b443,4,4,0.00,160.81,0.00,SJC
2606:4700:0:5c07:fa3e:ea2d:2c0e:2ba6,4,4,0.00,160.81,0.00,SJC
2606:4700:a::74fc:1026:22ef,4,4,0.00,160.81,0.00,SJC
2606:4700:a:0:d822:7543:7f91:dbc0,4,4,0.00,160.81,0.00,SJC
2606:4700:d:0:5504:cc20:b37e:99b0,4,4,0.00,160.81,0.00,SJC
2606:4700:d1:873a:ac41:6be6:f44c:661d,4,4,0.00,160.81,0.00,SJC
2606:4700:d:1936:d5ec:5b35:45bd:cb97,4,4,0.00,160.81,0.00,SJC
2606:4700:3009:937e:2785:c409:e78b:f690,4,4,0.00,160.82,0.00,SJC
2606:4700:b:e836:b773:89cc:3c67:746,4,4,0.00,160.82,0.00,SJC
2606:4700:0:5c07:fa3e:ea2d:bd47:cd69,4,4,0.00,160.82,0.00,SJC
2606:4700:3004:cc58:d522:90bb:9166:509b,4,4,0.00,160.82,0.00,SJC
2606:4700:f:bd2f:97c5:39ba:cdca:f0f0,4,4,0.00,160.82,0.00,SJC
2606:4700:3002:2a:ea92:97ab:1c8:c167,4,4,0.00,160.82,0.00,SJC
2606:4700:3003:cd:9afd:340d:3b70:32ae,4,4,0.00,160.82,0.00,SJC
2606:4700:0:7129:de00:a2e8:e51e:3295,4,4,0.00,160.82,0.00,SJC
2606:4700:3002:2a:ea4a:276:755d:892a,4,4,0.00,160.82,0.00,SJC
2606:4700:d1:873a:734a:b9c7:64d7:a8e3,4,4,0.00,160.82,0.00,SJC
2606:4700:3000:0:4e:4387:aebe:ac50,4,4,0.00,160.83,0.00,SJC
2606:4700:a8:a6:d7a4:1e13:9070:dcf7,4,4,0.00,160.83,0.00,SJC
2606:4700:d:1936:d5ab:c30b:91e:b169,4,4,0.00,160.83,0.00,SJC
2606:4700:3005:ca:3a69:15b6:bd41:785c,4,4,0.00,160.83,0.00,SJC
2606:4700:a9:fa7d:5b1c:2752:c644:7c0a,4,4,0.00,160.83,0.00,SJC
2606:4700:e:777d:b636:a2d2:b54b:b6dc,4,4,0.00,160.84,0.00,SJC
2606:4700:f:0:4352:59b3:c17f:a0bb,4,4,0.00,160.84,0.00,SJC
2606:4700:d:1d:1e07:c98:9fc4:b8c7,4,4,0.00,160.84,0.00,SJC
2606:4700:a1:d50b:b540:974b:2946:3777,4,4,0.00,160.84,0.00,SJC
2606:4700:d1:d9:e0b1:7b28:c059:4a93,4,4,0.00,160.84,0.00,SJC
2606:4700:d1:fa26:1235:65a4:a4f2:1026,4,4,0.00,160.84,0.00,SJC
2606:4700:a9:cf:a07:50d8:3860:45f5,4,4,0.00,160.84,0.00,SJC
2a06:98c1:58:0:95bb:29ff:4790:d241,4,4,0.00,160.84,0.00,SJC
2606:4700:a1:2f:93bc:560c:ff22:7aab,4,4,0.00,160.84,0.00,SJC
2606:4700:130:0:59ee:60fa:e884:39bd,4,4,0.00,160.85,0.00,SJC
2606:4700:e:4d05:a1d2:954e:2fd2:e05f,4,4,0.00,160.85,0.00,SJC
2606:4700:e:77be:8649:d222:4be9:dec3,4,4,0.00,160.85,0.00,SJC
2606:4700:c:0:efda:3c6:6469:deb6,4,4,0.00,160.85,0.00,SJC
2606:4700:a9:fa7d:fd06:5472:a67d:558a,4,4,0.00,160.85,0.00,SJC
2a06:98c1:58:0:95bb:ffe2:10ef:fda0,4,4,0.00,160.85,0.00,SJC
2606:4700:0:88:54ba:e25f:4113:3bee,4,4,0.00,160.85,0.00,SJC
2606:4700:3007:d3b6:ded9:3a40:8262:20af,4,4,0.00,160.85,0.00,SJC
2606:4700:c:3cae:2db1:7be2:1200:376b,4,4,0.00,160.86,0.00,SJC
2606:4700:a8:a6:d750:2a1d:3e33:86a8,4,4,0.00,160.86,0.00,SJC
2606:4700:3002:2a:ea92:7dc3:e22:f0be,4,4,0.00,160.86,0.00,SJC
2606:4700:a1:d557:6474:d97d:cc15:9c39,4,4,0.00,160.86,0.00,SJC
2606:4700:a8:a6:d750:2ac1:70da:fa64,4,4,0.00,160.86,0.00,SJC
2606:4700:3003:cd:2d98:1ca:df9c:6c1f,4,4,0.00,160.86,0.00,SJC
2606:4700:3000:9b92:29c:1184:ca81:7a53,4,4,0.00,160.86,0.00,SJC
2606:4700:3005:376f:e7f4:f145:971:1bd8,4,4,0.00,160.87,0.00,SJC
2606:4700:3008:71f2:184a:4d43:f61b:fc4f,4,4,0.00,160.87,0.00,SJC
2606:4700:f:0:39cf:bee6:2a9f:df6c,4,4,0.00,160.87,0.00,SJC
2606:4700:f:0:39cf:bee6:3147:cbdf,4,4,0.00,160.87,0.00,SJC
2606:4700:3001:d4:673f:c275:6fc6:e1e0,4,4,0.00,160.87,0.00,SJC
2606:4700:3006:9:d99b:8845:32f:2722,4,4,0.00,160.87,0.00,SJC
2606:4700:f:0:f601:ceec:2534:d237,4,4,0.00,160.87,0.00,SJC
2606:4700:d:1936:d5ec:5b35:3650:3d0b,4,4,0.00,160.87,0.00,SJC
2606:4700:3007:d3b6:ded9:afa1:8924:9449,4,4,0.00,160.87,0.00,SJC
2606:4700:a:0:ae:87d2:64a0:5008,4,4,0.00,160.87,0.00,SJC
2606:4700:a8:bbaf:2067:1e2e:989c:a56c,4,4,0.00,160.87,0.00,SJC
2a06:98c1:58:0:95bb:ff08:3008:50c4,4,4,0.00,160.87,0.00,SJC
2606:4700:3003:cd:2dbc:49fb:fe15:67c6,4,4,0.00,160.87,0.00,SJC
2606:4700:3002::b80b:33aa:d6f3,4,4,0.00,160.87,0.00,SJC
2606:4700:0:d923:4945:1993:cbb1:d44,4,4,0.00,160.88,0.00,SJC
2606:4700:3006:7690:9da5:df02:6b54:37f3,4,4,0.00,160.88,0.00,SJC
2606:4700:d:1936:d562:272:cc9f:4c83,4,4,0.00,160.88,0.00,SJC
2606:4700:a:0:aff5:7e15:c646:e6db,4,4,0.00,160.88,0.00,SJC
2606:4700:f:8383:7aa:a1e:768d:cccf,4,4,0.00,160.88,0.00,SJC
2606:4700:3009:93e7:dc06:c55e:d14c:967f,4,4,0.00,160.88,0.00,SJC
2606:4700:d1:d9:e0bd:821c:3b8b:bde2,4,4,0.00,160.88,0.00,SJC
2606:4700:0:d923:49e4:1f81:dca9:278a,4,4,0.00,160.88,0.00,SJC
2606:4700:3001:0:5bf3:228b:224f:6a26,4,4,0.00,160.88,0.00,SJC
2a06:98c1:58:8bba:2412:72fc:dc73:dd40,4,4,0.00,160.88,0.00,SJC
2606:4700:a::ce:e760:4775,4,4,0.00,160.88,0.00,SJC
2606:4700:a:0:aff5:7e15:c8a7:9cce,4,4,0.00,160.89,0.00,SJC
2606:4700:3008:71f2:184a:4d43:e469:e0e7,4,4,0.00,160.89,0.00,SJC
2606:4700:130::b90e:1f90,4,4,0.00,160.89,0.00,SJC
2606:4700:d1:d9:5cc1:5e1a:23d7:8db3,4,4,0.00,160.89,0.00,SJC
2606:4700:3000:9b92:5def:afc2:6da0:9e97,4,4,0.00,160.89,0.00,SJC
2606:4700:a:c528:a5ff:9b3e:3935:1ef3,4,4,0.00,160.89,0.00,SJC
2606:4700:e:4d05:a1d2:9591:79b9:b4d4,4,4,0.00,160.89,0.00,SJC
2606:4700:3009:93b3:e901:58a3:3acb:cd6e,4,4,0.00,160.89,0.00,SJC
2606:4700:0:5ce0:b334:b268:888c:95e6,4,4,0.00,160.89,0.00,SJC
2606:4700:3001:0:54:6b23:a8ff:1b6f,4,4,0.00,160.89,0.00,SJC
2606:4700:a8:5e:1e2d:15cd:34d2:fa72,4,4,0.00,160.89,0.00,SJC
2606:4700:0:5ce0:b3d1:1ddb:b521:7fc4,4,4,0.00,160.90,0.00,SJC
2606:4700:d0:56:e2d8:9a0:2488:9deb,4,4,0.00,160.90,0.00,SJC
2606:4700:0:5c07:fa3e:b6:e4cc:5d85,4,4,0.00,160.90,0.00,SJC
2606:4700:e:777d:b636:a22b:4085:b6b2,4,4,0.00,160.90,0.00,SJC
2606:4700:3005::57:fbc2:7e8f,4,4,0.00,160.90,0.00,SJC
2606:4700:3003:cd:9a7c:b277:c120:a5f7,4,4,0.00,160.90,0.00,SJC
2a06:98c1:58:0:95bb:29ff:4740:5b1e,4,4,0.00,160.90,0.00,SJC
2606:4700::ae:368f:c64c:3698,4,4,0.00,160.90,0.00,SJC
2606:4700:3000:0:4e:4387:d6e1:f12c,4,4,0.00,160.90,0.00,SJC
2606:4700:3006:760f:ac36:153:6949:f3ba,4,4,0.00,160.90,0.00,SJC
2606:4700:a:4267:89cd:a7cc:4f71:3244,4,4,0.00,160.90,0.00,SJC
2606:4700:3003:13ee:888f:95be:648b:da46,4,4,0.00,160.90,0.00,SJC
2606:4700:f:bd2f:f3c2:cf70:2a09:590a,4,4,0.00,160.90,0.00,SJC
2a06:98c1:58:cb:e0a1:530:17ed:7783,4,4,0.00,160.90,0.00,SJC
2606:4700:a1:d557:6474:2a40:7e36:1765,4,4,0.00,160.90,0.00,SJC
2606:4700:3001:0:5bf3:eca8:5d19:f11b,4,4,0.00,160.90,0.00,SJC
2606:4700:a8:5e:1e2d:fd7e:56a6:7991,4,4,0.00,160.90,0.00,SJC
2606:4700:a:0:d863:5b56:b9db:2807,4,4,0.00,160.90,0.00,SJC
2606:4700:c:5b:58cf:cfb5:7ff0:7f4e,4,4,0.00,160.90,0.00,SJC
2606:4700:3003:1329:f1a:ce59:d95d:cad1,4,4,0.00,160.91,0.00,SJC
2606:4700:a1:0:98a9:2dd3:db33:9db4,4,4,0.00,160.91,0.00,SJC
2606:4700:3002:0:89:fcfd:2762:bad0,4,4,0.00,160.91,0.00,SJC
2606:4700:0:d923:49e4:e76d:256d:a63c,4,4,0.00,160.91,0.00,SJC
2606:4700:130:0:5903:9893:68c5:8154,4,4,0.00,160.91,0.00,SJC
2606:4700:d1:fa26:12e7:d162:463d:6178,4,4,0.00,160.91,0.00,SJC
2606:4700:e:4dd9:c96c:6b2d:57c1:ba32,4,4,0.00,160.91,0.00,SJC
2606:4700:a1:d50b:3f93:bbf7:c99f:eefc,4,4,0.00,160.91,0.00,SJC
2606:4700:d0:56:6280:e14a:807b:7aa,4,4,0.00,160.91,0.00,SJC
2606:4700:d:f7:245f:3041:bc41:f2a5,4,4,0.00,160.92,0.00,SJC
2606:4700:d1:d9:5851:43fb:f807:1d92,4,4,0.00,160.92,0.00,SJC
2606:4700:130:f7:c302:3ad6:5ed5:1c0a,4,4,0.00,160.92,0.00,SJC
2606:4700:3007:0:853a:54c6:8659:b5d1,4,4,0.00,160.92,0.00,SJC
2606:4700:3004:cc58:33b1:5edb:8bb2:d08e,4,4,0.00,160.92,0.00,SJC
2606:4700:3006:9:d132:ef74:46d3:73f3,4,4,0.00,160.92,0.00,SJC
2606:4700:e:0:5ce3:f55d:69ed:ba7c,4,4,0.00,160.92,0.00,SJC
2606:4700:a:0:d863:f146:2be0:1b27,4,4,0.00,160.92,0.00,SJC
2606:4700:e:77b9:9832:e7c5:28be:12d9,4,4,0.00,160.92,0.00,SJC
2606:4700:3003:cd:9ae7:bbe5:da47:31d5,4,4,0.00,160.92,0.00,SJC
2606:4700:a8:bbaf:2086:ae3a:20ce:d005,4,4,0.00,160.93,0.00,SJC
2606:4700:3009:0:82b4:2e33:6015:2a61,4,4,0.00,160.93,0.00,SJC
2606:4700:3006:9:62ca:ef4f:c063:ce87,4,4,0.00,160.93,0.00,SJC
2606:4700:3006:760f:ac82:2284:c1b0:c3e4,4,4,0.00,160.93,0.00,SJC
2606:4700:3006:9:d149:ae5a:226b:f835,4,4,0.00,160.93,0.00,SJC
2606:4700:3008:f6:1fd5:902c:3cc8:5688,4,4,0.00,160.93,0.00,SJC
2606:4700:3003:1329:584c:b504:78d7:214a,4,4,0.00,160.93,0.00,SJC
2606:4700:a:c5fa:f8ee:7712:c393:6380,4,4,0.00,160.93,0.00,SJC
2606:4700:130:0:59a5:2b8f:95ef:fd7d,4,4,0.00,160.93,0.00,SJC
2606:4700:f:8383:71b:1921:7794:88ac,4,4,0.00,160.93,0.00,SJC
2606:4700:d0:14e8:199d:48eb:3a9d:c4b7,4,4,0.00,160.94,0.00,SJC
2606:4700:d:1d:84:429b:e293:70c6,4,4,0.00,160.94,0.00,SJC
2606:4700:a8:a6:d744:f419:328c:b896,4,4,0.00,160.94,0.00,SJC
2606:4700:3000::64:9abb:9083,4,4,0.00,160.94,0.00,SJC
2a06:98c1:58:8bba:9ab0:6b23:a697:d03e,4,4,0.00,160.94,0.00,SJC
2606:4700:3007:0:c2:2dbe:ce22:2728,4,4,0.00,160.94,0.00,SJC
2606:4700:c::44:8074:abb1,4,4,0.00,160.94,0.00,SJC
2606:4700:d1:873a:ac41:6be6:4368:fe3c,4,4,0.00,160.94,0.00,SJC
2606:4700:3000:0:9349:88ae:661f:c4a2,4,4,0.00,160.94,0.00,SJC
2606:4700:a9:cf:a07:50d8:a0a4:80e5,4,4,0.00,160.94,0.00,SJC
2606:4700:d::984f:5cc9:7351,4,4,0.00,160.95,0.00,SJC
2606:4700:130:0:d00a:41aa:e72b:f2d9,4,4,0.00,160.95,0.00,SJC
2606:4700:c:0:83:a59a:8958:7949,4,4,0.00,160.95,0.00,SJC
2606:4700:3003:13ee:db5:45a1:573e:79e9,4,4,0.00,160.95,0.00,SJC
2606:4700:a8:bbaf:e562:70aa:48a3:9218,4,4,0.00,160.95,0.00,SJC
2606:4700:a8:bbaf:e562:8f11:1d6d:8f47,4,4,0.00,160.95,0.00,SJC
2606:4700:3009:a8:691d:d92b:7c24:ad26,4,4,0.00,160.95,0.00,SJC
2606:4700:3005:0:f7:f349:aa39:5bd4,4,4,0.00,160.95,0.00,SJC
2606:4700:a8:0:64:62a9:b5c:2e9e,4,4,0.00,160.95,0.00,SJC
2606:4700:0:5c18:ccc0:5de:f8ce:b099,4,4,0.00,160.96,0.00,SJC
2606:4700:0:d923:c357:d53c:80ae:e59f,4,4,0.00,160.96,0.00,SJC
2606:4700:e:4d05:26f6:35ec:40a1:4baf,4,4,0.00,160.96,0.00,SJC
2606:4700:a:8:6d4:d57e:21ed:5e49,4,4,0.00,160.96,0.00,SJC
2606:4700:c::9ce2:cf5f,4,4,0.00,160.96,0.00,SJC
2606:4700:a1:d557:6474:2a86:6a85:f2,4,4,0.00,160.96,0.00,SJC
2606:4700:a8:a9:84cf:3ee3:6753:ac86,4,4,0.00,160.96,0.00,SJC
2a06:98c1:58:8b10:f6ff:1b81:896b:d28e,4,4,0.00,160.96,0.00,SJC
2606:4700:a9:fa6e:56d8:687e:ee49:3041,4,4,0.00,160.96,0.00,SJC
2606:4700:a1:d557:6494:d2b8:80df:6720,4,4,0.00,160.96,0.00,SJC
2606:4700:a1:d557:6494:d2bd:22b7:e5bb,4,4,0.00,160.96,0.00,SJC
2a06:98c1:58:8b10:f6ff:1b37:c56:4328,4,4,0.00,160.96,0.00,SJC
2606:4700:3003:cd:9a7c:6db0:fc54:5e3,4,4,0.00,160.96,0.00,SJC
2606:4700:c:0:efda:3c6:6486:910e,4,4,0.00,160.96,0.00,SJC
2606:4700:3004:cc9f:ff19:459f:145c:90f1,4,4,0.00,160.97,0.00,SJC
2606:4700:c:5b:6779:f637:13ee:8784,4,4,0.00,160.97,0.00,SJC
2606:4700:3006:9:d132:ef74:c3f:4489,4,4,0.00,160.97,0.00,SJC
2606:4700:3005::3c88:2480:4ee0,4,4,0.00,160.97,0.00,SJC
2606:4700:e:4dd9:c96c:6b52:822b:efba,4,4,0.00,160.97,0.00,SJC
2606:4700:a:a05a:1c80:c94a:65a2:e036,4,4,0.00,160.97,0.00,SJC
2606:4700:a:c528:a558:69d3:c394:e62f,4,4,0.00,160.97,0.00,SJC
2606:4700:a:c528:a558:69d3:5562:19d1,4,4,0.00,160.97,0.00,SJC
2606:4700:c:5b:6b79:ca0b:2d5e:10fa,4,4,0.00,160.97,0.00,SJC
2a06:98c1:58:0:95bb:29ff:da6:cc60,4,4,0.00,160.98,0.00,SJC
2606:4700:3007::2f70:d81b:dcb5,4,4,0.00,160.98,0.00,SJC
2606:4700:a8:a6:7a7:26bb:1a3e:1a78,4,4,0.00,160.98,0.00,SJC
2606:4700:3008:71f2:18a4:567e:e9ca:23f1,4,4,0.00,160.98,0.00,SJC
2606:4700:d1:fa26:1235:659b:8a24:f521,4,4,0.00,160.98,0.00,SJC
2606:4700:3001:efe8:9dd3:ac19:8429:ab42,4,4,0.00,160.98,0.00,SJC
2606:4700:3001:efe8:1b5b:7d55:8fed:255c,4,4,0.00,160.98,0.00,SJC
2606:4700:3005:0:ce9a:1ef8:ed9a:74a2,4,4,0.00,160.98,0.00,SJC
2606:4700:c::d210:2735:176d,4,4,0.00,160.98,0.00,SJC
2606:4700:a9:997c:41f:f20d:84d6:abe8,4,4,0.00,160.98,0.00,SJC
2606:4700:e:0:32:e58e:5b3c:b6ef,4,4,0.00,160.98,0.00,SJC
2606:4700:3008:f6:1f0c:32e1:f3e9:3027,4,4,0.00,160.99,0.00,SJC
2606:4700:a9:fa7d:fd45:ef14:c3d5:6932,4,4,0.00,160.99,0.00,SJC
2606:4700:f:0:5d40:ac5c:c8dd:2aa9,4,4,0.00,160.99,0.00,SJC
2606:4700:e:4d05:a1d2:9591:79b9:e5e7,4,4,0.00,160.99,0.00,SJC
2606:4700:d:1936:d5ab:c30b:6c09:a4e0,4,4,0.00,160.99,0.00,SJC
2606:4700:e:21:d488:391e:305f:427b,4,4,0.00,160.99,0.00,SJC
2a06:98c1:58:8bba:9ab0:637e:776e:48a1,4,4,0.00,160.99,0.00,SJC
2606:4700:3002:fec3:8ab8:7c82:b298:9f3e,4,4,0.00,160.99,0.00,SJC
2606:4700:a::17:7632:e754,4,4,0.00,160.99,0.00,SJC
2606:4700:3008:71f2:8151:e090:333c:c5cd,4,4,0.00,160.99,0.00,SJC
2606:4700:a8:0:a64f:613a:9ba0:c90a,4,4,0.00,161.00,0.00,SJC
2606:4700:3007:d3b6:edd:2fb1:4710:4bc8,4,4,0.00,161.00,0.00,SJC
2606:4700:3007:d4:15ef:f53d:a3c4:6ec7,4,4,0.00,161.00,0.00,SJC
2606:4700:0:88:54cc:3dd2:5352:58de,4,4,0.00,161.00,0.00,SJC
2606:4700:3009:93b3:2149:794e:cbae:26d2,4,4,0.00,161.01,0.00,SJC
2606:4700:d:1d:8ea4:48cc:7d4c:d68,4,4,0.00,161.01,0.00,SJC
2606:4700:e:777d:b6ca:9026:dc7e:f4cb,4,4,0.00,161.01,0.00,SJC
2606:4700:3009:b966:7994:4866:7862:40e6,4,4,0.00,161.01,0.00,SJC
2606:4700:3004:0:3023:55d0:c2c3:ece9,4,4,0.00,161.01,0.00,SJC
2606:4700:3007:0:85f5:7185:c9a1:5339,4,4,0.00,161.01,0.00,SJC
2606:4700:3006:7690:9d64:1068:66b4:d4a1,4,4,0.00,161.01,0.00,SJC
2606:4700:3004:cc58:3357:1a6f:f717:a30a,4,4,0.00,161.01,0.00,SJC
2606:4700:3009:93b3:e901:6fc8:fe99:c6e6,4,4,0.00,161.02,0.00,SJC
2606:4700:3003:cd:9a7c:b277:a19f:cc30,4,4,0.00,161.02,0.00,SJC
2606:4700:3003:cd:9a7c:b277:4c50:dd23,4,4,0.00,161.02,0.00,SJC
2606:4700:a::f4bb:681:c403,4,4,0.00,161.02,0.00,SJC
2606:4700:3004:cc58:625f:b70e:4607:8a5b,4,4,0.00,161.02,0.00,SJC
2606:4700:c::8920:76b7:d1bf,4,4,0.00,161.02,0.00,SJC
2606:4700:3002:fe22:9d53:3329:26f:1243,4,4,0.00,161.02,0.00,SJC
2606:4700:f:8383:71b:4146:32de:e01b,4,4,0.00,161.02,0.00,SJC
2606:4700:3009:3d:aea9:d168:8e80:7033,4,4,0.00,161.02,0.00,SJC
2606:4700:0:88:54cc:ded6:4415:7b3e,4,4,0.00,161.02,0.00,SJC
2606:4700:0:5ce0:b3d1:1ddb:a9ac:d6b3,4,4,0.00,161.02,0.00,SJC
2606:4700::484c:c14e:7830:24b8,4,4,0.00,161.02,0.00,SJC
2606:4700:3002::b1:8e3d:95c6,4,4,0.00,161.02,0.00,SJC
2606:4700:3006:7690:9d77:6112:a111:fd66,4,4,0.00,161.03,0.00,SJC
2606:4700:3005:0:ce9a:1e3c:36c7:5269,4,4,0.00,161.03,0.00,SJC
2606:4700:a:c528:a5ff:9bef:ba12:dbe8,4,4,0.00,161.03,0.00,SJC
2606:4700:d0:56:7be4:a154:c82c:1ff9,4,4,0.00,161.03,0.00,SJC
2606:4700:0:5ce0:7210:9ba3:7a0f:7f0c,4,4,0.00,161.03,0.00,SJC
2606:4700:a1:d557:64a8:6a83:3997:1f92,4,4,0.00,161.03,0.00,SJC
2606:4700:d1:fa26:5e38:68c2:8497:e3bf,4,4,0.00,161.03,0.00,SJC
2a06:98c1:58:8b10:e64:c994:8241:aaf5,4,4,0.00,161.03,0.00,SJC
2606:4700:a8:bbaf:2067:1e99:3e45:4cde,4,4,0.00,161.03,0.00,SJC
2606:4700:d:1d:84:4219:e4c1:28b6,4,4,0.00,161.03,0.00,SJC
2606:4700:a1:0:c9:10b0:5ada:945c,4,4,0.00,161.04,0.00,SJC
2606:4700:3009:93b3:e901:6fc8:b79c:3efe,4,4,0.00,161.04,0.00,SJC
2606:4700:c:0:83:5bdc:5a19:448a,4,4,0.00,161.04,0.00,SJC
2a06:98c1:58:cb:3ece:6820:e85a:c3ee,4,4,0.00,161.04,0.00,SJC
2606:4700:130:0:d0cd:2a6e:f947:ebea,4,4,0.00,161.04,0.00,SJC
2606:4700:130:0:5903:9870:fc77:f13c,4,4,0.00,161.04,0.00,SJC
2606:4700:3009:b966:9056:c8a1:a861:ba06,4,4,0.00,161.05,0.00,SJC
2606:4700:0:d923:c32a:2e02:42e2:670f,4,4,0.00,161.05,0.00,SJC
2606:4700:d1:fa26:12e5:89bb:5df5:baca,4,4,0.00,161.05,0.00,SJC
2606:4700:0:d923:c32a:2e08:1c35:bbde,4,4,0.00,161.05,0.00,SJC
2606:4700:a:426c:3c8b:cf61:c585:a2ac,4,4,0.00,161.05,0.00,SJC
2606:4700:f:8f:8573:3035:9dbd:e17b,4,4,0.00,161.05,0.00,SJC
2606:4700:3009::ec:a1:ef8,4,4,0.00,161.05,0.00,SJC
2606:4700:3008:0:b5da:4dd3:cc39:d7e0,4,4,0.00,161.05,0.00,SJC
2606:4700:a8:a6:d73c:cb77:1612:a36a,4,4,0.00,161.06,0.00,SJC
2606:4700:d0:1473:4ed7:24b8:4e:b7d8,4,4,0.00,161.06,0.00,SJC
2606:4700:3006:9:62ca:eff2:7f54:cdd3,4,4,0.00,161.06,0.00,SJC
2606:4700:c:cefc:db5:3018:d9a0:8a1a,4,4,0.00,161.06,0.00,SJC
2606:4700:a1:74:cf60:b91:4722:64d8,4,4,0.00,161.06,0.00,SJC
2606:4700:0:d923:49e4:5b4e:246b:3310,4,4,0.00,161.06,0.00,SJC
2606:4700:e:0:cef7:c4c:ed5f:d18d,4,4,0.00,161.06,0.00,SJC
2606:4700:a1:d50b:b5a2:943d:fc1d:ddb3,4,4,0.00,161.06,0.00,SJC
2606:4700:a:c528:a558:6c4b:b0cb:7d01,4,4,0.00,161.06,0.00,SJC
2606:4700:d0:56:7b16:29a6:7b9a:61f3,4,4,0.00,161.06,0.00,SJC
2606:4700:c:5b:6779:3b35:fa7f:2a77,4,4,0.00,161.06,0.00,SJC
2606:4700:3004:cc58:625f:674d:c5e1:2c87,4,4,0.00,161.07,0.00,SJC
2606:4700:e:4d05:2694:6415:ee5b:ce5,4,4,0.00,161.07,0.00,SJC
2606:4700:3001:d4:6702:f9bf:bf1e:36c4,4,4,0.00,161.07,0.00,SJC
2606:4700:d1:873a:fb03:10af:c1a2:ddd4,4,4,0.00,161.07,0.00,SJC
2606:4700:f:8f:8573:3073:9ce2:afb0,4,4,0.00,161.07,0.00,SJC
2606:4700:d0:1473:4e02:ff2:358f:28a1,4,4,0.00,161.07,0.00,SJC
2606:4700:3008::c9f6:17d1,4,4,0.00,161.07,0.00,SJC
2606:4700:130:f7:c3c2:480c:ee3c:1020,4,4,0.00,161.07,0.00,SJC
2606:4700:3005:0:f7:f38e:fce2:a874,4,4,0.00,161.07,0.00,SJC
2606:4700:a8:a6:d7f1:64d8:c42b:8694,4,4,0.00,161.07,0.00,SJC
2606:4700:a8:0:a6d6:a27d:fefc:6ff8,4,4,0.00,161.07,0.00,SJC
2606:4700:a8:bbaf:e562:8f53:dc14:b35c,4,4,0.00,161.07,0.00,SJC
2606:4700:0:88:5448:c250:6201:1b74,4,4,0.00,161.07,0.00,SJC
2606:4700:d:f7:24c4:5554:7f18:83f0,4,4,0.00,161.07,0.00,SJC
2606:4700:e:4d05:a1d2:cad5:87b:d308,4,4,0.00,161.08,0.00,SJC
2606:4700:e:4d05:a1d2:cad5:cf20:1990,4,4,0.00,161.08,0.00,SJC
2606:4700:3001::2ce7:3883,4,4,0.00,161.08,0.00,SJC
2606:4700:e:0:32:554e:8d9:eb15,4,4,0.00,161.08,0.00,SJC
2606:4700:3001:d4:67f6:c34d:6355:969b,4,4,0.00,161.08,0.00,SJC
2606:4700:3003:0:e484:6831:5dc9:7a24,4,4,0.00,161.08,0.00,SJC
2a06:98c1:58:8b36:8b03:3f28:4e58:afbf,4,4,0.00,161.08,0.00,SJC
2606:4700:a1:d557:df4f:33bd:d0c2:c3d8,4,4,0.00,161.08,0.00,SJC
2606:4700:3004::117a:8387:b7fe,4,4,0.00,161.08,0.00,SJC
2606:4700:a8:a6:d750:99f5:14a2:42dd,4,4,0.00,161.08,0.00,SJC
2606:4700:d1:873a:acf7:c12f:f919:4d74,4,4,0.00,161.08,0.00,SJC
2606:4700:b:da58:c78:9336:f94b:7cc5,4,4,0.00,161.09,0.00,SJC
2606:4700:3009:0:fdcc:b420:2cfb:31ae,4,4,0.00,161.09,0.00,SJC
2606:4700:c:5b:58cf:cfb5:99f9:55b4,4,4,0.00,161.09,0.00,SJC
2606:4700:a8:bbaf:2064:558d:8d81:8991,4,4,0.00,161.09,0.00,SJC
2606:4700:3002:2a:ea2a:d2a1:a0fa:c633,4,4,0.00,161.09,0.00,SJC
2606:4700:d0:1403:f10e:af48:de98:5e9a,4,4,0.00,161.09,0.00,SJC
2606:4700:3008:0:19:c9e1:5b03:dbcb,4,4,0.00,161.09,0.00,SJC
2606:4700:e:b3:5fb9:2959:f8c8:c2e0,4,4,0.00,161.09,0.00,SJC
2606:4700:a1:74:ae78:3017:90a8:6c3e,4,4,0.00,161.09,0.00,SJC
2606:4700:b:0:ac:5ae6:40b6:3914,4,4,0.00,161.09,0.00,SJC
2606:4700:130:f7:c302:3ad6:5ec0:5203,4,4,0.00,161.10,0.00,SJC
2606:4700:d0:56:7be4:de94:ad6a:9bfc,4,4,0.00,161.10,0.00,SJC
2606:4700:0:d923:c32a:2e64:607:bc73,4,4,0.00,161.10,0.00,SJC
2606:4700:3006:760f:ac82:f5c3:a040:b76a,4,4,0.00,161.10,0.00,SJC
2606:4700:a8:a6:d744:f4da:b97b:d632,4,4,0.00,161.10,0.00,SJC
2606:4700:130::ebea:614b:3232,4,4,0.00,161.10,0.00,SJC
2a06:98c1:58:8b10:e64:e5fc:b398:1c6e,4,4,0.00,161.10,0.00,SJC
2606:4700:3002::a39c:582d:157f,4,4,0.00,161.11,0.00,SJC
2606:4700:f:bdfe:5575:3c86:ce1b:1efc,4,4,0.00,161.11,0.00,SJC
2606:4700:3004:cc9f:617e:9aec:cd73:b435,4,4,0.00,161.11,0.00,SJC
2606:4700:3002::10:170b:a3c1,4,4,0.00,161.11,0.00,SJC
2606:4700:3003:cd:9af5:daee:6adb:a423,4,4,0.00,161.11,0.00,SJC
2606:4700::eab7:e100:8108:d52c,4,4,0.00,161.11,0.00,SJC
2606:4700:a9:cf:a07:11e8:7ff3:c57,4,4,0.00,161.11,0.00,SJC
2606:4700:130:0:d00a:12fb:d43a:38c4,4,4,0.00,161.11,0.00,SJC
2606:4700::eab7:3bc:8d1f:55b,4,4,0.00,161.11,0.00,SJC
2606:4700:3001:0:5b49:c237:57be:bce2,4,4,0.00,161.11,0.00,SJC
2606:4700:d1:0:15:6a53:26ab:7204,4,4,0.00,161.12,0.00,SJC
2a06:98c1:58:8bba:24ce:2daa:4449:6b8b,4,4,0.00,161.12,0.00,SJC
2606:4700:a:e4:4c2f:8dd5:9eea:8dfa,4,4,0.00,161.12,0.00,SJC
2606:4700:c:0:83:5bdc:5a62:8000,4,4,0.00,161.12,0.00,SJC
2606:4700:3009:0:82b4:2e33:650b:bf93,4,4,0.00,161.12,0.00,SJC
2606:4700:3005:ca:2cba:6938:c06a:fde8,4,4,0.00,161.12,0.00,SJC
2606:4700:e:0:32:e50b:41e6:c15,4,4,0.00,161.12,0.00,SJC
2606:4700:c:cefc:6378:f2c5:33d7:ba4d,4,4,0.00,161.12,0.00,SJC
2606:4700:d1:d9:6234:3302:ee0f:71e2,4,4,0.00,161.12,0.00,SJC
2606:4700:a1:d557:64a8:fb35:fce5:541b,4,4,0.00,161.12,0.00,SJC
2606:4700:b:e836:b718:79d3:68ae:6a30,4,4,0.00,161.12,0.00,SJC
2606:4700:f:8383:7aa:54f7:41e3:68ca,4,4,0.00,161.12,0.00,SJC
2606:4700:a8:a6:d7f1:6417:22d:ac58,4,4,0.00,161.12,0.00,SJC
2606:4700:3004:cc58:62e9:f762:25a4:1f6b,4,4,0.00,161.12,0.00,SJC
2606:4700:a8:bbaf:e562:8f7c:80ee:986c,4,4,0.00,161.12,0.00,SJC
2606:4700:d:f7:c893:4ec2:5a36:b0bd,4,4,0.00,161.13,0.00,SJC
2606:4700:d0:0:d4:712f:e771:6a30,4,4,0.00,161.13,0.00,SJC
2606:4700:3001:efe8:1b5b:d50d:c7eb:8db8,4,4,0.00,161.13,0.00,SJC
2606:4700:f:0:f601:61d6:df92:1bee,4,4,0.00,161.13,0.00,SJC
2606:4700:0:88:5419:8b0c:d9a2:4faf,4,4,0.00,161.13,0.00,SJC
2606:4700:3003:1329:fa4:ce64:fb7d:94f2,4,4,0.00,161.13,0.00,SJC
2606:4700:a1::65ab:a3fd:db8a,4,4,0.00,161.14,0.00,SJC
2606:4700:a9:fa7d:5b2c:7194:87e0:2c9b,4,4,0.00,161.14,0.00,SJC
2606:4700:3001:d4:678e:62ea:20d4:3725,4,4,0.00,161.14,0.00,SJC
2606:4700:0:d923:495c:a130:64e:7ad8,4,4,0.00,161.14,0.00,SJC
2606:4700:e:0:ce95:7817:554a:9be1,4,4,0.00,161.14,0.00,SJC
2606:4700:3007:0:c2:5793:5b64:a213,4,4,0.00,161.14,0.00,SJC
2606:4700:a8:a6:7d3:ce5b:159:13ce,4,4,0.00,161.14,0.00,SJC
2606:4700:3009:0:f5:3cec:f89c:67e3,4,4,0.00,161.15,0.00,SJC
2606:4700:3006:7690:9d77:61c9:33fd:3387,4,4,0.00,161.15,0.00,SJC
2606:4700:3009:3d:ae29:927f:98c:df84,4,4,0.00,161.15,0.00,SJC
2606:4700:3001:ef60:ae7d:708c:fc04:a365,4,4,0.00,161.15,0.00,SJC
2606:4700:e:77b9:9890:5969:2457:e4f,4,4,0.00,161.15,0.00,SJC
2606:4700:3003:cd:2d98:a65a:c1c1:1d41,4,4,0.00,161.15,0.00,SJC
2606:4700::ae:36e1:b32e:14ec,4,4,0.00,161.15,0.00,SJC
2606:4700:0:5c07:fa43:3b0e:4dba:1390,4,4,0.00,161.15,0.00,SJC
2606:4700:a:0:aff5:7e15:50bd:96e0,4,4,0.00,161.15,0.00,SJC
2606:4700:a8:a6:7a7:26bb:1a8a:484f,4,4,0.00,161.16,0.00,SJC
2606:4700:c:5b:6b82:bee7:9f00:e1c6,4,4,0.00,161.16,0.00,SJC
2a06:98c1:58:0:ea:9e3b:50de:ca12,4,4,0.00,161.16,0.00,SJC
2606:4700:d:f7:245f:f163:7095:93dc,4,4,0.00,161.16,0.00,SJC
2606:4700:d1:0:1:917d:1404:d04c,4,4,0.00,161.16,0.00,SJC
2a06:98c1:58:74:f8eb:d512:6f99:abc6,4,4,0.00,161.16,0.00,SJC
2606:4700:3005:88:99a5:3e1f:adb7:de0c,4,4,0.00,161.16,0.00,SJC
2606:4700:d0:14e8:6e5b:4de1:b4cd:38bd,4,4,0.00,161.16,0.00,SJC
2606:4700:b:e836:b718:79e6:63ac:324b,4,4,0.00,161.16,0.00,SJC
2606:4700:a:0:ae:2f27:83bb:a,4,4,0.00,161.16,0.00,SJC
2606:4700:d1:fa76:3bf1:2871:dcd4:d418,4,4,0.00,161.16,0.00,SJC
2606:4700:0:5ce0:d3b3:d9d2:e9aa:31d1,4,4,0.00,161.17,0.00,SJC
2606:4700:3004:0:9b91:1796:4ef0:f10c,4,4,0.00,161.17,0.00,SJC
2606:4700:0:5ce0:d3b3:f05c:8517:d58d,4,4,0.00,161.17,0.00,SJC
2606:4700:3005::8c57:6889:39c,4,4,0.00,161.17,0.00,SJC
2a06:98c1:58:0:ea:9edc:efdc:70a0,4,4,0.00,161.17,0.00,SJC
2606:4700:a8:a6:d7f1:6417:dcac:4835,4,4,0.00,161.17,0.00,SJC
2a06:98c1:58:8b10:f6ff:ae65:fbae:625b,4,4,0.00,161.17,0.00,SJC
2606:4700:3002:0:89:533f:3165:bcef,4,4,0.00,161.17,0.00,SJC
2606:4700:3003:0:e484:6899:c5b1:4ffd,4,4,0.00,161.17,0.00,SJC
2606:4700:a:a05a:1cfc:b620:fd81:3fe8,4,4,0.00,161.17,0.00,SJC
2a06:98c1:58:8b10:e64:c93b:db8a:f779,4,4,0.00,161.17,0.00,SJC
2606:4700:3003:13ee:bf90:6571:e670:9e51,4,4,0.00,161.18,0.00,SJC
2606:4700:a:e4:185c:df65:f6fe:da18,4,4,0.00,161.18,0.00,SJC
2606:4700:a8:a6:d750:2aa8:8b07:e384,4,4,0.00,161.18,0.00,SJC
2a06:98c1:58:0:ea:9e7f:7ebb:7073,4,4,0.00,161.18,0.00,SJC
2606:4700:b:e836:b756:2587:530f:4d48,4,4,0.00,161.18,0.00,SJC
2606:4700:a:a05a:1c80:c980:ec3d:54f7,4,4,0.00,161.18,0.00,SJC
2606:4700:d:1d:84:4219:24fa:48a1,4,4,0.00,161.18,0.00,SJC
2606:4700:3003:13ee:bf90:28b:9628:4831,4,4,0.00,161.18,0.00,SJC
2606:4700:d0:56:6280:e14a:4533:5b27,4,4,0.00,161.18,0.00,SJC
2606:4700:3003::2d:6403:f6c4,4,4,0.00,161.18,0.00,SJC
2606:4700:e:4df4:b402:43a2:3164:71cf,4,4,0.00,161.19,0.00,SJC
2606:4700:e:0:32:59fc:f9a0:2cab,4,4,0.00,161.19,0.00,SJC
2606:4700:a:e4:4c2f:bdfc:7b79:5ae,4,4,0.00,161.19,0.00,SJC
2606:4700:3005:0:f7:f349:aabf:eeb9,4,4,0.00,161.19,0.00,SJC
2606:4700:c:cefc:6378:f2c5:3339:71d8,4,4,0.00,161.19,0.00,SJC
2606:4700:3001:ef60:ae3b:fbd3:e14c:25b4,4,4,0.00,161.19,0.00,SJC
2606:4700:3001:ef60:ae3b:fbd3:f372:4ad7,4,4,0.00,161.19,0.00,SJC
2606:4700:3005:0:ce9a:1e5d:6868:56e8,4,4,0.00,161.19,0.00,SJC
2606:4700:a8:a6:d7a4:4ad:99c7:4630,4,4,0.00,161.19,0.00,SJC
2606:4700:3009:93e7:dc9d:ac84:f7f2:ae44,4,4,0.00,161.19,0.00,SJC
2606:4700:3006:7690:9d64:c88d:8ab0:dcfa,4,4,0.00,161.19,0.00,SJC
2606:4700:130:9acb:7b8b:3374:dd0b:ab55,4,4,0.00,161.19,0.00,SJC
2606:4700:130:f7:3221:df9b:366:5d58,4,4,0.00,161.19,0.00,SJC
2606:4700:0:7129:de00:a24b:a76e:ca55,4,4,0.00,161.19,0.00,SJC
2606:4700:a8:5e:1e2d:15b9:996e:326d,4,4,0.00,161.19,0.00,SJC
2606:4700:3000:0:2f:9d3c:8b38:1a43,4,4,0.00,161.19,0.00,SJC
2606:4700:e::89:4871:ba45,4,4,0.00,161.20,0.00,SJC
2606:4700:3003:1329:f1a:2efc:c5a:23a7,4,4,0.00,161.20,0.00,SJC
2606:4700:a1:0:98a9:2dd3:b9e9:ace2,4,4,0.00,161.20,0.00,SJC
2606:4700:a:a05a:1c80:c92e:bdf5:6e6,4,4,0.00,161.20,0.00,SJC
2606:4700:e:77b9:9890:5969:a178:f9a5,4,4,0.00,161.20,0.00,SJC
2606:4700:c:cefc:6378:47:1b5:c55f,4,4,0.00,161.20,0.00,SJC
2606:4700:3009:0:822f:3041:2008:f2,4,4,0.00,161.20,0.00,SJC
2606:4700:a8:0:64:62a9:1a51:d334,4,4,0.00,161.20,0.00,SJC
2606:4700:a:e4:4c2f:bdfc:2d6c:b19d,4,4,0.00,161.20,0.00,SJC
2606:4700:3003:13ee:8869:454c:6a07:282e,4,4,0.00,161.20,0.00,SJC
2606:4700:a1:d50b:3f59:6e44:1482:f2f6,4,4,0.00,161.20,0.00,SJC
2606:4700:3003:1329:5892:478c:2e41:83cc,4,4,0.00,161.21,0.00,SJC
2606:4700:3001:ef60:8be8:92ae:e303:30e6,4,4,0.00,161.21,0.00,SJC
2606:4700:0:88:5419:8bcb:4753:b0d9,4,4,0.00,161.21,0.00,SJC
2606:4700:d1:873a:fb03:8583:b2b1:5507,4,4,0.00,161.21,0.00,SJC
2606:4700:3002:fe22:9d53:3329:878f:276b,4,4,0.00,161.21,0.00,SJC
2606:4700:3006:7690:9d77:9560:ecc6:647c,4,4,0.00,161.21,0.00,SJC
2a06:98c1:58:8bba:9ab0:6b63:4c2e:7078,4,4,0.00,161.21,0.00,SJC
2606:4700:e:4d05:a1d2:cad5:cf98:868c,4,4,0.00,161.21,0.00,SJC
2606:4700:a8:bbaf:2086:ae3a:c76c:be03,4,4,0.00,161.21,0.00,SJC
2606:4700:b:da58:c78:a7d:e5b4:c9c0,4,4,0.00,161.21,0.00,SJC
2606:4700:d:1996:da17:ab34:1590:a768,4,4,0.00,161.21,0.00,SJC
2606:4700:3005:ca:3abc:b7fa:d9d2:727a,4,4,0.00,161.22,0.00,SJC
2606:4700:3004:5c:9683:3e6b:1f15:3c56,4,4,0.00,161.22,0.00,SJC
2606:4700:0:88:54ba:30c5:2669:8293,4,4,0.00,161.22,0.00,SJC
2606:4700:e:4d05:a931:71fe:cbc2:c054,4,4,0.00,161.22,0.00,SJC
2606:4700:0:d923:c32a:5b01:dc2f:d80f,4,4,0.00,161.22,0.00,SJC
2606:4700:a::f4bb:d7a9:573b,4,4,0.00,161.22,0.00,SJC
2606:4700:3008:71f2:810d:93ff:d592:7709,4,4,0.00,161.22,0.00,SJC
2606:4700:0:d923:c357:bc:e65a:5f4e,4,4,0.00,161.22,0.00,SJC
2606:4700:c:0:efda:39e:462a:455e,4,4,0.00,161.22,0.00,SJC
2606:4700:a:0:d863:1814:e214:fc4,4,4,0.00,161.22,0.00,SJC
2a06:98c1:58:8bba:2412:3ad5:c15a:bd4d,4,4,0.00,161.22,0.00,SJC
2606:4700:d1:d9:e0bd:9cb9:9d28:9a9d,4,4,0.00,161.22,0.00,SJC
2a06:98c1:58:8b36:e430:55e6:b992:94b1,4,4,0.00,161.22,0.00,SJC
2606:4700:f:0:f601:ceec:51b8:308,4,4,0.00,161.22,0.00,SJC
2606:4700:a8:a6:7a7:1da4:5714:940c,4,4,0.00,161.22,0.00,SJC
2606:4700:3004:cc58:6209:7f7c:1400:e4f8,4,4,0.00,161.22,0.00,SJC
2606:4700:d:1936:d5ec:28cc:48e:b94,4,4,0.00,161.22,0.00,SJC
2606:4700:3002:fec3:8ab8:7c82:b235:57cb,4,4,0.00,161.22,0.00,SJC
2a06:98c1:58:8b36:e49d:6a34:a70b:7253,4,4,0.00,161.22,0.00,SJC
2606:4700:e:4d05:a946:460c:a32c:e81e,4,4,0.00,161.23,0.00,SJC
2606:4700:0:d923:c32a:5b68:c861:87ae,4,4,0.00,161.23,0.00,SJC
2606:4700:e:b3:5fb9:9180:c3e2:92e3,4,4,0.00,161.23,0.00,SJC
2606:4700:a9:fa7d:5bf0:20d6:a440:fdc1,4,4,0.00,161.23,0.00,SJC
2606:4700:3006:9:d130:2ce8:e58:287f,4,4,0.00,161.23,0.00,SJC
2606:4700:3006:9:d1e4:5696:6f15:2e7c,4,4,0.00,161.23,0.00,SJC
2606:4700:d1:fa26:127e:f636:242c:3ce6,4,4,0.00,161.23,0.00,SJC
2606:4700:a8:bbaf:e562:8f11:1dcb:e988,4,4,0.00,161.23,0.00,SJC
2606:4700:3001:0:5bf3:ec72:9971:fc74,4,4,0.00,161.23,0.00,SJC
2606:4700:f:8383:7aa:35c7:7dbd:a7d9,4,4,0.00,161.23,0.00,SJC
2606:4700:3009::1dfc:d905:e617,4,4,0.00,161.23,0.00,SJC
2606:4700:3002:2a:ea2a:fb36:7631:9498,4,4,0.00,161.23,0.00,SJC
2606:4700:3005::57:230a:de0c,4,4,0.00,161.23,0.00,SJC
2606:4700:0:7129:740d:b19a:ccf0:86ef,4,4,0.00,161.23,0.00,SJC
2606:4700:0:d923:4945:926c:e30e:e825,4,4,0.00,161.23,0.00,SJC
2606:4700:d1:d9:e0bd:9cb9:a335:6053,4,4,0.00,161.23,0.00,SJC
2606:4700:d0:56:7b16:29a6:d110:1aad,4,4,0.00,161.23,0.00,SJC
2606:4700:3005::7f24:89dc,4,4,0.00,161.23,0.00,SJC
2606:4700:a8:bb96:1fef:c972:6d38:9e25,4,4,0.00,161.23,0.00,SJC
2606:4700:130::6e6e:f1b0:2354,4,4,0.00,161.24,0.00,SJC
2606:4700:d0:56:7bd7:9f0:82c2:a124,4,4,0.00,161.24,0.00,SJC
2606:4700:a1:d557:6494:d2b8:8012:138b,4,4,0.00,161.24,0.00,SJC
2a06:98c1:58:8bba:2412:3a43:c52:f34c,4,4,0.00,161.24,0.00,SJC
2606:4700:3001::cc5d,4,4,0.00,161.24,0.00,SJC
2606:4700:b:e836:3474:9fd0:3352:fb22,4,4,0.00,161.24,0.00,SJC
2606:4700:c:0:efdb:3580:cca0:9666,4,4,0.00,161.24,0.00,SJC
2606:4700:b::6e61:84fb:61c6,4,4,0.00,161.24,0.00,SJC
2606:4700:c:cefc:6378:cab5:a568:9695,4,4,0.00,161.24,0.00,SJC
2606:4700:d1:d9:588b:a6b7:f0a6:cd5a,4,4,0.00,161.25,0.00,SJC
2606:4700:3002:28:f507:60a5:24ee:fef7,4,4,0.00,161.25,0.00,SJC
2606:4700:3003:1329:58d3:3e14:95f3:4b68,4,4,0.00,161.25,0.00,SJC
2606:4700:b:0:c517:47d4:4fc1:f890,4,4,0.00,161.25,0.00,SJC
2606:4700:c:ce56:4138:cea4:5608:cbde,4,4,0.00,161.25,0.00,SJC
2606:4700:f:0:4352:f52c:e0d0:408,4,4,0.00,161.25,0.00,SJC
2606:4700:d1:873a:fb03:107d:2982:3611,4,4,0.00,161.25,0.00,SJC
2606:4700:130:f7:c3c2:484e:4aa4:d78e,4,4,0.00,161.25,0.00,SJC
2606:4700:3008:71f2:184a:4d43:e44b:8e43,4,4,0.00,161.26,0.00,SJC
2606:4700:3006:9:d130:8a7c:b69:8590,4,4,0.00,161.26,0.00,SJC
2606:4700:3009:3d:f39b:dfd8:921c:c34e,4,4,0.00,161.26,0.00,SJC
2606:4700:3006:9:d99b:d905:9286:cea2,4,4,0.00,161.26,0.00,SJC
2606:4700::eab7:e100:9f68:2865,4,4,0.00,161.26,0.00,SJC
2606:4700:d:f7:24c4:2b11:79c5:a53b,4,4,0.00,161.27,0.00,SJC
2606:4700:a8:a6:7e3:f760:f43d:eed3,4,4,0.00,161.27,0.00,SJC
2606:4700:3003:cd:9a7c:b277:c1bd:effe,4,4,0.00,161.27,0.00,SJC
2606:4700:3003:13ee:888f:95be:64da:ec86,4,4,0.00,161.27,0.00,SJC
2606:4700:d0:14e8:6eb1:a4c8:131e:46f5,4,4,0.00,161.27,0.00,SJC
2606:4700:d:1936:847b:23d0:4f02:453e,4,4,0.00,161.27,0.00,SJC
2606:4700:d0:56:68dc:1078:e04c:970e,4,4,0.00,161.27,0.00,SJC
2a06:98c1:58:74:672:69ca:2fa5:3092,4,4,0.00,161.27,0.00,SJC
2606:4700:a1:74:ae78:5ca6:2d92:deca,4,4,0.00,161.27,0.00,SJC
2606:4700:3009:a8:69db:12d0:ac84:95b4,4,4,0.00,161.27,0.00,SJC
2606:4700:c:ce56:4c17:51e3:462f:200b,4,4,0.00,161.28,0.00,SJC
2606:4700:d:1936:d5ab:c32c:4ea7:7d00,4,4,0.00,161.28,0.00,SJC
2606:4700:d1:873a:fb03:8583:b2bb:20a1,4,4,0.00,161.28,0.00,SJC
2606:4700:130:0:36:3758:b918:d8c7,4,4,0.00,161.28,0.00,SJC
2606:4700:3003:13ee:8869:d351:ed5d:286c,4,4,0.00,161.28,0.00,SJC
2606:4700:d1:fa26:5ec0:5152:f101:4131,4,4,0.00,161.28,0.00,SJC
2606:4700:a8:a6:7d3:ce5b:bb9a:5e05,4,4,0.00,161.28,0.00,SJC
2606:4700:3000:9b92:2fb:b166:f2bf:b03d,4,4,0.00,161.28,0.00,SJC
2606:4700:f:0:f601:ceec:5139:6b58,4,4,0.00,161.28,0.00,SJC
2606:4700:130:f7:c302:4677:eac6:2ba2,4,4,0.00,161.28,0.00,SJC
2606:4700:3001:0:5bf3:ec91:757:a6b4,4,4,0.00,161.28,0.00,SJC
2606:4700:3008:71f2:18a4:41c6:4b84:b6b4,4,4,0.00,161.28,0.00,SJC
2606:4700:3008:71f2:18a4:41c6:4777:e48c,4,4,0.00,161.28,0.00,SJC
2606:4700:d0:14e8:6eb1:3451:ecb8:8379,4,4,0.00,161.28,0.00,SJC
2606:4700:c:0:83:5b2b:8a07:c43d,4,4,0.00,161.28,0.00,SJC
2606:4700:3004:cc58:d522:c14:2c78:b586,4,4,0.00,161.29,0.00,SJC
2606:4700:3006:7690:9d64:c890:9844:7afd,4,4,0.00,161.29,0.00,SJC
2606:4700:d0:0:e0a9:b4f5:9b7e:42b7,4,4,0.00,161.29,0.00,SJC
2606:4700::482e:4956:d7d1:dc35,4,4,0.00,161.29,0.00,SJC
2606:4700:3004::1189:c2ab:486e,4,4,0.00,161.29,0.00,SJC
2606:4700:d0:1403:f179:e362:5096:2990,4,4,0.00,161.29,0.00,SJC
2606:4700:3005:88:99a5:3e1f:adc4:4ad4,4,4,0.00,161.29,0.00,SJC
2a06:98c1:58:74:f888:d7ed:3b49:a2de,4,4,0.00,161.29,0.00,SJC
2606:4700:3009:a8:69bb:4316:30d0:a3c7,4,4,0.00,161.30,0.00,SJC
2606:4700:c:3cae:c0c7:7416:7f21:d428,4,4,0.00,161.30,0.00,SJC
2606:4700:d1:fa26:127e:f631:2b6f:8623,4,4,0.00,161.30,0.00,SJC
2606:4700:d1:d9:588b:f4eb:ff6e:f6c4,4,4,0.00,161.30,0.00,SJC
2606:4700:3009:93b3:21a2:a7d0:8326:b26b,4,4,0.00,161.30,0.00,SJC
2606:4700:3007:0:c2:b14f:9876:3c45,4,4,0.00,161.31,0.00,SJC
2606:4700:3009::1dfc:dea8:1cae,4,4,0.00,161.31,0.00,SJC
2606:4700:3002:0:b68e:d488:b533:e82b,4,4,0.00,161.31,0.00,SJC
2606:4700:a8:bbaf:7e7b:fe74:ba87:b4fd,4,4,0.00,161.31,0.00,SJC
2606:4700:130:f7:c3c2:e2ed:bf95:66d4,4,4,0.00,161.31,0.00,SJC
2606:4700:3005:ca:3abc:b7fa:2848:7dcc,4,4,0.00,161.31,0.00,SJC
2606:4700:a:8:632:f931:91f0:250c,4,4,0.00,161.31,0.00,SJC
2606:4700:d0:1403:fb17:f36f:8896:c3e1,4,4,0.00,161.31,0.00,SJC
2606:4700:a:a05a:1c80:c980:e398:ea05,4,4,0.00,161.31,0.00,SJC
2606:4700:d:1936:d5ab:c30b:6c9c:2bbd,4,4,0.00,161.31,0.00,SJC
2606:4700:e:77b9:6411:17d5:7fb3:280f,4,4,0.00,161.32,0.00,SJC
2606:4700:3001:ef60:8bf6:66e4:9eea:1fbc,4,4,0.00,161.32,0.00,SJC
2606:4700:130:0:d00a:d1a0:f42f:196b,4,4,0.00,161.32,0.00,SJC
2606:4700:f:0:4352:b21a:e362:d214,4,4,0.00,161.32,0.00,SJC
2606:4700:0:7129:de00:a24b:ed22:3fe1,4,4,0.00,161.32,0.00,SJC
2606:4700:3006:0:eaf3:2312:63f7:cfb,4,4,0.00,161.32,0.00,SJC
2606:4700:e:4d05:a95e:bc2:fee5:5d80,4,4,0.00,161.32,0.00,SJC
2606:4700:3004:cc58:625f:674d:45b9:d5c7,4,4,0.00,161.32,0.00,SJC
2606:4700:3007:d3b6:de69:f68f:e710:c50c,4,4,0.00,161.32,0.00,SJC
2606:4700:e:4d05:a1d2:ca37:6f76:3ec4,4,4,0.00,161.33,0.00,SJC
2606:4700:b:0:ac:5a7e:5197:fb25,4,4,0.00,161.33,0.00,SJC
2606:4700:a9:997c:41f:360f:a20e:9a35,4,4,0.00,161.33,0.00,SJC
2606:4700:3003:13ee:bf90:6518:f505:6cf3,4,4,0.00,161.33,0.00,SJC
2606:4700:130:0:59a5:2b06:19ad:f68,4,4,0.00,161.33,0.00,SJC
2606:4700:3005:ca:3a69:151a:813f:e5c5,4,4,0.00,161.33,0.00,SJC
2606:4700:a8:bbaf:7e7b:fe75:a8d5:2bab,4,4,0.00,161.33,0.00,SJC
2606:4700:e:4d05:2694:64da:6761:4b3b,4,4,0.00,161.33,0.00,SJC
2a06:98c1:58:787d:496c:b722:67b8:e9d4,4,4,0.00,161.33,0.00,SJC
2606:4700:d1:8795:5072:feeb:1807:38a7,4,4,0.00,161.33,0.00,SJC
2606:4700:3000:9b92:29c:11d7:e9bd:d90a,4,4,0.00,161.33,0.00,SJC
2606:4700:e:4dd9:aac:8aee:7388:83cd,4,4,0.00,161.33,0.00,SJC
2606:4700:a8:a6:7a7:1da4:e879:a49b,4,4,0.00,161.33,0.00,SJC
2606:4700:f:8383:b1c7:914c:f653:f7c2,4,4,0.00,161.33,0.00,SJC
2606:4700:d0:1403:f10e:280b:cd35:e79d,4,4,0.00,161.34,0.00,SJC
2606:4700:f:8f:855a:730f:9ef3:ef61,4,4,0.00,161.34,0.00,SJC
2606:4700:130:0:36:3758:5622:df42,4,4,0.00,161.34,0.00,SJC
2606:4700:3005:ca:3a69:6ef9:673b:5a75,4,4,0.00,161.34,0.00,SJC
2606:4700:e:77b9:9890:4176:8508:e836,4,4,0.00,161.34,0.00,SJC
2606:4700:3003::9a2c:70b4:5b37,4,4,0.00,161.34,0.00,SJC
2606:4700:3009:3d:ae29:eb84:608c:d313,4,4,0.00,161.35,0.00,SJC
2606:4700:3003:1329:5892:47e0:3c31:739c,4,4,0.00,161.35,0.00,SJC
2606:4700:d:1936:d562:292:fe6c:e1ad,4,4,0.00,161.35,0.00,SJC
2606:4700:3003:cd:9a7c:6db0:fc45:cede,4,4,0.00,161.35,0.00,SJC
2606:4700:3009:0:822f:268c:4b8f:eb77,4,4,0.00,161.35,0.00,SJC
2606:4700:e:77b9:6470:f1e1:f8d2:1617,4,4,0.00,161.35,0.00,SJC
2606:4700:c:0:efda:39e:c933:c4e7,4,4,0.00,161.36,0.00,SJC
2606:4700:e:777d:b6ca:90ba:c355:ceef,4,4,0.00,161.36,0.00,SJC
2606:4700:a8:a6:7a7:d966:6510:c05,4,4,0.00,161.36,0.00,SJC
2606:4700:3001:ef60:8b30:b56a:820a:8afd,4,4,0.00,161.36,0.00,SJC
2606:4700:3006:9:d132:ef3c:6b5b:b38f,4,4,0.00,161.36,0.00,SJC
2606:4700:3005:88:99a5:1d15:d510:5e52,4,4,0.00,161.36,0.00,SJC
2606:4700:3004:cc58:6209:53f4:d25f:bbc0,4,4,0.00,161.36,0.00,SJC
2606:4700:130:0:d00a:41b1:d301:c07d,4,4,0.00,161.36,0.00,SJC
2606:4700:3006:9:62ca:efed:414:8a06,4,4,0.00,161.36,0.00,SJC
2606:4700:3009:937e:2785:c409:a8aa:49f7,4,4,0.00,161.37,0.00,SJC
2606:4700:a1::defd:22b9:f168,4,4,0.00,161.37,0.00,SJC
2606:4700:3005:ca:2054:af1f:3473:6fbc,4,4,0.00,161.37,0.00,SJC
2606:4700:3009:0:82b4:502d:bb0f:57af,4,4,0.00,161.37,0.00,SJC
2606:4700:c:0:83:5b2b:8a93:ed68,4,4,0.00,161.37,0.00,SJC
2606:4700:3001:d4:6702:f9bf:bfc0:1d24,4,4,0.00,161.37,0.00,SJC
2606:4700:d1:873a:fb03:100d:f8ba:144d,4,4,0.00,161.38,0.00,SJC
2606:4700:d0:56:e2d8:1d56:e7d2:6ef9,4,4,0.00,161.38,0.00,SJC
2606:4700:3009:5a:295d:980d:73ec:2719,4,4,0.00,161.38,0.00,SJC
2606:4700:0:7129:740d:b19a:1d84:5150,4,4,0.00,161.38,0.00,SJC
2606:4700:3006:7690:9d77:6115:5709:3891,4,4,0.00,161.38,0.00,SJC
2a06:98c1:58::4b:b338:190a,4,4,0.00,161.38,0.00,SJC
2606:4700:3004:cc58:625f:b70e:4671:f2cf,4,4,0.00,161.38,0.00,SJC
2606:4700:e:77be:86dd:5814:3c73:7a7f,4,4,0.00,161.38,0.00,SJC
2606:4700:3009:a8:115a:7431:988c:28c3,4,4,0.00,161.38,0.00,SJC
2606:4700:b:da58:748e:2a1:a80d:b56b,4,4,0.00,161.39,0.00,SJC
2606:4700:3008:0:b586:7196:fc27:5cc1,4,4,0.00,161.39,0.00,SJC
2606:4700:3000:9b92:fbd4:6229:1ab8:94bc,4,4,0.00,161.39,0.00,SJC
2606:4700:b:da58:7463:1926:6c49:ad50,4,4,0.00,161.39,0.00,SJC
2606:4700:e:77be:8649:f1c1:8051:f11a,4,4,0.00,161.39,0.00,SJC
2606:4700:3001:d4:6702:1d76:838:a36,4,4,0.00,161.39,0.00,SJC
2606:4700:c:3c32:80d1:28cb:6649:f68a,4,4,0.00,161.39,0.00,SJC
2606:4700:c:cefc:6378:cab5:4cec:98d5,4,4,0.00,161.40,0.00,SJC
2606:4700:130:0:afc8:47b5:8804:56db,4,4,0.00,161.40,0.00,SJC
2606:4700:a::ff:f16b:818d,4,4,0.00,161.40,0.00,SJC
2606:4700:130:f7:c302:46b4:d7a2:5663,4,4,0.00,161.40,0.00,SJC
2a06:98c1:58:8b10:e64:a455:def8:6f55,4,4,0.00,161.40,0.00,SJC
2606:4700:3009:5a:295d:f955:8841:d902,4,4,0.00,161.40,0.00,SJC
2606:4700:d:0:8c:90ed:9a40:362,4,4,0.00,161.40,0.00,SJC
2606:4700:f:8f:855a:7392:19e9:3f83,4,4,0.00,161.40,0.00,SJC
2606:4700:0:5ce0:7210:da61:fac6:76b0,4,4,0.00,161.40,0.00,SJC
2606:4700:b:0:c517:47d4:7abb:3a65,4,4,0.00,161.40,0.00,SJC
2606:4700:a8:a6:d7f1:64d8:c4aa:a50d,4,4,0.00,161.41,0.00,SJC
2606:4700:a8:a9:84cf:3e3b:9028:824d,4,4,0.00,161.41,0.00,SJC
2606:4700:c:ce56:4138:9d47:30be:1ecf,4,4,0.00,161.41,0.00,SJC
2606:4700:a:8:f27f:485:b29a:4961,4,4,0.00,161.41,0.00,SJC
2606:4700:a:0:8a:d58c:2831:abae,4,4,0.00,161.41,0.00,SJC
2606:4700:3002:28:f530:2ea2:30e8:c0a,4,4,0.00,161.42,0.00,SJC
2606:4700:3003:cd:2d98:175:1506:58d4,4,4,0.00,161.42,0.00,SJC
2606:4700:e:57:5863:5693:16a5:41d6,4,4,0.00,161.42,0.00,SJC
2606:4700:0:88:54ba:30c5:2622:6b3e,4,4,0.00,161.42,0.00,SJC
2606:4700:3002:2a:ea4a:c984:bae:92d1,4,4,0.00,161.42,0.00,SJC
2606:4700:3004:cc9f:617e:39d9:adfc:4950,4,4,0.00,161.42,0.00,SJC
2606:4700:c:5b:6bda:7f26:fa45:eea8,4,4,0.00,161.42,0.00,SJC
2606:4700:0:d9cd:40c3:4284:9da2:ce0d,4,4,0.00,161.42,0.00,SJC
2606:4700:3004:5c:9683:7f56:b660:2861,4,4,0.00,161.42,0.00,SJC
2606:4700:3009:93b3:e942:4f56:702e:3b07,4,4,0.00,161.42,0.00,SJC
2606:4700:3001:0:5bf3:d678:f25:d738,4,4,0.00,161.42,0.00,SJC
2606:4700:c:0:efa5:7f4b:2538:8aad,4,4,0.00,161.42,0.00,SJC
2606:4700:3005:0:ce9a:e481:340:a851,4,4,0.00,161.43,0.00,SJC
2606:4700:3001:ef60:8b30:b56a:82e5:e175,4,4,0.00,161.43,0.00,SJC
2606:4700:a9::3b48:8f24,4,4,0.00,161.43,0.00,SJC
2606:4700:b:da58:7463:1938:6e8b:6c4,4,4,0.00,161.43,0.00,SJC
2606:4700:3009:93e7:dc06:a80c:4767:c0b8,4,4,0.00,161.43,0.00,SJC
2606:4700:f:0:c6:db20:5de3:bd1,4,4,0.00,161.43,0.00,SJC
2606:4700:0:d923:4945:19bb:fa4:6820,4,4,0.00,161.43,0.00,SJC
2606:4700:a:8:2b1a:d19f:55ad:ec79,4,4,0.00,161.43,0.00,SJC
2606:4700:a:8:6d4:1912:e37:21c9,4,4,0.00,161.43,0.00,SJC
2606:4700:3001:efe8:1b5b:7d55:d828:3051,4,4,0.00,161.43,0.00,SJC
2606:4700:a8:a6:7e3:f72f:d10e:d528,4,4,0.00,161.43,0.00,SJC
2606:4700:3009:a8:69bb:4316:a398:e126,4,4,0.00,161.44,0.00,SJC
2606:4700:3005:88:9983:fc0d:9648:39d9,4,4,0.00,161.44,0.00,SJC
2606:4700:3001:efe8:1b5b:7d55:ac15:fd84,4,4,0.00,161.44,0.00,SJC
2606:4700:a1:74:ae78:c269:2bc3:ef2e,4,4,0.00,161.44,0.00,SJC
2606:4700:130:0:36:3758:5681:c6dd,4,4,0.00,161.44,0.00,SJC
2606:4700:b:e836:3474:9fdd:6514:c5a0,4,4,0.00,161.44,0.00,SJC
2606:4700:a1:0:ba:7314:a78:e500,4,4,0.00,161.44,0.00,SJC
2606:4700:3008:71f2:18a4:416f:c68:303d,4,4,0.00,161.44,0.00,SJC
2606:4700:0:d923:c357:bb:8517:1aec,4,4,0.00,161.44,0.00,SJC
2606:4700:3005:376f:5c1:7070:aec0:90f3,4,4,0.00,161.44,0.00,SJC
2606:4700:c:3cae:c0c7:7401:b748:785e,4,4,0.00,161.44,0.00,SJC
2606:4700:d:1d:8ea4:48cc:e999:19a5,4,4,0.00,161.44,0.00,SJC
2606:4700:3008:f6:25e:80cc:e775:f9d8,4,4,0.00,161.45,0.00,SJC
2a06:98c1:58:8bba:24ce:2d90:959f:19be,4,4,0.00,161.45,0.00,SJC
2606:4700:3005:0:cef8:bcd6:a6bb:a836,4,4,0.00,161.45,0.00,SJC
2606:4700:b:0:c559:dc58:666c:949,4,4,0.00,161.45,0.00,SJC
2606:4700:e:0:5c81:7429:8fea:d7b2,4,4,0.00,161.45,0.00,SJC
2606:4700::eab7:e100:9f09:17db,4,4,0.00,161.45,0.00,SJC
2606:4700:3008:71f2:810d:9301:3593:1ae7,4,4,0.00,161.45,0.00,SJC
2606:4700:d0:56:e2d8:987:5a97:b447,4,4,0.00,161.45,0.00,SJC
2606:4700:130:0:36:b685:3e14:b2b5,4,4,0.00,161.46,0.00,SJC
2606:4700:3006:7690:9d64:10a3:9f4:6438,4,4,0.00,161.46,0.00,SJC
2606:4700:3009::1dfc:11bc:2f46,4,4,0.00,161.46,0.00,SJC
2606:4700:3002:2a:ea4a:c984:6710:3637,4,4,0.00,161.46,0.00,SJC
2606:4700:f:0:4352:b2f0:8aa8:e42,4,4,0.00,161.46,0.00,SJC
2606:4700:3000:9b92:23b:43ff:4820:8bca,4,4,0.00,161.46,0.00,SJC
2606:4700:3004:5c:fa4b:a3a:d558:ae00,4,4,0.00,161.46,0.00,SJC
2606:4700:a1:74:ae78:3017:343e:d486,4,4,0.00,161.46,0.00,SJC
2606:4700:c:0:efda:39e:6940:417e,4,4,0.00,161.46,0.00,SJC
2606:4700:3005:376f:1c48:3bc2:ffe4:2177,4,4,0.00,161.46,0.00,SJC
2606:4700:a::958d:1614:909a,4,4,0.00,161.47,0.00,SJC
2606:4700:0:7129:740d:f1c5:f94f:9256,4,4,0.00,161.47,0.00,SJC
2606:4700:e:777d:3aa9:9ad7:a39e:eff9,4,4,0.00,161.47,0.00,SJC
2a06:98c1:58:8b10:e64:a455:2e6b:2e22,4,4,0.00,161.47,0.00,SJC
2606:4700:3009:93e7:dc06:c52c:96ae:6061,4,4,0.00,161.47,0.00,SJC
2a06:98c1:58:cb:3ece:68ef:bf0b:e789,4,4,0.00,161.47,0.00,SJC
2a06:98c1:58:8b36:8b03:cb1a:442c:64b6,4,4,0.00,161.47,0.00,SJC
2606:4700:d1:d9:62c7:dec1:a83f:6f16,4,4,0.00,161.47,0.00,SJC
2606:4700:f:0:5d40:2128:8295:e412,4,4,0.00,161.47,0.00,SJC
2606:4700:3003:cd:9ae7:bb72:5c98:4f0c,4,4,0.00,161.47,0.00,SJC
2606:4700:a1:d50b:3f59:cd98:c9c:bb0b,4,4,0.00,161.47,0.00,SJC
2606:4700:0:5ce0:7241:9d57:ff47:912,4,4,0.00,161.47,0.00,SJC
2606:4700:a1:d557:64a8:fb04:548b:458b,4,4,0.00,161.48,0.00,SJC
2606:4700:3004:ac9d:a78f:c7fd:f08b:9e07,4,4,0.00,161.48,0.00,SJC
2606:4700:e:4dd9:c96c:6b2d:5744:aef4,4,4,0.00,161.48,0.00,SJC
2606:4700:3005:376f:1c48:3bc2:ffb6:2e7c,4,4,0.00,161.48,0.00,SJC
2606:4700:a8:a6:d73c:cbe6:89ef:4d87,4,4,0.00,161.48,0.00,SJC
2606:4700:3000:0:93ef:46ec:8c19:5e1f,4,4,0.00,161.48,0.00,SJC
2606:4700:3002::b888:1867:ea40,4,4,0.00,161.48,0.00,SJC
2606:4700:d1:8795:5072:fe3c:74de:8e6c,4,4,0.00,161.48,0.00,SJC
2606:4700:a:e4:c21a:88f3:6daf:4484,4,4,0.00,161.48,0.00,SJC
2606:4700:3007:d3b6:de69:f68f:d38a:12c6,4,4,0.00,161.48,0.00,SJC
2606:4700:e:777d:c17b:84b7:9b3d:a017,4,4,0.00,161.48,0.00,SJC
2606:4700:a:0:8a:f162:2a6e:9eba,4,4,0.00,161.49,0.00,SJC
2606:4700:d1:fa76:a43a:9d69:45c4:59a1,4,4,0.00,161.49,0.00,SJC
2606:4700:0:d923:49e4:1f81:dc78:5f36,4,4,0.00,161.49,0.00,SJC
2606:4700:e:777d:3a1f:c315:a75f:53fa,4,4,0.00,161.49,0.00,SJC
2606:4700:a8:a6:d7a4:1e13:906e:efc3,4,4,0.00,161.49,0.00,SJC
2606:4700:f:0:5d40:ac5c:c8c2:f5fd,4,4,0.00,161.49,0.00,SJC
2a06:98c1:58:8bba:24ce:2d90:9ad2:549a,4,4,0.00,161.49,0.00,SJC
2606:4700:d1:d9:5cc1:5e1a:2a28:bc0c,4,4,0.00,161.49,0.00,SJC
2606:4700:d1:d9:6272:adbf:e904:b77a,4,4,0.00,161.50,0.00,SJC
2606:4700:a8:5e:1ec4:2d1a:3fcf:a38,4,4,0.00,161.50,0.00,SJC
2606:4700:e:b3:5fb9:2917:530d:8733,4,4,0.00,161.50,0.00,SJC
2606:4700:3006:7690:9d64:1058:e1e:a458,4,4,0.00,161.50,0.00,SJC
2606:4700:e:77b9:6411:173f:8a2c:82fc,4,4,0.00,161.50,0.00,SJC
2606:4700:f:8383:b1c7:2652:728d:6329,4,4,0.00,161.50,0.00,SJC
2606:4700:130:f7:c3c2:480c:7333:726d,4,4,0.00,161.50,0.00,SJC
2606:4700::ae:36e1:5047:812c,4,4,0.00,161.50,0.00,SJC
2606:4700:3009:b966:e91c:d2bb:4582:1bd6,4,4,0.00,161.50,0.00,SJC
2606:4700:3002:0:ae:dce4:ac38:9961,4,4,0.00,161.50,0.00,SJC
2a06:98c1:58:8b36:8bcb:c6cd:222:765f,4,4,0.00,161.51,0.00,SJC
2606:4700:3009:a8:69db:6c91:f789:f362,4,4,0.00,161.51,0.00,SJC
2606:4700:3001:efe8:9dd3:3c48:a861:9da8,4,4,0.00,161.51,0.00,SJC
2606:4700:130:f7:c3c2:489e:c670:6aa8,4,4,0.00,161.51,0.00,SJC
2606:4700:e:777d:3a1f:bd2:5037:c8e5,4,4,0.00,161.51,0.00,SJC
2606:4700::eab7:f9ef:cb23:da55,4,4,0.00,161.51,0.00,SJC
2606:4700:c:5b:58cf:a95b:1106:63ee,4,4,0.00,161.51,0.00,SJC
2606:4700:3006:9:62ca:eff2:7fcc:e8ca,4,4,0.00,161.51,0.00,SJC
2606:4700:c:3cae:c0c7:2c42:dac2:260d,4,4,0.00,161.51,0.00,SJC
2606:4700:c:ce40:8c25:e3c4:9745:49f2,4,4,0.00,161.51,0.00,SJC
2606:4700:3004:0:9b91:1796:4ea0:cde9,4,4,0.00,161.51,0.00,SJC
2606:4700:a9:fafc:ad81:c71:f532:8e4c,4,4,0.00,161.52,0.00,SJC
2606:4700:a9:997c:41f:ad2e:9f5b:9576,4,4,0.00,161.52,0.00,SJC
2606:4700:d0:14e8:6e5b:4de1:27af:63bb,4,4,0.00,161.52,0.00,SJC
2606:4700:a:4267:8936:8b61:40ba:c444,4,4,0.00,161.52,0.00,SJC
2606:4700:3004:0:3023:55d0:c2a9:d524,4,4,0.00,161.52,0.00,SJC
2606:4700:3008:71f2:8169:a611:1235:8381,4,4,0.00,161.52,0.00,SJC
2606:4700:d0:0:e0a9:b4f5:9b04:1d,4,4,0.00,161.52,0.00,SJC
2606:4700:0:d923:c357:a:e6b6:7ac5,4,4,0.00,161.52,0.00,SJC
2606:4700:a:8:632:f9e3:ade8:1249,4,4,0.00,161.52,0.00,SJC
2606:4700:3008:0:b586:7196:455b:f654,4,4,0.00,161.52,0.00,SJC
2606:4700:d0:0:d4:712f:2036:f03d,4,4,0.00,161.52,0.00,SJC
2606:4700:b:da58:7463:19ad:dde6:67db,4,4,0.00,161.52,0.00,SJC
2606:4700:0:88:54cc:ded6:44d2:4372,4,4,0.00,161.53,0.00,SJC
2606:4700:3006:7690:9d77:c6be:9ef1:f93,4,4,0.00,161.53,0.00,SJC
2606:4700:3008:f6:1fd5:904f:ebad:c5cb,4,4,0.00,161.53,0.00,SJC
2606:4700:3004:aca6:a302:5bd0:80ca:5671,4,4,0.00,161.53,0.00,SJC
2606:4700:3003:13ee:888f:95e2:3f60:bfca,4,4,0.00,161.53,0.00,SJC
2606:4700:d1:fa26:5ec0:2cbf:96a6:8441,4,4,0.00,161.53,0.00,SJC
2606:4700:b:0:c559:1a2d:cb96:e0b8,4,4,0.00,161.53,0.00,SJC
2606:4700:a:c528:4c54:490a:479d:b73d,4,4,0.00,161.53,0.00,SJC
2606:4700:3005:88:9983:5a6f:7a1d:a3f6,4,4,0.00,161.53,0.00,SJC
2606:4700:d1:d9:6234:3302:9883:ec3b,4,4,0.00,161.53,0.00,SJC
2606:4700:a8:0:a6d6:a2b6:a4f7:4717,4,4,0.00,161.53,0.00,SJC
2606:4700:3005:376f:e7f4:b99:11da:5b76,4,4,0.00,161.53,0.00,SJC
2606:4700:3008:71f2:18c9:c273:39f6:e2a3,4,4,0.00,161.53,0.00,SJC
2606:4700:3003:cd:2d8e:2d95:afcd:ba72,4,4,0.00,161.53,0.00,SJC
2606:4700::eab7:f976:46fc:64cf,4,4,0.00,161.53,0.00,SJC
2a06:98c1:58:8b10:e64:c994:ffac:4e7d,4,4,0.00,161.53,0.00,SJC
2606:4700:d1::fa2b:4744:8b86,4,4,0.00,161.54,0.00,SJC
2606:4700:3008:0:19:c931:e9c8:b1ca,4,4,0.00,161.54,0.00,SJC
2606:4700:a9:fa7d:fd45:374e:d246:9813,4,4,0.00,161.54,0.00,SJC
2606:4700:3006:0:f7:387b:e0ce:211f,4,4,0.00,161.54,0.00,SJC
2606:4700:3001:d4:67f6:c373:33c2:cc22,4,4,0.00,161.54,0.00,SJC
2606:4700:d:1d:1eaf:af78:e265:277a,4,4,0.00,161.54,0.00,SJC
2606:4700:d0::6b23:c4fe:810a,4,4,0.00,161.54,0.00,SJC
2606:4700:f:0:5d40:ac80:3e6d:7145,4,4,0.00,161.55,0.00,SJC
2606:4700:a9:fa7d:fd70:d08c:2c53:7fdc,4,4,0.00,161.55,0.00,SJC
2606:4700:3003:1329:f1a:2efc:c88:19ea,4,4,0.00,161.55,0.00,SJC
2606:4700:3003:13ee:db5:5b0e:af61:6cc0,4,4,0.00,161.55,0.00,SJC
2606:4700:3006:9:d132:ef3c:6b2d:d1f9,4,4,0.00,161.55,0.00,SJC
2606:4700:3003:cd:2de1:2103:7cdc:cb5c,4,4,0.00,161.55,0.00,SJC
2606:4700:a8:a6:7a7:1da4:5f40:5d89,4,4,0.00,161.55,0.00,SJC
2606:4700:d0:0:d4:4358:83a0:4c82,4,4,0.00,161.55,0.00,SJC
2606:4700:d:1d:84:4219:2419:a984,4,4,0.00,161.55,0.00,SJC
2606:4700:c:3cae:2db1:7be2:268a:da60,4,4,0.00,161.55,0.00,SJC
2606:4700:0:5ce0:7210:da26:43f2:7805,4,4,0.00,161.55,0.00,SJC
2606:4700:d1:d9:62c7:dec1:a890:d186,4,4,0.00,161.55,0.00,SJC
2606:4700:3003:1329:f1a:2e3e:9218:3bcc,4,4,0.00,161.56,0.00,SJC
2606:4700:3002:2a:ea2a:d297:f2c1:18b4,4,4,0.00,161.56,0.00,SJC
2606:4700:3002:2a:ea2a:d297:f201:5bb9,4,4,0.00,161.56,0.00,SJC
2606:4700:f::b5:5479:b0ea,4,4,0.00,161.56,0.00,SJC
2a06:98c1:58:8bba:2412:72fc:f26a:a251,4,4,0.00,161.56,0.00,SJC
2606:4700:e:77b9:9890:b40e:c469:e708,4,4,0.00,161.56,0.00,SJC
2606:4700:3005::ae:474f,4,4,0.00,161.56,0.00,SJC
2606:4700:a8:0:a64f:618b:bc34:625f,4,4,0.00,161.56,0.00,SJC
2606:4700:0:88:54ba:edda:e149:abe3,4,4,0.00,161.56,0.00,SJC
2606:4700:a9:cf:a49:d1fd:414a:cf1a,4,4,0.00,161.56,0.00,SJC
2606:4700:3004:aca6:a302:b5f0:bc09:25ea,4,4,0.00,161.56,0.00,SJC
2606:4700:130::ebea:6167:2ea2,4,4,0.00,161.56,0.00,SJC
2606:4700:a1:d557:64a8:6a4d:f8ac:2d26,4,4,0.00,161.56,0.00,SJC
2606:4700:0:5c07:1a7e:8192:2af8:e6a3,4,4,0.00,161.56,0.00,SJC
2606:4700:f:0:f6d0:8ab5:67c9:9a0b,4,4,0.00,161.56,0.00,SJC
2a06:98c1:58:8b10:e64:e56d:d8ed:4312,4,4,0.00,161.56,0.00,SJC
2606:4700:3004:0:9b0c:1b03:8ff6:78d4,4,4,0.00,161.56,0.00,SJC
2606:4700:b:e836:b718:79e6:7d60:4a87,4,4,0.00,161.57,0.00,SJC
2606:4700:3009::1e4d:469e:4a41,4,4,0.00,161.57,0.00,SJC
2606:4700:a9:fa7d:5bf0:85bb:66e1:9df1,4,4,0.00,161.57,0.00,SJC
2606:4700:f:8383:7aa:5420:fae7:6c98,4,4,0.00,161.57,0.00,SJC
2606:4700:a9:fafc:ad81:a0b2:8b2d:8053,4,4,0.00,161.57,0.00,SJC
2606:4700:e:b3:5fb9:2917:f8ba:5c42,4,4,0.00,161.57,0.00,SJC
2606:4700:3005:376f:e7f4:f145:921:c44c,4,4,0.00,161.57,0.00,SJC
2606:4700:e:77b9:9890:5940:d168:4d61,4,4,0.00,161.57,0.00,SJC
2606:4700:3001:efe8:9dd3:ac19:8444:ba95,4,4,0.00,161.57,0.00,SJC
2606:4700:3009:93b3:e93d:23a6:a028:dd93,4,4,0.00,161.57,0.00,SJC
2606:4700:a:e4:185c:f849:5888:be35,4,4,0.00,161.57,0.00,SJC
2606:4700:a:0:d822:7543:7f58:c27f,4,4,0.00,161.57,0.00,SJC
2606:4700:3003:13ee:888f:43cb:50db:fa87,4,4,0.00,161.57,0.00,SJC
2606:4700:3003:13ee:888f:43cb:509c:a91e,4,4,0.00,161.57,0.00,SJC
2606:4700:130:0:d00a:12fb:3f1c:601f,4,4,0.00,161.58,0.00,SJC
2606:4700:3004:cc58:f3ad:1fc9:20c6:bbe2,4,4,0.00,161.58,0.00,SJC
2606:4700:a:0:ae:defb:43b0:346d,4,4,0.00,161.58,0.00,SJC
2606:4700:a::f4c5:f344:559b,4,4,0.00,161.58,0.00,SJC
2606:4700:e:77b9:9890:b4e9:4af0:4fcb,4,4,0.00,161.58,0.00,SJC
2606:4700:0:5c07:fac3:324d:3b2e:3264,4,4,0.00,161.58,0.00,SJC
2606:4700:3003::9a2c:ad04:f669,4,4,0.00,161.58,0.00,SJC
2606:4700:3009:0:822f:30da:dd8:860a,4,4,0.00,161.58,0.00,SJC
2606:4700:c:0:83:5b2b:723d:337e,4,4,0.00,161.58,0.00,SJC
2606:4700:b:e836:3474:50a4:7714:7dbc,4,4,0.00,161.59,0.00,SJC
2606:4700:d0:1473:d37b:62e9:1ca5:6bc2,4,4,0.00,161.59,0.00,SJC
2606:4700:3003:13ee:bf90:6518:2d56:23be,4,4,0.00,161.59,0.00,SJC
2606:4700:3000:0:4e:4387:d6c8:c101,4,4,0.00,161.59,0.00,SJC
2606:4700:a:c5fa:96f5:8ca5:9ea:3565,4,4,0.00,161.59,0.00,SJC
2606:4700:d0:1403:f10e:af48:3a8:e5f,4,4,0.00,161.59,0.00,SJC
2606:4700:a9:fa7d:5bf0:1b15:f90f:7293,4,4,0.00,161.59,0.00,SJC
2606:4700:d1:8795:5072:feeb:18ea:e55c,4,4,0.00,161.59,0.00,SJC
2606:4700:3006:9:d132:ef74:e37c:13e1,4,4,0.00,161.60,0.00,SJC
2606:4700:3001:0:78:dff3:cc47:4080,4,4,0.00,161.60,0.00,SJC
2606:4700:f:bdfe:55c4:985f:9761:cdd9,4,4,0.00,161.60,0.00,SJC
2606:4700:a9:997c:e46c:ee24:b564:e6d2,4,4,0.00,161.60,0.00,SJC
2606:4700:3001:0:54:6b23:a845:5817,4,4,0.00,161.60,0.00,SJC
2606:4700:0:5c18:cc05:3ec3:5e2e:b4ec,4,4,0.00,161.60,0.00,SJC
2606:4700:a:0:8a:af2d:96ca:c0bf,4,4,0.00,161.60,0.00,SJC
2606:4700:c:5b:6b82:bee7:4349:4af6,4,4,0.00,161.60,0.00,SJC
2606:4700:a:0:8a:b7a9:ceda:b035,4,4,0.00,161.61,0.00,SJC
2606:4700:e:0:ce95:78cf:ca2a:bf48,4,4,0.00,161.61,0.00,SJC
2606:4700:3003:13ee:888f:43cb:5087:4198,4,4,0.00,161.61,0.00,SJC
2606:4700:3008:71f2:18c9:bfb1:61d3:ee74,4,4,0.00,161.61,0.00,SJC
2606:4700:3008:f6:1fd4:c52e:4c04:5c73,4,4,0.00,161.61,0.00,SJC
2606:4700:a8:5e:e9ac:d893:b8b8:901b,4,4,0.00,161.61,0.00,SJC
2606:4700:3004:0:9b0c:1bd7:88be:7001,4,4,0.00,161.61,0.00,SJC
2606:4700:d0:1403:7c10:872e:1959:ced0,4,4,0.00,161.61,0.00,SJC
2606:4700:3003:13ee:db5:5b0e:2e82:79ad,4,4,0.00,161.61,0.00,SJC
2606:4700:3008:71f2:18c9:191:35c1:4b8f,4,4,0.00,161.61,0.00,SJC
2606:4700:0:5ce0:b334:b268:1303:3102,4,4,0.00,161.61,0.00,SJC
2606:4700:d0:56:7bd7:33bd:550f:d40e,4,4,0.00,161.62,0.00,SJC
2606:4700:b:0:c559:dc58:df1b:c7c7,4,4,0.00,161.62,0.00,SJC
2606:4700:d0:14e8:6e5b:e70d:7698:f4ea,4,4,0.00,161.62,0.00,SJC
2606:4700:3008:f6:1f0c:3244:207e:df00,4,4,0.00,161.62,0.00,SJC
2606:4700:3003:cd:9af5:101e:6d14:63e8,4,4,0.00,161.62,0.00,SJC
2606:4700:a8:bbaf:2064:5580:32bd:4db2,4,4,0.00,161.62,0.00,SJC
2606:4700:3006:5f:ae04:7686:db8b:cf86,4,4,0.00,161.62,0.00,SJC
2606:4700:c:5b:6779:3b35:fa41:3532,4,4,0.00,161.62,0.00,SJC
2606:4700:0:88:54cc:3dd2:dc37:d88f,4,4,0.00,161.62,0.00,SJC
2606:4700:d0:56:7be4:9357:b46:90bf,4,4,0.00,161.62,0.00,SJC
2606:4700:3001:0:5b49:d9fc:6d75:514f,4,4,0.00,161.62,0.00,SJC
2606:4700:e:21:309f:3e95:6296:5585,4,4,0.00,161.62,0.00,SJC
2606:4700:a:8:632:1d7:8cf5:7f48,4,4,0.00,161.62,0.00,SJC
2606:4700:d:0:5504:6773:fc5e:c0cc,4,4,0.00,161.62,0.00,SJC
2606:4700:e:77b9:6470:f124:2b8d:af09,4,4,0.00,161.63,0.00,SJC
2606:4700:d:1936:d5ab:c327:6023:75f6,4,4,0.00,161.63,0.00,SJC
2606:4700:a:8:6d4:1912:7b5b:9e8b,4,4,0.00,161.63,0.00,SJC
2606:4700:f:8383:7aa:357c:a9dd:875,4,4,0.00,161.63,0.00,SJC
2606:4700:d0:14e8:19c3:f1bd:66f7:fad3,4,4,0.00,161.63,0.00,SJC
2606:4700:3000:0:4e:4387:d6fa:4ee3,4,4,0.00,161.63,0.00,SJC
2606:4700:f:8383:b180:eb2:d007:4664,4,4,0.00,161.63,0.00,SJC
2606:4700:c:cefc:6378:f2c5:7846:b1c6,4,4,0.00,161.63,0.00,SJC
2606:4700:a:8:6d4:d57e:2116:d91b,4,4,0.00,161.63,0.00,SJC
2606:4700:d0:1403:f10e:afd5:e99d:14,4,4,0.00,161.64,0.00,SJC
2606:4700:3009:93e7:dc9d:ac84:f7c7:4b04,4,4,0.00,161.64,0.00,SJC
2606:4700:3009:93b3:21a2:a7e2:7006:a23,4,4,0.00,161.64,0.00,SJC
2606:4700:a8:bbaf:7e7b:fe74:1d6c:50bb,4,4,0.00,161.64,0.00,SJC
2606:4700:a:0:d863:1814:4102:1d66,4,4,0.00,161.64,0.00,SJC
2606:4700:a8:bbaf:7e7b:8d47:85fc:4a57,4,4,0.00,161.64,0.00,SJC
2606:4700:f:8383:b1c7:2630:f069:c325,4,4,0.00,161.64,0.00,SJC
2606:4700:a:e4:c24b:c78e:991e:ed1e,4,4,0.00,161.64,0.00,SJC
2606:4700:a9:cf:a49:d1f2:db80:1631,4,4,0.00,161.64,0.00,SJC
2606:4700:3002:fec3:8a0b:7ec:491:5049,4,4,0.00,161.64,0.00,SJC
2606:4700:e:4d05:2694:6415:2a88:181b,4,4,0.00,161.64,0.00,SJC
2606:4700:3006:9:62ca:9317:fa38:8827,4,4,0.00,161.64,0.00,SJC
2606:4700:3009:3d:f39b:dfd1:3f03:b429,4,4,0.00,161.65,0.00,SJC
2606:4700:3001:d4:6702:8758:e4a:d211,4,4,0.00,161.65,0.00,SJC
2606:4700:a:a05a:1cfc:6c3a:cb5f:61c3,4,4,0.00,161.65,0.00,SJC
2606:4700:c:ce40:8c55:636c:79a3:2753,4,4,0.00,161.65,0.00,SJC
2606:4700:3002:fec3:8ab8:7c82:b2b3:4c54,4,4,0.00,161.65,0.00,SJC
2606:4700:0:5ce0:7210:9ba9:87c6:16f,4,4,0.00,161.65,0.00,SJC
2606:4700:3009::1dfc:1194:bd6,4,4,0.00,161.65,0.00,SJC
2606:4700:a:4267:89cd:533a:961:83ad,4,4,0.00,161.65,0.00,SJC
2606:4700:a:e4:185c:f8bc:f553:d78b,4,4,0.00,161.65,0.00,SJC
2606:4700:d1:8795:5093:d64b:391c:5d87,4,4,0.00,161.66,0.00,SJC
2606:4700:0:5c18:cc05:3ec3:92fb:5910,4,4,0.00,161.66,0.00,SJC
2606:4700:f:8383:b180:eb2:fb7:5b32,4,4,0.00,161.66,0.00,SJC
2606:4700:d:0:5504:6730:1d35:951c,4,4,0.00,161.66,0.00,SJC
2606:4700:b:0:c559:dc58:66fa:e50d,4,4,0.00,161.66,0.00,SJC
2606:4700:3001:0:5bf3:ec72:ae87:c9cf,4,4,0.00,161.66,0.00,SJC
2606:4700:3003:13ee:bf90:8a7d:af91:86f9,4,4,0.00,161.66,0.00,SJC
2606:4700:d::984f:5c1b:d516,4,4,0.00,161.66,0.00,SJC
2606:4700:3001:bb:7064:2132:a161:fe30,4,4,0.00,161.66,0.00,SJC
2606:4700:3003:0:9b:58ad:5599:6ec1,4,4,0.00,161.66,0.00,SJC
2606:4700::eab7:e1bd:669e:e23,4,4,0.00,161.66,0.00,SJC
2606:4700:a1:d5be:a5f5:4493:11a2:9d43,4,4,0.00,161.66,0.00,SJC
2606:4700:e:21:d488:d7a0:91e0:3bea,4,4,0.00,161.66,0.00,SJC
2606:4700:a:8:6d4:d57e:f20b:dfd7,4,4,0.00,161.66,0.00,SJC
2606:4700:a:8:6d4:d57e:5f64:1682,4,4,0.00,161.66,0.00,SJC
2a06:98c1:58:787d:496c:b722:51bc:b8f,4,4,0.00,161.66,0.00,SJC
2606:4700:a:0:af0f:4ed0:4551:1c55,4,4,0.00,161.66,0.00,SJC
2606:4700:3001:efe8:9dd3:ac4f:c7ae:5039,4,4,0.00,161.67,0.00,SJC
2606:4700:a:4267:89cd:a74a:c985:8a22,4,4,0.00,161.67,0.00,SJC
2606:4700:3005::a965:8b4c:ae8,4,4,0.00,161.67,0.00,SJC
2606:4700:3009:5a:295d:f955:6d05:9b35,4,4,0.00,161.67,0.00,SJC
2606:4700:c:5b:6b6c:9474:2403:d26e,4,4,0.00,161.67,0.00,SJC
2606:4700:0:88:54ba:edf6:fcde:857c,4,4,0.00,161.67,0.00,SJC
2606:4700:3006:7690:9d77:6115:6ccf:d366,4,4,0.00,161.67,0.00,SJC
2606:4700:b:da58:c78:7044:b544:3dc9,4,4,0.00,161.67,0.00,SJC
2606:4700:c:3cae:c053:d227:f491:62e1,4,4,0.00,161.67,0.00,SJC
2606:4700:3007:d3b6:de69:f689:e6c0:a1e6,4,4,0.00,161.67,0.00,SJC
2606:4700:c:cefc:6378:47:b86e:cc95,4,4,0.00,161.67,0.00,SJC
2606:4700:d0:1473:4e02:ff7:a8d9:8897,4,4,0.00,161.68,0.00,SJC
2606:4700:3005:ca:20ff:ab9d:123a:4076,4,4,0.00,161.68,0.00,SJC
2606:4700:a1:0:98a9:2dcd:78f0:7f99,4,4,0.00,161.68,0.00,SJC
2606:4700:a8:a6:d7f1:64d8:7c28:9e53,4,4,0.00,161.69,0.00,SJC
2606:4700:3004:5c:9683:7f56:bd95:bd36,4,4,0.00,161.69,0.00,SJC
2606:4700:130:0:36:3766:dde7:c6e5,4,4,0.00,161.69,0.00,SJC
2606:4700:d0:56:68dc:1078:aa95:d02c,4,4,0.00,161.69,0.00,SJC
2606:4700:d:f7:c893:a5b9:ca5b:595e,4,4,0.00,161.69,0.00,SJC
2606:4700:3000:9b92:2fb:f7cc:e637:d697,4,4,0.00,161.69,0.00,SJC
2606:4700:3003:1329:f1a:2e3e:92f7:3aa,4,4,0.00,161.69,0.00,SJC
2606:4700:d:1d:84:42a7:2be2:6a22,4,4,0.00,161.69,0.00,SJC
2606:4700:3006::d4f,4,4,0.00,161.69,0.00,SJC
2606:4700::eab7:36e:2372:8ff7,4,4,0.00,161.69,0.00,SJC
2606:4700:c:3c32:35aa:f7fd:4653:7035,4,4,0.00,161.70,0.00,SJC
2606:4700:3004:cc58:625f:674d:277:193f,4,4,0.00,161.70,0.00,SJC
2606:4700:3006:0:eaf3:f10d:c3d1:6d4e,4,4,0.00,161.70,0.00,SJC
2606:4700:3000::c60:40f4:d4c3,4,4,0.00,161.70,0.00,SJC
2606:4700:130:f7:c302:4677:33ee:82bf,4,4,0.00,161.70,0.00,SJC
2606:4700:3004:cc9f:617e:39d9:593:e447,4,4,0.00,161.70,0.00,SJC
2606:4700:d0:14e8:6e5b:b58:c2d8:4bbe,4,4,0.00,161.70,0.00,SJC
2606:4700:3005:ca:20ff:ab2b:a82e:91,4,4,0.00,161.70,0.00,SJC
2606:4700:3009:b966:7969:2455:d580:fd93,4,4,0.00,161.70,0.00,SJC
2606:4700:c:5b:6779:f631:6a13:2760,4,4,0.00,161.70,0.00,SJC
2606:4700:0:d923:4945:1993:cb9a:9130,4,4,0.00,161.70,0.00,SJC
2606:4700:c:3cae:da32:f514:11ef:d0c3,4,4,0.00,161.70,0.00,SJC
2606:4700:3001:d4:67f6:c34d:45ed:2539,4,4,0.00,161.71,0.00,SJC
2606:4700:c:ce56:4187:4b63:5549:69f,4,4,0.00,161.71,0.00,SJC
2606:4700:a:e4:185c:f8b3:e163:6d22,4,4,0.00,161.71,0.00,SJC
2606:4700:3001:d4:679f:cfc5:ca58:c7ea,4,4,0.00,161.71,0.00,SJC
2606:4700:3009:937e:c650:9784:6415:f385,4,4,0.00,161.71,0.00,SJC
2606:4700:a9:fa7d:5b2c:71c7:b40a:4723,4,4,0.00,161.71,0.00,SJC
2606:4700:a::ce:e78b:2dd5,4,4,0.00,161.71,0.00,SJC
2606:4700:3005:0:f9:e838:c945:76b9,4,4,0.00,161.71,0.00,SJC
2606:4700:0:5c18:ccc0:508:6a61:5ec9,4,4,0.00,161.71,0.00,SJC
2606:4700:3001:efe8:9dd3:ac19:34c3:ab97,4,4,0.00,161.71,0.00,SJC
2606:4700:3009:b966:e976:293c:cbab:d28e,4,4,0.00,161.72,0.00,SJC
2606:4700:e:777d:3aa9:cb74:9e17:c563,4,4,0.00,161.72,0.00,SJC
2606:4700:d:f7:24c4:5598:4b28:577c,4,4,0.00,161.72,0.00,SJC
2606:4700:e:0:5c81:76ef:4425:8b3b,4,4,0.00,161.72,0.00,SJC
2606:4700:3004::71:cb17:52df,4,4,0.00,161.72,0.00,SJC
2606:4700:3006:7690:9d77:6112:39e1:25,4,4,0.00,161.72,0.00,SJC
2606:4700:0:5c07:fa3e:ea2d:4316:ea56,4,4,0.00,161.72,0.00,SJC
2a06:98c1:58:cb:3ece:6820:e809:2a33,4,4,0.00,161.72,0.00,SJC
2606:4700:0:5c07:fa3e:ea1f:3f70:801a,4,4,0.00,161.73,0.00,SJC
2606:4700:3006::3f:65b0:2fa4,4,4,0.00,161.73,0.00,SJC
2606:4700:a:e4:185c:dfc0:7318:de30,4,4,0.00,161.73,0.00,SJC
2606:4700:a9:fa7d:fd06:5472:a670:a328,4,4,0.00,161.73,0.00,SJC
2606:4700:a:c528:9b75:d664:8d67:a8f2,4,4,0.00,161.73,0.00,SJC
2606:4700:a:0:d863:18e3:bbcf:f390,4,4,0.00,161.73,0.00,SJC
2606:4700:e:777d:b636:a210:6a25:d721,4,4,0.00,161.73,0.00,SJC
2606:4700:3005:376f:e7f4:f145:6e6e:1595,4,4,0.00,161.73,0.00,SJC
2606:4700:3001:d4:2b4f:635d:ae3f:f1d6,4,4,0.00,161.73,0.00,SJC
2606:4700:3007:d4:158c:79b6:ad51:6012,4,4,0.00,161.73,0.00,SJC
2606:4700:a1:0:98a9:2dd3:b921:1bc2,4,4,0.00,161.73,0.00,SJC
2606:4700:a::f5:a1f2:365,4,4,0.00,161.74,0.00,SJC
2606:4700:d1:fa26:1235:65a4:c763:1e3c,4,4,0.00,161.74,0.00,SJC
2606:4700:c:0:efdb:d157:cdbe:93d2,4,4,0.00,161.74,0.00,SJC
2606:4700:3008:71f2:8151:e090:33fb:1edd,4,4,0.00,161.74,0.00,SJC
2606:4700:3005:376f:1c48:946f:f9ff:12c1,4,4,0.00,161.74,0.00,SJC
2606:4700:a::e5:cbe9:f88f,4,4,0.00,161.74,0.00,SJC
2606:4700:c:3cae:39f6:d6f4:5ef1:34d4,4,4,0.00,161.74,0.00,SJC
2606:4700:3002:2a:ea92:7d5d:62d2:4d03,4,4,0.00,161.74,0.00,SJC
2606:4700:a:e4:4c2f:bd6a:6fc0:5a3a,4,4,0.00,161.75,0.00,SJC
2606:4700:d1:0:15:6a53:2600:e4b2,4,4,0.00,161.75,0.00,SJC
2606:4700:3006:9:62ca:ef4f:5ee2:d07f,4,4,0.00,161.75,0.00,SJC
2606:4700:3007:0:9ca7:6d5b:958a:811d,4,4,0.00,161.75,0.00,SJC
2606:4700:a8:bbaf:7e7b:8d9b:8c90:97b5,4,4,0.00,161.75,0.00,SJC
2a06:98c1:58:8b10:f62b:cd36:4161:dac3,4,4,0.00,161.75,0.00,SJC
2606:4700:d1:d9:6272:adbf:e5f:22c1,4,4,0.00,161.75,0.00,SJC
2606:4700:b:da58:7463:1938:b56c:78e7,4,4,0.00,161.75,0.00,SJC
2606:4700:3001:ef60:ae7d:70b9:20e2:1ac3,4,4,0.00,161.75,0.00,SJC
2606:4700:3005:0:38:5484:b072:a465,4,4,0.00,161.75,0.00,SJC
2606:4700:3003:1329:f1a:2114:c1be:ba,4,4,0.00,161.75,0.00,SJC
2606:4700:a:0:aff5:1e8e:b3f5:5c2e,4,4,0.00,161.75,0.00,SJC
2606:4700:d:0:8c:90ed:9ac5:2cc9,4,4,0.00,161.76,0.00,SJC
2606:4700:f:0:4352:59b3:553f:251a,4,4,0.00,161.76,0.00,SJC
2606:4700:3005:0:ce9a:5601:d5b9:351e,4,4,0.00,161.77,0.00,SJC
2606:4700:e:77b9:a95c:f567:bad5:14d3,4,4,0.00,161.77,0.00,SJC
2606:4700:d:1996:da17:6051:4c51:b75f,4,4,0.00,161.77,0.00,SJC
2606:4700:d0:56:6280:a256:6e5b:999c,4,4,0.00,161.77,0.00,SJC
2606:4700:a1:d557:6474:d942:f35f:969e,4,4,0.00,161.77,0.00,SJC
2606:4700:3002:fec3:8ae3:9b94:13a9:cd34,4,4,0.00,161.77,0.00,SJC
2606:4700:e:777d:3a1f:bd2:111d:9ca1,4,4,0.00,161.77,0.00,SJC
2606:4700:e:77b9:9890:5969:1766:dbc4,4,4,0.00,161.77,0.00,SJC
2606:4700:3009:93b3:21a2:a726:3544:7912,4,4,0.00,161.77,0.00,SJC
2606:4700:3006:5f:ae04:7686:ffb9:763e,4,4,0.00,161.78,0.00,SJC
2606:4700:a9:fafc:ad81:c71:3c24:2e30,4,4,0.00,161.78,0.00,SJC
2606:4700:a1:d557:64a8:fb35:2b78:aeaa,4,4,0.00,161.79,0.00,SJC
2606:4700:a:e4:185c:f8b3:1e8f:d6f4,4,4,0.00,161.79,0.00,SJC
2606:4700:3005:376f:e753:9a1a:df04:454f,4,4,0.00,161.79,0.00,SJC
2606:4700:3009:b966:7969:e9be:3dff:75a9,4,4,0.00,161.79,0.00,SJC
2606:4700:d1:0:1:4c06:27d3:b457,4,4,0.00,161.79,0.00,SJC
2606:4700:d:0:5504:6773:231e:ccfc,4,4,0.00,161.79,0.00,SJC
2606:4700::ae:e3a7:ad68:287b,4,4,0.00,161.79,0.00,SJC
2606:4700:a::ff:dceb:b614,4,4,0.00,161.79,0.00,SJC
2606:4700:3001:0:5bf3:a930:8732:c7d5,4,4,0.00,161.79,0.00,SJC
2606:4700:d:1936:d562:292:badc:1df2,4,4,0.00,161.79,0.00,SJC
2606:4700:e:777d:b6ca:9026:dcc9:d9db,4,4,0.00,161.79,0.00,SJC
2606:4700:3005:376f:586:9ab:fc53:1b00,4,4,0.00,161.80,0.00,SJC
2606:4700:e:4d05:a1d2:ca93:1dfe:d278,4,4,0.00,161.80,0.00,SJC
2606:4700:d:f7:245f:f1c9:b6d0:c8c5,4,4,0.00,161.80,0.00,SJC
2606:4700:e::49e3,4,4,0.00,161.80,0.00,SJC
2606:4700:c:cefc:6378:1c66:81:dfb,4,4,0.00,161.80,0.00,SJC
2606:4700:e:0:32:554e:807:5ff6,4,4,0.00,161.80,0.00,SJC
2606:4700:c:0:83:a57a:bcf7:a10,4,4,0.00,161.80,0.00,SJC
2606:4700::eab7:e100:9f55:3e39,4,4,0.00,161.80,0.00,SJC
2606:4700:e:4d05:a1d2:cad5:80d:80a9,4,4,0.00,161.80,0.00,SJC
2606:4700:3008:71f2:8151:e090:83d3:6a66,4,4,0.00,161.80,0.00,SJC
2606:4700:b::94:c0b2:40a0,4,4,0.00,161.80,0.00,SJC
2606:4700:3001:0:54:ff0a:7dba:6433,4,4,0.00,161.81,0.00,SJC
2606:4700:d:0:55b2:4912:8d7b:77f5,4,4,0.00,161.81,0.00,SJC
2606:4700:e:b3:5fb9:2917:f8e1:5312,4,4,0.00,161.81,0.00,SJC
2606:4700:a:e4:4c2f:8dd5:9e73:5f75,4,4,0.00,161.81,0.00,SJC
2606:4700:3000:0:93ef:4612:a48e:cdee,4,4,0.00,161.81,0.00,SJC
2606:4700:c:ce56:4cdd:eb8d:d105:16c5,4,4,0.00,161.81,0.00,SJC
2606:4700:3006:0:ea19:ad57:1657:a6a9,4,4,0.00,161.81,0.00,SJC
2606:4700:a:0:ae:de02:835c:3fd0,4,4,0.00,161.81,0.00,SJC
2606:4700:c:cefc:db5:3018:a26:6690,4,4,0.00,161.81,0.00,SJC
2606:4700:d0:56:68dc:1078:e0d2:94f4,4,4,0.00,161.81,0.00,SJC
2606:4700:3008:71f2:18c9:c286:139a:c9de,4,4,0.00,161.81,0.00,SJC
2606:4700:3003:1329:f1a:2168:c8f5:b74,4,4,0.00,161.81,0.00,SJC
2606:4700:0:5ce0:d3b3:4613:4fb0:6ef3,4,4,0.00,161.81,0.00,SJC
2606:4700:a1:0:98a9:2dcd:214f:a27c,4,4,0.00,161.81,0.00,SJC
2606:4700:a1:0:98a9:2dcd:783e:5635,4,4,0.00,161.81,0.00,SJC
2606:4700:d1:fa76:a43a:7089:f32d:3fee,4,4,0.00,161.81,0.00,SJC
2606:4700:d1:fa76:a43a:7089:f319:2904,4,4,0.00,161.81,0.00,SJC
2a06:98c1:58:8b36:8b03:3f28:2d7d:feb0,4,4,0.00,161.81,0.00,SJC
2606:4700:a:a05a:5e9f:7d6a:ced9:f7e6,4,4,0.00,161.81,0.00,SJC
2606:4700:3004:cc58:f3ad:459e:8739:c3d3,4,4,0.00,161.81,0.00,SJC
2606:4700:e:77b9:9832:e7c5:2838:101f,4,4,0.00,161.81,0.00,SJC
2606:4700:d1:8795:5072:28b7:2f63:9352,4,4,0.00,161.81,0.00,SJC
2606:4700:3000:9b92:29c:b974:6b5e:cc24,4,4,0.00,161.82,0.00,SJC
2606:4700:e:77b9:9832:e7c5:49e2:dd91,4,4,0.00,161.82,0.00,SJC
2606:4700:3008:71f2:18c9:bfbc:1b0:caa9,4,4,0.00,161.82,0.00,SJC
2606:4700:3003:13ee:888f:324c:3cd7:cae0,4,4,0.00,161.82,0.00,SJC
2606:4700:e:4d05:a1d2:ca37:fdd:6d5f,4,4,0.00,161.82,0.00,SJC
2606:4700:e:77b9:9890:5969:24d1:a8c9,4,4,0.00,161.82,0.00,SJC
2606:4700:e:77b9:a95c:4f6d:9913:3e9b,4,4,0.00,161.82,0.00,SJC
2606:4700:a9:fafc:ad81:a0b2:4c68:3ce9,4,4,0.00,161.82,0.00,SJC
2606:4700:d0:1403:fb17:f3c1:9cfe:154d,4,4,0.00,161.82,0.00,SJC
2606:4700:a:e4:185c:f8b3:e126:30d5,4,4,0.00,161.82,0.00,SJC
2606:4700:3007:d3b6:de69:f6f4:acf8:760f,4,4,0.00,161.82,0.00,SJC
2606:4700:3004:cc58:2962:6cac:89e4:d374,4,4,0.00,161.82,0.00,SJC
2606:4700:0:5c18:cc05:3e91:8d02:e9e8,4,4,0.00,161.83,0.00,SJC
2606:4700:a8:a6:7d2:6de2:b89:48e2,4,4,0.00,161.83,0.00,SJC
2606:4700:3007::2f70:9797:f3af,4,4,0.00,161.83,0.00,SJC
2606:4700:d0:0:d5:ec30:996f:f122,4,4,0.00,161.83,0.00,SJC
2606:4700:b:0:ac:e9a3:555e:3cb1,4,4,0.00,161.83,0.00,SJC
2606:4700:3009:b966:e91c:2080:12b4:5618,4,4,0.00,161.83,0.00,SJC
2606:4700:3009:93e7:dc06:a8e1:b38c:dfe3,4,4,0.00,161.83,0.00,SJC
2606:4700:a:c5fa:f8ee:77af:5860:f8f1,4,4,0.00,161.83,0.00,SJC
2606:4700:d0:1473:4e02:f4c:e15:5842,4,4,0.00,161.83,0.00,SJC
2606:4700:3009:5a:295d:98b0:db0:7e0d,4,4,0.00,161.83,0.00,SJC
2606:4700:3000:9b92:5def:afc2:715d:b100,4,4,0.00,161.83,0.00,SJC
2606:4700:f::b5:543b:6f85,4,4,0.00,161.83,0.00,SJC
2606:4700:3000:0:9368:90b3:448a:cf39,4,4,0.00,161.83,0.00,SJC
2606:4700:3009:0:82b4:2e33:483:a563,4,4,0.00,161.84,0.00,SJC
2606:4700:e:4d05:a946:b27f:5f70:91c2,4,4,0.00,161.84,0.00,SJC
2606:4700:c:ce56:4187:b0a9:2394:77af,4,4,0.00,161.84,0.00,SJC
2606:4700:d:1936:d5ec:28cc:e08f:8da6,4,4,0.00,161.84,0.00,SJC
2606:4700:3006:7690:9d77:c6be:a37d:6858,4,4,0.00,161.84,0.00,SJC
2606:4700:3003:0:e484:6899:c55b:177d,4,4,0.00,161.84,0.00,SJC
2606:4700:a8:a6:7e3:f72f:d187:36ec,4,4,0.00,161.84,0.00,SJC
2606:4700:3008:71f2:18c9:bfb1:6151:dd52,4,4,0.00,161.85,0.00,SJC
2606:4700:3006:9:d132:ef74:4629:c30f,4,4,0.00,161.85,0.00,SJC
2606:4700:3003:cd:2d24:3b35:1f30:741d,4,4,0.00,161.85,0.00,SJC
2606:4700:d1:0:1:917d:a1f4:6df9,4,4,0.00,161.85,0.00,SJC
2606:4700:a:a05a:5e9f:7d6a:279a:f67,4,4,0.00,161.85,0.00,SJC
2606:4700:3007:d3b6:edd:2fb1:c16a:aa86,4,4,0.00,161.85,0.00,SJC
2606:4700:0:5ce0:b334:b239:95b9:b91d,4,4,0.00,161.85,0.00,SJC
2606:4700:a1:d50b:465d:a00d:5ac6:6513,4,4,0.00,161.85,0.00,SJC
2a06:98c1:58:0:ba4:426b:8851:f2f8,4,4,0.00,161.86,0.00,SJC
2606:4700:a1::65f0:e680:b86c,4,4,0.00,161.86,0.00,SJC
2606:4700:d:1936:d562:26f:1c49:6220,4,4,0.00,161.86,0.00,SJC
2606:4700:3009::a3:381a:705c,4,4,0.00,161.86,0.00,SJC
2606:4700:a8:5e:1ec4:4a24:fa4:942f,4,4,0.00,161.86,0.00,SJC
2606:4700:3001:ef60:629d:87a7:7a9f:d597,4,4,0.00,161.86,0.00,SJC
2606:4700:a:c528:a50d:a6e2:723a:3e25,4,4,0.00,161.86,0.00,SJC
2606:4700:e:0:5c81:76ef:1060:c462,4,4,0.00,161.86,0.00,SJC
2606:4700:e:777d:c17b:84b7:9bb2:75c3,4,4,0.00,161.86,0.00,SJC
2606:4700:a1:d557:df4f:33a2:1e02:d2b7,4,4,0.00,161.86,0.00,SJC
2606:4700:f:0:f601:ceec:1aab:7966,4,4,0.00,161.86,0.00,SJC
2606:4700:e:77b9:6470:f1e1:685:8c94,4,4,0.00,161.86,0.00,SJC
2606:4700:f:8f:855a:7392:d90d:7c49,4,4,0.00,161.87,0.00,SJC
2606:4700:3001:bb:70f1:a041:81a5:823d,4,4,0.00,161.87,0.00,SJC
2606:4700:3009:937e:c650:9784:c31f:84f0,4,4,0.00,161.87,0.00,SJC
2606:4700:3003:cd:2d8e:2d2e:6262:bedf,4,4,0.00,161.87,0.00,SJC
2606:4700:d:1d:2b:3f9f:cf2a:e78e,4,4,0.00,161.87,0.00,SJC
2606:4700:e:21:d488:39a4:9438:b007,4,4,0.00,161.87,0.00,SJC
2606:4700:130:f7:3221:cd7d:7ee8:bcc0,4,4,0.00,161.87,0.00,SJC
2606:4700:d0:0:d5:9701:4d20:2a55,4,4,0.00,161.87,0.00,SJC
2606:4700:3009:3d:ae29:a260:af1b:70e,4,4,0.00,161.87,0.00,SJC
2606:4700:3000:ac:75bc:c2cc:4ad0:2dc9,4,4,0.00,161.87,0.00,SJC
2606:4700:a1:2f:93bc:560c:ffb6:194d,4,4,0.00,161.87,0.00,SJC
2606:4700:e:77b9:6470:f1e1:6e3:5f08,4,4,0.00,161.87,0.00,SJC
2606:4700:0:5c07:fa43:3be5:b581:e417,4,4,0.00,161.87,0.00,SJC
2606:4700:3009:a8:691d:248:bea2:e282,4,4,0.00,161.88,0.00,SJC
2606:4700:f:bdfe:5575:ac14:c645:9d18,4,4,0.00,161.88,0.00,SJC
2606:4700:3002::29:6d82:66ed,4,4,0.00,161.88,0.00,SJC
2606:4700:0:5ce0:b334:b239:2eda:83,4,4,0.00,161.88,0.00,SJC
2606:4700::482e:3a7c:5815:5598,4,4,0.00,161.88,0.00,SJC
2606:4700:d0:56:68dc:5406:37e3:371,4,4,0.00,161.88,0.00,SJC
2606:4700:3002:2a:ea92:9750:30b:b18d,4,4,0.00,161.88,0.00,SJC
2606:4700:c:ce56:4cdd:eb8d:d524:12c8,4,4,0.00,161.88,0.00,SJC
2606:4700:c:ce56:4cdd:a369:fff0:381b,4,4,0.00,161.88,0.00,SJC
2606:4700:f:0:f601:ceec:1a67:3f5a,4,4,0.00,161.88,0.00,SJC
2606:4700:3005:0:f7:3087:c5f3:d364,4,4,0.00,161.88,0.00,SJC
2606:4700:a1:d557:df4f:33bd:d0fc:2ac6,4,4,0.00,161.89,0.00,SJC
2606:4700:a:4267:89f7:e5db:3b24:c64f,4,4,0.00,161.89,0.00,SJC
2606:4700:d:1d:1e07:39c8:999a:7e3,4,4,0.00,161.89,0.00,SJC
2606:4700:f:0:f6d0:c402:8452:4cbb,4,4,0.00,161.89,0.00,SJC
2606:4700:3005:376f:586:f504:5dff:a334,4,4,0.00,161.89,0.00,SJC
2606:4700:3004:cc9f:ff19:4518:3369:d3d6,4,4,0.00,161.89,0.00,SJC
2606:4700:3005:0:ce9a:1e5d:224:335a,4,4,0.00,161.89,0.00,SJC
2606:4700:a1:74:ae94:7e30:f6ea:e084,4,4,0.00,161.89,0.00,SJC
2606:4700:e:0:5c81:76ef:fac0:831c,4,4,0.00,161.90,0.00,SJC
2606:4700:3004:cc58:d522:90bb:9117:473f,4,4,0.00,161.90,0.00,SJC
2606:4700:3006:9:d130:8aa0:a166:9cdd,4,4,0.00,161.90,0.00,SJC
2606:4700:c:0:efda:39e:46b9:738d,4,4,0.00,161.90,0.00,SJC
2a06:98c1:58:8b10:f6ff:1b37:fb62:40f4,4,4,0.00,161.90,0.00,SJC
2606:4700:c:cefc:63ab:a9ed:fb:e833,4,4,0.00,161.90,0.00,SJC
2606:4700:d:0:55b2:4912:d8bd:2bf7,4,4,0.00,161.90,0.00,SJC
2606:4700:d0:0:e0a9:b416:84b7:bd8b,4,4,0.00,161.90,0.00,SJC
2606:4700:c:3c32:80e0:3bde:94dc:af99,4,4,0.00,161.90,0.00,SJC
2606:4700:3009::42f3:be31:3fe0,4,4,0.00,161.90,0.00,SJC
2606:4700:0:d923:c357:96cf:fa39:e322,4,4,0.00,161.90,0.00,SJC
2606:4700:d0:14e8:19c3:1509:3f82:f1f2,4,4,0.00,161.90,0.00,SJC
2606:4700:a9:997c:41f:ad2e:133a:40d8,4,4,0.00,161.90,0.00,SJC
2606:4700:3001:d4:6702:1d76:d94d:412b,4,4,0.00,161.90,0.00,SJC
2606:4700:f:0:4352:f527:5992:240c,4,4,0.00,161.90,0.00,SJC
2606:4700:3001:d4:6702:8758:6b04:227c,4,4,0.00,161.90,0.00,SJC
2606:4700:f:8f:8573:3035:9d2d:2104,4,4,0.00,161.90,0.00,SJC
2606:4700:b:0:c517:4776:b3c8:e4b5,4,4,0.00,161.91,0.00,SJC
2606:4700:d1:873a:734a:b9c7:6479:3a86,4,4,0.00,161.91,0.00,SJC
2606:4700:3000::8591:edd3:f1e3,4,4,0.00,161.91,0.00,SJC
2606:4700:a8:bbaf:e526:8a53:56f2:fa35,4,4,0.00,161.91,0.00,SJC
2606:4700:3000:0:93ef:46ec:8cbc:ba10,4,4,0.00,161.91,0.00,SJC
2606:4700:b:da58:7463:1926:6ce4:853f,4,4,0.00,161.91,0.00,SJC
2606:4700:d:f7:245f:f100:eed5:2589,4,4,0.00,161.91,0.00,SJC
2606:4700:3008:71f2:8169:4f6e:bde8:9a4a,4,4,0.00,161.91,0.00,SJC
2606:4700:a1:0:ba:7314:7a2e:e86f,4,4,0.00,161.91,0.00,SJC
2606:4700:130::ebea:61b6:f056,4,4,0.00,161.92,0.00,SJC
2606:4700:a9:997c:e41a:cd2d:94e6:3382,4,4,0.00,161.92,0.00,SJC
2606:4700:e:4d05:a1d2:95f7:f820:aa51,4,4,0.00,161.92,0.00,SJC
2606:4700:130:f7:c3c2:484e:fef7:75f,4,4,0.00,161.92,0.00,SJC
2606:4700:3006::e911:90fd,4,4,0.00,161.92,0.00,SJC
2606:4700:3005:376f:5c1:7070:d3ab:91be,4,4,0.00,161.92,0.00,SJC
2a06:98c1:58::9e:fb6a:9a39,4,4,0.00,161.92,0.00,SJC
2606:4700:3002:fec3:8a0b:9585:6192:3b53,4,4,0.00,161.92,0.00,SJC
2606:4700:a:c528:a558:6c4b:b08f:ba9b,4,4,0.00,161.92,0.00,SJC
2606:4700:3004:cc58:f3ad:f7e2:1783:3a1c,4,4,0.00,161.92,0.00,SJC
2606:4700:130:f7:3221:87c1:9153:af4c,4,4,0.00,161.92,0.00,SJC
2606:4700:0:7129:dec2:1549:4088:7378,4,4,0.00,161.92,0.00,SJC
2606:4700:b:a9:90d6:3b8d:b9d0:e324,4,4,0.00,161.92,0.00,SJC
2606:4700:f:8383:7aa:352c:30ea:a525,4,4,0.00,161.92,0.00,SJC
2606:4700:3001:bb:7064:2192:7a0e:6c2d,4,4,0.00,161.93,0.00,SJC
2606:4700:c:ce56:4cdd:a369:31b5:8497,4,4,0.00,161.93,0.00,SJC
2606:4700:a8:bbaf:2067:1e2e:8b25:1d23,4,4,0.00,161.93,0.00,SJC
2606:4700:3008:71f2:18c9:bff0:2514:c31f,4,4,0.00,161.93,0.00,SJC
2606:4700:3008:f6:25e:8025:4ae8:dc7e,4,4,0.00,161.93,0.00,SJC
2606:4700:d0:1403:fbac:43b0:fa0f:70e9,4,4,0.00,161.93,0.00,SJC
2606:4700:a::3b74:db36:b8e4,4,4,0.00,161.93,0.00,SJC
2606:4700:c:0:83:4f18:678a:60f4,4,4,0.00,161.93,0.00,SJC
2606:4700:3006:0:f7:387b:372c:45d9,4,4,0.00,161.93,0.00,SJC
2606:4700:a1:d557:64a8:6a83:d5f4:597a,4,4,0.00,161.93,0.00,SJC
2606:4700:0:5c07:1a7e:81ab:ef26:52da,4,4,0.00,161.94,0.00,SJC
2606:4700:3000:9b92:2fb:f710:7f2e:4963,4,4,0.00,161.94,0.00,SJC
2606:4700:d0:1473:d37b:222c:93b1:ef96,4,4,0.00,161.94,0.00,SJC
2a06:98c1:58:8b36:e49d:9fe9:96f7:6f83,4,4,0.00,161.94,0.00,SJC
2606:4700:e:777d:b636:a2d2:b5fc:2553,4,4,0.00,161.94,0.00,SJC
2606:4700:3003:cd:2d98:a65a:c19d:6a4f,4,4,0.00,161.94,0.00,SJC
2606:4700:3009:0:8251:c69e:e558:8cd5,4,4,0.00,161.94,0.00,SJC
2606:4700:3005:ca:2054:af1f:344f:a451,4,4,0.00,161.94,0.00,SJC
2606:4700:c::9c86:72b1,4,4,0.00,161.94,0.00,SJC
2606:4700:3002:2a:ea2a:d297:bacb:ba92,4,4,0.00,161.94,0.00,SJC
2606:4700:d:1996:8f35:b28c:8443:dd9c,4,4,0.00,161.94,0.00,SJC
2606:4700:d0:1403:f179:8837:c9f1:675,4,4,0.00,161.94,0.00,SJC
2606:4700:3008:71f2:18c9:c2d7:5426:dda2,4,4,0.00,161.94,0.00,SJC
2606:4700:e:4d05:2694:64a5:dc6c:c3c7,4,4,0.00,161.95,0.00,SJC
2606:4700:e:4dd9:c96c:6b52:829e:92be,4,4,0.00,161.95,0.00,SJC
2606:4700:a8:a6:7a7:cf03:2ec6:a0c9,4,4,0.00,161.95,0.00,SJC
2606:4700:a:c528:a558:6c4b:cc1b:c490,4,4,0.00,161.95,0.00,SJC
2606:4700:f:0:39cf:be98:5ecd:88cf,4,4,0.00,161.95,0.00,SJC
2606:4700:3004:ac9d:a78f:c7b9:dff:6199,4,4,0.00,161.95,0.00,SJC
2606:4700:3003:1329:58d3:3e14:9536:3045,4,4,0.00,161.95,0.00,SJC
2606:4700::81e3:1f5c:3572:5fd5,4,4,0.00,161.95,0.00,SJC
2606:4700:3005::8c38:a3c2:7869,4,4,0.00,161.96,0.00,SJC
2606:4700:3008:71f2:8169:4f6e:2118:a788,4,4,0.00,161.96,0.00,SJC
2606:4700:3004:cc58:f3ad:f725:3703:8589,4,4,0.00,161.96,0.00,SJC
2606:4700:a:8:632:f931:5089:38fb,4,4,0.00,161.96,0.00,SJC
2606:4700:3005:376f:586:f5d1:f52b:b024,4,4,0.00,161.96,0.00,SJC
2606:4700:3003:1329:f1a:1df0:8e78:e316,4,4,0.00,161.96,0.00,SJC
2a06:98c1:58:8b10:e64:a447:463f:d285,4,4,0.00,161.97,0.00,SJC
2606:4700:3006:5f:ae04:222e:2583:37f0,4,4,0.00,161.97,0.00,SJC
2606:4700:3007:d3b6:edd:2fb1:22bb:f4e6,4,4,0.00,161.97,0.00,SJC
2606:4700:3006:9:62ca:ef0a:62b1:f6a,4,4,0.00,161.97,0.00,SJC
2606:4700:f:8383:7aa:a59:4f24:b57d,4,4,0.00,161.97,0.00,SJC
2606:4700:a8:a6:759:2785:2d5e:ba7f,4,4,0.00,161.97,0.00,SJC
2606:4700:3009:93e7:dc06:c5fc:cd81:53ec,4,4,0.00,161.97,0.00,SJC
2606:4700:d0:0:d4:4358:8388:1f81,4,4,0.00,161.98,0.00,SJC
2606:4700:3001:0:5bf3:228b:2256:9770,4,4,0.00,161.98,0.00,SJC
2606:4700:d:1996:8f35:562d:5ae:d74d,4,4,0.00,161.98,0.00,SJC
2606:4700:d:1936:d562:272:cc47:777f,4,4,0.00,161.98,0.00,SJC
2606:4700:0:88:54ba:e25f:41f7:aac,4,4,0.00,161.98,0.00,SJC
2606:4700:3006:760f:ac36:752c:b6fc:e120,4,4,0.00,161.98,0.00,SJC
2606:4700:d0:56:7be4:53e3:32cd:130e,4,4,0.00,161.98,0.00,SJC
2606:4700:3004:cc58:6209:7f99:1720:c31d,4,4,0.00,161.99,0.00,SJC
2a06:98c1:58:8bba:9ab0:63b7:77f:8a15,4,4,0.00,161.99,0.00,SJC
2606:4700:3005:ca:2054:af1f:e2d8:6618,4,4,0.00,161.99,0.00,SJC
2606:4700:3009:93e7:dc06:c55e:a434:fc3d,4,4,0.00,161.99,0.00,SJC
2606:4700:d1:fa76:3bf1:2871:dca5:666a,4,4,0.00,161.99,0.00,SJC
2606:4700:0:5ce0:7241:7ea2:5cb8:d2fc,4,4,0.00,161.99,0.00,SJC
2606:4700:0:d923:49e4:e76d:f86b:6300,4,4,0.00,162.00,0.00,SJC
2606:4700:3004:ac9d:a78f:7f25:73e3:9046,4,4,0.00,162.00,0.00,SJC
2606:4700:b:0:ac:5ae6:493e:e489,4,4,0.00,162.00,0.00,SJC
2606:4700:3004:cc58:f3ad:c560:39e7:c562,4,4,0.00,162.00,0.00,SJC
2606:4700:a8:5e:e9ac:d893:3005:df57,4,4,0.00,162.00,0.00,SJC
2606:4700:0:88:54ba:e25f:9a65:5a99,4,4,0.00,162.00,0.00,SJC
2606:4700:a9:cf:a07:1108:f2b0:276d,4,4,0.00,162.00,0.00,SJC
2606:4700:3004::117a:8bc8:852a,4,4,0.00,162.00,0.00,SJC
2606:4700:3009:93e7:dc06:c52c:712b:69f4,4,4,0.00,162.00,0.00,SJC
2606:4700:3001:d4:673f:2d42:a223:3fc7,4,4,0.00,162.00,0.00,SJC
2606:4700:3007::5621:ecaf,4,4,0.00,162.00,0.00,SJC
2606:4700:a1:74:ae94:7e30:9e92:c2b7,4,4,0.00,162.00,0.00,SJC
2606:4700:d0:56:68dc:88:4212:7b08,4,4,0.00,162.00,0.00,SJC
2606:4700:c:3cae:2db1:7be2:12e9:fcc8,4,4,0.00,162.00,0.00,SJC
2606:4700:d1:d9:62c7:ab30:208e:8e81,4,4,0.00,162.00,0.00,SJC
2606:4700:e:0:5c09:952b:2759:e122,4,4,0.00,162.00,0.00,SJC
2606:4700:3005:376f:1c48:3b01:6575:5c23,4,4,0.00,162.01,0.00,SJC
2606:4700:a8:a6:d73c:cbe6:9ca:5245,4,4,0.00,162.01,0.00,SJC
2606:4700:3002:fec3:8a0b:95e9:bbf1:daf5,4,4,0.00,162.01,0.00,SJC
2606:4700:3009:937e:2785:c409:5077:8d8,4,4,0.00,162.01,0.00,SJC
2606:4700:0:88:54ba:ed29:7655:8bc7,4,4,0.00,162.01,0.00,SJC
2606:4700:3009:b966:7994:17de:8509:e46a,4,4,0.00,162.01,0.00,SJC
2606:4700:a8:a6:d750:99f5:1bd0:7e7,4,4,0.00,162.01,0.00,SJC
2606:4700:a1:d50b:3f93:bbb7:3e43:8a0,4,4,0.00,162.01,0.00,SJC
2606:4700:3009:0:822f:df86:91e0:ef4e,4,4,0.00,162.01,0.00,SJC
2606:4700:a1::defd:e0ab:704c,4,4,0.00,162.02,0.00,SJC
2606:4700:3004:5c:fa4b:a63:fe03:4486,4,4,0.00,162.02,0.00,SJC
2606:4700:3004:cc58:f3ad:f783:e858:dc8e,4,4,0.00,162.02,0.00,SJC
2606:4700:130:f7:c3c2:e267:da45:d2f6,4,4,0.00,162.02,0.00,SJC
2606:4700:3000:0:9368:90b3:c97d:eec4,4,4,0.00,162.02,0.00,SJC
2606:4700:3003:1329:584c:b59b:b8d7:60a5,4,4,0.00,162.02,0.00,SJC
2606:4700:3008:71f2:18c9:bf6b:15f1:f053,4,4,0.00,162.02,0.00,SJC
2606:4700:3005:0:ce9a:1e5d:2c4:59d4,4,4,0.00,162.02,0.00,SJC
2606:4700:3008:f6:1fd4:bd8f:ff9b:3be2,4,4,0.00,162.02,0.00,SJC
2606:4700:c:ce56:4138:ce63:bdd8:f1a6,4,4,0.00,162.02,0.00,SJC
2606:4700:a8:bbaf:7e7b:8d47:afc0:6de9,4,4,0.00,162.02,0.00,SJC
2606:4700:3004:b9:dcfc:2f0d:8fd3:8702,4,4,0.00,162.02,0.00,SJC
2606:4700:e:77b9:a95c:f578:c13d:d98f,4,4,0.00,162.02,0.00,SJC
2606:4700:c::8920:765f:339d,4,4,0.00,162.03,0.00,SJC
2606:4700:a8:a6:7e3:f7ab:aeb2:1180,4,4,0.00,162.03,0.00,SJC
2606:4700:d0:1473:d37b:62d0:3525:e532,4,4,0.00,162.03,0.00,SJC
2606:4700:d0:9941:356f:2c6b:590e:4fd0,4,4,0.00,162.03,0.00,SJC
2606:4700:e:21:3025:5a13:ceb8:8e9c,4,4,0.00,162.03,0.00,SJC
2606:4700:3008:f6:1fd4:c52e:8b67:c911,4,4,0.00,162.03,0.00,SJC
2606:4700:b:e836:b718:92e8:e6ec:e6b9,4,4,0.00,162.03,0.00,SJC
2606:4700:3001::37:ddc4:1f4c,4,4,0.00,162.03,0.00,SJC
2606:4700:d0:56:e2d8:1d2c:d3ce:5dc5,4,4,0.00,162.03,0.00,SJC
2606:4700:3003:13ee:888f:43cb:971b:fdcf,4,4,0.00,162.03,0.00,SJC
2606:4700:f::ff32:5d0f:fb04,4,4,0.00,162.03,0.00,SJC
2606:4700:a9:997c:e41a:cdd7:ece5:a208,4,4,0.00,162.03,0.00,SJC
2606:4700:3001:0:5bf3:ec72:358b:43f0,4,4,0.00,162.03,0.00,SJC
2606:4700:c:ce56:4187:4b51:6cca:8558,4,4,0.00,162.03,0.00,SJC
2606:4700:d1:d9:5851:435a:8475:ca3f,4,4,0.00,162.03,0.00,SJC
2606:4700:b:e836:b773:89cc:8867:9e4f,4,4,0.00,162.04,0.00,SJC
2606:4700:a:c528:4c83:4707:8b8a:eec,4,4,0.00,162.04,0.00,SJC
2606:4700:a8:0:a554:ff4c:22e7:4e62,4,4,0.00,162.04,0.00,SJC
2606:4700:3003::9a2c:22d1:1286,4,4,0.00,162.04,0.00,SJC
2606:4700:c:3c32:35aa:3509:2134:89b7,4,4,0.00,162.05,0.00,SJC
2606:4700:130:0:59ee:66c6:645b:3727,4,4,0.00,162.05,0.00,SJC
2606:4700:3002:2a:ea2a:fb36:ebe3:227b,4,4,0.00,162.05,0.00,SJC
2606:4700:3009:93b3:e93d:23d0:cffe:d6ad,4,4,0.00,162.05,0.00,SJC
2606:4700:c:3cae:c0c7:7406:be3f:947,4,4,0.00,162.05,0.00,SJC
2606:4700:b:0:c517:4776:243b:acbb,4,4,0.00,162.05,0.00,SJC
2606:4700:e:4df4:b402:43a2:fbf2:7ffd,4,4,0.00,162.05,0.00,SJC
2606:4700:f:0:f601:ce28:969e:b480,4,4,0.00,162.05,0.00,SJC
2606:4700:0:88:54ba:300a:6a29:828f,4,4,0.00,162.05,0.00,SJC
2606:4700:3001:ef60:8be8:92ae:e3c6:6446,4,4,0.00,162.05,0.00,SJC
2606:4700:0:d923:c32a:2e64:dc41:68a1,4,4,0.00,162.05,0.00,SJC
2606:4700:f:8383:b180:7504:fe1e:7f5b,4,4,0.00,162.05,0.00,SJC
2606:4700:d1:d9:e0bd:2309:510e:9bf3,4,4,0.00,162.06,0.00,SJC
2606:4700:0:5c07:1a7e:8192:f646:d7de,4,4,0.00,162.06,0.00,SJC
2606:4700:a1:d557:df4f:bfce:775a:619,4,4,0.00,162.06,0.00,SJC
2606:4700:d1:fa26:127e:f6fe:18e3:19b1,4,4,0.00,162.06,0.00,SJC
2606:4700:3005:0:f7:f349:794:487e,4,4,0.00,162.06,0.00,SJC
2606:4700:a:8:632:f931:c0f6:7d5b,4,4,0.00,162.06,0.00,SJC
2606:4700:d:1936:847b:232a:fbfb:a891,4,4,0.00,162.06,0.00,SJC
2606:4700:d1:d9:e0bd:82d2:db5:a16,4,4,0.00,162.06,0.00,SJC
2606:4700:3001:0:5b49:d96b:9416:eabf,4,4,0.00,162.06,0.00,SJC
2606:4700:c:ce56:4187:4b63:d8b6:9444,4,4,0.00,162.06,0.00,SJC
2606:4700:c:3cae:c0c7:74f4:e79e:4595,4,4,0.00,162.07,0.00,SJC
2606:4700:3007:0:853a:ba21:8a1:5740,4,4,0.00,162.07,0.00,SJC
2606:4700:3005::f6b7:91b2,4,4,0.00,162.07,0.00,SJC
2606:4700:3008:71f2:810d:9301:5c94:5860,4,4,0.00,162.07,0.00,SJC
2606:4700:b:da58:7463:8a8:1aa1:6ae,4,4,0.00,162.07,0.00,SJC
2606:4700:f:8f:8573:30dd:efca:a989,4,4,0.00,162.07,0.00,SJC
2606:4700:e:77b9:6411:17d5:45f5:528b,4,4,0.00,162.07,0.00,SJC
2606:4700:e:b3:5fb9:2917:534e:1d4b,4,4,0.00,162.07,0.00,SJC
2606:4700:3009:5a:295d:98b3:ac24:7111,4,4,0.00,162.07,0.00,SJC
2606:4700:3009:3d:f39b:91f8:a98a:dbd4,4,4,0.00,162.07,0.00,SJC
2606:4700:3005:ca:2c89:efa3:dba7:5eb3,4,4,0.00,162.07,0.00,SJC
2606:4700:3001:0:5bf3:128c:b44a:41b5,4,4,0.00,162.07,0.00,SJC
2606:4700:b:0:c517:c98:e82c:5cf,4,4,0.00,162.07,0.00,SJC
2606:4700:d0:56:7bd7:937:53cb:6883,4,4,0.00,162.08,0.00,SJC
2606:4700:3000:0:9368:5292:4199:45be,4,4,0.00,162.08,0.00,SJC
2606:4700:d:f7:24c4:2b11:a7a0:2f05,4,4,0.00,162.08,0.00,SJC
2606:4700:3004:cc58:d522:c14:6bc8:27ba,4,4,0.00,162.08,0.00,SJC
2606:4700:a9:cf:a07:1193:d196:e5b2,4,4,0.00,162.08,0.00,SJC
2606:4700:f:0:39cf:e1a0:7ddd:fd77,4,4,0.00,162.08,0.00,SJC
2606:4700:3004:5c:961e:80:72a1:31e,4,4,0.00,162.08,0.00,SJC
2606:4700:3007:d3b6:edd:2fb1:ec09:954f,4,4,0.00,162.08,0.00,SJC
2a06:98c1:58:74:f888:b97:d015:f60f,4,4,0.00,162.08,0.00,SJC
2606:4700:a:0:ae:2f7c:6cf3:a620,4,4,0.00,162.08,0.00,SJC
2a06:98c1:58:8b10:e64:e5c4:339a:cad0,4,4,0.00,162.08,0.00,SJC
2606:4700:b:0:c515:6a58:b103:113b,4,4,0.00,162.08,0.00,SJC
2606:4700:a1::65ab:2db:e1b8,4,4,0.00,162.08,0.00,SJC
2a06:98c1:58:74:f8eb:d593:338b:473d,4,4,0.00,162.09,0.00,SJC
2606:4700:3008:71f2:18a4:415f:4df5:fabf,4,4,0.00,162.09,0.00,SJC
2606:4700:a:4267:89f7:e5db:eb75:1233,4,4,0.00,162.10,0.00,SJC
2606:4700:3005:ca:3abc:b7fa:bef0:caa4,4,4,0.00,162.10,0.00,SJC
2606:4700:f:8383:7aa:352c:300c:cd6a,4,4,0.00,162.10,0.00,SJC
2606:4700:a::f4c5:b909:ddf5,4,4,0.00,162.10,0.00,SJC
2606:4700:3001:0:5bf3:128c:5f68:c55c,4,4,0.00,162.10,0.00,SJC
2606:4700:3003:0:9b:58a8:9fe3:3732,4,4,0.00,162.10,0.00,SJC
2606:4700:130:9acb:7b5c:7b29:8f0:fb00,4,4,0.00,162.10,0.00,SJC
2606:4700:3005:0:38:543b:ce73:4003,4,4,0.00,162.10,0.00,SJC
2606:4700:e:4d05:a9dc:283:d8d5:7ae9,4,4,0.00,162.10,0.00,SJC
2606:4700:d0:14e8:198a:d32a:2cec:fa68,4,4,0.00,162.11,0.00,SJC
2606:4700:d0:14e8:198a:d32a:2c4b:e090,4,4,0.00,162.11,0.00,SJC
2606:4700:e::7670:b8dc:5a72,4,4,0.00,162.11,0.00,SJC
2606:4700:3009:0:fd46:64d:f303:e9ce,4,4,0.00,162.11,0.00,SJC
2606:4700:3009:b966:9056:c8f4:242b:6e2b,4,4,0.00,162.11,0.00,SJC
2606:4700:d1:d9:5816:bf5f:4906:f2e3,4,4,0.00,162.11,0.00,SJC
2606:4700:a:c528:9b7b:c343:408e:a52c,4,4,0.00,162.11,0.00,SJC
2606:4700:b:0:ac:e9a3:57a2:c52c,4,4,0.00,162.11,0.00,SJC
2a06:98c1:58:8bba:2412:7266:f48e:e548,4,4,0.00,162.11,0.00,SJC
2606:4700:c:0:83:a59a:a72c:d59f,4,4,0.00,162.11,0.00,SJC
2606:4700:d1:d9:e0bd:234a:6bab:b7b6,4,4,0.00,162.11,0.00,SJC
2606:4700:d0:1403:f179:e32e:3dc:8fc2,4,4,0.00,162.11,0.00,SJC
2606:4700:130:0:d00a:41aa:59ec:7349,4,4,0.00,162.11,0.00,SJC
2606:4700:0:88:54ba:edda:71a2:bc37,4,4,0.00,162.11,0.00,SJC
2606:4700:e:777d:b636:b0a2:34de:f4eb,4,4,0.00,162.11,0.00,SJC
2a06:98c1:58:8bba:24ce:2d90:9609:1e7f,4,4,0.00,162.11,0.00,SJC
2606:4700:a:4267:89cd:53cf:5fda:6449,4,4,0.00,162.11,0.00,SJC
2606:4700:f:8383:7aa:a1e:283c:b605,4,4,0.00,162.12,0.00,SJC
2606:4700:3002:28:f530:b2f2:c901:4bd7,4,4,0.00,162.12,0.00,SJC
2606:4700:e:57:b744:42a8:7ec8:90f0,4,4,0.00,162.12,0.00,SJC
2606:4700:d1:0:1:4c06:dca5:e716,4,4,0.00,162.12,0.00,SJC
2606:4700:3004:0:9b48:64cb:d9d8:fdc7,4,4,0.00,162.12,0.00,SJC
2606:4700:3008:71f2:18a4:416f:bdbd:4770,4,4,0.00,162.12,0.00,SJC
2606:4700:a9:fa7d:5bf0:85bb:2049:d0b9,4,4,0.00,162.12,0.00,SJC
2606:4700:a1:0:ba:7314:7a9b:e37b,4,4,0.00,162.12,0.00,SJC
2606:4700:3009:b966:e91c:2080:432c:84a4,4,4,0.00,162.12,0.00,SJC
2606:4700:3000:9b92:fbd4:6229:91b8:f4e8,4,4,0.00,162.12,0.00,SJC
2606:4700:3002:28:f530:dab8:cf6a:94e9,4,4,0.00,162.12,0.00,SJC
2606:4700:3009:93b3:21a2:a7d0:83bc:e824,4,4,0.00,162.12,0.00,SJC
2606:4700:3007:d3b6:ded9:af5d:f701:b7a8,4,4,0.00,162.12,0.00,SJC
2606:4700:3009:93b3:21a2:a7e2:3f0a:cdf3,4,4,0.00,162.13,0.00,SJC
2606:4700:d:1996:8f35:562d:b68e:401b,4,4,0.00,162.13,0.00,SJC
2606:4700:3009:937e:c650:9784:6443:7504,4,4,0.00,162.13,0.00,SJC
2606:4700:d1:873a:acf7:c1d4:fe3c:b3aa,4,4,0.00,162.13,0.00,SJC
2606:4700:130:f7:c302:4677:339a:f22b,4,4,0.00,162.13,0.00,SJC
2606:4700:3005::a9dd:4cf9:694f,4,4,0.00,162.13,0.00,SJC
2606:4700:c:3cae:da32:f5d2:d9:aa38,4,4,0.00,162.13,0.00,SJC
2606:4700:3003:cd:2d24:3b08:aac9:6316,4,4,0.00,162.13,0.00,SJC
2606:4700:c::d226:e5a2:7ecb,4,4,0.00,162.14,0.00,SJC
2606:4700:3009:0:82b4:5060:f643:7dd1,4,4,0.00,162.14,0.00,SJC
2606:4700:e:0:32:59d0:84ba:50dd,4,4,0.00,162.14,0.00,SJC
2606:4700:b:da58:748e:fbf1:8393:f6f1,4,4,0.00,162.14,0.00,SJC
2606:4700:a8:bbaf:2067:1e99:9a81:f229,4,4,0.00,162.14,0.00,SJC
2606:4700:a8:a6:d744:8a5:b9b5:df20,4,4,0.00,162.14,0.00,SJC
2606:4700:e:0:cef7:7d29:e448:3efc,4,4,0.00,162.14,0.00,SJC
2606:4700:3000:0:2f:9d3c:8be2:adea,4,4,0.00,162.14,0.00,SJC
2606:4700:a1::defd:e039:bca3,4,4,0.00,162.14,0.00,SJC
2606:4700:d1:fa76:a43a:7089:d616:a3b7,4,4,0.00,162.14,0.00,SJC
2606:4700:3009:937e:c650:9784:c3e4:8151,4,4,0.00,162.15,0.00,SJC
2606:4700:3006:7690:9d64:297c:d51a:72ad,4,4,0.00,162.15,0.00,SJC
2606:4700:c:cefc:63ab:a9ed:bef7:1749,4,4,0.00,162.15,0.00,SJC
2606:4700:3008:f6:2fd:981d:b9dc:a30a,4,4,0.00,162.15,0.00,SJC
2a06:98c1:58::f6:2b28:5bec,4,4,0.00,162.15,0.00,SJC
2606:4700:d0:0:d4:4358:dda8:f911,4,4,0.00,162.15,0.00,SJC
2606:4700:d:1936:d5ec:2860:4c39:fab5,4,4,0.00,162.15,0.00,SJC
2606:4700:3006:7690:9d77:b60b:8cfe:db51,4,4,0.00,162.15,0.00,SJC
2606:4700:3000:9b92:228:6bf:ce01:41d7,4,4,0.00,162.15,0.00,SJC
2606:4700:e:21:3025:5a47:711a:6cc3,4,4,0.00,162.16,0.00,SJC
2606:4700:f:bd2f:97c5:3f4:44a3:fa14,4,4,0.00,162.16,0.00,SJC
2606:4700:c:5b:58cf:a95b:11f0:d7d,4,4,0.00,162.16,0.00,SJC
2a06:98c1:58:0:ea:9e3b:eb1:feab,4,4,0.00,162.16,0.00,SJC
2606:4700:3005::a9dd:4c8e:4799,4,4,0.00,162.16,0.00,SJC
2606:4700:a1:d50b:3f93:bbfa:599:3530,4,4,0.00,162.16,0.00,SJC
2606:4700:a9:997c:41f:ad2e:3e9b:ad07,4,4,0.00,162.16,0.00,SJC
2606:4700:3004::11fa:94e9:838d,4,4,0.00,162.16,0.00,SJC
2606:4700:0:d923:49e4:5b36:7e57:79e,4,4,0.00,162.16,0.00,SJC
2606:4700:d0:14e8:6e39:86bb:89fb:b3f0,4,4,0.00,162.16,0.00,SJC
2606:4700:b:da58:7463:19e7:b205:765e,4,4,0.00,162.17,0.00,SJC
2606:4700:c:ce56:4c17:dab1:a41f:f78a,4,4,0.00,162.17,0.00,SJC
2a06:98c1:58::4b:b346:a7cd,4,4,0.00,162.17,0.00,SJC
2606:4700:d1:d9:62c7:de09:ac95:6be9,4,4,0.00,162.17,0.00,SJC
2606:4700:3000:9b92:2fb:b127:c3d5:7e2,4,4,0.00,162.17,0.00,SJC
2606:4700:3001:d4:2b4f:63db:e4d4:7fef,4,4,0.00,162.17,0.00,SJC
2606:4700:a1:2f:932f:6611:ead:a3a,4,4,0.00,162.17,0.00,SJC
2606:4700:0:d923:4945:193e:cc84:2c41,4,4,0.00,162.17,0.00,SJC
2606:4700:3005:376f:586:f504:5d17:f3f5,4,4,0.00,162.17,0.00,SJC
2606:4700:3006:9:d1e4:5696:19a6:a68a,4,4,0.00,162.17,0.00,SJC
2606:4700::484c:c19d:7208:bced,4,4,0.00,162.17,0.00,SJC
2606:4700:3003:cd:2d24:3b08:aae8:fb93,4,4,0.00,162.17,0.00,SJC
2606:4700:3000:9b92:228:6bf:ce6d:20dc,4,4,0.00,162.17,0.00,SJC
2606:4700:e:4d05:a1d2:cad5:784b:63e6,4,4,0.00,162.17,0.00,SJC
2606:4700:3002:0:89:53b0:275d:1aab,4,4,0.00,162.17,0.00,SJC
2606:4700:b:e836:b773:474:702a:f17d,4,4,0.00,162.18,0.00,SJC
2606:4700:c:5b:58cf:c7c9:63a3:4a55,4,4,0.00,162.18,0.00,SJC
2606:4700:a1:d50b:3f59:35b:2ffe:7408,4,4,0.00,162.18,0.00,SJC
2606:4700:3003:13ee:88d4:4b78:7cf3:392,4,4,0.00,162.18,0.00,SJC
2606:4700:d:0:5504:67b8:c5be:438a,4,4,0.00,162.18,0.00,SJC
2606:4700:3007:0:c2:2d29:8542:df31,4,4,0.00,162.18,0.00,SJC
2606:4700:3006:7690:9d64:c890:76ec:7e7c,4,4,0.00,162.19,0.00,SJC
2606:4700:d1:8795:502a:2c17:9cd6:8a73,4,4,0.00,162.19,0.00,SJC
2606:4700:d1:8795:5072:28b7:2f47:826c,4,4,0.00,162.19,0.00,SJC
2606:4700:a1:d50b:3f59:6e70:b76c:63e4,4,4,0.00,162.19,0.00,SJC
2606:4700:3004:aca6:a302:b51e:55ec:4e1,4,4,0.00,162.19,0.00,SJC
2606:4700:3005:376f:586:f5d1:cbbd:99e0,4,4,0.00,162.19,0.00,SJC
2606:4700:f:8383:7aa:54f7:41c5:2bf4,4,4,0.00,162.19,0.00,SJC
2606:4700:3009:a8:69bd:ad4:2aac:b8c3,4,4,0.00,162.19,0.00,SJC
2606:4700:130:0:36:3766:a29b:4841,4,4,0.00,162.20,0.00,SJC
2606:4700:c:3cae:c053:d2df:3773:41b8,4,4,0.00,162.20,0.00,SJC
2606:4700:3001:d4:2b4f:6390:3956:65e5,4,4,0.00,162.20,0.00,SJC
2606:4700:3009:3d:f39b:dfd8:ab0e:975a,4,4,0.00,162.20,0.00,SJC
2606:4700:3001:0:5bf3:630a:5175:cbfe,4,4,0.00,162.20,0.00,SJC
2606:4700:3007:0:c2:2de2:471:9fd5,4,4,0.00,162.20,0.00,SJC
2606:4700:d1:8795:502a:2c17:9c53:9a60,4,4,0.00,162.20,0.00,SJC
2606:4700:a9:fafc:ad12:6c36:2c39:4377,4,4,0.00,162.20,0.00,SJC
2606:4700:e:21:d488:d7a0:f86e:f30a,4,4,0.00,162.20,0.00,SJC
2606:4700:a:0:8a:b7a9:d7a:31a2,4,4,0.00,162.21,0.00,SJC
2606:4700:a:c528:a50d:a6e2:cb4:58b4,4,4,0.00,162.21,0.00,SJC
2606:4700:0:d923:4945:926c:e31b:91cc,4,4,0.00,162.21,0.00,SJC
2606:4700:d1:fa76:a44d:2960:c34:e66a,4,4,0.00,162.21,0.00,SJC
2606:4700:e:77b9:6470:350:5836:ec1f,4,4,0.00,162.21,0.00,SJC
2606:4700:0:5c07:fac3:6e19:1a42:7df,4,4,0.00,162.21,0.00,SJC
2a06:98c1:58:8b10:e64:c994:82c4:6d51,4,4,0.00,162.21,0.00,SJC
2606:4700:c:3cae:c0c7:7406:c554:2adc,4,4,0.00,162.22,0.00,SJC
2a06:98c1:58:74:f8eb:d512:3391:30e2,4,4,0.00,162.22,0.00,SJC
2606:4700:3009:a8:69bd:ad4:ab1e:7d7c,4,4,0.00,162.22,0.00,SJC
2606:4700:d1:d9:588b:f208:9631:f9ad,4,4,0.00,162.22,0.00,SJC
2606:4700:d:f7:24c4:5598:b437:765d,4,4,0.00,162.22,0.00,SJC
2606:4700:3005:376f:e7f4:f145:1ab:585b,4,4,0.00,162.22,0.00,SJC
2606:4700:c:3cae:c0c7:4b30:816d:adab,4,4,0.00,162.22,0.00,SJC
2606:4700:3008:71f2:18c9:c273:39a2:57fb,4,4,0.00,162.22,0.00,SJC
2606:4700:3009:93b3:21a2:a726:356b:f9db,4,4,0.00,162.22,0.00,SJC
2606:4700:a9:cf:a49:d166:61e:2806,4,4,0.00,162.23,0.00,SJC
2606:4700:3009:0:8251:a540:1601:d6b8,4,4,0.00,162.23,0.00,SJC
2606:4700:d1:873a:acf7:c12f:5563:66d6,4,4,0.00,162.23,0.00,SJC
2606:4700:a1:0:c9:729d:f1b0:8e78,4,4,0.00,162.23,0.00,SJC
2606:4700:c:3cae:c0c7:f993:f00f:c85e,4,4,0.00,162.23,0.00,SJC
2606:4700:d0:56:7bd7:937:20ce:b13a,4,4,0.00,162.23,0.00,SJC
2606:4700:3009:b966:9056:c8f4:2442:cda9,4,4,0.00,162.23,0.00,SJC
2606:4700:a::f472:cb57:1e9d,4,4,0.00,162.24,0.00,SJC
2606:4700:e:77be:8649:f126:d37e:22a8,4,4,0.00,162.24,0.00,SJC
2606:4700:a:e4:4c2f:8d10:7d7a:3444,4,4,0.00,162.24,0.00,SJC
2606:4700:3006:7690:9da5:dfa7:4b36:39e3,4,4,0.00,162.24,0.00,SJC
2606:4700:3008:0:b5da:4dd3:fdaa:a0b2,4,4,0.00,162.24,0.00,SJC
2606:4700:3009:b966:7994:48fc:1017:21e3,4,4,0.00,162.24,0.00,SJC
2606:4700:3004:5c:fa4b:ab8:c8c3:fdaf,4,4,0.00,162.24,0.00,SJC
2606:4700:f:8383:b180:75b5:204d:314a,4,4,0.00,162.25,0.00,SJC
2606:4700:a9:fafc:ad12:6c0b:5196:d31b,4,4,0.00,162.25,0.00,SJC
2606:4700:3003:cd:9afd:340d:7770:de58,4,4,0.00,162.25,0.00,SJC
2606:4700:3009:a8:691d:248:5d89:8a4f,4,4,0.00,162.25,0.00,SJC
2a06:98c1:58:0:ea:9e7f:7e00:fc77,4,4,0.00,162.25,0.00,SJC
2606:4700:3009:0:fd46:659:dbc7:b994,4,4,0.00,162.25,0.00,SJC
2606:4700:a::74fc:96a2:f4f6,4,4,0.00,162.25,0.00,SJC
2606:4700:d:1996:dad9:93f6:8ba7:1cd5,4,4,0.00,162.25,0.00,SJC
2606:4700:3004:aca6:a302:b51e:e746:3589,4,4,0.00,162.25,0.00,SJC
2606:4700:3009:3d:f39b:dfd1:34a6:34b,4,4,0.00,162.26,0.00,SJC
2606:4700:3000:ac:7538:3c16:3395:70e9,4,4,0.00,162.26,0.00,SJC
2606:4700:130:0:59ee:60fa:8cea:263,4,4,0.00,162.26,0.00,SJC
2606:4700:3006:7690:9d77:c69c:e59:1085,4,4,0.00,162.26,0.00,SJC
2606:4700:d1:fa26:12d6:d6fc:b2b9:6d20,4,4,0.00,162.26,0.00,SJC
2606:4700:0:88:5419:8b0c:333a:3bec,4,4,0.00,162.26,0.00,SJC
2606:4700:3000:9b92:228:6bf:2384:c177,4,4,0.00,162.26,0.00,SJC
2606:4700:a9:fa6e:5617:cf20:b8bf:2d55,4,4,0.00,162.26,0.00,SJC
2606:4700:3008:0:19:c9e1:dad0:a31,4,4,0.00,162.26,0.00,SJC
2606:4700:f:bdfe:55c4:4110:189:bde2,4,4,0.00,162.26,0.00,SJC
2606:4700:b:da58:c78:70b8:39fd:e8a0,4,4,0.00,162.26,0.00,SJC
2606:4700:a9:0:e3:932b:fa8a:aa17,4,4,0.00,162.26,0.00,SJC
2606:4700:d0:56:7be4:a1ed:65fb:a5e6,4,4,0.00,162.26,0.00,SJC
2606:4700:3009:93e7:dc06:c52c:71fc:a101,4,4,0.00,162.26,0.00,SJC
2606:4700:3003:cd:9af5:da23:710c:bf90,4,4,0.00,162.27,0.00,SJC
2606:4700:f:0:4352:59b3:c1c6:2fe0,4,4,0.00,162.27,0.00,SJC
2606:4700::484c:12a5:7dd8:4b46,4,4,0.00,162.27,0.00,SJC
2606:4700:a1:d50b:3f93:bbb7:2503:b92b,4,4,0.00,162.27,0.00,SJC
2606:4700:3005:ca:2054:af67:bf16:cd52,4,4,0.00,162.27,0.00,SJC
2606:4700:3007:0:c2:2dbe:ce5f:cece,4,4,0.00,162.27,0.00,SJC
2606:4700:a8:5e:e9ac:d8bc:ccf5:67f9,4,4,0.00,162.27,0.00,SJC
2606:4700:e:4d05:a946:460c:eafe:6449,4,4,0.00,162.27,0.00,SJC
2606:4700:a8::ba9a:ed63:ce5f,4,4,0.00,162.27,0.00,SJC
2606:4700:3001:d4:673f:2d4d:a517:62b8,4,4,0.00,162.27,0.00,SJC
2606:4700:3003:1329:5892:a089:e84c:9fde,4,4,0.00,162.27,0.00,SJC
2606:4700:a:e4:4c2f:8d10:7d0e:ef59,4,4,0.00,162.27,0.00,SJC
2606:4700:c:3cae:c0c7:7406:be90:2c61,4,4,0.00,162.28,0.00,SJC
2606:4700:c:3cae:c0c7:7406:be2f:e29b,4,4,0.00,162.28,0.00,SJC
2606:4700:d0::b415,4,4,0.00,162.28,0.00,SJC
2606:4700:a:c528:a5ff:9baa:b668:dbf4,4,4,0.00,162.28,0.00,SJC
2606:4700:d0:56:7be4:22ed:9e20:1ca9,4,4,0.00,162.28,0.00,SJC
2606:4700:3002:2a:ea2a:fb36:7670:9478,4,4,0.00,162.28,0.00,SJC
2606:4700:3009::1dfc:d9cb:64c4,4,4,0.00,162.28,0.00,SJC
2606:4700:3008:0:b586:64a0:8688:53fa,4,4,0.00,162.28,0.00,SJC
2606:4700:3008:f6:165a:517d:22f2:b646,4,4,0.00,162.28,0.00,SJC
2606:4700:f:0:4352:b2f0:8a09:d694,4,4,0.00,162.28,0.00,SJC
2a06:98c1:58:8b10:f6ff:1b37:bffb:b88b,4,4,0.00,162.28,0.00,SJC
2606:4700:3005:ca:2054:afe2:4dad:2cb9,4,4,0.00,162.29,0.00,SJC
2606:4700:c:5b:6779:f631:bb9d:81f7,4,4,0.00,162.29,0.00,SJC
2606:4700:e:0:ce95:78cf:bfe8:e2ed,4,4,0.00,162.29,0.00,SJC
2606:4700:3003:1329:58d3:9027:7a45:54cb,4,4,0.00,162.29,0.00,SJC
2606:4700:3009:b966:e976:ea44:9a73:fccc,4,4,0.00,162.29,0.00,SJC
2606:4700:a8:a9:84cf:77c9:2962:c2af,4,4,0.00,162.29,0.00,SJC
2606:4700::ae:e3a7:ea44:72e6,4,4,0.00,162.29,0.00,SJC
2606:4700:e:0:5ce3:6459:40f4:254b,4,4,0.00,162.29,0.00,SJC
2606:4700:130:0:d00a:41aa:e791:1899,4,4,0.00,162.29,0.00,SJC
2606:4700:3005:376f:e753:9a1a:df97:6796,4,4,0.00,162.29,0.00,SJC
2606:4700:3003:1329:58d3:9027:e75c:184d,4,4,0.00,162.29,0.00,SJC
2606:4700:3009:0:fd46:689:9bb1:6384,4,4,0.00,162.29,0.00,SJC
2606:4700:d1:0:1:917d:4e7b:42de,4,4,0.00,162.29,0.00,SJC
2606:4700:a1:d50b:b5a2:966e:abe3:cb3f,4,4,0.00,162.29,0.00,SJC
2606:4700:d1:d9:6234:bec3:a65b:9fde,4,4,0.00,162.30,0.00,SJC
2606:4700:3002:2a:ea92:7d5d:c02f:e079,4,4,0.00,162.30,0.00,SJC
2606:4700:d:1d:1eaf:3b92:c614:5c8d,4,4,0.00,162.30,0.00,SJC
2606:4700:a1:d557:6494:4381:99f7:58a5,4,4,0.00,162.30,0.00,SJC
2606:4700:a1:d557:64a8:6a4d:f823:8a84,4,4,0.00,162.30,0.00,SJC
2606:4700:3001:ef60:ae7d:7000:bb87:3899,4,4,0.00,162.30,0.00,SJC
2606:4700:a8:a9:84cf:77bf:2f20:9c39,4,4,0.00,162.30,0.00,SJC
2606:4700:3009:3d:ae29:eb84:e5de:3b76,4,4,0.00,162.31,0.00,SJC
2606:4700:d0:1473:a465:442e:7055:c8dd,4,4,0.00,162.31,0.00,SJC
2606:4700:e:21:d488:39a4:31b9:37aa,4,4,0.00,162.31,0.00,SJC
2606:4700:a8:a6:d750:99f5:f887:1bbf,4,4,0.00,162.31,0.00,SJC
2606:4700:a8:5e:1ec4:e977:c439:b3a5,4,4,0.00,162.31,0.00,SJC
2606:4700:a8:a6:722:5414:5c1f:43a1,4,4,0.00,162.31,0.00,SJC
2606:4700:a8:a6:7a7:cf32:7be:a6ba,4,4,0.00,162.31,0.00,SJC
2606:4700:d0:56:7bd7:937:2007:6446,4,4,0.00,162.31,0.00,SJC
2a06:98c1:58:0:95bb:13b6:3d9d:4ddb,4,4,0.00,162.31,0.00,SJC
2606:4700:3001:d4:679f:b48a:3d4:7e1f,4,4,0.00,162.31,0.00,SJC
2606:4700:a8:bb96:1fef:c972:6de2:10ba,4,4,0.00,162.31,0.00,SJC
2606:4700:b:e836:b756:2587:ab16:1a88,4,4,0.00,162.31,0.00,SJC
2606:4700:3009:0:82b4:2e33:421:b77d,4,4,0.00,162.32,0.00,SJC
2606:4700:a8:a6:7e3:f788:818a:4471,4,4,0.00,162.32,0.00,SJC
2606:4700:d:1d:8ea4:48cc:e9ec:f462,4,4,0.00,162.32,0.00,SJC
2606:4700:3000:9b92:5def:afd8:5605:869c,4,4,0.00,162.32,0.00,SJC
2606:4700:130:9acb:7b8b:3374:dd0b:1edc,4,4,0.00,162.32,0.00,SJC
2606:4700:c:5b:58cf:a972:ea6f:cf94,4,4,0.00,162.32,0.00,SJC
2606:4700:3005::57:2341:5cda,4,4,0.00,162.32,0.00,SJC
2606:4700:f:bd2f:97c5:f12c:fcd7:6549,4,4,0.00,162.32,0.00,SJC
2606:4700:0:5c18:cc05:3e91:61d6:dd65,4,4,0.00,162.32,0.00,SJC
2606:4700:3004:cc58:62e9:9d6d:d609:2e1a,4,4,0.00,162.33,0.00,SJC
2606:4700:3002:fec3:8a0b:727:bc2c:8166,4,4,0.00,162.33,0.00,SJC
2606:4700:a:c528:a558:6cd8:f182:e2b,4,4,0.00,162.33,0.00,SJC
2606:4700:3002:2a:ea2a:d297:60df:a9c9,4,4,0.00,162.33,0.00,SJC
2606:4700:3004:cc58:625f:674d:27f:5e1e,4,4,0.00,162.33,0.00,SJC
2606:4700:130:0:59a5:2b8f:9539:5451,4,4,0.00,162.33,0.00,SJC
2606:4700:0:d923:c357:d53c:8088:b892,4,4,0.00,162.33,0.00,SJC
2606:4700:c:ce40:8c55:d2ef:26fa:e7a,4,4,0.00,162.33,0.00,SJC
2606:4700:3005:0:f7:301d:73e7:792e,4,4,0.00,162.33,0.00,SJC
2606:4700:0:5c18:cc05:8413:53b:c8bd,4,4,0.00,162.33,0.00,SJC
2606:4700:d1:fa26:1235:6500:320e:b4dc,4,4,0.00,162.33,0.00,SJC
2a06:98c1:58:8b36:e49d:9601:e55f:7d95,4,4,0.00,162.33,0.00,SJC
2606:4700:3003:bad2:6f78:e1b4:8da9:9238,4,4,0.00,162.34,0.00,SJC
2606:4700:f::ffec:e3b1:6be0,4,4,0.00,162.34,0.00,SJC
2606:4700:3006:7690:9d77:61c9:3322:f935,4,4,0.00,162.34,0.00,SJC
2606:4700:d1:873a:ac41:6b82:af9:6761,4,4,0.00,162.34,0.00,SJC
2606:4700:3008:f6:1fd5:902c:3cfe:2b7e,4,4,0.00,162.34,0.00,SJC
2606:4700:3006:9:d149:ae5a:22ea:6b60,4,4,0.00,162.34,0.00,SJC
2606:4700:3001::41e1:6436,4,4,0.00,162.34,0.00,SJC
2606:4700:3002:0:ae:dc00:1174:fa0e,4,4,0.00,162.34,0.00,SJC
2606:4700:3009:0:fdcc:b4ff:9aff:9713,4,4,0.00,162.34,0.00,SJC
2606:4700:b:da58:7463:19c9:dbe3:a385,4,4,0.00,162.34,0.00,SJC
2606:4700:3005:ca:3a69:5ef7:5547:901d,4,4,0.00,162.35,0.00,SJC
2606:4700:b:0:c517:c98:e8c8:b4b0,4,4,0.00,162.35,0.00,SJC
2606:4700:3009::ec:c6fd:1a41,4,4,0.00,162.35,0.00,SJC
2606:4700:3006:0:eaf3:f10d:c3de:7684,4,4,0.00,162.35,0.00,SJC
2606:4700:a1:0:98a9:2d31:3b37:cd4d,4,4,0.00,162.35,0.00,SJC
2606:4700:d0:14e8:198a:63:ec8:a015,4,4,0.00,162.35,0.00,SJC
2606:4700:d0:1403:fb17:f3fb:14da:65f8,4,4,0.00,162.35,0.00,SJC
2606:4700:f:0:f6d0:8a1e:a472:ab56,4,4,0.00,162.35,0.00,SJC
2606:4700:0:d923:c32a:2e64:e6b9:9270,4,4,0.00,162.35,0.00,SJC
2606:4700:a8:a6:d744:f419:e040:b63b,4,4,0.00,162.35,0.00,SJC
2606:4700:e:77be:86dd:4fc2:5408:16b5,4,4,0.00,162.35,0.00,SJC
2606:4700:130:f7:c302:3a96:cc33:7554,4,4,0.00,162.35,0.00,SJC
2606:4700:3001:d4:6702:8758:6b81:6d08,4,4,0.00,162.36,0.00,SJC
2606:4700:3007::2f70:5e96:5ce2,4,4,0.00,162.36,0.00,SJC
2606:4700:0:5c18:ccc0:508:d782:8ca7,4,4,0.00,162.36,0.00,SJC
2606:4700:a1:d5be:a5f5:4425:39d9:9719,4,4,0.00,162.36,0.00,SJC
2606:4700:b:0:c559:1a2d:2b5c:d52b,4,4,0.00,162.36,0.00,SJC
2606:4700:a8:a6:7d2:6d3e:557f:e3de,4,4,0.00,162.36,0.00,SJC
2606:4700:a9:fafc:ad81:a016:f4ab:fa53,4,4,0.00,162.37,0.00,SJC
2606:4700:d:0:5504:8db2:3b1d:bbaf,4,4,0.00,162.37,0.00,SJC
2606:4700:c:cefc:6378:cab5:4c16:fb3c,4,4,0.00,162.37,0.00,SJC
2606:4700:3008:71f2:18c9:c2f7:f863:6e2a,4,4,0.00,162.37,0.00,SJC
2606:4700:f:8f:855a:7392:d5f1:576f,4,4,0.00,162.37,0.00,SJC
2a06:98c1:58:8b10:f6ff:ae1f:f2ac:7894,4,4,0.00,162.37,0.00,SJC
2606:4700:3000:0:93ef:4612:a4b8:d35d,4,4,0.00,162.37,0.00,SJC
2606:4700:a8:bb96:1fef:c98f:af6c:a2eb,4,4,0.00,162.37,0.00,SJC
2606:4700:a1:d50b:3f93:bbf7:c99c:2170,4,4,0.00,162.37,0.00,SJC
2606:4700:e:21:d488:39a4:3107:7f0d,4,4,0.00,162.38,0.00,SJC
2606:4700:3007:0:c2:2d29:85cc:d9e3,4,4,0.00,162.38,0.00,SJC
2606:4700:3008:71f2:18c9:c2d7:547d:3781,4,4,0.00,162.38,0.00,SJC
2606:4700:130:f7:c3c2:484e:4a0f:6ecf,4,4,0.00,162.38,0.00,SJC
2606:4700:3000:9b92:2fb:b166:9beb:47e3,4,4,0.00,162.38,0.00,SJC
2606:4700:3009:b966:9056:c8f4:246e:7df4,4,4,0.00,162.38,0.00,SJC
2606:4700:3009:0:f5:3c01:865c:334d,4,4,0.00,162.38,0.00,SJC
2606:4700:3005:0:f7:3769:4033:5d4a,4,4,0.00,162.38,0.00,SJC
2606:4700:3001:d4:2b4f:63db:83b9:c17e,4,4,0.00,162.38,0.00,SJC
2606:4700:a:c5fa:96f5:9941:1bdc:cd27,4,4,0.00,162.38,0.00,SJC
2606:4700:d0:14e8:198a:d32a:fee2:5652,4,4,0.00,162.38,0.00,SJC
2606:4700:e:57:5863:4a69:6d99:8893,4,4,0.00,162.38,0.00,SJC
2606:4700:3009:b966:e976:ea44:f9c9:ac17,4,4,0.00,162.38,0.00,SJC
2606:4700:d1:fa76:3b50:96d1:dc36:c9a9,4,4,0.00,162.38,0.00,SJC
2606:4700:a:c528:4c83:4707:119a:7313,4,4,0.00,162.38,0.00,SJC
2606:4700:a::743a:48e2:f66e,4,4,0.00,162.38,0.00,SJC
2606:4700:3005::8c38:4ee4:a47a,4,4,0.00,162.38,0.00,SJC
2606:4700:130:f7:c3c2:4824:6e17:9a95,4,4,0.00,162.39,0.00,SJC
2606:4700:3004:cc58:625f:b70e:4660:cb96,4,4,0.00,162.39,0.00,SJC
2606:4700:0:7129:de00:a2e8:da62:cf21,4,4,0.00,162.39,0.00,SJC
2606:4700:a8:5e:e9ac:d8bc:f6f0:40bb,4,4,0.00,162.39,0.00,SJC
2606:4700:a:0:8a:f104:c278:c8a8,4,4,0.00,162.39,0.00,SJC
2606:4700:b:da58:c78:a7d:1699:77b9,4,4,0.00,162.39,0.00,SJC
2606:4700:d1:8795:5072:7c92:91e7:9514,4,4,0.00,162.39,0.00,SJC
2606:4700:3003:13ee:bf90:8a7d:afa8:f3cd,4,4,0.00,162.39,0.00,SJC
2606:4700:e:77be:86dd:5814:3cfb:77af,4,4,0.00,162.40,0.00,SJC
2606:4700:e:4dd9:aac:8a00:7af8:53f5,4,4,0.00,162.40,0.00,SJC
2606:4700:0:d923:c32a:5ba5:b26d:d81e,4,4,0.00,162.40,0.00,SJC
2606:4700:a8:a6:7d3:ea67:33b1:67cf,4,4,0.00,162.40,0.00,SJC
2606:4700:e:4df4:b402:43a2:317e:2af9,4,4,0.00,162.40,0.00,SJC
2606:4700:3002::10:1731:f6d8,4,4,0.00,162.40,0.00,SJC
2606:4700::eab7:f9ef:a430:e172,4,4,0.00,162.40,0.00,SJC
2606:4700:d:1d:1e07:39c8:83a2:e107,4,4,0.00,162.40,0.00,SJC
2606:4700:3009:b966:e976:ea44:ec5:8651,4,4,0.00,162.40,0.00,SJC
2606:4700:d0:1473:d37b:62d0:ae41:b8a2,4,4,0.00,162.41,0.00,SJC
2606:4700:d0:56:e2d8:9a0:2488:f10,4,4,0.00,162.41,0.00,SJC
2606:4700:a:0:8a:d58c:6a99:22aa,4,4,0.00,162.41,0.00,SJC
2606:4700:3008:71f2:184a:4d43:e47f:7120,4,4,0.00,162.41,0.00,SJC
2606:4700:b:da58:c78:70b8:ea4c:bb72,4,4,0.00,162.41,0.00,SJC
2606:4700:3001:d4:678e:62ea:162:a537,4,4,0.00,162.41,0.00,SJC
2606:4700:a8:bb96:1fef:c972:6161:451d,4,4,0.00,162.41,0.00,SJC
2606:4700:3005:ca:3a69:e689:856d:5b7b,4,4,0.00,162.41,0.00,SJC
2606:4700:a:a05a:1cfc:b63d:ab18:8bdb,4,4,0.00,162.41,0.00,SJC
2606:4700:3001:ef60:ae7c:c0fe:f42f:60f7,4,4,0.00,162.42,0.00,SJC
2606:4700:3005:0:ce9a:e414:67ba:fcac,4,4,0.00,162.42,0.00,SJC
2606:4700:e:0:5ce3:64f1:71:29db,4,4,0.00,162.42,0.00,SJC
2606:4700:3004::11fa:8d44:1894,4,4,0.00,162.42,0.00,SJC
2606:4700:3008:71f2:18c9:191:3570:ab7,4,4,0.00,162.42,0.00,SJC
2606:4700:3009:b966:7969:e9be:df8e:1afe,4,4,0.00,162.42,0.00,SJC
2606:4700:d0:0:d5:9741:932a:58bd,4,4,0.00,162.42,0.00,SJC
2606:4700:3007:0:c2:2de2:991a:86ef,4,4,0.00,162.42,0.00,SJC
2606:4700:a9:cf:a49:eccb:45e3:3583,4,4,0.00,162.43,0.00,SJC
2606:4700:a9:cf:a49:d166:ae1a:dcec,4,4,0.00,162.43,0.00,SJC
2606:4700:a9:0:96bb:a471:3a3e:285,4,4,0.00,162.43,0.00,SJC
2a06:98c1:58:8bba:24ce:c2a6:b874:7aa6,4,4,0.00,162.43,0.00,SJC
2606:4700:a:0:af0f:4ed0:4578:2fbe,4,4,0.00,162.43,0.00,SJC
2606:4700:a:a05a:1cfc:b6f9:a0a1:312,4,4,0.00,162.43,0.00,SJC
2606:4700:3001:0:5b49:d9fc:4c13:8a26,4,4,0.00,162.43,0.00,SJC
2606:4700:3004:cc58:625f:674d:c532:f39b,4,4,0.00,162.43,0.00,SJC
2606:4700:3001:0:5bf3:128c:5f5f:78e0,4,4,0.00,162.43,0.00,SJC
2606:4700:a9:fa6e:56d8:687e:29c3:61b3,4,4,0.00,162.43,0.00,SJC
2606:4700:3001:d4:678e:62ea:c191:624b,4,4,0.00,162.43,0.00,SJC
2606:4700:0:5ce0:7210:3dbd:13df:7c1a,4,4,0.00,162.43,0.00,SJC
2606:4700:d1:873a:ac41:6b82:316a:c05e,4,4,0.00,162.43,0.00,SJC
2606:4700:d0:1403:f10e:28a4:8db4:e198,4,4,0.00,162.43,0.00,SJC
2606:4700:0:5c18:cc05:3ec3:9263:4125,4,4,0.00,162.43,0.00,SJC
2a06:98c1:58::d313:1866:7bc1,4,4,0.00,162.43,0.00,SJC
2606:4700:d0:56:6280:e14a:45d4:e3c2,4,4,0.00,162.44,0.00,SJC
2606:4700:d0:14e8:6e5b:bb2:b4a6:7f08,4,4,0.00,162.44,0.00,SJC
2606:4700:d1:fa76:a43a:70fe:e410:36,4,4,0.00,162.44,0.00,SJC
2606:4700:d:1936:d562:26f:1c67:d70c,4,4,0.00,162.44,0.00,SJC
2606:4700:3006:7690:9d64:1068:660d:1fe5,4,4,0.00,162.44,0.00,SJC
2606:4700:3001:efe8:1b5b:d50d:c787:e080,4,4,0.00,162.44,0.00,SJC
2606:4700:a9:0:e3:932b:fa07:122b,4,4,0.00,162.44,0.00,SJC
2606:4700:a::e5:cb36:b67a,4,4,0.00,162.44,0.00,SJC
2606:4700:d:1d:1e07:3911:9888:18e3,4,4,0.00,162.44,0.00,SJC
2606:4700:3006:760f:ac82:22a4:2432:5421,4,4,0.00,162.44,0.00,SJC
2606:4700:a9:997c:e46c:ee24:b5b6:5f1,4,4,0.00,162.45,0.00,SJC
2606:4700:0:5ce0:7241:9d57:5b18:2b50,4,4,0.00,162.45,0.00,SJC
2606:4700:a8::aca3,4,4,0.00,162.45,0.00,SJC
2606:4700:3001:d4:679f:8fa3:18eb:1bd,4,4,0.00,162.45,0.00,SJC
2606:4700:b:0:c559:dcff:af57:82f4,4,4,0.00,162.45,0.00,SJC
2606:4700:3001:d4:6702:f9bf:f0f6:c488,4,4,0.00,162.46,0.00,SJC
2606:4700:d0::a8:b469:ef27,4,4,0.00,162.46,0.00,SJC
2606:4700:3005:0:ce9a:e481:3e5:e08,4,4,0.00,162.46,0.00,SJC
2606:4700::eab7:f9ef:f4fa:7a3e,4,4,0.00,162.46,0.00,SJC
2606:4700:a9:cf:a07:f6b0:eeb4:fb42,4,4,0.00,162.46,0.00,SJC
2606:4700:0:88:54cc:ded7:2f54:852d,4,4,0.00,162.46,0.00,SJC
2606:4700:a::17:7692:50da,4,4,0.00,162.46,0.00,SJC
2606:4700:a8::eb94:df9c,4,4,0.00,162.46,0.00,SJC
2606:4700:d1:d9:5851:435a:8426:588c,4,4,0.00,162.46,0.00,SJC
2606:4700:f:0:f601:6108:6bc:297f,4,4,0.00,162.46,0.00,SJC
2606:4700:f:0:f601:61d6:3fbf:7ef7,4,4,0.00,162.46,0.00,SJC
2606:4700:3001:bb:7064:dee1:c13b:92c0,4,4,0.00,162.46,0.00,SJC
2606:4700:a:8:2b1a:d1a9:1b45:d426,4,4,0.00,162.47,0.00,SJC
2606:4700:d0:1473:a47c:7083:d726:771e,4,4,0.00,162.47,0.00,SJC
2606:4700:f:8383:b1c7:914c:f666:c4ad,4,4,0.00,162.47,0.00,SJC
2606:4700:0:5c07:1a7e:81ab:efe7:546f,4,4,0.00,162.47,0.00,SJC
2606:4700:e:77be:8649:d222:f848:140,4,4,0.00,162.47,0.00,SJC
2606:4700:a8:a6:d744:8a5:ead9:f757,4,4,0.00,162.47,0.00,SJC
2606:4700:0:5c18:cc05:8413:5c9:ae64,4,4,0.00,162.47,0.00,SJC
2606:4700:3004:b9:dcfc:2f0d:d3ec:6d40,4,4,0.00,162.48,0.00,SJC
2606:4700:a8:a6:7e3:f7ab:737d:68c4,4,4,0.00,162.48,0.00,SJC
2606:4700:a8:a6:d750:99f5:adcb:fbb9,4,4,0.00,162.48,0.00,SJC
2606:4700:3005:ca:3abc:b70c:8373:c62f,4,4,0.00,162.48,0.00,SJC
2606:4700:f:0:f6d0:8a8d:72ce:7972,4,4,0.00,162.48,0.00,SJC
2606:4700:f:bd2f:f3c2:cf70:2a78:31eb,4,4,0.00,162.48,0.00,SJC
2606:4700:3009:93b3:21a2:673b:5d39:8788,4,4,0.00,162.48,0.00,SJC
2606:4700:e:77b9:9890:5968:13d7:f08d,4,4,0.00,162.48,0.00,SJC
2606:4700:0:88:5419:8b0c:33dc:e13f,4,4,0.00,162.48,0.00,SJC
2606:4700:3005:ca:20ff:ab9d:812a:a178,4,4,0.00,162.48,0.00,SJC
2606:4700:3004:aca6:a302:b5cc:bfa4:6cd6,4,4,0.00,162.48,0.00,SJC
2606:4700:c:5b:6b6c:9474:4a9:870f,4,4,0.00,162.48,0.00,SJC
2606:4700:a:8:632:f931:c0d2:aaea,4,4,0.00,162.48,0.00,SJC
2606:4700:e:4d05:2694:6415:2ac1:e549,4,4,0.00,162.48,0.00,SJC
2606:4700:3003:cd:9af5:da23:7107:7010,4,4,0.00,162.48,0.00,SJC
2606:4700:a9:0:e3:93bf:5a73:21a5,4,4,0.00,162.48,0.00,SJC
2606:4700:3008:71f2:184a:4d43:e418:e613,4,4,0.00,162.49,0.00,SJC
2606:4700:d0:14e8:6eb1:34cf:7055:3df,4,4,0.00,162.49,0.00,SJC
2606:4700:3008:71f2:18a4:567e:2964:6e11,4,4,0.00,162.49,0.00,SJC
2606:4700:3003:cd:9a7c:b277:c16e:2239,4,4,0.00,162.49,0.00,SJC
2606:4700:a9:fa7d:fd1f:503c:8b55:9bfc,4,4,0.00,162.49,0.00,SJC
2606:4700:e:57:5863:4a13:a422:b72e,4,4,0.00,162.49,0.00,SJC
2606:4700:3001:d4:678e:baf9:8ec5:cd97,4,4,0.00,162.49,0.00,SJC
2606:4700:3001:bb:7064:dee1:c1c3:7054,4,4,0.00,162.49,0.00,SJC
2606:4700:3008:71f2:18a4:56d4:caf4:ffd,4,4,0.00,162.49,0.00,SJC
2606:4700:3006:5f:ae4f:12d6:bf1:5701,4,4,0.00,162.50,0.00,SJC
2606:4700:a:e4:185c:c34:b44e:e87b,4,4,0.00,162.50,0.00,SJC
2606:4700:c:cefc:6378:c:57bf:408c,4,4,0.00,162.50,0.00,SJC
2606:4700:3003:cd:9af5:daee:e69a:6d0b,4,4,0.00,162.50,0.00,SJC
2606:4700:e:57:b744:c50b:684c:4c6,4,4,0.00,162.50,0.00,SJC
2606:4700:3008:f6:25e:8004:1c97:bf80,4,4,0.00,162.50,0.00,SJC
2606:4700:d1:fa26:1231:a31f:c277:162c,4,4,0.00,162.50,0.00,SJC
2606:4700:3009:b966:e91c:d274:e895:26bc,4,4,0.00,162.50,0.00,SJC
2606:4700:f:8383:b1c7:91da:1f2e:eb52,4,4,0.00,162.50,0.00,SJC
2606:4700:d1:fa26:12e5:89bb:5d2a:e2f5,4,4,0.00,162.50,0.00,SJC
2606:4700:a:8:6d4:1912:eda:e7ea,4,4,0.00,162.51,0.00,SJC
2606:4700:3001:d4:6702:1d76:b9b9:51b9,4,4,0.00,162.51,0.00,SJC
2606:4700:3001:bb:70f1:a041:3e9d:1cf9,4,4,0.00,162.51,0.00,SJC
2606:4700:3006:7690:9d77:95e7:99bb:59da,4,4,0.00,162.51,0.00,SJC
2606:4700:d0::6b15:686c:522e,4,4,0.00,162.51,0.00,SJC
2606:4700:3009:5a:295d:98b3:1345:39aa,4,4,0.00,162.51,0.00,SJC
2606:4700:d0:1473:d38d:4656:759a:1b35,4,4,0.00,162.51,0.00,SJC
2606:4700:3004:5c:9683:3e6b:1fa6:f6b5,4,4,0.00,162.51,0.00,SJC
2606:4700:3005:ca:2c89:efa3:db11:cffb,4,4,0.00,162.51,0.00,SJC
2606:4700:a8:bbaf:e562:70aa:4849:79d9,4,4,0.00,162.51,0.00,SJC
2606:4700:3002:2a:ea92:97ab:187:e0af,4,4,0.00,162.51,0.00,SJC
2606:4700:a8:bbaf:2064:5535:5120:45b6,4,4,0.00,162.52,0.00,SJC
2606:4700:0:7129:dec2:157f:b1e0:8577,4,4,0.00,162.52,0.00,SJC
2606:4700:0:d923:495c:a130:f78d:b495,4,4,0.00,162.52,0.00,SJC
2606:4700:a8:bb96:1f85:10e0:6f27:8e02,4,4,0.00,162.52,0.00,SJC
2606:4700:a9:fa6e:5617:cf1a:e3d6:682b,4,4,0.00,162.52,0.00,SJC
2606:4700:d:1d:1eaf:3b92:d1f0:5778,4,4,0.00,162.52,0.00,SJC
2606:4700:3000:9b92:2fb:f795:953a:28,4,4,0.00,162.52,0.00,SJC
2606:4700:a8:bbaf:7e7b:fe74:baf3:60bd,4,4,0.00,162.52,0.00,SJC
2606:4700:130:0:59a5:f445:5ed1:6b1f,4,4,0.00,162.53,0.00,SJC
2606:4700:3002:2a:ea2a:fb36:76fa:e35b,4,4,0.00,162.53,0.00,SJC
2606:4700:c:3cae:c0c7:74f4:296f:5851,4,4,0.00,162.53,0.00,SJC
2606:4700:3001:0:78:afaa:890e:da28,4,4,0.00,162.53,0.00,SJC
2606:4700:3006:760f:ac36:75d0:7684:8ee3,4,4,0.00,162.53,0.00,SJC
2606:4700:e:0:5ce3:f553:2e6e:dc04,4,4,0.00,162.53,0.00,SJC
2606:4700:e:4df4:b4ed:8a26:ed2f:9acf,4,4,0.00,162.53,0.00,SJC
2606:4700:3008:f6:1fd5:904f:cdb2:ce8,4,4,0.00,162.53,0.00,SJC
2606:4700:3009:a8:69db:d65a:f8f7:3931,4,4,0.00,162.53,0.00,SJC
2606:4700:3008:0:b586:64a0:8193:a8bc,4,4,0.00,162.53,0.00,SJC
2606:4700:3008::97f7:c883:7112,4,4,0.00,162.53,0.00,SJC
2606:4700:3003:cd:2d98:175:eee0:3444,4,4,0.00,162.54,0.00,SJC
2606:4700:d0:56:7bd7:33bd:55f9:ec01,4,4,0.00,162.54,0.00,SJC
2606:4700:b:0:ac:5ae6:407a:9477,4,4,0.00,162.54,0.00,SJC
2606:4700:0:5ce0:7210:9b7c:cd9b:d2d6,4,4,0.00,162.54,0.00,SJC
2606:4700:a9:fa7d:fd1f:5010:3e36:1053,4,4,0.00,162.54,0.00,SJC
2606:4700:3002:fe22:9d53:3329:871c:58a9,4,4,0.00,162.54,0.00,SJC
2606:4700:b:da58:748e:2a1:a8ce:8597,4,4,0.00,162.54,0.00,SJC
2606:4700:3008:0:19:c9e1:da1b:c223,4,4,0.00,162.54,0.00,SJC
2606:4700:3006:0:ea19:446:4ea:8710,4,4,0.00,162.54,0.00,SJC
2606:4700:a1:d5be:a581:9692:e853:9189,4,4,0.00,162.54,0.00,SJC
2606:4700:0:d923:4945:92fe:b796:2386,4,4,0.00,162.54,0.00,SJC
2606:4700:a:e4:185c:c34:5434:5d56,4,4,0.00,162.54,0.00,SJC
2606:4700:d0:0:e0a9:b4f5:9b7b:1e4,4,4,0.00,162.54,0.00,SJC
2606:4700:a8:a9:84cf:3e3b:7f1b:94dd,4,4,0.00,162.54,0.00,SJC
2606:4700:d0:1473:4e02:ff7:a833:534b,4,4,0.00,162.54,0.00,SJC
2606:4700:b:e836:b756:2587:1aa:ddbd,4,4,0.00,162.55,0.00,SJC
2606:4700:3005:0:ce9a:e414:679a:7474,4,4,0.00,162.55,0.00,SJC
2606:4700:3007:d4:158c:79c8:c3c:34a1,4,4,0.00,162.55,0.00,SJC
2606:4700:3006:9:d149:ae5a:81e6:b1de,4,4,0.00,162.55,0.00,SJC
2606:4700:d1:fa26:12d6:d686:437d:42c4,4,4,0.00,162.55,0.00,SJC
2606:4700:d:f7:24c4:df03:de25:2625,4,4,0.00,162.55,0.00,SJC
2606:4700:a9:fa7d:5bf0:1be2:edc3:e93a,4,4,0.00,162.55,0.00,SJC
2606:4700:a8:a6:d750:2aa8:8b88:5ae2,4,4,0.00,162.55,0.00,SJC
2606:4700:c:5b:6b79:487a:eb6c:876b,4,4,0.00,162.56,0.00,SJC
2606:4700:0:d923:c357:bc:24b0:298c,4,4,0.00,162.56,0.00,SJC
2606:4700:f:8383:b1c7:2652:6b15:a7fd,4,4,0.00,162.56,0.00,SJC
2606:4700:e:0:cef7:c4c:ed63:35fa,4,4,0.00,162.56,0.00,SJC
2606:4700:d1:d9:588b:f4eb:ff24:45ce,4,4,0.00,162.56,0.00,SJC
2606:4700:3005:0:ce9a:e414:670f:770e,4,4,0.00,162.56,0.00,SJC
2606:4700:d1:0:6c6b:f9a9:9e01:84d3,4,4,0.00,162.56,0.00,SJC
2606:4700:3000:0:93ef:46ec:8c36:9187,4,4,0.00,162.56,0.00,SJC
2606:4700:c:cefc:6378:f2c5:e28a:d84d,4,4,0.00,162.56,0.00,SJC
2606:4700:a8:a6:7a7:d966:178a:553b,4,4,0.00,162.56,0.00,SJC
2606:4700:a:426c:3c8b:cf61:165f:7d85,4,4,0.00,162.56,0.00,SJC
2606:4700:3008::9799:3d7d:9a02,4,4,0.00,162.56,0.00,SJC
2606:4700:0:d923:49e4:1f81:5643:878d,4,4,0.00,162.57,0.00,SJC
2606:4700:3002:2a:ea2a:d297:bade:c0a9,4,4,0.00,162.57,0.00,SJC
2606:4700:c:5b:6b6c:9456:aee4:151,4,4,0.00,162.57,0.00,SJC
2606:4700:d0:1403:f10e:28a4:8d77:3b34,4,4,0.00,162.57,0.00,SJC
2606:4700:3002:fec3:8ab8:7c82:3ac6:2999,4,4,0.00,162.57,0.00,SJC
2606:4700:3009:0:fdcc:b420:375a:8e42,4,4,0.00,162.57,0.00,SJC
2606:4700:a8:a6:d7a4:1ef8:2c54:957c,4,4,0.00,162.57,0.00,SJC
2606:4700:a8:bbaf:2086:ae3a:2082:fa45,4,4,0.00,162.57,0.00,SJC
2606:4700:3002::b80b:deac:bb76,4,4,0.00,162.57,0.00,SJC
2606:4700:3007:d3b6:ded9:af2a:cc8a:abcb,4,4,0.00,162.57,0.00,SJC
2606:4700:b:da58:7463:19ad:ddfc:fcab,4,4,0.00,162.58,0.00,SJC
2606:4700:f:0:f6d0:c4e9:13d8:a4a1,4,4,0.00,162.58,0.00,SJC
2606:4700:a8::ba9a:6a64:9825,4,4,0.00,162.58,0.00,SJC
2606:4700:3003:cd:2d24:3b08:b481:817,4,4,0.00,162.58,0.00,SJC
2606:4700:3009:0:fd46:659:7169:13bd,4,4,0.00,162.58,0.00,SJC
2606:4700:f:0:f601:ceec:f37e:affb,4,4,0.00,162.58,0.00,SJC
2606:4700:c:3c32:80e0:3b41:54fe:ec07,4,4,0.00,162.58,0.00,SJC
2606:4700:a:e4:c21a:88f3:6ddd:1713,4,4,0.00,162.58,0.00,SJC
2606:4700:a9:cf:a7e:2570:cf0d:3a63,4,4,0.00,162.58,0.00,SJC
2606:4700:3005:0:f7:37f8:da4:5624,4,4,0.00,162.58,0.00,SJC
2a06:98c1:58:cb:3ece:6820:512a:578a,4,4,0.00,162.59,0.00,SJC
2606:4700:d0:0:d5:9701:4df1:9bce,4,4,0.00,162.59,0.00,SJC
2a06:98c1:58:8b36:8b03:3fa3:f141:672,4,4,0.00,162.59,0.00,SJC
2606:4700:f:0:4352:598f:a4c7:f768,4,4,0.00,162.59,0.00,SJC
2a06:98c1:58:74:f8eb:d512:6fa9:a692,4,4,0.00,162.59,0.00,SJC
2606:4700:a1:0:ba:7314:ade:760d,4,4,0.00,162.60,0.00,SJC
2606:4700:3000:ac:707d:688f:e37d:b59d,4,4,0.00,162.60,0.00,SJC
2606:4700::ae:368f:c131:37a6,4,4,0.00,162.60,0.00,SJC
2606:4700:c:0:efdb:69ca:e428:7181,4,4,0.00,162.60,0.00,SJC
2606:4700:3001:ef60:ae3b:fbd3:5509:196b,4,4,0.00,162.60,0.00,SJC
2606:4700:3004:b9:dc32:5e5c:8426:5fd9,4,4,0.00,162.60,0.00,SJC
2606:4700:3005:376f:586:9cc:ef44:5f87,4,4,0.00,162.60,0.00,SJC
2606:4700:d0:14e8:198a:3:3120:4787,4,4,0.00,162.60,0.00,SJC
2606:4700:3004:5c:961e:80:c87a:661,4,4,0.00,162.60,0.00,SJC
2606:4700:3001:d4:679f:8fa3:9f3b:c2a3,4,4,0.00,162.60,0.00,SJC
2606:4700:a1:d50b:6952:2dcc:22cc:5fa1,4,4,0.00,162.60,0.00,SJC
2606:4700:e:77b9:9832:e7c5:492d:1f33,4,4,0.00,162.60,0.00,SJC
2606:4700:d0:14e8:6e39:86bb:892f:95c3,4,4,0.00,162.60,0.00,SJC
2606:4700:a8:bbaf:2067:49ac:24:bcbf,4,4,0.00,162.60,0.00,SJC
2606:4700:a8:a6:7a7:1da4:4573:e5a1,4,4,0.00,162.60,0.00,SJC
2606:4700:3004:5c:9683:7f56:b6e7:63d8,4,4,0.00,162.61,0.00,SJC
2606:4700:3007:d3b6:ded9:af5d:3023:75e2,4,4,0.00,162.61,0.00,SJC
2606:4700:0:5ce0:d3b3:4613:4f82:c9e7,4,4,0.00,162.61,0.00,SJC
2606:4700:3003:1329:f1a:2e0e:5367:51a8,4,4,0.00,162.61,0.00,SJC
2606:4700:a::3b91:a70e:65d4,4,4,0.00,162.61,0.00,SJC
2606:4700:c:3cae:2db1:7b4b:4e59:abf,4,4,0.00,162.61,0.00,SJC
2606:4700:a8:a6:d750:995a:da7f:5585,4,4,0.00,162.61,0.00,SJC
2606:4700:e:777d:b636:b0a2:34d5:457b,4,4,0.00,162.61,0.00,SJC
2606:4700:3005:ca:2cba:16ce:bc21:3384,4,4,0.00,162.61,0.00,SJC
2606:4700:3008:71f2:18a4:41c6:4b0e:840b,4,4,0.00,162.62,0.00,SJC
2606:4700:e:777d:3a1f:b3d:456d:5707,4,4,0.00,162.62,0.00,SJC
2606:4700:3003:13ee:db5:5b0e:2e6d:e2b1,4,4,0.00,162.62,0.00,SJC
2606:4700:3008:f6:1f0c:3244:f38f:8c2b,4,4,0.00,162.62,0.00,SJC
2606:4700:3008:f6:1f0c:3244:f365:5a92,4,4,0.00,162.62,0.00,SJC
2606:4700:3001:bb:7064:de8e:e725:3a6f,4,4,0.00,162.62,0.00,SJC
2606:4700:e:57:5863:569a:3e05:ca6,4,4,0.00,162.62,0.00,SJC
2606:4700:3005:376f:1cd2:8196:3348:e219,4,4,0.00,162.62,0.00,SJC
2606:4700:3009:0:fdcc:b4ff:9a49:b73f,4,4,0.00,162.63,0.00,SJC
2606:4700:f:0:f6d0:c4e9:1344:dd70,4,4,0.00,162.63,0.00,SJC
2606:4700:3005:ca:2cba:16ce:71a6:fa7a,4,4,0.00,162.63,0.00,SJC
2606:4700:3003:1329:5892:478c:569c:1679,4,4,0.00,162.63,0.00,SJC
2606:4700:b:0:c517:4776:b3af:63d3,4,4,0.00,162.63,0.00,SJC
2606:4700:3000:9b92:2fb:f795:efde:5cb9,4,4,0.00,162.63,0.00,SJC
2606:4700:d:f7:c893:4e02:9c3d:2c7d,4,4,0.00,162.63,0.00,SJC
2606:4700:a:0:d863:f146:2b19:e8c7,4,4,0.00,162.64,0.00,SJC
2606:4700:a1:74:cf60:b91:a0ef:74ab,4,4,0.00,162.64,0.00,SJC
2606:4700:b::6e61:7d35:6727,4,4,0.00,162.64,0.00,SJC
2606:4700:e:77b9:9890:b4e9:4a6b:588b,4,4,0.00,162.64,0.00,SJC
2606:4700:3009:0:fdcc:b450:cccc:7ee1,4,4,0.00,162.64,0.00,SJC
2606:4700:a:0:ae:b0b6:9b08:9dfa,4,4,0.00,162.64,0.00,SJC
2606:4700:c:ce40:8c55:d2ef:26d9:90a8,4,4,0.00,162.64,0.00,SJC
2606:4700:e:77b9:9890:b4e9:6358:7168,4,4,0.00,162.64,0.00,SJC
2606:4700:3003:cd:2dd0:72f1:3159:8ad9,4,4,0.00,162.64,0.00,SJC
2606:4700:3000:9b92:2fb:b1e4:85c8:16ac,4,4,0.00,162.64,0.00,SJC
2606:4700:3001:0:5bf3:128c:6e9e:c2cf,4,4,0.00,162.64,0.00,SJC
2606:4700:3001:0:78:df17:9603:1611,4,4,0.00,162.65,0.00,SJC
2606:4700:130:0:d00a:41b1:d3ae:3940,4,4,0.00,162.65,0.00,SJC
2606:4700:a1:d557:6494:4381:9975:9e5,4,4,0.00,162.65,0.00,SJC
2606:4700:e:21:309f:3e2e:bd4c:a1d7,4,4,0.00,162.65,0.00,SJC
2606:4700:a8:bbaf:7e7b:8d9b:fc3c:43e,4,4,0.00,162.65,0.00,SJC
2606:4700:3001:d4:673f:c219:56c8:cde8,4,4,0.00,162.65,0.00,SJC
2606:4700:0:d923:49e4:e76d:7543:e002,4,4,0.00,162.66,0.00,SJC
2606:4700:e:77b9:9890:b40e:c4cc:b626,4,4,0.00,162.66,0.00,SJC
2606:4700:e:4df4:b4ed:8a26:2c3:cbe6,4,4,0.00,162.66,0.00,SJC
2606:4700:a8:a6:d744:8a5:81e4:ba9c,4,4,0.00,162.66,0.00,SJC
2606:4700:a:e4:185c:c34:4724:cda1,4,4,0.00,162.66,0.00,SJC
2606:4700:0:d9cd:4012:a35f:bcf6:ef7e,4,4,0.00,162.66,0.00,SJC
2606:4700:c:5b:6bda:7fed:2fc8:76cd,4,4,0.00,162.67,0.00,SJC
2606:4700:a:8:f27f:3ef5:6106:4f10,4,4,0.00,162.67,0.00,SJC
2606:4700:3002:2a:ea2a:d233:adf4:f1e6,4,4,0.00,162.67,0.00,SJC
2606:4700:a1:d5be:a5f5:4493:63ac:de59,4,4,0.00,162.67,0.00,SJC
2606:4700:a:c528:a558:6c4b:b02b:33a0,4,4,0.00,162.67,0.00,SJC
2a06:98c1:58:74:69a:7f65:bfc9:df8,4,4,0.00,162.67,0.00,SJC
2606:4700:3008:0:b586:8b1d:a3da:5e9,4,4,0.00,162.67,0.00,SJC
2606:4700:3003:cd:2dbc:b6f3:c986:9c8a,4,4,0.00,162.67,0.00,SJC
2606:4700:a8:bbaf:2067:1e99:3358:9427,4,4,0.00,162.68,0.00,SJC
2606:4700:d1:873a:ac41:6be6:4344:b64e,4,4,0.00,162.68,0.00,SJC
2606:4700:3009:93e7:dc06:c52c:2234:1ac0,4,4,0.00,162.68,0.00,SJC
2606:4700:f:bd2f:97c5:f1cb:a501:eac5,4,4,0.00,162.68,0.00,SJC
2606:4700:a9:997c:e41a:8176:aefc:cf0f,4,4,0.00,162.68,0.00,SJC
2606:4700:a:e4:c24b:14c8:7f0:eac8,4,4,0.00,162.68,0.00,SJC
2606:4700:a:0:ae:9ac1:3a2e:a0b1,4,4,0.00,162.68,0.00,SJC
2606:4700:3004::de:149b:6033,4,4,0.00,162.68,0.00,SJC
2606:4700:f:8f:8573:30dd:efe8:4128,4,4,0.00,162.68,0.00,SJC
2606:4700:0:d923:c32a:a06d:fb81:af52,4,4,0.00,162.68,0.00,SJC
2606:4700:a:c528:9b75:d664:3e13:772a,4,4,0.00,162.68,0.00,SJC
2606:4700:3002::71:ad01,4,4,0.00,162.69,0.00,SJC
2606:4700:a8:bbaf:7e7b:8d9b:2fb:a777,4,4,0.00,162.69,0.00,SJC
2606:4700:3005:ca:2cba:16ce:a1d1:710e,4,4,0.00,162.69,0.00,SJC
2606:4700:d1:fa26:12e5:894a:ace6:5ff9,4,4,0.00,162.69,0.00,SJC
2606:4700:3006:7690:9d64:10a3:e775:f6fd,4,4,0.00,162.69,0.00,SJC
2606:4700::eab7:f9ef:895e:3f76,4,4,0.00,162.69,0.00,SJC
2606:4700:a8:a6:d7a4:417:8bf9:d846,4,4,0.00,162.69,0.00,SJC
2606:4700:3006:9:d1e4:564c:3a66:5a82,4,4,0.00,162.69,0.00,SJC
2606:4700:d1:fa76:3197:434f:e16c:ddf2,4,4,0.00,162.70,0.00,SJC
2606:4700:d1:873a:fba0:70e8:28a8:7c9f,4,4,0.00,162.70,0.00,SJC
2606:4700:3006:0:ea19:1489:472b:1860,4,4,0.00,162.70,0.00,SJC
2606:4700:0:5c07:fac3:6e19:c5ee:c1f1,4,4,0.00,162.70,0.00,SJC
2606:4700:d1:d9:6234:3375:8dd3:b146,4,4,0.00,162.70,0.00,SJC
2606:4700:a:e4:185c:c34:47e8:8565,4,4,0.00,162.70,0.00,SJC
2606:4700:3003:cd:2dbc:2a30:1b10:428d,4,4,0.00,162.70,0.00,SJC
2606:4700:a9:997c:41f:f29e:c124:ca84,4,4,0.00,162.70,0.00,SJC
2a06:98c1:58:8bba:9ab0:63b7:75b:a5fe,4,4,0.00,162.71,0.00,SJC
2606:4700:a1:74:ae78:5c75:6a41:8294,4,4,0.00,162.71,0.00,SJC
2606:4700:f:8383:71b:19bf:4553:ef7e,4,4,0.00,162.71,0.00,SJC
2606:4700:3005:ca:3abc:b70c:ec3d:5649,4,4,0.00,162.71,0.00,SJC
2606:4700:3006:7690:9d64:c869:aa11:cebb,4,4,0.00,162.72,0.00,SJC
2606:4700:e:4dd9:aac:8a00:e6a6:1b5e,4,4,0.00,162.72,0.00,SJC
2606:4700:3000:0:2f:a517:e0d3:5f40,4,4,0.00,162.72,0.00,SJC
2606:4700:3001:d4:6702:f9bf:f05c:31f4,4,4,0.00,162.72,0.00,SJC
2606:4700:a9:cf:a49:eccb:1e9c:78ea,4,4,0.00,162.72,0.00,SJC
2606:4700:130:0:d0fb:a1ac:c5ca:5d0c,4,4,0.00,162.72,0.00,SJC
2606:4700:0:5ce0:7210:3dbd:1647:67a,4,4,0.00,162.72,0.00,SJC
2606:4700:3000:0:4e:4387:d62f:6d85,4,4,0.00,162.72,0.00,SJC
2606:4700:a1:d50b:b5a2:94da:e5ca:4e00,4,4,0.00,162.72,0.00,SJC
2606:4700:d0:0:d5:9701:4db1:9366,4,4,0.00,162.72,0.00,SJC
2606:4700:d:f7:c893:4e02:f156:5552,4,4,0.00,162.72,0.00,SJC
2606:4700:c:5b:58cf:a951:7c0c:b0cf,4,4,0.00,162.73,0.00,SJC
2606:4700:c:5b:6b79:487a:7227:fdec,4,4,0.00,162.73,0.00,SJC
2606:4700:d1:fa76:a43a:7089:f38b:d61f,4,4,0.00,162.73,0.00,SJC
2606:4700:d1:d9:5851:d7c1:b83d:2fc6,4,4,0.00,162.73,0.00,SJC
2606:4700:f:8f:855a:7392:d513:409c,4,4,0.00,162.73,0.00,SJC
2606:4700:0:5c07:fa43:3be5:3386:24f4,4,4,0.00,162.73,0.00,SJC
2606:4700:d1:d9:e0bd:2330:d403:2482,4,4,0.00,162.73,0.00,SJC
2606:4700:3004:cc9f:ff19:4518:5549:6e63,4,4,0.00,162.73,0.00,SJC
2606:4700:d1:fa26:127e:2857:8ab8:c9f8,4,4,0.00,162.73,0.00,SJC
2606:4700:0:d9cd:4012:a322:1f83:b0d3,4,4,0.00,162.73,0.00,SJC
2606:4700::eab7:3d1:85ec:d967,4,4,0.00,162.73,0.00,SJC
2606:4700:3006:7690:9d77:c653:1ae8:f4e5,4,4,0.00,162.74,0.00,SJC
2606:4700:d0:1403:fbac:43b0:d769:d856,4,4,0.00,162.74,0.00,SJC
2606:4700:d:da45:a180:2e59:f436:591e,4,4,0.00,162.74,0.00,SJC
2606:4700:a1:d50b:3fc6:5cf7:5081:1c10,4,4,0.00,162.74,0.00,SJC
2606:4700:c:3cae:c0c7:f93b:6763:99bc,4,4,0.00,162.74,0.00,SJC
2606:4700:a:8:632:1d7:5d7e:e3e4,4,4,0.00,162.74,0.00,SJC
2606:4700:a:0:ae:2f02:769:48f1,4,4,0.00,162.74,0.00,SJC
2606:4700:d0:14e8:6e5b:4de1:27e0:6452,4,4,0.00,162.74,0.00,SJC
2606:4700:d1:fa26:127e:f6fe:e29d:e865,4,4,0.00,162.74,0.00,SJC
2606:4700:a:8:632:f9e3:adff:494d,4,4,0.00,162.74,0.00,SJC
2606:4700:e:21:d488:3913:ad7:7827,4,4,0.00,162.74,0.00,SJC
2a06:98c1:58:8bba:9ab0:637e:77f3:3ef,4,4,0.00,162.74,0.00,SJC
2606:4700:3003:13ee:88d4:4b78:7c16:c406,4,4,0.00,162.74,0.00,SJC
2606:4700:0:d923:c32a:2e02:5989:5606,4,4,0.00,162.75,0.00,SJC
2606:4700:f:8383:71b:9a1b:ca54:b638,4,4,0.00,162.75,0.00,SJC
2606:4700:a1:d5be:a5f5:4493:856e:23f9,4,4,0.00,162.75,0.00,SJC
2606:4700:d1:fa26:12e5:9153:d9dd:d399,4,4,0.00,162.75,0.00,SJC
2606:4700:d0:1403:f10e:afd5:8e6e:fa89,4,4,0.00,162.75,0.00,SJC
2606:4700:d:f7:245f:f100:6c1:90d3,4,4,0.00,162.76,0.00,SJC
2606:4700:a:c528:a50d:a602:e360:ba7e,4,4,0.00,162.76,0.00,SJC
2606:4700:3002::29:a353:af31,4,4,0.00,162.76,0.00,SJC
2606:4700:a:0:ae:b0b6:9ba0:4de1,4,4,0.00,162.76,0.00,SJC
2606:4700:b:0:ac:e9a3:55bf:1306,4,4,0.00,162.76,0.00,SJC
2606:4700:3001:bb:7064:de8e:e79b:7a22,4,4,0.00,162.76,0.00,SJC
2606:4700:3007:0:c2:b14f:98b4:cda3,4,4,0.00,162.76,0.00,SJC
2606:4700:e:77b9:9832:e7c5:4965:59a3,4,4,0.00,162.77,0.00,SJC
2606:4700:a1:d557:df83:3446:245b:3458,4,4,0.00,162.77,0.00,SJC
2606:4700:a:c528:a558:6cd8:f1a9:8ce1,4,4,0.00,162.77,0.00,SJC
2606:4700:3000:0:9349:241a:b1b2:a899,4,4,0.00,162.77,0.00,SJC
2606:4700:b:0:c517:47d4:4f05:1965,4,4,0.00,162.77,0.00,SJC
2606:4700:3007:d3b6:ded9:af2a:44e5:cdd9,4,4,0.00,162.77,0.00,SJC
2606:4700:3005:ca:20ff:ab2b:a849:8c6d,4,4,0.00,162.77,0.00,SJC
2606:4700:a8:a9:84cf:3e3b:7072:7f73,4,4,0.00,162.77,0.00,SJC
2606:4700:3004:0:9b0c:1b03:3610:590f,4,4,0.00,162.77,0.00,SJC
2606:4700:a:0:d863:f146:1525:2819,4,4,0.00,162.77,0.00,SJC
2606:4700:d0:0:d4:4358:dd91:6b38,4,4,0.00,162.77,0.00,SJC
2606:4700:f:0:5d40:ac5c:55db:1b61,4,4,0.00,162.77,0.00,SJC
2606:4700::4840:120b:b40b:4340,4,4,0.00,162.77,0.00,SJC
2606:4700:3001:d4:679f:b48a:624f:220b,4,4,0.00,162.78,0.00,SJC
2606:4700:a1:d50b:465d:1b30:b0cd:7203,4,4,0.00,162.78,0.00,SJC
2606:4700:a9:cf:a07:47b2:ec6a:6023,4,4,0.00,162.78,0.00,SJC
2606:4700:c:ce56:4187:4b51:6c2e:d393,4,4,0.00,162.78,0.00,SJC
2606:4700:3004:5c:961e:fa:dec:f821,4,4,0.00,162.78,0.00,SJC
2606:4700:130:0:36:b685:3e50:f5e6,4,4,0.00,162.78,0.00,SJC
2606:4700:3001:ef60:ae3b:fbbc:39a3:9cfe,4,4,0.00,162.79,0.00,SJC
2606:4700:130:0:5903:9870:fcaf:7c5,4,4,0.00,162.79,0.00,SJC
2606:4700:a8:a6:759:27d4:63dc:1a55,4,4,0.00,162.79,0.00,SJC
2606:4700:0:5ce0:b3d1:83ac:7330:7480,4,4,0.00,162.79,0.00,SJC
2606:4700:3003:1329:fa4:fd60:c4d2:f2d4,4,4,0.00,162.79,0.00,SJC
2606:4700:3006:7690:9da5:931c:34fd:85c,4,4,0.00,162.79,0.00,SJC
2606:4700:3006:7690:9d77:c6fe:ad25:a2ef,4,4,0.00,162.79,0.00,SJC
2606:4700:e:4df4:b4ed:8a67:dd24:d663,4,4,0.00,162.79,0.00,SJC
2606:4700:3002:0:89:fc16:d226:e61d,4,4,0.00,162.79,0.00,SJC
2606:4700:0:88:54ba:ed9f:b711:c75c,4,4,0.00,162.80,0.00,SJC
2606:4700:0:5ce0:7241:d70d:a2db:d3de,4,4,0.00,162.80,0.00,SJC
2606:4700:d1:0:1:91fb:2ef0:5c05,4,4,0.00,162.80,0.00,SJC
2a06:98c1:58:0:95bb:ffe2:104b:9f6e,4,4,0.00,162.80,0.00,SJC
2a06:98c1:58:8b10:f6ff:1bc2:7486:85bb,4,4,0.00,162.80,0.00,SJC
2606:4700:e:4d05:a95e:bb7:a291:73e1,4,4,0.00,162.80,0.00,SJC
2606:4700:a9:fa7d:fd45:374e:222:5a93,4,4,0.00,162.80,0.00,SJC
2606:4700:3004:cc9f:617e:9ac3:6fda:949d,4,4,0.00,162.80,0.00,SJC
2606:4700:c:3cae:393d:890d:f18d:4a96,4,4,0.00,162.80,0.00,SJC
2606:4700:3004:cc58:3357:1a6f:42cb:7c3e,4,4,0.00,162.81,0.00,SJC
2606:4700:e:777d:3aa9:cb74:9e88:9fcf,4,4,0.00,162.81,0.00,SJC
2606:4700:a9:cf:a07:f6d7:6eb2:45c8,4,4,0.00,162.81,0.00,SJC
2606:4700:e:57:5863:5693:b13e:187a,4,4,0.00,162.81,0.00,SJC
2606:4700:e:57:5863:5693:16f0:dfe7,4,4,0.00,162.81,0.00,SJC
2606:4700:b:0:ac:5ae6:401c:580e,4,4,0.00,162.81,0.00,SJC
2606:4700::eab7:3bc:8d61:4a6,4,4,0.00,162.81,0.00,SJC
2606:4700:d0:56:e2d8:1d56:e76d:95bc,4,4,0.00,162.81,0.00,SJC
2606:4700:3004:0:9b48:645e:1001:c8a,4,4,0.00,162.81,0.00,SJC
2606:4700:d1:873a:734a:b9c7:641e:6ea4,4,4,0.00,162.81,0.00,SJC
2606:4700:3006:9:d132:27da:28e1:8275,4,4,0.00,162.81,0.00,SJC
2606:4700:a8:a6:7a7:cfbf:36e1:65c8,4,4,0.00,162.82,0.00,SJC
2606:4700:d0:14e8:6e5b:b58:7ecc:6582,4,4,0.00,162.82,0.00,SJC
2606:4700:a8:a6:7e3:f72f:7891:6034,4,4,0.00,162.82,0.00,SJC
2606:4700:3002:28:f530:b2f2:c9f1:5800,4,4,0.00,162.82,0.00,SJC
2606:4700:a:e4:185c:df65:72dc:e611,4,4,0.00,162.82,0.00,SJC
2606:4700:a:e4:4c2f:bd2f:5afa:4f97,4,4,0.00,162.82,0.00,SJC
2a06:98c1:58:cb:e0a1:5f7:5052:769,4,4,0.00,162.82,0.00,SJC
2606:4700:a8:a6:d750:995a:dab7:b3c3,4,4,0.00,162.82,0.00,SJC
2606:4700:3006:7690:9d64:10a3:7bda:c24f,4,4,0.00,162.82,0.00,SJC
2606:4700:3005:376f:e7f4:f1ca:25:8126,4,4,0.00,162.82,0.00,SJC
2606:4700:f:bd2f:97c5:f12c:840b:6215,4,4,0.00,162.83,0.00,SJC
2606:4700:a8:0:a6d6:a27d:a02b:7335,4,4,0.00,162.83,0.00,SJC
2606:4700:d1:fa26:12e5:9153:d9ea:2fe6,4,4,0.00,162.83,0.00,SJC
2606:4700:c:0:ef6e:7143:fb56:aca2,4,4,0.00,162.83,0.00,SJC
2606:4700:3002:fec3:8ae3:3f6c:de69:f982,4,4,0.00,162.83,0.00,SJC
2606:4700:3009:a8:69bb:43d8:2532:24b8,4,4,0.00,162.83,0.00,SJC
2606:4700:3005:0:38:5484:b016:1fcc,4,4,0.00,162.83,0.00,SJC
2606:4700:a:0:af44:bb40:9b3b:733d,4,4,0.00,162.83,0.00,SJC
2606:4700:d0:1473:a465:442b:d54d:a52e,4,4,0.00,162.83,0.00,SJC
2606:4700:130:0:36:b685:df44:d1eb,4,4,0.00,162.83,0.00,SJC
2606:4700:d0:1403:f10e:8c57:2855:f0b0,4,4,0.00,162.83,0.00,SJC
2606:4700:3001:d4:67f6:c34d:f642:d7f3,4,4,0.00,162.84,0.00,SJC
2606:4700:d:f7:24c4:df03:6da:fbc7,4,4,0.00,162.84,0.00,SJC
2606:4700:3001:bb:490:c04d:3320:4a06,4,4,0.00,162.84,0.00,SJC
2606:4700:d1:873a:fba0:7052:9885:e4dd,4,4,0.00,162.84,0.00,SJC
2a06:98c1:58:0:9502:2f03:ce4d:24f2,4,4,0.00,162.84,0.00,SJC
2606:4700:3003:1329:fa4:ce1d:7a42:d534,4,4,0.00,162.84,0.00,SJC
2606:4700:c:5b:6779:f637:139d:be86,4,4,0.00,162.84,0.00,SJC
2606:4700:3002:2a:ea92:9750:3a8:d274,4,4,0.00,162.85,0.00,SJC
2606:4700:3004:cc9f:ff19:4518:54cc:f84a,4,4,0.00,162.85,0.00,SJC
2606:4700:3009:a8:69db:6c97:2a80:10d0,4,4,0.00,162.85,0.00,SJC
2606:4700:0:7129:de00:a2f9:7084:3650,4,4,0.00,162.85,0.00,SJC
2606:4700:3003::9add:c83e:1355,4,4,0.00,162.85,0.00,SJC
2606:4700:d1:d9:5cc1:5e1a:fbef:fe22,4,4,0.00,162.85,0.00,SJC
2606:4700:3003:1329:fa4:fd60:c4a1:4d61,4,4,0.00,162.85,0.00,SJC
2606:4700:a9:cf:a7e:2570:3f2e:da73,4,4,0.00,162.85,0.00,SJC
2606:4700:a9:fa7d:5bf0:85a3:67d7:2c1e,4,4,0.00,162.85,0.00,SJC
2606:4700:d0:1403:7c10:87ed:65fc:5,4,4,0.00,162.85,0.00,SJC
2606:4700:d:1996:dad9:934a:2f8f:b4f0,4,4,0.00,162.85,0.00,SJC
2606:4700:3003:0:e484:5948:353a:e3fa,4,4,0.00,162.85,0.00,SJC
2606:4700:d0:1403:fb17:f36f:2e94:39f3,4,4,0.00,162.85,0.00,SJC
2606:4700:a8:a6:7d2:67b0:7073:8ca9,4,4,0.00,162.85,0.00,SJC
2606:4700:a::f401:5304:1a2f,4,4,0.00,162.85,0.00,SJC
2606:4700:3005:88:9983:5a8f:ad65:e87e,4,4,0.00,162.85,0.00,SJC
2606:4700:0:88:54cc:deaa:9347:6800,4,4,0.00,162.85,0.00,SJC
2606:4700:3005:0:f7:dc3f:af09:e6d4,4,4,0.00,162.85,0.00,SJC
2606:4700:3009:a8:69db:6c9c:d784:ca18,4,4,0.00,162.86,0.00,SJC
2606:4700:a8:bb96:e6e2:b1e9:f4f7:125,4,4,0.00,162.86,0.00,SJC
2606:4700:d1:fa76:a43a:9d51:b0cc:2d73,4,4,0.00,162.86,0.00,SJC
2606:4700:3006:9:d132:27bc:588:8ffe,4,4,0.00,162.86,0.00,SJC
2606:4700:3001:ef60:8bf6:66e4:b1af:e5d7,4,4,0.00,162.86,0.00,SJC
2606:4700:f:0:5d40:2128:6cb7:e39b,4,4,0.00,162.86,0.00,SJC
2606:4700:3001:d4:678e:6236:4e10:3699,4,4,0.00,162.86,0.00,SJC
2606:4700:3001:ef60:ae7d:7000:bbe3:fd6e,4,4,0.00,162.86,0.00,SJC
2606:4700:c:5b:58cf:a9cf:1bf7:b701,4,4,0.00,162.86,0.00,SJC
2606:4700:d0:0:d5:ec30:d9ac:c5a2,4,4,0.00,162.86,0.00,SJC
2606:4700:a9:fafc:ad12:6c0b:51f2:3fad,4,4,0.00,162.86,0.00,SJC
2606:4700:3001::4117:685c,4,4,0.00,162.87,0.00,SJC
2606:4700:d1:0:1:917d:b74f:93a,4,4,0.00,162.87,0.00,SJC
2606:4700:3003:cd:2d98:a65a:3f29:1af0,4,4,0.00,162.87,0.00,SJC
2606:4700:0:88:5419:7060:d5ce:dd93,4,4,0.00,162.87,0.00,SJC
2a06:98c1:58:8bba:f594:15c:a01d:dfb2,4,4,0.00,162.87,0.00,SJC
2606:4700:0:88:5419:70ac:a722:dbf,4,4,0.00,162.87,0.00,SJC
2606:4700:e:4dd9:aac:1c14:baf:8df6,4,4,0.00,162.87,0.00,SJC
2606:4700:a8:a6:7e3:f760:6154:6ad,4,4,0.00,162.87,0.00,SJC
2606:4700:3001:ef60:ae3b:fbfb:22f4:2a51,4,4,0.00,162.87,0.00,SJC
2606:4700:b:e836:b773:a055:7b30:fb54,4,4,0.00,162.87,0.00,SJC
2606:4700:e:21:309f:3ec3:5a63:1e20,4,4,0.00,162.87,0.00,SJC
2606:4700:3002:28:f530:6788:8661:b383,4,4,0.00,162.88,0.00,SJC
2606:4700:3009:a8:69bd:b88f:c7fd:7bee,4,4,0.00,162.88,0.00,SJC
2606:4700:c:3c32:35aa:f726:236f:fa4d,4,4,0.00,162.88,0.00,SJC
2606:4700:f:8383:71b:1964:5e6f:891a,4,4,0.00,162.88,0.00,SJC
2606:4700:3002:0:ae:dce4:2126:ac16,4,4,0.00,162.88,0.00,SJC
2606:4700:a9:fa7d:5b1c:7a34:3080:d2ad,4,4,0.00,162.88,0.00,SJC
2606:4700:e:0:32:a8e8:97de:257e,4,4,0.00,162.88,0.00,SJC
2606:4700:a8:a6:7d3:ce5b:81a9:1930,4,4,0.00,162.88,0.00,SJC
2606:4700:d1:0:1:4c06:c96e:3735,4,4,0.00,162.89,0.00,SJC
2606:4700:3002:fec3:8ab8:7c82:3a89:7b5d,4,4,0.00,162.89,0.00,SJC
2606:4700:d0:56:7bd7:937:5df5:8c4f,4,4,0.00,162.89,0.00,SJC
2606:4700:d0::fd40:73b0,4,4,0.00,162.89,0.00,SJC
2606:4700:d:1d:1eaf:3b92:c662:bfaf,4,4,0.00,162.89,0.00,SJC
2606:4700:3001:0:5bf3:ec72:ae3c:a478,4,4,0.00,162.89,0.00,SJC
2606:4700:3004:cc58:625f:b7c7:4dcc:bd71,4,4,0.00,162.89,0.00,SJC
2606:4700:3000:0:2f:a517:5ba0:cd64,4,4,0.00,162.89,0.00,SJC
2606:4700:3008:71f2:18c9:191:adf:1bea,4,4,0.00,162.89,0.00,SJC
2606:4700:3003:cd:2de1:21ce:a5e6:1489,4,4,0.00,162.89,0.00,SJC
2606:4700:3009:0:8251:c6cc:1988:f704,4,4,0.00,162.89,0.00,SJC
2606:4700:3009:0:822f:df86:9119:3b50,4,4,0.00,162.90,0.00,SJC
2606:4700:d0:56:7be4:a1ed:65e7:fe1c,4,4,0.00,162.90,0.00,SJC
2a06:98c1:58:74:f888:bf4:a62f:c4e,4,4,0.00,162.90,0.00,SJC
2606:4700:d0:1403:f10e:afd5:8e6e:6616,4,4,0.00,162.90,0.00,SJC
2606:4700:a1::defd:e0fc:9b97,4,4,0.00,162.90,0.00,SJC
2606:4700:d0:1473:4e02:fa6:e798:a12e,4,4,0.00,162.90,0.00,SJC
2606:4700:3004:5c:961e:7d02:e440:948a,4,4,0.00,162.90,0.00,SJC
2606:4700:3009:93e7:dc06:a80c:474e:82a4,4,4,0.00,162.90,0.00,SJC
2606:4700:3003:1329:584c:b59b:ffd5:c46e,4,4,0.00,162.90,0.00,SJC
2606:4700:d1:fa26:1231:a31f:c200:c02a,4,4,0.00,162.90,0.00,SJC
2606:4700:3004:cc58:62e9:9d6d:241f:d29e,4,4,0.00,162.90,0.00,SJC
2606:4700:3006:760f:ac82:2284:7e7a:a487,4,4,0.00,162.91,0.00,SJC
2606:4700:a8:0:a554:ff4c:608e:6f24,4,4,0.00,162.91,0.00,SJC
2606:4700:3009:93e7:dc9d:5c3f:b02b:b86,4,4,0.00,162.91,0.00,SJC
2606:4700:a:e4:185c:df16:bacc:e817,4,4,0.00,162.91,0.00,SJC
2606:4700:3008:71f2:18a4:416f:c92:e6cd,4,4,0.00,162.91,0.00,SJC
2606:4700:d1::fa2b:471f:dea0,4,4,0.00,162.91,0.00,SJC
2606:4700:c:3cae:c0c7:2c42:e4ca:f8ab,4,4,0.00,162.91,0.00,SJC
2606:4700:e:21:3025:5a47:9c62:39f3,4,4,0.00,162.91,0.00,SJC
2606:4700:c:3c32:80e0:3b41:5bd9:d5e6,4,4,0.00,162.91,0.00,SJC
2606:4700:0:d9cd:4012:a3b9:1944:6e56,4,4,0.00,162.91,0.00,SJC
2606:4700:3009:93b3:21a2:a7e2:705b:e754,4,4,0.00,162.91,0.00,SJC
2606:4700:3005:ca:3abc:b7fa:2834:b6e9,4,4,0.00,162.91,0.00,SJC
2606:4700:a8::8c:3cd3,4,4,0.00,162.91,0.00,SJC
2a06:98c1:58:8bba:2412:3ad5:e25c:e2d2,4,4,0.00,162.91,0.00,SJC
2606:4700:a8:bbaf:2064:5535:72e1:16d9,4,4,0.00,162.91,0.00,SJC
2606:4700:d:0:8c:90ed:e485:54f6,4,4,0.00,162.91,0.00,SJC
2606:4700:d1:873a:734a:919:5170:e0e0,4,4,0.00,162.92,0.00,SJC
2606:4700:a9:cf:a7e:25c3:1a8b:b4ec,4,4,0.00,162.92,0.00,SJC
2606:4700:c:ce40:8c25:e3c4:3933:3c37,4,4,0.00,162.92,0.00,SJC
2606:4700:3007:d4:15ef:f53d:70d:88b2,4,4,0.00,162.92,0.00,SJC
2606:4700:d:1d:2b:3ff9:839b:c902,4,4,0.00,162.92,0.00,SJC
2606:4700:3009::1d5e:1d50:6007,4,4,0.00,162.92,0.00,SJC
2606:4700:3003:1329:f1a:2e3e:921b:20d3,4,4,0.00,162.92,0.00,SJC
2606:4700:b:da58:7463:19c9:a37d:5b54,4,4,0.00,162.93,0.00,SJC
2606:4700:3003:1329:5892:47e0:3cc0:3765,4,4,0.00,162.93,0.00,SJC
2606:4700:f:0:5d40:a3ad:acd9:dcd6,4,4,0.00,162.93,0.00,SJC
2606:4700:c::44:a9:e694,4,4,0.00,162.93,0.00,SJC
2606:4700::ae:36e1:5001:5621,4,4,0.00,162.93,0.00,SJC
2606:4700:a:c528:a558:6c4b:7470:3dbf,4,4,0.00,162.93,0.00,SJC
2606:4700:3009:a8:691d:d92b:7cfe:53,4,4,0.00,162.93,0.00,SJC
2606:4700:e:777d:3a1f:bd2:507a:69be,4,4,0.00,162.93,0.00,SJC
2606:4700:f:0:4352:598f:1680:2518,4,4,0.00,162.94,0.00,SJC
2606:4700:d1:0:6c6b:f900:2231:2213,4,4,0.00,162.94,0.00,SJC
2606:4700:3006:9:62ca:ef0a:2bea:90e8,4,4,0.00,162.94,0.00,SJC
2606:4700::48ea:dd75:8d4c:2eb9,4,4,0.00,162.94,0.00,SJC
2606:4700:0:d923:4945:923b:f98d:4b91,4,4,0.00,162.94,0.00,SJC
2606:4700:3001:d4:6702:1d53:b92a:5a59,4,4,0.00,162.94,0.00,SJC
2606:4700:130:0:d00a:d122:a878:bf53,4,4,0.00,162.94,0.00,SJC
2606:4700:e:777d:3aa9:cb82:abc8:1dc9,4,4,0.00,162.94,0.00,SJC
2606:4700:d:1d:1eaf:3bf2:e34e:d62c,4,4,0.00,162.94,0.00,SJC
2606:4700:3006:7690:9d77:61c9:c6cc:56aa,4,4,0.00,162.94,0.00,SJC
2606:4700:e:57:b744:c5f7:eb33:39ce,4,4,0.00,162.95,0.00,SJC
2606:4700:a8:a6:7e3:f7ab:738c:e881,4,4,0.00,162.95,0.00,SJC
2606:4700:c:3cae:39f6:d610:23f9:4727,4,4,0.00,162.95,0.00,SJC
2606:4700:a1:d5be:a581:9692:1a7a:6893,4,4,0.00,162.95,0.00,SJC
2606:4700:3002:fec3:8ae3:3f6c:2e76:50d9,4,4,0.00,162.96,0.00,SJC
2606:4700:130:0:59ee:600d:3c7b:f116,4,4,0.00,162.96,0.00,SJC
2606:4700:130:f7:c3c2:489e:c609:4382,4,4,0.00,162.96,0.00,SJC
2606:4700:e:0:5ce3:f553:2e3f:3841,4,4,0.00,162.96,0.00,SJC
2606:4700:a::958d:168f:2b90,4,4,0.00,162.96,0.00,SJC
2606:4700:3004:cc58:2962:6cac:8932:143e,4,4,0.00,162.96,0.00,SJC
2606:4700:3004:cc58:6209:53f4:d132:1f8a,4,4,0.00,162.96,0.00,SJC
2606:4700:b:0:ac:5a7e:dcec:e860,4,4,0.00,162.96,0.00,SJC
2606:4700:3009:93b3:e942:4fc3:5af2:5c44,4,4,0.00,162.96,0.00,SJC
2606:4700:0:5ce0:7210:3d66:332c:9d83,4,4,0.00,162.96,0.00,SJC
2606:4700::81e3:c6cc:63df:2a9,4,4,0.00,162.97,0.00,SJC
2606:4700:b:e836:b718:9248:ef89:4a7b,4,4,0.00,162.97,0.00,SJC
2606:4700:e:0:5c81:7638:22a4:35bf,4,4,0.00,162.97,0.00,SJC
2606:4700:3005:0:f9:e838:640c:8894,4,4,0.00,162.97,0.00,SJC
2606:4700:d1:d9:e0bd:2330:4351:16b,4,4,0.00,162.97,0.00,SJC
2606:4700:3001:d4:673f:c219:dbe2:33a5,4,4,0.00,162.97,0.00,SJC
2606:4700:3008::c6:90ab:a6b0,4,4,0.00,162.97,0.00,SJC
2a06:98c1:58:0:95bb:ffe2:10df:dfb8,4,4,0.00,162.97,0.00,SJC
2606:4700:3006:9:d130:8a7c:1340:ae9d,4,4,0.00,162.97,0.00,SJC
2606:4700:3006:9:d130:8aa0:a757:5cdf,4,4,0.00,162.97,0.00,SJC
2606:4700:0:88:5419:c7b3:515f:6e16,4,4,0.00,162.97,0.00,SJC
2606:4700:130:f7:3221:df9b:876:579f,4,4,0.00,162.97,0.00,SJC
2606:4700:3008:f6:1fd4:c52e:8be1:5f7e,4,4,0.00,162.97,0.00,SJC
2606:4700:3004:cc58:f3ad:c560:f2f2:7b51,4,4,0.00,162.97,0.00,SJC
2606:4700:3009:0:fdcc:b420:e797:99ac,4,4,0.00,162.98,0.00,SJC
2606:4700:3009:0:fdcc:b420:376a:9c30,4,4,0.00,162.98,0.00,SJC
2606:4700:3007:d4:158c:73ec:98bc:dae5,4,4,0.00,162.98,0.00,SJC
2606:4700:a1::de6e:c496:4f8b,4,4,0.00,162.98,0.00,SJC
2606:4700:3008:71f2:810d:9301:946e:5aa9,4,4,0.00,162.98,0.00,SJC
2606:4700:3009:b966:e91c:2080:43ba:92af,4,4,0.00,162.98,0.00,SJC
2606:4700:d1:fa26:12e5:8f55:28de:990b,4,4,0.00,162.98,0.00,SJC
2606:4700:3002:0:b68e:8f3b:22a8:5303,4,4,0.00,162.99,0.00,SJC
2606:4700:d0:1403:f179:e362:404d:e75,4,4,0.00,162.99,0.00,SJC
2606:4700::94d9:981c:b197,4,4,0.00,162.99,0.00,SJC
2606:4700:3009:93b3:e93d:6c6d:733f:6dcd,4,4,0.00,162.99,0.00,SJC
2606:4700:0:5c07:fac3:324d:de0e:fe6e,4,4,0.00,162.99,0.00,SJC
2606:4700:3000:ac:7538:3c16:944a:3a3c,4,4,0.00,162.99,0.00,SJC
2606:4700:3003:1329:fa4:5e59:9201:cc2c,4,4,0.00,162.99,0.00,SJC
2606:4700:d1:8795:5072:28b7:2f16:74,4,4,0.00,163.00,0.00,SJC
2606:4700:e:4df4:b402:43a2:fbc5:aa3b,4,4,0.00,163.00,0.00,SJC
2606:4700:e:4df4:b402:43a2:fb9b:a178,4,4,0.00,163.00,0.00,SJC
2606:4700:3005:ca:2054:af67:bf73:e203,4,4,0.00,163.00,0.00,SJC
2a06:98c1:58:8b10:f62b:cd91:521a:b6d8,4,4,0.00,163.00,0.00,SJC
2606:4700:c::d210:5ca4:9a7c,4,4,0.00,163.00,0.00,SJC
2606:4700:3000:ac:7538:3c16:f10b:5c9,4,4,0.00,163.00,0.00,SJC
2606:4700:c:3cae:39f6:d610:230f:433b,4,4,0.00,163.00,0.00,SJC
2606:4700:3000:0:2f:9d3c:7157:4c44,4,4,0.00,163.00,0.00,SJC
2606:4700:3005:376f:586:f5d1:f58e:879c,4,4,0.00,163.00,0.00,SJC
2606:4700:0:5c07:fa3e:b6:4e03:274a,4,4,0.00,163.00,0.00,SJC
2606:4700:d1:873a:734a:b9c7:3817:28a9,4,4,0.00,163.01,0.00,SJC
2606:4700:f:bdfe:55c4:4110:16b:38ed,4,4,0.00,163.01,0.00,SJC
2a06:98c1:58:8b36:e430:55e6:4925:876c,4,4,0.00,163.01,0.00,SJC
2606:4700:d1:d9:6234:695:4bcc:e6da,4,4,0.00,163.01,0.00,SJC
2606:4700:3009:93b3:3822:91d5:4578:133,4,4,0.00,163.01,0.00,SJC
2606:4700:3000:9b92:228:6bf:749:f25a,4,4,0.00,163.01,0.00,SJC
2606:4700:f:8f:855a:730f:3d13:68b9,4,4,0.00,163.01,0.00,SJC
2606:4700:3000:0:9368:90b3:4432:ca51,4,4,0.00,163.01,0.00,SJC
2606:4700:0:d923:49e4:5b4e:24a7:8ae4,4,4,0.00,163.01,0.00,SJC
2606:4700:e:4df4:b4ed:8a86:50c4:e5ae,4,4,0.00,163.01,0.00,SJC
2606:4700::ea5c:c614:9176:754d,4,4,0.00,163.02,0.00,SJC
2a06:98c1:58:8b36:e49d:3179:e27f:d1c,4,4,0.00,163.02,0.00,SJC
2606:4700:0:88:54ba:30c5:d327:b1f5,4,4,0.00,163.02,0.00,SJC
2606:4700:3003:cd:9af5:daee:e658:386e,4,4,0.00,163.02,0.00,SJC
2606:4700:a1:d50b:b5a2:966e:ab16:5ff7,4,4,0.00,163.02,0.00,SJC
2606:4700:0:d923:495c:a130:6af:4e3,4,4,0.00,163.02,0.00,SJC
2a06:98c1:58:8b10:e64:c93b:8564:74cd,4,4,0.00,163.02,0.00,SJC
2606:4700:b:e836:3474:9fdd:dd10:8b4d,4,4,0.00,163.02,0.00,SJC
2606:4700:3003:13ee:db5:5bed:9efb:4bf8,4,4,0.00,163.02,0.00,SJC
2606:4700:e:21:309f:3e2e:3f4c:42e0,4,4,0.00,163.02,0.00,SJC
2606:4700:3002:2a:ea2a:fb36:eb8e:8604,4,4,0.00,163.02,0.00,SJC
2606:4700:0:7129:de00:a24b:edc7:cc6e,4,4,0.00,163.02,0.00,SJC
2606:4700:c:ce56:4cdd:a369:c6c3:f6f1,4,4,0.00,163.02,0.00,SJC
2606:4700:0:5ce0:d3b3:46d9:f694:b4e4,4,4,0.00,163.03,0.00,SJC
2606:4700:3005:0:d8e6:64ae:c3d6:a030,4,4,0.00,163.03,0.00,SJC
2606:4700:b:da58:748e:20a:bb05:fbcf,4,4,0.00,163.03,0.00,SJC
2606:4700:3004:cc58:6209:753c:6891:8753,4,4,0.00,163.03,0.00,SJC
2606:4700:a8::bab5:23bc:6842,4,4,0.00,163.03,0.00,SJC
2606:4700:a9:fa6e:5f28:63df:433c:9b80,4,4,0.00,163.03,0.00,SJC
2606:4700:3002:2a:ea4a:5f6b:abf3:8c33,4,4,0.00,163.03,0.00,SJC
2606:4700:3009:93b3:e942:4f07:1508:8a3f,4,4,0.00,163.03,0.00,SJC
2606:4700:d:1996:da17:d21f:51b9:3955,4,4,0.00,163.03,0.00,SJC
2606:4700:3001:ef60:8b30:68d:52c8:8c0f,4,4,0.00,163.03,0.00,SJC
2606:4700:3009:a8:69bb:43d8:b67:28b6,4,4,0.00,163.04,0.00,SJC
2606:4700:3002:28:f530:6761:a74c:7722,4,4,0.00,163.04,0.00,SJC
2606:4700:e:777d:b636:a210:6ad6:f95e,4,4,0.00,163.04,0.00,SJC
2606:4700:3009:93b3:21a2:a7c8:577e:4301,4,4,0.00,163.04,0.00,SJC
2606:4700:c:cefc:63ab:a9ed:edc1:13a2,4,4,0.00,163.04,0.00,SJC
2a06:98c1:58:8b10:f6ff:ae65:840c:9e5,4,4,0.00,163.04,0.00,SJC
2606:4700:3004:b9:dcfc:2f0d:d33d:da5d,4,4,0.00,163.04,0.00,SJC
2606:4700:d:1936:d562:292:fe01:2c27,4,4,0.00,163.05,0.00,SJC
2606:4700:3006:9:d1e4:8ccb:d1f1:9420,4,4,0.00,163.05,0.00,SJC
2606:4700:3003:13ee:bf90:657f:ee69:3ef,4,4,0.00,163.05,0.00,SJC
2606:4700:3009:b966:7994:48fc:95b2:81c5,4,4,0.00,163.05,0.00,SJC
2606:4700:3009:a8:691d:248:5dbb:e592,4,4,0.00,163.05,0.00,SJC
2606:4700:a8:bbaf:e526:8a53:5668:9a03,4,4,0.00,163.05,0.00,SJC
2606:4700:3006:9:62ca:ef0a:6c6:dde3,4,4,0.00,163.05,0.00,SJC
2606:4700:d:1936:d562:f1c3:59df:2589,4,4,0.00,163.05,0.00,SJC
2606:4700:d1:8795:5093:d6ef:fb38:639c,4,4,0.00,163.06,0.00,SJC
2606:4700:130:f7:c3c2:e267:3155:deb,4,4,0.00,163.06,0.00,SJC
2a06:98c1:58:74:f888:b97:42e3:fa61,4,4,0.00,163.06,0.00,SJC
2606:4700:0:5c18:cc05:8413:9d00:8166,4,4,0.00,163.06,0.00,SJC
2606:4700:a9:cf:a7e:25c3:1ae0:fbfe,4,4,0.00,163.06,0.00,SJC
2606:4700:a9:fafc:ad12:3c27:b8ba:bdb9,4,4,0.00,163.06,0.00,SJC
2606:4700:3003:1329:f1a:2efc:5a7a:96ef,4,4,0.00,163.06,0.00,SJC
2606:4700:c:ce56:4cdd:eb8d:d5ae:81ae,4,4,0.00,163.06,0.00,SJC
2606:4700:3001:efe8:9dd3:3c48:98f:1d84,4,4,0.00,163.06,0.00,SJC
2606:4700:d0:14e8:6e5b:e70d:f8fa:404f,4,4,0.00,163.06,0.00,SJC
2606:4700:a1:d557:6474:2a40:e25b:58e,4,4,0.00,163.06,0.00,SJC
2606:4700:f:0:f601:ceec:25a6:d1f5,4,4,0.00,163.06,0.00,SJC
2606:4700:a1:d557:df4f:33a2:b39a:e576,4,4,0.00,163.06,0.00,SJC
2606:4700:3003:bad2:6f78:57df:7c98:c362,4,4,0.00,163.06,0.00,SJC
2606:4700:a9:997c:41f:ad2e:55ac:e311,4,4,0.00,163.07,0.00,SJC
2606:4700:a1:74:5289:1077:5372:aae2,4,4,0.00,163.07,0.00,SJC
2606:4700:c:3c32:80d1:28c0:bb60:aed0,4,4,0.00,163.07,0.00,SJC
2a06:98c1:58:8b10:f6ff:1b81:8928:5321,4,4,0.00,163.07,0.00,SJC
2606:4700:e:4dd9:aac:1c14:ce7f:f613,4,4,0.00,163.07,0.00,SJC
2a06:98c1:58::f6:2b79:201c,4,4,0.00,163.07,0.00,SJC
2606:4700:d1:fa26:5e38:6808:bbbc:3091,4,4,0.00,163.07,0.00,SJC
2606:4700:0:5c07:fa3e:ea2d:2c8d:eac1,4,4,0.00,163.08,0.00,SJC
2606:4700:a:0:8a:f104:66ae:b52b,4,4,0.00,163.08,0.00,SJC
2606:4700:d0:1473:4e02:ff2:d796:562f,4,4,0.00,163.08,0.00,SJC
2606:4700:3001:0:5bf3:630a:ae38:9fe5,4,4,0.00,163.08,0.00,SJC
2606:4700:d1:d9:6234:58e5:6e19:3b2,4,4,0.00,163.08,0.00,SJC
2606:4700:a8:a6:7e3:f7ab:73d8:395b,4,4,0.00,163.08,0.00,SJC
2606:4700:a1:d50b:6952:2d06:ad6:14d4,4,4,0.00,163.08,0.00,SJC
2606:4700:d:19c9:cc93:7293:3c33:17e8,4,4,0.00,163.08,0.00,SJC
2606:4700:c:ce56:4c17:516c:8bd4:edab,4,4,0.00,163.09,0.00,SJC
2606:4700:0:5ce0:b3d1:1ddb:b588:e57d,4,4,0.00,163.09,0.00,SJC
2606:4700:d0:14e8:6e5b:e70d:10be:ea7f,4,4,0.00,163.09,0.00,SJC
2606:4700:d:0:8c:904d:4f31:4f1e,4,4,0.00,163.09,0.00,SJC
2606:4700:a9:997c:41f:ad14:8215:8f86,4,4,0.00,163.09,0.00,SJC
2606:4700:a1:d557:6474:2a40:6e41:50ce,4,4,0.00,163.09,0.00,SJC
2606:4700:130:f7:3221:cd7d:8c23:c242,4,4,0.00,163.10,0.00,SJC
2606:4700:3000:9b92:228:6bf:2326:cc51,4,4,0.00,163.10,0.00,SJC
2606:4700:a:a05a:1cfc:6c3a:cbc2:efd,4,4,0.00,163.10,0.00,SJC
2606:4700:f:0:39cf:be98:5eae:d39a,4,4,0.00,163.10,0.00,SJC
2606:4700:0:5ce0:d3b3:f0e7:ded2:33ba,4,4,0.00,163.10,0.00,SJC
2606:4700:3001:bb:7064:de8e:e7c8:f77a,4,4,0.00,163.10,0.00,SJC
2606:4700:3003:cd:2dbc:49fb:fec2:2de7,4,4,0.00,163.11,0.00,SJC
2606:4700:3009:0:f5:3c23:c14f:339b,4,4,0.00,163.11,0.00,SJC
2606:4700:3009:93e7:dc9d:5c3f:b0f9:e2b0,4,4,0.00,163.12,0.00,SJC
2606:4700:a:0:8a:d58c:6a15:753a,4,4,0.00,163.12,0.00,SJC
2606:4700:a:c528:a5ff:9baa:8916:6ab8,4,4,0.00,163.12,0.00,SJC
2606:4700:d0:56:6280:e18b:954d:4a59,4,4,0.00,163.12,0.00,SJC
2606:4700:130:f7:c3c2:489e:25c:a28d,4,4,0.00,163.12,0.00,SJC
2606:4700:e:4d05:a946:460c:78f7:7e84,4,4,0.00,163.12,0.00,SJC
2606:4700:3000:9b92:2fb:f710:a06e:a580,4,4,0.00,163.12,0.00,SJC
2606:4700:e:4dd9:aac:8a00:7a84:95f9,4,4,0.00,163.12,0.00,SJC
2606:4700:f:8383:7a5:4d9d:99b0:b318,4,4,0.00,163.13,0.00,SJC
2606:4700:c:3c32:35aa:35ba:10f1:8ffe,4,4,0.00,163.13,0.00,SJC
2606:4700:e:0:5ce3:f58e:97e6:5061,4,4,0.00,163.13,0.00,SJC
2606:4700:3004:cc58:625f:b7ba:b7c6:2895,4,4,0.00,163.13,0.00,SJC
2606:4700:3004:cc58:f3ad:459e:783:82f5,4,4,0.00,163.13,0.00,SJC
2606:4700::ea5c:c6b4:14d9:6ae0,4,4,0.00,163.13,0.00,SJC
2606:4700:3002:fe22:9d53:3329:bc38:6f3d,4,4,0.00,163.13,0.00,SJC
2606:4700:e:4d05:a946:460c:ea20:188e,4,4,0.00,163.13,0.00,SJC
2606:4700:b:0:ac:5a7e:66da:3514,4,4,0.00,163.13,0.00,SJC
2606:4700:d:f7:24c4:df03:de38:f9e,4,4,0.00,163.13,0.00,SJC
2606:4700:a8:a6:7d3:406f:8988:891c,4,4,0.00,163.13,0.00,SJC
2a06:98c1:58:0:ea:9edc:ef5a:2b74,4,4,0.00,163.14,0.00,SJC
2606:4700:a::958d:7ab0:e8c8,4,4,0.00,163.14,0.00,SJC
2606:4700:a1:74:ae78:3017:906b:8b55,4,4,0.00,163.14,0.00,SJC
2606:4700:3004:0:9b0c:1b03:8f83:1ec7,4,4,0.00,163.14,0.00,SJC
2606:4700:c:3cae:c0c7:2c42:2057:3a73,4,4,0.00,163.14,0.00,SJC
2606:4700:3003::9add:6111:ad10,4,4,0.00,163.14,0.00,SJC
2606:4700:b:0:c515:6a58:b10e:af2a,4,4,0.00,163.14,0.00,SJC
2606:4700:c:ce56:4138:cea4:56e8:f185,4,4,0.00,163.14,0.00,SJC
2606:4700:3009:5a:295d:f955:88c3:e5c6,4,4,0.00,163.14,0.00,SJC
2606:4700:d1:d9:5851:d7f7:33b0:6c1b,4,4,0.00,163.15,0.00,SJC
2606:4700:b:a9:9008:59f0:fdac:730,4,4,0.00,163.15,0.00,SJC
2606:4700:e:77b9:9832:e704:4143:1302,4,4,0.00,163.15,0.00,SJC
2606:4700:3003:cd:2dbc:49fb:f06b:ba19,4,4,0.00,163.15,0.00,SJC
2606:4700:3008:f6:1f0c:d077:bbad:8570,4,4,0.00,163.15,0.00,SJC
2606:4700:3001:0:5b49:d96b:15b4:3a9b,4,4,0.00,163.15,0.00,SJC
2606:4700:a:e4:185c:dfc0:73af:9010,4,4,0.00,163.15,0.00,SJC
2606:4700:d:1996:da17:abf3:6ee7:33cf,4,4,0.00,163.15,0.00,SJC
2606:4700:d0:14e8:6e5b:e70d:f815:c81a,4,4,0.00,163.15,0.00,SJC
2606:4700:c:3cae:39f6:d6f4:5e07:f10a,4,4,0.00,163.15,0.00,SJC
2606:4700:c:3c32:80d1:3eec:3e70:3239,4,4,0.00,163.15,0.00,SJC
2606:4700:f:0:f601:6108:bdc1:f14c,4,4,0.00,163.15,0.00,SJC
2606:4700:c:3cae:c0c7:7406:c5d5:8f77,4,4,0.00,163.15,0.00,SJC
2606:4700:d:1d:1eaf:3b92:15c6:1240,4,4,0.00,163.15,0.00,SJC
2606:4700:3007:d4:158c:63b0:8004:d92d,4,4,0.00,163.15,0.00,SJC
2606:4700:3000:ac:707d:688f:e3a2:9d35,4,4,0.00,163.16,0.00,SJC
2606:4700:a8:bbaf:2064:558d:22b9:38c0,4,4,0.00,163.16,0.00,SJC
2606:4700::ae:368f:c6ca:fd6a,4,4,0.00,163.16,0.00,SJC
2606:4700:d1:d9:5851:43fb:f89e:8f69,4,4,0.00,163.16,0.00,SJC
2606:4700:3001:d4:2b4f:63db:300e:2304,4,4,0.00,163.16,0.00,SJC
2606:4700:c:3cae:c0c7:2c42:e469:48d1,4,4,0.00,163.16,0.00,SJC
2606:4700:a9:fa7d:fd70:d08c:2c20:72c6,4,4,0.00,163.16,0.00,SJC
2606:4700:a8:a6:722:54b6:39a:ebd2,4,4,0.00,163.16,0.00,SJC
2a06:98c1:58:8b10:f6ff:de58:4c19:d14c,4,4,0.00,163.16,0.00,SJC
2606:4700:0:d923:49e4:5b4e:2431:e8bf,4,4,0.00,163.16,0.00,SJC
2606:4700:3009:0:f5:3c23:c121:7714,4,4,0.00,163.16,0.00,SJC
2606:4700:a8:a6:722:5414:5cc3:59ad,4,4,0.00,163.17,0.00,SJC
2606:4700:c:5b:6b6c:9456:e35:c72f,4,4,0.00,163.17,0.00,SJC
2606:4700:e:77b9:9832:e704:4145:9527,4,4,0.00,163.17,0.00,SJC
2606:4700:a9:fa7d:5bf0:20aa:a45b:4975,4,4,0.00,163.17,0.00,SJC
2a06:98c1:58:8b36:e49d:9601:6b2d:2be2,4,4,0.00,163.17,0.00,SJC
2606:4700:d1:fa26:12e5:9194:ba7d:ce32,4,4,0.00,163.17,0.00,SJC
2606:4700:d:0:8c:90ed:9a4a:195c,4,4,0.00,163.17,0.00,SJC
2606:4700:d1:873a:734a:b946:7459:3858,4,4,0.00,163.18,0.00,SJC
2606:4700:b:a9:90d6:43c8:4158:e154,4,4,0.00,163.18,0.00,SJC
2606:4700:3003:1329:584c:b59b:3b3e:b7b5,4,4,0.00,163.18,0.00,SJC
2606:4700:a9:cf:a49:d166:ae55:d19a,4,4,0.00,163.18,0.00,SJC
2606:4700:3004:0:c1:6843:1664:e395,4,4,0.00,163.18,0.00,SJC
2606:4700:a1:d557:6474:2a86:6ae8:ca40,4,4,0.00,163.18,0.00,SJC
2a06:98c1:58:8bba:24ce:2d90:9ad4:9cc2,4,4,0.00,163.18,0.00,SJC
2606:4700:a1:d50b:3f59:6eda:7a71:1f54,4,4,0.00,163.18,0.00,SJC
2606:4700:3007:d4:158c:79b6:43a4:3461,4,4,0.00,163.18,0.00,SJC
2606:4700::4840:120b:68d8:6a37,4,4,0.00,163.18,0.00,SJC
2606:4700:a:c528:a5ff:9baa:b665:68a8,4,4,0.00,163.18,0.00,SJC
2606:4700:3005:376f:1cd2:8152:7e4f:f7d7,4,4,0.00,163.18,0.00,SJC
2606:4700:c::d210:5cee:cd89,4,4,0.00,163.18,0.00,SJC
2606:4700:e:0:5c81:e2d6:f1a1:8882,4,4,0.00,163.18,0.00,SJC
2606:4700:3009:93e7:dc06:a8f7:8d0c:bcd6,4,4,0.00,163.19,0.00,SJC
2606:4700:3009:93e7:dc06:a8f7:8d3d:fbe1,4,4,0.00,163.19,0.00,SJC
2606:4700:3000:ac:707d:68f2:d5cb:3107,4,4,0.00,163.19,0.00,SJC
2606:4700:a1:d50b:465d:1b65:1cc1:41c0,4,4,0.00,163.19,0.00,SJC
2606:4700:a:e4:1865:d74a:91c3:af1,4,4,0.00,163.19,0.00,SJC
2606:4700:3009:a8:69bb:43d8:52c9:cadb,4,4,0.00,163.19,0.00,SJC
2606:4700::48f0:5584:1ed3:e579,4,4,0.00,163.19,0.00,SJC
2606:4700:a8:a6:d750:995a:d04e:8327,4,4,0.00,163.19,0.00,SJC
2606:4700:a8:0:a6d6:a297:73d1:f521,4,4,0.00,163.19,0.00,SJC
2606:4700:0:5c18:ccc0:508:52b5:7fb2,4,4,0.00,163.19,0.00,SJC
2606:4700:d0:9941:35ae:19d8:d24b:b32e,4,4,0.00,163.20,0.00,SJC
2606:4700:3005:0:f7:37f8:ded:e85e,4,4,0.00,163.20,0.00,SJC
2606:4700:a8:0:a6d6:a297:eb80:4e66,4,4,0.00,163.20,0.00,SJC
2606:4700:130:f7:c302:3a11:915d:e446,4,4,0.00,163.20,0.00,SJC
2606:4700:d0::6b6b:b593:9d6d,4,4,0.00,163.20,0.00,SJC
2606:4700:3009:93b3:e942:4f07:15d2:803e,4,4,0.00,163.20,0.00,SJC
2606:4700:3001:d4:2b4f:635d:5586:8093,4,4,0.00,163.21,0.00,SJC
2606:4700:3005:376f:586:f5d1:46b1:2fb3,4,4,0.00,163.21,0.00,SJC
2606:4700:3009:a8:691d:248:ff2b:932f,4,4,0.00,163.21,0.00,SJC
2606:4700:3004:5c:fa4b:1bae:37ec:9c19,4,4,0.00,163.21,0.00,SJC
2606:4700:3001:bb:490:c04d:3392:f545,4,4,0.00,163.21,0.00,SJC
2606:4700:e:77be:8649:d24d:7ccb:db1b,4,4,0.00,163.21,0.00,SJC
2606:4700:3003:cd:9a7c:6d90:d1b8:72a4,4,4,0.00,163.21,0.00,SJC
2606:4700:a8:a6:d7f1:6417:dcf0:9a98,4,4,0.00,163.21,0.00,SJC
2606:4700:3009:0:fd46:d18b:fa5a:b7f4,4,4,0.00,163.21,0.00,SJC
2606:4700:0:5ce0:7210:dab0:ec2c:a7be,4,4,0.00,163.21,0.00,SJC
2606:4700:b:da58:7463:19e7:b291:9929,4,4,0.00,163.22,0.00,SJC
2606:4700:d:1996:dad9:93f6:8b34:65ea,4,4,0.00,163.22,0.00,SJC
2606:4700:b:e836:b718:b0d4:920f:bf9,4,4,0.00,163.22,0.00,SJC
2606:4700:3003:13ee:888f:3281:363:ded6,4,4,0.00,163.22,0.00,SJC
2606:4700:3004:cc58:d522:c14:6b0f:d4ab,4,4,0.00,163.22,0.00,SJC
2a06:98c1:58:8bba:2412:7266:f4c2:eece,4,4,0.00,163.22,0.00,SJC
2606:4700:d0:56:6280:e1cb:4c59:c5fb,4,4,0.00,163.22,0.00,SJC
2606:4700:3009:93b3:21a2:a74b:bae8:baaa,4,4,0.00,163.22,0.00,SJC
2606:4700:d1:0:15:6a53:26dc:8049,4,4,0.00,163.22,0.00,SJC
2606:4700:a:8:f2c1:5a6e:c204:1acf,4,4,0.00,163.22,0.00,SJC
2606:4700:e:57:5863:4a13:a405:215a,4,4,0.00,163.23,0.00,SJC
2606:4700:3000:0:2f:9d22:9164:7e8c,4,4,0.00,163.23,0.00,SJC
2606:4700:a1:0:98a9:2dd3:db95:2c19,4,4,0.00,163.23,0.00,SJC
2606:4700:3000:ac:75bc:c208:391c:50cb,4,4,0.00,163.23,0.00,SJC
2606:4700:d0:1403:f179:8837:4152:bbf6,4,4,0.00,163.23,0.00,SJC
2a06:98c1:58::32d4:a5ca,4,4,0.00,163.23,0.00,SJC
2606:4700:b::93a2:46e:bbc3,4,4,0.00,163.23,0.00,SJC
2606:4700:d0:14e8:6e5b:b7d:1c07:5876,4,4,0.00,163.23,0.00,SJC
2606:4700:3003:cd:9af5:10ea:2f90:7da7,4,4,0.00,163.23,0.00,SJC
2606:4700:3009:93e7:dc06:8c2d:1422:35b8,4,4,0.00,163.24,0.00,SJC
2606:4700:130:f7:c302:4677:ea47:e8d5,4,4,0.00,163.24,0.00,SJC
2606:4700:0:88:5419:70ac:a553:4df7,4,4,0.00,163.24,0.00,SJC
2606:4700:3002::b888:a4b6:e91d,4,4,0.00,163.24,0.00,SJC
2606:4700:130:0:d0cd:2a6e:103:6af,4,4,0.00,163.24,0.00,SJC
2606:4700:d0:56:e2d8:99b:bc4d:e444,4,4,0.00,163.24,0.00,SJC
2606:4700:d1:fa76:3bf1:2809:96df:487f,4,4,0.00,163.24,0.00,SJC
2606:4700:a8:0:64:62a9:b11:df30,4,4,0.00,163.24,0.00,SJC
2606:4700:3003:cd:9ae7:bbe5:405f:90ef,4,4,0.00,163.24,0.00,SJC
2606:4700:3006:760f:ac82:f5c3:a032:2376,4,4,0.00,163.24,0.00,SJC
2606:4700:d:1936:d562:f1c3:fd20:f4d0,4,4,0.00,163.25,0.00,SJC
2a06:98c1:58:cb:3ece:4472:c242:50e1,4,4,0.00,163.25,0.00,SJC
2606:4700:b:da58:748e:fbf1:835c:3d2d,4,4,0.00,163.25,0.00,SJC
2606:4700::eab7:3bc:8d9a:d,4,4,0.00,163.25,0.00,SJC
2606:4700::eab7:36e:9b83:5950,4,4,0.00,163.25,0.00,SJC
2606:4700:3004:cc58:3357:a668:4471:e108,4,4,0.00,163.25,0.00,SJC
2606:4700:a8:a6:7a7:d966:655d:4a2e,4,4,0.00,163.26,0.00,SJC
2606:4700:a1::defd:22f8:9f7a,4,4,0.00,163.26,0.00,SJC
2606:4700:d0:56:7bd7:33bd:55f9:3136,4,4,0.00,163.26,0.00,SJC
2606:4700:3004:cc58:6209:53e8:efbb:4f27,4,4,0.00,163.26,0.00,SJC
2606:4700:3004:5c:961e:7d02:e405:8b77,4,4,0.00,163.26,0.00,SJC
2606:4700:3000:0:9349:88ae:66c7:9191,4,4,0.00,163.26,0.00,SJC
2606:4700:3000:0:9368:9026:2a8:6886,4,4,0.00,163.26,0.00,SJC
2606:4700:0:88:54ba:edda:71eb:bc0a,4,4,0.00,163.26,0.00,SJC
2606:4700:3004:aca6:a302:5bd0:8066:e2cc,4,4,0.00,163.26,0.00,SJC
2606:4700:3004:cc9f:ff19:4550:1d92:4ade,4,4,0.00,163.26,0.00,SJC
2606:4700:a::9f53:9e5b,4,4,0.00,163.26,0.00,SJC
2606:4700:3006:760f:ac36:75d0:7407:d3cc,4,4,0.00,163.26,0.00,SJC
2606:4700:3004:cc58:33b1:5edb:20d3:ed9b,4,4,0.00,163.27,0.00,SJC
2606:4700:e:0:32:59d0:8462:2024,4,4,0.00,163.27,0.00,SJC
2606:4700:3000:9b92:2fb:f795:ef2d:66a,4,4,0.00,163.27,0.00,SJC
2606:4700:d0:1473:4e02:e0ea:74a9:49b3,4,4,0.00,163.27,0.00,SJC
2606:4700:3007:0:c2:2dbe:537:5010,4,4,0.00,163.27,0.00,SJC
2606:4700:a:c528:a558:6c1b:4a8f:2f03,4,4,0.00,163.27,0.00,SJC
2606:4700:3002:28:f530:dab8:cf61:e3d5,4,4,0.00,163.27,0.00,SJC
2a06:98c1:58:8b10:e64:e5c4:33b8:7747,4,4,0.00,163.27,0.00,SJC
2606:4700:a9:fa6e:56d8:687e:2997:6832,4,4,0.00,163.27,0.00,SJC
2606:4700:0:d923:49e4:e76d:f80e:a4c8,4,4,0.00,163.28,0.00,SJC
2606:4700:a1:0:ba:7314:7ae6:3836,4,4,0.00,163.28,0.00,SJC
2606:4700:a:8:f27f:7776:eef2:bec1,4,4,0.00,163.28,0.00,SJC
2606:4700:3000:9b92:228:869e:87b6:78c0,4,4,0.00,163.28,0.00,SJC
2606:4700:3001:d4:679f:8fa3:9fec:956,4,4,0.00,163.28,0.00,SJC
2606:4700:a:0:ae:2f02:735:fa43,4,4,0.00,163.28,0.00,SJC
2606:4700:3001:d4:678e:6290:cc33:ebc6,4,4,0.00,163.28,0.00,SJC
2606:4700:f:8f:855a:7392:1996:b5d9,4,4,0.00,163.28,0.00,SJC
2606:4700:a8:5e:e9ac:d8f9:e1d1:307f,4,4,0.00,163.28,0.00,SJC
2606:4700:3000:0:4e:4387:ae11:fe80,4,4,0.00,163.28,0.00,SJC
2606:4700:d0:1403:7c10:872e:f7a8:aad,4,4,0.00,163.28,0.00,SJC
2606:4700:3000:ac:7538:3ca0:a80:876e,4,4,0.00,163.28,0.00,SJC
2606:4700:e::89:4838:6df2,4,4,0.00,163.29,0.00,SJC
2606:4700:3009:3d:f39b:dfd1:3fc7:7154,4,4,0.00,163.29,0.00,SJC
2606:4700:3006:9:d132:ef74:5f5b:8e75,4,4,0.00,163.29,0.00,SJC
2606:4700:0:88:54ba:ed9f:2ae1:f749,4,4,0.00,163.29,0.00,SJC
2606:4700:3006:0:eaf3:2312:6360:98a8,4,4,0.00,163.29,0.00,SJC
2606:4700:3006:7690:9d77:6115:57f1:fc10,4,4,0.00,163.29,0.00,SJC
2606:4700:d1:fa26:12e5:89bb:5d9b:7243,4,4,0.00,163.29,0.00,SJC
2606:4700:a:e4:185c:df65:72b6:10a5,4,4,0.00,163.29,0.00,SJC
2606:4700:a8:5e:1ec4:e977:c406:38bb,4,4,0.00,163.30,0.00,SJC
2606:4700:a:4267:89cd:533a:c530:69c,4,4,0.00,163.30,0.00,SJC
2606:4700:3006:9:d130:2c4a:1026:9f11,4,4,0.00,163.30,0.00,SJC
2606:4700:3003:cd:9afd:340d:77af:c480,4,4,0.00,163.30,0.00,SJC
2606:4700:3003:cd:9a7c:b277:a178:fc3a,4,4,0.00,163.30,0.00,SJC
2606:4700:3001:d4:678e:baf9:2ef9:508e,4,4,0.00,163.30,0.00,SJC
2a06:98c1:58:8bba:2412:72fc:6a2c:c695,4,4,0.00,163.30,0.00,SJC
2606:4700:3003:cd:9ae7:bbe5:2693:9e85,4,4,0.00,163.31,0.00,SJC
2606:4700:3001:d4:6702:1d53:aaba:5a4a,4,4,0.00,163.31,0.00,SJC
2606:4700:a1:74:cf60:bb4:e7d:7156,4,4,0.00,163.31,0.00,SJC
2606:4700:c:3c32:35aa:3ca4:313b:a4a9,4,4,0.00,163.31,0.00,SJC
2606:4700:3002:2a:ea92:97ab:132:a70b,4,4,0.00,163.31,0.00,SJC
2606:4700:3001:0:5bf3:d678:1d21:2a00,4,4,0.00,163.31,0.00,SJC
2606:4700:3001:ef60:8be8:92ae:608c:8c43,4,4,0.00,163.31,0.00,SJC
2606:4700:a:8:632:1d7:5d51:44b4,4,4,0.00,163.31,0.00,SJC
2606:4700:0:d923:c32a:2e02:592c:4b3f,4,4,0.00,163.31,0.00,SJC
2606:4700:3009:5a:295d:980d:7302:47e,4,4,0.00,163.31,0.00,SJC
2606:4700:c:3cae:da32:f514:114e:7df,4,4,0.00,163.31,0.00,SJC
2606:4700:a8:a6:7d2:67b0:70e6:4cac,4,4,0.00,163.31,0.00,SJC
2606:4700:3008:0:b5da:971f:8dcc:f57,4,4,0.00,163.32,0.00,SJC
2606:4700:3006:5f:ae04:7686:ff19:a852,4,4,0.00,163.32,0.00,SJC
2606:4700:0:5c07:fa3e:ea2d:5b74:4d5,4,4,0.00,163.32,0.00,SJC
2606:4700:a1:2f:93bc:560c:447f:be0a,4,4,0.00,163.32,0.00,SJC
2606:4700:3009:a8:69db:6c91:4a3e:5baf,4,4,0.00,163.32,0.00,SJC
2606:4700:d1:fa76:a44d:8848:ce99:c11d,4,4,0.00,163.32,0.00,SJC
2606:4700:a9::b30a:3e2b:2489,4,4,0.00,163.32,0.00,SJC
2606:4700:f:8383:b1c7:91da:8ac1:d967,4,4,0.00,163.32,0.00,SJC
2606:4700:3002:0:ae:dce4:6f04:81b,4,4,0.00,163.32,0.00,SJC
2606:4700:a8:bbaf:2067:1e2e:8bd7:97d7,4,4,0.00,163.33,0.00,SJC
2606:4700:3004:ac9d:a78f:c7b9:dab:c1b3,4,4,0.00,163.33,0.00,SJC
2606:4700:a1:d50b:b5a2:194a:cb0:5218,4,4,0.00,163.33,0.00,SJC
2606:4700:3009::b5:8da7:9259,4,4,0.00,163.33,0.00,SJC
2606:4700:d1:fa76:3bf1:2871:247e:d8c6,4,4,0.00,163.33,0.00,SJC
2606:4700:d1:d9:62c7:66d8:8cb6:ce9c,4,4,0.00,163.33,0.00,SJC
2606:4700:a:a05a:1cfc:b620:6a83:b4bc,4,4,0.00,163.33,0.00,SJC
2606:4700:3003::9a2c:688d:aab,4,4,0.00,163.33,0.00,SJC
2606:4700:a8:bbaf:2067:4910:1625:b216,4,4,0.00,163.34,0.00,SJC
2606:4700:3005:376f:e7f4:f145:6263:1f38,4,4,0.00,163.34,0.00,SJC
2606:4700:3005:ca:3a69:15b6:7bea:1caf,4,4,0.00,163.34,0.00,SJC
2606:4700:3002:2a:ea4a:276:bcb0:bbb,4,4,0.00,163.34,0.00,SJC
2606:4700:a8::ba9a:6a6e:e8da,4,4,0.00,163.34,0.00,SJC
2606:4700:3003:13ee:888f:324c:3cfd:f57d,4,4,0.00,163.34,0.00,SJC
2606:4700:a9:fa7d:5bf0:20d6:a490:4f2b,4,4,0.00,163.34,0.00,SJC
2606:4700:0:5c07:fa3e:6b27:f51b:a932,4,4,0.00,163.35,0.00,SJC
2606:4700:a1:d50b:3fc6:5cf7:50dc:7476,4,4,0.00,163.35,0.00,SJC
2606:4700:a:c528:a558:6903:7621:aa98,4,4,0.00,163.35,0.00,SJC
2a06:98c1:58:0:95bb:ffe2:10fa:41ce,4,4,0.00,163.35,0.00,SJC
2606:4700:3006::3f:cfae:a9bf,4,4,0.00,163.35,0.00,SJC
2606:4700:a9:cf:a07:11d6:c511:d3a4,4,4,0.00,163.35,0.00,SJC
2606:4700:f::5428:8db1,4,4,0.00,163.35,0.00,SJC
2606:4700:3000:ac:75bc:c208:daec:8b67,4,4,0.00,163.36,0.00,SJC
2606:4700:3005:88:9983:fc6b:917f:7409,4,4,0.00,163.36,0.00,SJC
2606:4700:d0:1403:f10e:28a4:409d:34a7,4,4,0.00,163.36,0.00,SJC
2606:4700:3005:376f:e7f4:b050:9dca:e2b9,4,4,0.00,163.36,0.00,SJC
2606:4700:d0:56:7be4:53e3:32ce:9554,4,4,0.00,163.36,0.00,SJC
2606:4700:3008:71f2:18a4:567e:293e:d901,4,4,0.00,163.36,0.00,SJC
2606:4700:3004:ac9d:a78f:7fe2:3a19:f10d,4,4,0.00,163.36,0.00,SJC
2606:4700:a8:0:a64f:613a:63f8:b491,4,4,0.00,163.36,0.00,SJC
2606:4700:a1:74:ae78:3017:34b8:eb47,4,4,0.00,163.36,0.00,SJC
2606:4700:c:3c32:35aa:3ca4:2164:4655,4,4,0.00,163.36,0.00,SJC
2606:4700::ea25:b91a:702a:80b1,4,4,0.00,163.36,0.00,SJC
2606:4700:3001:bb:70f1:947b:42b2:ad33,4,4,0.00,163.37,0.00,SJC
2606:4700:3008:71f2:18c9:c273:1200:583b,4,4,0.00,163.37,0.00,SJC
2606:4700:3006:5f:ae04:7632:9e4a:15be,4,4,0.00,163.37,0.00,SJC
2606:4700:f:bd2f:9710:1695:413:89c6,4,4,0.00,163.37,0.00,SJC
2606:4700:e:0:cef7:7d29:e467:ec53,4,4,0.00,163.37,0.00,SJC
2606:4700:a1:d50b:3f59:6edf:485f:b078,4,4,0.00,163.37,0.00,SJC
2606:4700:3000:0:93ef:89df:657d:a602,4,4,0.00,163.37,0.00,SJC
2606:4700:a8:a6:7d2:174d:d270:bc95,4,4,0.00,163.37,0.00,SJC
2606:4700:a8:a6:d744:8a5:8109:6bb5,4,4,0.00,163.37,0.00,SJC
2606:4700:c:3c32:80d1:28c0:bbd2:384,4,4,0.00,163.37,0.00,SJC
2606:4700:a8:0:64:62a9:1a7a:69d2,4,4,0.00,163.37,0.00,SJC
2a06:98c1:58:8bba:24ce:2551:4f41:ed4f,4,4,0.00,163.37,0.00,SJC
2606:4700:3009:3d:f39b:912c:2cfc:aad,4,4,0.00,163.38,0.00,SJC
2606:4700:3004::111d:9c84:2593,4,4,0.00,163.38,0.00,SJC
2606:4700:3004:cc58:f3ad:1f53:97d7:f553,4,4,0.00,163.38,0.00,SJC
2606:4700:3005:0:f7:dc3f:2a24:55d9,4,4,0.00,163.38,0.00,SJC
2606:4700:3009:a8:69db:6c9c:2863:f45b,4,4,0.00,163.38,0.00,SJC
2606:4700:f:8383:7a5:4d05:6c91:1f6a,4,4,0.00,163.38,0.00,SJC
2606:4700:c:0:ef6e:7143:3f04:c5d4,4,4,0.00,163.38,0.00,SJC
2606:4700:3006:5f:ae4f:12d6:b50:2c1,4,4,0.00,163.39,0.00,SJC
2606:4700:3003:1329:f1a:2e1e:523:776c,4,4,0.00,163.39,0.00,SJC
2606:4700:3004:5c:9683:eaa:436d:6e77,4,4,0.00,163.39,0.00,SJC
2606:4700:d0:1403:fb17:f36f:88c0:98ef,4,4,0.00,163.39,0.00,SJC
2606:4700:e:21:309f:3e2e:206:65ac,4,4,0.00,163.39,0.00,SJC
2606:4700:3003:cd:2d24:3b08:b46c:a9f2,4,4,0.00,163.39,0.00,SJC
2606:4700:a8:bb96:1fef:c972:106c:c2dc,4,4,0.00,163.40,0.00,SJC
2606:4700:3006:7690:9d64:1058:1e2c:eb0e,4,4,0.00,163.40,0.00,SJC
2606:4700:c:3c32:80d1:7a99:f9f:3bac,4,4,0.00,163.40,0.00,SJC
2606:4700:3001:d4:2b4f:635d:ae33:fbfc,4,4,0.00,163.40,0.00,SJC
2606:4700:e:21:d488:39a4:9462:5d2,4,4,0.00,163.40,0.00,SJC
2606:4700:a::f401:e2be:16dc,4,4,0.00,163.40,0.00,SJC
2606:4700:a::f4bb:445d:9573,4,4,0.00,163.40,0.00,SJC
2606:4700:a9:cf:a07:1108:8f34:d569,4,4,0.00,163.40,0.00,SJC
2606:4700:e:b3:5fb9:2917:f88b:c826,4,4,0.00,163.40,0.00,SJC
2606:4700:c:3c32:35aa:3ca4:e832:b695,4,4,0.00,163.40,0.00,SJC
2606:4700:3008:f6:1fd5:904f:eb30:6d7d,4,4,0.00,163.40,0.00,SJC
2606:4700:b:e836:3474:9fdd:cea:8b60,4,4,0.00,163.40,0.00,SJC
2606:4700:a9:cf:ab0:6819:4e52:5388,4,4,0.00,163.41,0.00,SJC
2606:4700:c:3cae:c0c7:f993:d03d:aa2b,4,4,0.00,163.41,0.00,SJC
2606:4700:3008:0:a5:8bd3:cb0d:c31,4,4,0.00,163.41,0.00,SJC
2606:4700:130:0:d00a:41b1:845d:8593,4,4,0.00,163.41,0.00,SJC
2606:4700:a8:bb96:1f85:f881:5766:96fd,4,4,0.00,163.41,0.00,SJC
2606:4700:3005::3c35:6592:29ca,4,4,0.00,163.41,0.00,SJC
2606:4700:3002:0:ae:dce4:8b6:f76b,4,4,0.00,163.41,0.00,SJC
2606:4700:3005:376f:586:9ab:30d:6324,4,4,0.00,163.41,0.00,SJC
2606:4700:c:5b:6b79:487a:557a:41,4,4,0.00,163.41,0.00,SJC
2606:4700:c:ce56:4187:4b63:b3ea:efbd,4,4,0.00,163.41,0.00,SJC
2606:4700:d0:1473:4e02:f9b:7f99:5576,4,4,0.00,163.41,0.00,SJC
2606:4700::ea25:b91a:3947:dd40,4,4,0.00,163.42,0.00,SJC
2606:4700:d1:d9:5cc1:5e1a:2ae9:cf47,4,4,0.00,163.42,0.00,SJC
2606:4700:3006:7690:9d77:3281:3950:be4,4,4,0.00,163.42,0.00,SJC
2606:4700:f:8383:b180:7531:2b44:44e9,4,4,0.00,163.42,0.00,SJC
2606:4700:0:5ce0:d3b3:4613:90ed:f935,4,4,0.00,163.42,0.00,SJC
2606:4700:130:f7:c302:3a11:1e69:e0d0,4,4,0.00,163.42,0.00,SJC
2606:4700:d0:56:68dc:2303:31c1:6f80,4,4,0.00,163.42,0.00,SJC
2606:4700:3009:0:fdcc:b4ff:9afb:8f65,4,4,0.00,163.42,0.00,SJC
2606:4700:3008:71f2:8151:b883:59d2:a6f9,4,4,0.00,163.42,0.00,SJC
2606:4700:130:0:5903:9870:ee21:65a3,4,4,0.00,163.42,0.00,SJC
2606:4700:3001:0:5bf3:a9d6:1115:e5b9,4,4,0.00,163.42,0.00,SJC
2606:4700:3002:2a:ea2a:fbcf:a7db:a33,4,4,0.00,163.43,0.00,SJC
2606:4700:a1:74:ae78:3035:f0cd:b692,4,4,0.00,163.43,0.00,SJC
2606:4700:0:5c18:cc05:3e91:8d67:558c,4,4,0.00,163.43,0.00,SJC
2606:4700:f::ffec:b26d:96ae,4,4,0.00,163.43,0.00,SJC
2606:4700:0:d923:49e4:5b36:7e21:dfbc,4,4,0.00,163.43,0.00,SJC
2606:4700:3003:cd:9a7c:b277:a114:e20e,4,4,0.00,163.43,0.00,SJC
2606:4700:a8:a9:84cf:77da:f697:a9c0,4,4,0.00,163.43,0.00,SJC
2606:4700:a8:0:64:62a9:78f5:4d18,4,4,0.00,163.43,0.00,SJC
2606:4700:b:a9:90d6:9fbf:9de0:db3f,4,4,0.00,163.43,0.00,SJC
2606:4700:3006:760f:ac82:2284:8f5e:9e7a,4,4,0.00,163.43,0.00,SJC
2606:4700:3002:2a:ea4a:5f6b:abf3:eff8,4,4,0.00,163.44,0.00,SJC
2606:4700:a9:fa7d:fd45:efd9:82c3:161c,4,4,0.00,163.44,0.00,SJC
2606:4700:3005:0:ce9a:e414:6773:f392,4,4,0.00,163.44,0.00,SJC
2606:4700:3008:f6:1f0c:32e1:7497:139e,4,4,0.00,163.44,0.00,SJC
2606:4700:130:0:59a5:2b06:1911:baf9,4,4,0.00,163.44,0.00,SJC
2606:4700:130:0:d0cd:d4ed:a9f1:44a6,4,4,0.00,163.44,0.00,SJC
2606:4700:e:0:32:59d0:8479:1f9f,4,4,0.00,163.45,0.00,SJC
2606:4700:3003:cd:9afd:34f3:5d3a:ca1,4,4,0.00,163.45,0.00,SJC
2606:4700:3006:0:f4:3f86:5f71:a915,4,4,0.00,163.45,0.00,SJC
2606:4700:3001:efe8:9dd3:ac4f:f5f:dfef,4,4,0.00,163.45,0.00,SJC
2606:4700:3001:efe8:9dd3:ac4f:6a51:f6f5,4,4,0.00,163.45,0.00,SJC
2606:4700:3005:0:f7:f349:78f:504,4,4,0.00,163.45,0.00,SJC
2a06:98c1:58:8bba:f594:15c:a0ab:7eec,4,4,0.00,163.45,0.00,SJC
2606:4700:a8:a6:7a7:26f3:9902:649,4,4,0.00,163.45,0.00,SJC
2606:4700:3002::ea77,4,4,0.00,163.45,0.00,SJC
2a06:98c1:58:8b10:e64:c93b:f2d8:5660,4,4,0.00,163.45,0.00,SJC
2606:4700:c:3cae:c0c7:2c42:8749:76da,4,4,0.00,163.46,0.00,SJC
2606:4700:b:e836:b773:6157:5dad:2089,4,4,0.00,163.46,0.00,SJC
2606:4700:3002:0:b68e:8fb6:f277:288,4,4,0.00,163.46,0.00,SJC
2606:4700:a1:d557:6474:2a86:e59a:d0c4,4,4,0.00,163.46,0.00,SJC
2606:4700:3006:9:d1e4:8ccb:3745:2473,4,4,0.00,163.46,0.00,SJC
2606:4700:3004:5c:9683:3e6b:1f5e:f3a6,4,4,0.00,163.46,0.00,SJC
2606:4700:d:1996:8f35:b28c:77c6:32db,4,4,0.00,163.46,0.00,SJC
2606:4700:3009:a8:69bd:b88f:c703:7bd6,4,4,0.00,163.46,0.00,SJC
2606:4700:130:9acb:7b5c:7b29:8d6:f673,4,4,0.00,163.46,0.00,SJC
2606:4700:a9::9701:502d,4,4,0.00,163.46,0.00,SJC
2606:4700:130:9acb:7b5c:7b9a:c7e8:a784,4,4,0.00,163.46,0.00,SJC
2606:4700:3005:ca:3a69:6ef9:c902:49e,4,4,0.00,163.46,0.00,SJC
2606:4700:a9:fa7d:fd70:d031:7bc0:3fa9,4,4,0.00,163.47,0.00,SJC
2606:4700:a:8:f2c1:5ac2:6554:3741,4,4,0.00,163.47,0.00,SJC
2606:4700:130:0:36:b614:7b4b:4242,4,4,0.00,163.47,0.00,SJC
2606:4700:3007:d4:158c:79b6:1937:4369,4,4,0.00,163.47,0.00,SJC
2606:4700:e:77b9:9832:fce5:f722:b02,4,4,0.00,163.47,0.00,SJC
2606:4700:3009:0:fd46:d18b:fa33:55c2,4,4,0.00,163.47,0.00,SJC
2606:4700:3005:ca:3a69:151a:9cf5:c052,4,4,0.00,163.48,0.00,SJC
2606:4700:d0:56:7b16:2961:e631:9ae2,4,4,0.00,163.48,0.00,SJC
2606:4700:d0:1473:d33f:1d1c:4c38:b961,4,4,0.00,163.48,0.00,SJC
2606:4700:a1:74:ae78:5c75:b8b5:5414,4,4,0.00,163.48,0.00,SJC
2606:4700:3003:1329:f1a:2efc:c1b7:f66f,4,4,0.00,163.48,0.00,SJC
2606:4700:a:a05a:1cfc:b620:fd82:3fde,4,4,0.00,163.48,0.00,SJC
2606:4700:a9:fafc:ad53:5b78:3011:d2e0,4,4,0.00,163.48,0.00,SJC
2606:4700:3002:fec3:8a0b:95e9:f85:54eb,4,4,0.00,163.48,0.00,SJC
2a06:98c1:58:0:95bb:2931:124c:ec7d,4,4,0.00,163.48,0.00,SJC
2606:4700:a9:cf:a7e:2570:521d:f324,4,4,0.00,163.48,0.00,SJC
2606:4700:a1:74:5289:694e:4909:44a8,4,4,0.00,163.48,0.00,SJC
2a06:98c1:58:0:95bb:6147:4878:1644,4,4,0.00,163.48,0.00,SJC
2606:4700:d1:d9:e0bd:234a:6b98:94ce,4,4,0.00,163.48,0.00,SJC
2606:4700:e:4d05:a1d2:ca37:28f8:dabf,4,4,0.00,163.48,0.00,SJC
2606:4700:0:88:54cc:ded6:4417:e7ca,4,4,0.00,163.48,0.00,SJC
2606:4700:0:7129:dec2:1516:2cd3:6e15,4,4,0.00,163.48,0.00,SJC
2606:4700:d0:0:d5:9741:3331:ab96,4,4,0.00,163.48,0.00,SJC
2606:4700::81e3:1f5c:d3e0:72af,4,4,0.00,163.49,0.00,SJC
2606:4700:3002:28:f530:6761:10d9:f45b,4,4,0.00,163.49,0.00,SJC
2606:4700:c:3cae:c0c7:7406:c54b:ce50,4,4,0.00,163.49,0.00,SJC
2606:4700:3003:1329:58d3:3e14:711a:4bc0,4,4,0.00,163.49,0.00,SJC
2606:4700:d1:873a:fb03:10af:c14d:948a,4,4,0.00,163.49,0.00,SJC
2606:4700:3009:a8:69bd:e9b3:e5cb:b07c,4,4,0.00,163.49,0.00,SJC
2606:4700:3009:5a:295d:f955:6d50:465f,4,4,0.00,163.49,0.00,SJC
2606:4700:3007:d4:15ef:6f8d:282d:3df3,4,4,0.00,163.49,0.00,SJC
2606:4700:c:cefc:6378:1c66:b17c:8323,4,4,0.00,163.50,0.00,SJC
2606:4700:e:777d:b636:a22b:fd11:d4e0,4,4,0.00,163.50,0.00,SJC
2606:4700:a9:cf:a7e:ea2d:5772:b55f,4,4,0.00,163.50,0.00,SJC
2606:4700:3007:0:c2:2de2:1059:5b7e,4,4,0.00,163.50,0.00,SJC
2606:4700:3002:0:b68e:8fb6:cae2:c3c1,4,4,0.00,163.50,0.00,SJC
2606:4700:d0:14e8:6e5b:e7a2:f5c7:a013,4,4,0.00,163.50,0.00,SJC
2606:4700:b:e836:b718:9248:531e:7616,4,4,0.00,163.50,0.00,SJC
2606:4700:130:f7:c3c2:48c0:cfa2:d6f5,4,4,0.00,163.50,0.00,SJC
2606:4700:a:0:ae:8760:e04e:4008,4,4,0.00,163.50,0.00,SJC
2606:4700:3004::de:14b9:44b5,4,4,0.00,163.51,0.00,SJC
2606:4700:f:8f:855a:7392:d511:9cdf,4,4,0.00,163.51,0.00,SJC
2606:4700:c:3cae:c053:d2df:f8f4:8054,4,4,0.00,163.51,0.00,SJC
2606:4700:a1:0:98a9:2d31:bf8d:b352,4,4,0.00,163.51,0.00,SJC
2606:4700:a1:d557:6474:d90b:52ee:6044,4,4,0.00,163.51,0.00,SJC
2606:4700:d0:1403:f10e:afd5:e906:5ad7,4,4,0.00,163.51,0.00,SJC
2606:4700:3001:0:78:94fe:ff04:37fa,4,4,0.00,163.52,0.00,SJC
2606:4700:a:8:f27f:446:b51d:bb0f,4,4,0.00,163.52,0.00,SJC
2606:4700:3005:376f:586:9ab:fcdc:dc0a,4,4,0.00,163.52,0.00,SJC
2606:4700:3007:d4:15ef:f53d:7d0:2e34,4,4,0.00,163.52,0.00,SJC
2606:4700:3001:0:78:af75:dce6:e136,4,4,0.00,163.52,0.00,SJC
2606:4700:0:d923:c357:d563:4ce8:496b,4,4,0.00,163.52,0.00,SJC
2606:4700:d:1d:2b:3ff9:83f6:7318,4,4,0.00,163.52,0.00,SJC
2606:4700:3004:cc58:f30b:4459:bd06:d64e,4,4,0.00,163.53,0.00,SJC
2606:4700:0:5ce0:d3b3:4613:9055:ae4a,4,4,0.00,163.53,0.00,SJC
2606:4700:3003:1329:589d:909a:3e71:965c,4,4,0.00,163.53,0.00,SJC
2606:4700:a8:a6:d750:2aa8:8be3:9499,4,4,0.00,163.53,0.00,SJC
2606:4700:3006:0:ea19:1489:4754:19bd,4,4,0.00,163.53,0.00,SJC
2606:4700:3008:71f2:8151:e090:229b:e5df,4,4,0.00,163.53,0.00,SJC
2606:4700:a:c528:a558:6cd8:39bb:2a8,4,4,0.00,163.53,0.00,SJC
2606:4700:d:0:5504:67aa:c733:bfc3,4,4,0.00,163.53,0.00,SJC
2606:4700:a:0:8a:d58c:28e0:a90a,4,4,0.00,163.53,0.00,SJC
2606:4700:0:5ce0:d3b3:f0e7:6cf1:50ed,4,4,0.00,163.54,0.00,SJC
2606:4700:3005:ca:2054:2c29:384f:8ddf,4,4,0.00,163.54,0.00,SJC
2606:4700:b:e836:3474:50a4:7748:c026,4,4,0.00,163.54,0.00,SJC
2606:4700:3000:9b92:2fb:f7cc:e6ea:80d3,4,4,0.00,163.54,0.00,SJC
2606:4700:3001:ef60:ae3b:fbbc:1e0d:45e4,4,4,0.00,163.54,0.00,SJC
2606:4700:3005:ca:2cba:6938:c074:5c82,4,4,0.00,163.54,0.00,SJC
2606:4700:b:da58:7463:192f:22b5:cd34,4,4,0.00,163.54,0.00,SJC
2606:4700:3009:b966:9056:c80c:aac7:ce13,4,4,0.00,163.54,0.00,SJC
2606:4700:e:4df4:b434:c803:a231:1157,4,4,0.00,163.54,0.00,SJC
2606:4700:3006:7690:9da5:931c:6d03:4b3f,4,4,0.00,163.54,0.00,SJC
2606:4700:3009:0:822f:30da:d0a:85af,4,4,0.00,163.54,0.00,SJC
2606:4700:d1:d9:6234:58e5:6efe:165c,4,4,0.00,163.54,0.00,SJC
2606:4700:d1:8795:5093:d6ef:fbfd:3610,4,4,0.00,163.55,0.00,SJC
2606:4700::48ea:53a8:1789:fa40,4,4,0.00,163.55,0.00,SJC
2606:4700:3000:9b92:23b:43ff:d271:2dc3,4,4,0.00,163.55,0.00,SJC
2606:4700:130::ebba:7481:6433,4,4,0.00,163.55,0.00,SJC
2606:4700:d0::6b23:959f:dd50,4,4,0.00,163.55,0.00,SJC
2606:4700:130:f7:3221:cd7d:8c08:2c01,4,4,0.00,163.55,0.00,SJC
2606:4700:d1:873a:734a:919:ae40:2ef,4,4,0.00,163.55,0.00,SJC
2606:4700:3002:2a:ea2a:d297:607a:4a1,4,4,0.00,163.55,0.00,SJC
2606:4700:d:0:5504:8d29:a876:9efe,4,4,0.00,163.55,0.00,SJC
2606:4700:3001::6edd:bc36:6bf6,4,4,0.00,163.56,0.00,SJC
2606:4700:3002:0:b68e:d488:11f2:b3ca,4,4,0.00,163.56,0.00,SJC
2606:4700:3006:7690:9d77:b60b:8c0c:f633,4,4,0.00,163.56,0.00,SJC
2606:4700:c:5b:6bda:7f26:fa40:5d1,4,4,0.00,163.56,0.00,SJC
2606:4700:3002:2a:ea2a:fb5a:a4ff:37f1,4,4,0.00,163.56,0.00,SJC
2606:4700:d:1d:2b:daa3:5471:8916,4,4,0.00,163.56,0.00,SJC
2606:4700:a1:2f:93bc:5687:8138:9c9b,4,4,0.00,163.56,0.00,SJC
2606:4700:c:cefc:fea9:d490:3cf1:e8c5,4,4,0.00,163.56,0.00,SJC
2606:4700:3000:0:2f:9d3c:7177:d62,4,4,0.00,163.56,0.00,SJC
2606:4700:a8:a6:d744:f419:a5cf:2e61,4,4,0.00,163.56,0.00,SJC
2606:4700:3000:9b92:29c:b974:a308:1ba8,4,4,0.00,163.56,0.00,SJC
2606:4700:3009:93b3:e93d:23d0:cf24:c582,4,4,0.00,163.57,0.00,SJC
2606:4700:c:0:efda:a4a4:f844:de7f,4,4,0.00,163.57,0.00,SJC
2606:4700:3005:376f:1cd2:fb76:8a4e:66c7,4,4,0.00,163.57,0.00,SJC
2606:4700:3007::1a9e,4,4,0.00,163.57,0.00,SJC
2606:4700:3008:71f2:8169:a611:a0dc:8932,4,4,0.00,163.57,0.00,SJC
2606:4700:d0:1473:4e02:f9b:7fe8:9fc,4,4,0.00,163.57,0.00,SJC
2606:4700:a1:74:ae78:3017:e140:c0df,4,4,0.00,163.57,0.00,SJC
2606:4700:3006:760f:ac82:f5c3:a03a:f39e,4,4,0.00,163.57,0.00,SJC
2606:4700:e:0:5c81:7429:8fd3:e16,4,4,0.00,163.57,0.00,SJC
2606:4700:d:1996:da17:ab34:539a:9b80,4,4,0.00,163.58,0.00,SJC
2606:4700:0:d923:c32a:2e5c:6268:925,4,4,0.00,163.58,0.00,SJC
2606:4700:3003:13ee:bf90:4e0e:2e52:acd2,4,4,0.00,163.58,0.00,SJC
2606:4700:a1::92:c629:b83f,4,4,0.00,163.58,0.00,SJC
2606:4700:3001:d4:679f:8fa3:1829:4d3a,4,4,0.00,163.58,0.00,SJC
2606:4700:d0:1473:4ed7:24b8:819:f339,4,4,0.00,163.58,0.00,SJC
2606:4700:a1:d557:6474:d97d:cc46:a16f,4,4,0.00,163.58,0.00,SJC
2606:4700:d1:d9:e0bd:2309:f51e:25b0,4,4,0.00,163.58,0.00,SJC
2606:4700:3005:376f:e7f4:f145:9ed:1b1e,4,4,0.00,163.59,0.00,SJC
2606:4700:3009:937e:2785:c4c0:bc33:e604,4,4,0.00,163.59,0.00,SJC
2606:4700:130:f7:c3c2:480c:ee81:ccb5,4,4,0.00,163.59,0.00,SJC
2606:4700:a9:0:be3c:2419:f45a:fb19,4,4,0.00,163.59,0.00,SJC
2606:4700:a1:d50b:6952:d41a:1803:4ad6,4,4,0.00,163.59,0.00,SJC
2606:4700:d0:1403:fbac:4357:c4e5:6c5,4,4,0.00,163.59,0.00,SJC
2606:4700:d0::fda3:d4b5,4,4,0.00,163.59,0.00,SJC
2606:4700:3009:93e7:dc9d:5c3f:4138:643e,4,4,0.00,163.59,0.00,SJC
2606:4700:3006:9:d1e4:56e5:ca69:81ba,4,4,0.00,163.59,0.00,SJC
2606:4700:a:0:aff5:7eb0:f8af:e4d7,4,4,0.00,163.59,0.00,SJC
2606:4700:e:77b9:6470:f1fb:7b95:ed91,4,4,0.00,163.59,0.00,SJC
2606:4700:a:c528:a558:6c1b:8e17:2c6e,4,4,0.00,163.59,0.00,SJC
2606:4700:d1:873a:73cd:d322:3480:89c7,4,4,0.00,163.59,0.00,SJC
2606:4700:3001:efe8:1bfc:4e60:d7ae:f106,4,4,0.00,163.59,0.00,SJC
2606:4700:3009:0:82b4:5016:67e9:6068,4,4,0.00,163.59,0.00,SJC
2606:4700:d0:14e8:6eb1:a4bd:8428:5b70,4,4,0.00,163.60,0.00,SJC
2606:4700:d0:56:7be4:9357:a9f5:60a9,4,4,0.00,163.60,0.00,SJC
2606:4700:3008:0:19:4ee3:dbd3:8373,4,4,0.00,163.60,0.00,SJC
2606:4700:3008:f6:2fd:986a:4e70:b5bb,4,4,0.00,163.60,0.00,SJC
2606:4700:a1:74:ae94:7e30:f639:dee4,4,4,0.00,163.60,0.00,SJC
2606:4700:a8:a6:7e3:9231:be1f:3953,4,4,0.00,163.60,0.00,SJC
2606:4700:d:1d:8ea4:4848:f843:e279,4,4,0.00,163.60,0.00,SJC
2606:4700:3002:2a:ea92:7d5d:6293:1e49,4,4,0.00,163.60,0.00,SJC
2a06:98c1:58::d313:180d:96bd,4,4,0.00,163.61,0.00,SJC
2606:4700:c:ce56:4187:4b63:f54e:3913,4,4,0.00,163.61,0.00,SJC
2606:4700:3003:13ee:888f:324c:3c2b:eae8,4,4,0.00,163.61,0.00,SJC
2606:4700:d1::85:f89a,4,4,0.00,163.61,0.00,SJC
2606:4700:3003:bad2:6f78:57c2:bdec:2e0a,4,4,0.00,163.61,0.00,SJC
2606:4700:3000:ac:7538:3c75:f7fb:62a9,4,4,0.00,163.61,0.00,SJC
2606:4700:d:f7:24c4:2b11:3e25:4f42,4,4,0.00,163.61,0.00,SJC
2606:4700:a9:fa6e:5f28:e6d1:512f:b2c5,4,4,0.00,163.61,0.00,SJC
2606:4700:d1:873a:fbf4:e0b2:d078:eede,4,4,0.00,163.61,0.00,SJC
2606:4700:b:e836:b756:2587:ab58:e731,4,4,0.00,163.62,0.00,SJC
2606:4700:3001:ef60:ae7d:3233:cd26:5d97,4,4,0.00,163.62,0.00,SJC
2606:4700:3008::9799:bf1f:110e,4,4,0.00,163.62,0.00,SJC
2606:4700:d0:1473:a47c:308d:514f:681f,4,4,0.00,163.62,0.00,SJC
2606:4700:3005:376f:e7f4:b99:eab1:5754,4,4,0.00,163.62,0.00,SJC
2606:4700:e:0:ce95:2770:4ec6:25d5,4,4,0.00,163.62,0.00,SJC
2606:4700:3004::117a:7e3a:ef00,4,4,0.00,163.62,0.00,SJC
2606:4700:d1:873a:fbf4:83ba:58:c2d9,4,4,0.00,163.62,0.00,SJC
2606:4700:3005:ca:3a69:5e52:a9ad:b28e,4,4,0.00,163.62,0.00,SJC
2606:4700:a9:fafc:ad81:a016:5052:51e0,4,4,0.00,163.62,0.00,SJC
2606:4700:c:3cae:c0c7:74f4:29f3:e048,4,4,0.00,163.62,0.00,SJC
2606:4700::b5:1b88:470f,4,4,0.00,163.62,0.00,SJC
2606:4700:e:0:32:e5db:ef8b:2db9,4,4,0.00,163.63,0.00,SJC
2606:4700:3009:0:82b4:5016:60bb:8abd,4,4,0.00,163.63,0.00,SJC
2606:4700:3005:ca:2c89:2f3a:bacb:8bc6,4,4,0.00,163.63,0.00,SJC
2606:4700:e:4d05:a1d2:ca37:f01:9e3d,4,4,0.00,163.63,0.00,SJC
2606:4700:a8:bbaf:2067:1e99:d565:1ca5,4,4,0.00,163.63,0.00,SJC
2606:4700:d0:56:e2d8:d029:f434:bbdb,4,4,0.00,163.63,0.00,SJC
2606:4700:a8:bb96:e6e2:b1e9:f469:a659,4,4,0.00,163.63,0.00,SJC
2606:4700:130:f7:c3c2:e2ed:8b09:f433,4,4,0.00,163.63,0.00,SJC
2606:4700:130:f7:3221:df9b:319:f39e,4,4,0.00,163.63,0.00,SJC
2606:4700:3005:376f:586:f5d1:cb45:1e4a,4,4,0.00,163.64,0.00,SJC
2606:4700:a8:a6:d750:99fe:bbec:d237,4,4,0.00,163.64,0.00,SJC
2606:4700:3004:cc58:f3ad:45b9:b8e6:6ee5,4,4,0.00,163.64,0.00,SJC
2606:4700:0:5c07:fac3:3230:655a:a4e2,4,4,0.00,163.64,0.00,SJC
2606:4700:a8:bb96:1fef:c958:15b5:d735,4,4,0.00,163.64,0.00,SJC
2606:4700:d1:873a:fba0:eb62:5b1:8e18,4,4,0.00,163.64,0.00,SJC
2606:4700::ea25:b91a:25c0:4707,4,4,0.00,163.64,0.00,SJC
2606:4700:3002::b80b:de19:2224,4,4,0.00,163.64,0.00,SJC
2606:4700:3005:ca:3abc:b70c:ecff:1a0b,4,4,0.00,163.64,0.00,SJC
2606:4700:f:0:f6d0:c402:844d:828e,4,4,0.00,163.64,0.00,SJC
2606:4700:3004:5c:961e:fa:82e:828c,4,4,0.00,163.64,0.00,SJC
2606:4700:a:0:ae:87bc:1554:d02e,4,4,0.00,163.64,0.00,SJC
2606:4700:e:0:ce95:78cf:d73a:7f05,4,4,0.00,163.65,0.00,SJC
2606:4700:d0:56:6280:e14a:d16c:c44c,4,4,0.00,163.65,0.00,SJC
2606:4700:a8:bbaf:7e7b:8d47:8503:e355,4,4,0.00,163.65,0.00,SJC
2606:4700:3008:0:19:c931:35f2:5564,4,4,0.00,163.65,0.00,SJC
2606:4700:d0:14e8:19c3:15a0:e915:538d,4,4,0.00,163.65,0.00,SJC
2606:4700:a:4267:89cd:f347:6102:cc20,4,4,0.00,163.66,0.00,SJC
2606:4700:a:8:6d4:d5c7:72ef:5c11,4,4,0.00,163.66,0.00,SJC
2606:4700:3009:93b3:21a2:a7c8:4ed4:4735,4,4,0.00,163.66,0.00,SJC
2606:4700:a::ce:1aba:efdd,4,4,0.00,163.66,0.00,SJC
2606:4700:130:f7:c3c2:484e:fea0:55c2,4,4,0.00,163.66,0.00,SJC
2606:4700:e:0:32:59fc:6e1d:785f,4,4,0.00,163.66,0.00,SJC
2606:4700:3006:7690:9d64:297c:f4ec:7d46,4,4,0.00,163.67,0.00,SJC
2606:4700:c:3cae:2d2a:cd21:ced8:ad9c,4,4,0.00,163.67,0.00,SJC
2606:4700:0:5c18:ccc0:bf94:bb47:9be4,4,4,0.00,163.67,0.00,SJC
2606:4700:3005:376f:e753:15e:e817:df96,4,4,0.00,163.67,0.00,SJC
2606:4700:3007:d3b6:de69:a6b6:3eae:a68,4,4,0.00,163.67,0.00,SJC
2606:4700:3001:bb:7064:de8e:887:b55f,4,4,0.00,163.67,0.00,SJC
2606:4700:d1:0:fe:5506:8a36:41dc,4,4,0.00,163.68,0.00,SJC
2606:4700:c:ce56:4138:9d79:2c67:fb30,4,4,0.00,163.68,0.00,SJC
2606:4700:3007:d4:158c:79c8:8942:dd56,4,4,0.00,163.68,0.00,SJC
2606:4700:d1:fa26:5ec0:2cbf:512a:5be3,4,4,0.00,163.68,0.00,SJC
2606:4700:3002:0:ae:dc00:f82e:4289,4,4,0.00,163.68,0.00,SJC
2606:4700:3009:0:f5:3c23:4952:2dc3,4,4,0.00,163.68,0.00,SJC
2606:4700:a8:bbaf:2086:ae3a:201d:d45b,4,4,0.00,163.68,0.00,SJC
2606:4700:3006:7690:9d77:c69c:a44d:d23a,4,4,0.00,163.68,0.00,SJC
2606:4700:3006:5f:ae04:222e:e9bc:8a21,4,4,0.00,163.69,0.00,SJC
2606:4700:c:0:efdb:69ca:e45f:f727,4,4,0.00,163.69,0.00,SJC
2606:4700:3007:d3b6:de69:f689:22e8:4119,4,4,0.00,163.69,0.00,SJC
2a06:98c1:58:8b36:e430:55a6:7524:92c4,4,4,0.00,163.69,0.00,SJC
2606:4700:f:0:5d40:2128:ca86:88c0,4,4,0.00,163.69,0.00,SJC
2a06:98c1:58:8bba:f594:15c:1459:6ce4,4,4,0.00,163.69,0.00,SJC
2606:4700:a:0:d863:f1ec:9d20:e9c7,4,4,0.00,163.69,0.00,SJC
2606:4700:a9:cf:a7e:2570:cf8b:bbf0,4,4,0.00,163.69,0.00,SJC
2606:4700:c:5b:6b6c:94e9:ec92:be3d,4,4,0.00,163.70,0.00,SJC
2606:4700:b:da58:748e:20a:66a3:1096,4,4,0.00,163.70,0.00,SJC
2606:4700:a1::b810:390b,4,4,0.00,163.70,0.00,SJC
2a06:98c1:58:cb:3ece:68ef:bff9:3292,4,4,0.00,163.70,0.00,SJC
2606:4700:f:8f:8573:3073:5452:3fb,4,4,0.00,163.70,0.00,SJC
2606:4700:3003::9a2c:68be:c486,4,4,0.00,163.70,0.00,SJC
2606:4700::482e:4956:d7e1:4af7,4,4,0.00,163.71,0.00,SJC
2606:4700:3001:0:5bf3:d678:2c36:9bbe,4,4,0.00,163.71,0.00,SJC
2606:4700:a:4267:8936:8b61:47c9:4878,4,4,0.00,163.71,0.00,SJC
2606:4700:3008:71f2:8151:b02:cf32:d2bb,4,4,0.00,163.71,0.00,SJC
2606:4700:0:88:54ba:e25f:9ae3:4378,4,4,0.00,163.71,0.00,SJC
2606:4700:e:0:32:e5db:f736:aee2,4,4,0.00,163.71,0.00,SJC
2606:4700:d:f7:245f:f15e:8aa6:6b16,4,4,0.00,163.71,0.00,SJC
2606:4700:a:0:af0f:f24e:7afa:490d,4,4,0.00,163.71,0.00,SJC
2606:4700:3008:f6:1ff4:6d02:a14c:9e83,4,4,0.00,163.72,0.00,SJC
2606:4700:3004:aca6:a302:b5c4:e42b:a91b,4,4,0.00,163.72,0.00,SJC
2606:4700:3004::117a:8f5c:c58d,4,4,0.00,163.72,0.00,SJC
2606:4700:a8:a6:7a7:cf32:952a:b49c,4,4,0.00,163.72,0.00,SJC
2606:4700:d0:14e8:198a:63:fc02:3051,4,4,0.00,163.72,0.00,SJC
2606:4700:d:0:8c:904d:ce5a:9639,4,4,0.00,163.72,0.00,SJC
2606:4700:3008:f6:25e:8004:f0a0:2cb5,4,4,0.00,163.72,0.00,SJC
2606:4700:b:0:ac:5ae6:1638:fb8e,4,4,0.00,163.72,0.00,SJC
2606:4700:0:5ce0:7210:da61:45ea:763d,4,4,0.00,163.73,0.00,SJC
2606:4700:3005:ca:20ff:ab9d:dbe1:5944,4,4,0.00,163.73,0.00,SJC
2606:4700:d0:1403:f179:8837:4152:ab8b,4,4,0.00,163.73,0.00,SJC
2606:4700:e:4d05:a95e:b6d:8ca7:661,4,4,0.00,163.73,0.00,SJC
2606:4700:3006:7690:9d77:95e7:a67a:be04,4,4,0.00,163.73,0.00,SJC
2606:4700:a1:0:98a9:2dcd:d9c9:b56,4,4,0.00,163.73,0.00,SJC
2606:4700:a:8:2b85:8b27:bbd4:ccde,4,4,0.00,163.73,0.00,SJC
2606:4700:3009:a8:69db:1253:c698:79d9,4,4,0.00,163.73,0.00,SJC
2606:4700:d0:14e8:19c3:f18b:6e44:b64a,4,4,0.00,163.73,0.00,SJC
2606:4700:3004:0:9b0c:bf2c:83a6:ad1c,4,4,0.00,163.73,0.00,SJC
2606:4700:d:f7:24c4:df21:405a:319d,4,4,0.00,163.74,0.00,SJC
2606:4700:a1:d5be:a5f5:4425:e9b:c47b,4,4,0.00,163.74,0.00,SJC
2606:4700:d0:0:d5:ec30:6aa3:8ab0,4,4,0.00,163.74,0.00,SJC
2606:4700:a8:a6:d7f1:6417:27c:610d,4,4,0.00,163.74,0.00,SJC
2606:4700:a9:fa7d:5b1c:2782:68a0:622d,4,4,0.00,163.74,0.00,SJC
2606:4700:3009:0:fd46:6d5:30a9:98a,4,4,0.00,163.74,0.00,SJC
2606:4700:a9:fa7d:5bf0:20ed:4316:7aa4,4,4,0.00,163.74,0.00,SJC
2606:4700:3009:0:82b4:502d:4612:c8bf,4,4,0.00,163.74,0.00,SJC
2606:4700:f:bdfe:5575:ac14:c607:6530,4,4,0.00,163.74,0.00,SJC
2606:4700:3008:0:b586:64a0:8106:fa79,4,4,0.00,163.75,0.00,SJC
2606:4700:a9:997c:e41a:cdd7:ecf6:f374,4,4,0.00,163.75,0.00,SJC
2606:4700:3003:cd:2d98:a65a:3f4c:bb98,4,4,0.00,163.75,0.00,SJC
2606:4700:c:cefc:6378:1cdc:da7d:d30e,4,4,0.00,163.75,0.00,SJC
2606:4700:130:9acb:7b5c:7b9a:3e26:2dc4,4,4,0.00,163.75,0.00,SJC
2606:4700:e:77b9:9890:b4f0:6a65:cf18,4,4,0.00,163.75,0.00,SJC
2606:4700:a:8:f27f:446:b507:3158,4,4,0.00,163.75,0.00,SJC
2606:4700:d1:fa76:3b50:96d1:dca0:a5ab,4,4,0.00,163.75,0.00,SJC
2606:4700::81e3:c6cc:6373:f2c2,4,4,0.00,163.75,0.00,SJC
2606:4700:0:d923:c30d:ab6d:6c48:34c7,4,4,0.00,163.75,0.00,SJC
2606:4700:0:d923:c30d:ab6d:ee19:1eb5,4,4,0.00,163.75,0.00,SJC
2606:4700:3009::4291:8617:f7d8,4,4,0.00,163.75,0.00,SJC
2606:4700:3002:28:f530:b2f2:332f:e0d1,4,4,0.00,163.76,0.00,SJC
2606:4700:d1:d9:5cc1:5ea6:5308:e82f,4,4,0.00,163.76,0.00,SJC
2606:4700:a1:d557:6474:d97d:ffa7:8a9d,4,4,0.00,163.76,0.00,SJC
2606:4700:3007:d4:158c:63b0:809c:5930,4,4,0.00,163.76,0.00,SJC
2606:4700:3006:9:62ca:ef0a:60f:ccf1,4,4,0.00,163.76,0.00,SJC
2606:4700:d:1996:da17:d21f:f002:8b4,4,4,0.00,163.76,0.00,SJC
2606:4700:3001:bb:7064:de8e:e71a:95a6,4,4,0.00,163.76,0.00,SJC
2606:4700:3006:7690:9da5:931c:3476:727c,4,4,0.00,163.76,0.00,SJC
2606:4700:a8:bbaf:2067:4910:1653:6e8,4,4,0.00,163.76,0.00,SJC
2606:4700:0:5ce0:b3d1:1da0:c046:cc1,4,4,0.00,163.77,0.00,SJC
2606:4700:a:0:d822:7543:db26:db88,4,4,0.00,163.77,0.00,SJC
2606:4700:3009:0:82b4:502d:46ae:cb3,4,4,0.00,163.77,0.00,SJC
2606:4700:3008:71f2:8151:b4e:c818:7911,4,4,0.00,163.77,0.00,SJC
2606:4700:e:777d:3aa9:cb2b:d532:d0ed,4,4,0.00,163.77,0.00,SJC
2606:4700:0:d923:4945:926c:afd6:f561,4,4,0.00,163.77,0.00,SJC
2606:4700:a1:d50b:3f93:bbfa:d099:5bf,4,4,0.00,163.78,0.00,SJC
2606:4700::48ea:dd75:8dbd:e5e6,4,4,0.00,163.78,0.00,SJC
2606:4700:3002:0:89:53b0:cf0b:1ccf,4,4,0.00,163.78,0.00,SJC
2606:4700:3001:bb:70f1:947b:3fdf:a094,4,4,0.00,163.78,0.00,SJC
2606:4700:a9:fa7d:5bf0:20ed:43f4:ce2f,4,4,0.00,163.78,0.00,SJC
2606:4700:3003:13ee:bf90:6518:2d93:53c3,4,4,0.00,163.78,0.00,SJC
2606:4700:3009:93b3:21a2:a726:9dc0:51c2,4,4,0.00,163.78,0.00,SJC
2606:4700:a1::4f:529f:2dc4,4,4,0.00,163.78,0.00,SJC
2606:4700:3003:cd:2dd0:8f33:b24d:c35,4,4,0.00,163.78,0.00,SJC
2606:4700:a:8:f27f:7776:ee11:b972,4,4,0.00,163.78,0.00,SJC
2606:4700:3002:fec3:8a0b:7ec:c033:e5bb,4,4,0.00,163.78,0.00,SJC
2606:4700:a:e4:185c:f849:ea07:46d6,4,4,0.00,163.79,0.00,SJC
2606:4700:f:8383:7aa:357c:a904:23de,4,4,0.00,163.79,0.00,SJC
2606:4700:0:7129:740d:b10d:3d48:be73,4,4,0.00,163.79,0.00,SJC
2606:4700:d1:8795:5072:7c92:30ff:3519,4,4,0.00,163.79,0.00,SJC
2606:4700:3001:d4:2b4f:63db:83b9:371e,4,4,0.00,163.79,0.00,SJC
2606:4700:d:0:5504:6773:2395:4c21,4,4,0.00,163.79,0.00,SJC
2606:4700:3000:0:9368:9096:17bd:ee1c,4,4,0.00,163.79,0.00,SJC
2606:4700:3002:fec3:8ae3:3fea:bc51:36cf,4,4,0.00,163.80,0.00,SJC
2606:4700:130:f7:c3c2:e277:a090:4ee2,4,4,0.00,163.80,0.00,SJC
2606:4700:3008:0:19:4ee3:551e:7acf,4,4,0.00,163.80,0.00,SJC
2606:4700:3000::c60:4040:ba0d,4,4,0.00,163.80,0.00,SJC
2606:4700:3001:bb:7064:2192:7aca:939b,4,4,0.00,163.80,0.00,SJC
2606:4700:3001:d4:678e:62ea:1f8:467c,4,4,0.00,163.81,0.00,SJC
2606:4700:3003:cd:2dbc:49fb:b153:29e8,4,4,0.00,163.81,0.00,SJC
2606:4700:3000:9b92:23b:43a2:951:a889,4,4,0.00,163.81,0.00,SJC
2606:4700:b:0:ac:82af:5a65:eee2,4,4,0.00,163.81,0.00,SJC
2606:4700:f:8383:b180:7531:2b16:646d,4,4,0.00,163.81,0.00,SJC
2606:4700:d1:fa26:12e7:d162:4673:faf7,4,4,0.00,163.81,0.00,SJC
2606:4700:3002:fec3:8ae3:9ba7:2db5:be0d,4,4,0.00,163.81,0.00,SJC
2606:4700:3002:2a:ea2a:d297:6010:80b4,4,4,0.00,163.81,0.00,SJC
2606:4700:d:1936:847b:23d0:1f41:8b7f,4,4,0.00,163.81,0.00,SJC
2606:4700:3000:ac:7538:3c75:59d7:c244,4,4,0.00,163.81,0.00,SJC
2606:4700:3007:d3b6:ded9:af06:6a82:47b1,4,4,0.00,163.81,0.00,SJC
2606:4700:d1:873a:fba0:70e8:28bb:bc54,4,4,0.00,163.82,0.00,SJC
2606:4700:0:d923:4945:926c:e329:a59d,4,4,0.00,163.82,0.00,SJC
2606:4700:0:d923:c32a:2e64:dccf:16c0,4,4,0.00,163.82,0.00,SJC
2606:4700:c:3cae:39f6:d6f4:5eea:cd5d,4,4,0.00,163.82,0.00,SJC
2606:4700:3009:0:fdcc:b450:6d4f:6178,4,4,0.00,163.82,0.00,SJC
2606:4700:d1:d9:e0bd:2309:5121:1aee,4,4,0.00,163.82,0.00,SJC
2606:4700:3004:cc58:f3ad:c560:3910:cfd,4,4,0.00,163.82,0.00,SJC
2606:4700:d0:1473:d33f:1d52:83f1:6021,4,4,0.00,163.82,0.00,SJC
2606:4700:d0:1403:f10e:af48:de02:716a,4,4,0.00,163.83,0.00,SJC
2606:4700:3006:760f:ac36:75d0:74a3:9fde,4,4,0.00,163.83,0.00,SJC
2a06:98c1:58:8b10:f6ff:de58:f5e8:55c1,4,4,0.00,163.83,0.00,SJC
2606:4700:f:8383:7a5:4d05:7886:f2ac,4,4,0.00,163.83,0.00,SJC
2606:4700:a:c528:a5ff:9baa:89cd:af3c,4,4,0.00,163.83,0.00,SJC
2606:4700:b:0:ac:5a7e:dcb2:d71d,4,4,0.00,163.83,0.00,SJC
2606:4700:d1:0:6c6b:f900:b0d3:d407,4,4,0.00,163.83,0.00,SJC
2606:4700:c::d210:5c20:2263,4,4,0.00,163.83,0.00,SJC
2606:4700:3003:1329:f1a:2efc:c132:6c67,4,4,0.00,163.83,0.00,SJC
2606:4700:3004:cc9f:ff19:4518:330b:8c4e,4,4,0.00,163.84,0.00,SJC
2606:4700:d0:1403:7c10:87ed:b32:5690,4,4,0.00,163.84,0.00,SJC
2606:4700:d:1936:d5ec:28cc:386f:74e3,4,4,0.00,163.84,0.00,SJC
2606:4700:3006:7690:9da5:dfa7:4ba5:4b39,4,4,0.00,163.84,0.00,SJC
2606:4700:0:5ce0:7241:d70d:a23f:a68f,4,4,0.00,163.84,0.00,SJC
2606:4700:3004:5c:9683:3e6b:3112:737f,4,4,0.00,163.85,0.00,SJC
2a06:98c1:58:0:9502:2f03:9ca8:263e,4,4,0.00,163.85,0.00,SJC
2606:4700:3008:f6:25e:8025:4a61:7e0c,4,4,0.00,163.85,0.00,SJC
2606:4700:0:d923:c357:b5:f0d5:5ec,4,4,0.00,163.85,0.00,SJC
2606:4700:d1:0:fe:5506:8a52:ce0c,4,4,0.00,163.85,0.00,SJC
2606:4700:d:1d:2b:3ff9:1bf5:9d12,4,4,0.00,163.85,0.00,SJC
2606:4700:3006:9:6295:dffb:23e6:5b2d,4,4,0.00,163.85,0.00,SJC
2606:4700:c:3cae:c053:d2df:a6c8:37c4,4,4,0.00,163.86,0.00,SJC
2606:4700:3009:93e7:dc06:c583:cf7f:1463,4,4,0.00,163.86,0.00,SJC
2606:4700:3004:5c:961e:5476:8537:2a4c,4,4,0.00,163.86,0.00,SJC
2606:4700:3004:cc58:33b1:5edb:20b2:9aad,4,4,0.00,163.86,0.00,SJC
2606:4700:3003:1329:58d3:90df:4c04:2b09,4,4,0.00,163.86,0.00,SJC
2606:4700:0:d923:49e4:e76d:f810:f47d,4,4,0.00,163.86,0.00,SJC
2606:4700:d1:873a:acf7:c1d4:fefe:56f3,4,4,0.00,163.86,0.00,SJC
2606:4700:a9:fa6e:5617:cf20:b868:7d90,4,4,0.00,163.86,0.00,SJC
2606:4700:c:3c32:80d1:7a8a:c51c:9a24,4,4,0.00,163.86,0.00,SJC
2606:4700:130:f7:c302:4677:9dc2:6ec,4,4,0.00,163.86,0.00,SJC
2606:4700:a9:fa7d:fd70:d022:b977:2bd,4,4,0.00,163.87,0.00,SJC
2606:4700:3001:0:5bf3:128c:6eb3:b54c,4,4,0.00,163.87,0.00,SJC
2606:4700:3006:7690:9da5:df02:6beb:23e6,4,4,0.00,163.87,0.00,SJC
2606:4700:3001:ef60:ae7d:708c:b2b7:83f7,4,4,0.00,163.87,0.00,SJC
2606:4700:3001:ef60:ae7d:708c:b28f:3ec2,4,4,0.00,163.87,0.00,SJC
2606:4700:a9:fafc:ad81:c71:3c29:1c99,4,4,0.00,163.87,0.00,SJC
2606:4700:d0:1473:4ed7:24b8:1772:2d2c,4,4,0.00,163.87,0.00,SJC
2606:4700:a:0:ae:de79:c829:5e64,4,4,0.00,163.87,0.00,SJC
2606:4700:c:3c32:80e0:3b41:99a2:1b5a,4,4,0.00,163.87,0.00,SJC
2606:4700:3000::cc2:2a27:cdfc,4,4,0.00,163.87,0.00,SJC
2606:4700:3004:cc58:6209:7f7c:14a8:a2fd,4,4,0.00,163.87,0.00,SJC
2606:4700:3000:0:4e:4307:7862:e3b,4,4,0.00,163.88,0.00,SJC
2606:4700:b:da58:c78:a8f:6aa4:59f6,4,4,0.00,163.88,0.00,SJC
2606:4700::48ea:f72c:7aee:70bb,4,4,0.00,163.88,0.00,SJC
2606:4700:b:0:c517:4776:a2c1:7d62,4,4,0.00,163.88,0.00,SJC
2606:4700:d:1d:8ea4:6f90:ca4f:a367,4,4,0.00,163.88,0.00,SJC
2606:4700:a8:bbaf:2067:49ac:c90f:a436,4,4,0.00,163.88,0.00,SJC
2606:4700:0:d923:49e4:953e:7092:286d,4,4,0.00,163.88,0.00,SJC
2606:4700:130:f7:c302:46b4:d798:dcda,4,4,0.00,163.88,0.00,SJC
2606:4700:3004:cc58:6209:7f99:1721:16f7,4,4,0.00,163.88,0.00,SJC
2606:4700:3004:cc58:6209:7f7c:79f7:be5d,4,4,0.00,163.88,0.00,SJC
2606:4700:d1:8795:5072:283b:7d7e:d680,4,4,0.00,163.88,0.00,SJC
2606:4700:3009:a8:69db:6c97:2aeb:9a67,4,4,0.00,163.88,0.00,SJC
2606:4700:a9:997c:41f:f29e:c11d:3d2a,4,4,0.00,163.88,0.00,SJC
2606:4700:3008:71f2:18c9:c2d7:c073:5450,4,4,0.00,163.89,0.00,SJC
2606:4700:3008:0:b586:64a0:86c1:37b8,4,4,0.00,163.89,0.00,SJC
2606:4700:3002:0:b68e:d473:d1d5:833,4,4,0.00,163.89,0.00,SJC
2606:4700:a1:74:ae94:7e30:f6cf:defb,4,4,0.00,163.89,0.00,SJC
2606:4700:a9:cf:a7e:2570:cf9c:b23,4,4,0.00,163.89,0.00,SJC
2606:4700:3001:d4:6702:1d76:8c3:bcdd,4,4,0.00,163.89,0.00,SJC
2606:4700:3009:a8:691d:2f6:bf1d:6014,4,4,0.00,163.89,0.00,SJC
2606:4700:3005:376f:e753:15e:a8ed:463c,4,4,0.00,163.89,0.00,SJC
2606:4700:a8:a6:7d3:ea04:4cd7:743c,4,4,0.00,163.89,0.00,SJC
2606:4700:d:1996:dad9:934a:2fef:e0e1,4,4,0.00,163.89,0.00,SJC
2606:4700:3005:0:f7:303f:e652:3318,4,4,0.00,163.90,0.00,SJC
2606:4700:e:77b9:a95c:f567:942:d5a7,4,4,0.00,163.90,0.00,SJC
2606:4700:c:0:efda:3c6:c6f6:490c,4,4,0.00,163.90,0.00,SJC
2606:4700:3006:7690:9d77:c6be:9e3a:bda2,4,4,0.00,163.90,0.00,SJC
2606:4700:f:0:39cf:be76:9e99:ad29,4,4,0.00,163.90,0.00,SJC
2606:4700:d:1936:d5ec:2860:59d:2d49,4,4,0.00,163.90,0.00,SJC
2606:4700:0:88:5419:8b0c:3316:4b6e,4,4,0.00,163.90,0.00,SJC
2606:4700:d0:9941:35ae:19d8:fc56:1321,4,4,0.00,163.90,0.00,SJC
2606:4700:a:0:8a:f104:66c0:bed4,4,4,0.00,163.90,0.00,SJC
2606:4700:d1:fa26:1231:a31f:c2bf:3318,4,4,0.00,163.90,0.00,SJC
2606:4700:a9:997c:41f:ad14:821a:6da1,4,4,0.00,163.90,0.00,SJC
2606:4700:f:0:39cf:be76:9ecc:8308,4,4,0.00,163.90,0.00,SJC
2606:4700:d0:1473:4e02:ff7:7e0f:25f,4,4,0.00,163.90,0.00,SJC
2606:4700:d1:d9:62c7:66a7:a860:b77,4,4,0.00,163.90,0.00,SJC
2606:4700:3003::bf63:3e1b,4,4,0.00,163.91,0.00,SJC
2606:4700:a9:997c:41f:360f:a257:580,4,4,0.00,163.91,0.00,SJC
2606:4700:3007:d3b6:ded9:af2a:4415:7cac,4,4,0.00,163.91,0.00,SJC
2606:4700:3009:a8:691d:248:d395:38db,4,4,0.00,163.91,0.00,SJC
2606:4700:130::ebea:612a:b039,4,4,0.00,163.91,0.00,SJC
2606:4700:3004:cc9f:ff19:459f:1450:5fab,4,4,0.00,163.91,0.00,SJC
2606:4700:e:0:5c81:e2d6:f1d4:200e,4,4,0.00,163.91,0.00,SJC
2606:4700:f:8383:7aa:352c:db84:f820,4,4,0.00,163.91,0.00,SJC
2a06:98c1:58:8b36:8b03:3f28:f53f:d130,4,4,0.00,163.92,0.00,SJC
2606:4700:d0:1473:d38d:4656:7593:a622,4,4,0.00,163.92,0.00,SJC
2606:4700:3009:b966:7969:2446:902:4512,4,4,0.00,163.92,0.00,SJC
2606:4700:3003:13ee:bf90:211:6e5:ce12,4,4,0.00,163.92,0.00,SJC
2606:4700:d:1936:847b:23c6:e4be:dfb4,4,4,0.00,163.92,0.00,SJC
2606:4700:f:8383:7aa:5420:fa72:712d,4,4,0.00,163.92,0.00,SJC
2606:4700:c:cefc:6378:ca7a:395:d323,4,4,0.00,163.92,0.00,SJC
2606:4700:3001:efe8:9dd3:ac4f:6a5a:6fe7,4,4,0.00,163.92,0.00,SJC
2606:4700:a8:5e:1e2d:15cd:7ef1:e10a,4,4,0.00,163.92,0.00,SJC
2606:4700:a8:a6:7d2:6de2:6f11:1432,4,4,0.00,163.92,0.00,SJC
2606:4700:a9:997c:41f:ad2e:13f5:86a3,4,4,0.00,163.92,0.00,SJC
2606:4700:3003:cd:2d8e:2d95:afa0:7c27,4,4,0.00,163.92,0.00,SJC
2606:4700:c:3cae:c053:d227:fa2:b013,4,4,0.00,163.93,0.00,SJC
2606:4700:130:f7:c3c2:489e:c62a:ac5d,4,4,0.00,163.93,0.00,SJC
2606:4700:c:5b:58cf:c7c9:8768:4eda,4,4,0.00,163.93,0.00,SJC
2606:4700:3002:28:f530:6788:2fdf:c3f6,4,4,0.00,163.93,0.00,SJC
2606:4700:3007:0:853a:bab6:e9e3:8f34,4,4,0.00,163.93,0.00,SJC
2606:4700:0:88:5419:7060:d53c:7a7e,4,4,0.00,163.93,0.00,SJC
2606:4700:3005:ca:3a69:6ef9:2d17:8be8,4,4,0.00,163.93,0.00,SJC
2606:4700:a8:bb96:1fef:c98f:4bf5:290f,4,4,0.00,163.93,0.00,SJC
2606:4700:d0:56:7bd7:9f0:4a6a:ca9d,4,4,0.00,163.93,0.00,SJC
2606:4700:d:0:5504:cc20:323a:8943,4,4,0.00,163.93,0.00,SJC
2606:4700:c:3cae:2db1:248:3aad:9d23,4,4,0.00,163.94,0.00,SJC
2606:4700:d:f7:24c4:df21:4028:3041,4,4,0.00,163.94,0.00,SJC
2606:4700:a:8:632:f9cb:b5f6:bede,4,4,0.00,163.94,0.00,SJC
2606:4700:b:a9:90d6:3bea:54ab:5d66,4,4,0.00,163.94,0.00,SJC
2606:4700:c:5b:6b79:487a:d936:65b2,4,4,0.00,163.94,0.00,SJC
2606:4700:3009:93e7:dc06:9d65:5685:2266,4,4,0.00,163.94,0.00,SJC
2606:4700:3000:9b92:29c:b95b:f4c2:c068,4,4,0.00,163.95,0.00,SJC
2606:4700::ae:36e1:b3ae:bb36,4,4,0.00,163.95,0.00,SJC
2606:4700:e:b3:5fb9:2917:f8de:1baa,4,4,0.00,163.95,0.00,SJC
2606:4700:0:5ce0:7241:d762:d9cb:b026,4,4,0.00,163.95,0.00,SJC
2606:4700:a8:5e:1ec4:2d1a:3fd9:31fa,4,4,0.00,163.95,0.00,SJC
2606:4700:3006:9:d1e4:56e5:4740:8850,4,4,0.00,163.96,0.00,SJC
2606:4700:0:d923:c32a:5ba5:b2b7:37b4,4,4,0.00,163.96,0.00,SJC
2606:4700:3001:0:5bf3:ec3e:447b:e6e2,4,4,0.00,163.96,0.00,SJC
2606:4700:3009:a8:69bb:43d8:bbf:b301,4,4,0.00,163.96,0.00,SJC
2606:4700:3003:13ee:888f:95e2:e416:3b4f,4,4,0.00,163.96,0.00,SJC
2606:4700:3001:0:78:dff3:4136:4f6e,4,4,0.00,163.96,0.00,SJC
2606:4700:d0:1473:4ed7:24b8:d:e9b3,4,4,0.00,163.96,0.00,SJC
2606:4700:a9:fa7d:5b2c:71c7:ef1c:3c87,4,4,0.00,163.96,0.00,SJC
2606:4700:a1:d557:6474:2a40:6ed6:1432,4,4,0.00,163.97,0.00,SJC
2606:4700:a8:a6:7d3:4005:610d:cc78,4,4,0.00,163.97,0.00,SJC
2606:4700:3008:f6:1f0c:3244:f3fa:e31e,4,4,0.00,163.97,0.00,SJC
2606:4700:3004:cc58:625f:674d:3e53:70e6,4,4,0.00,163.97,0.00,SJC
2606:4700:0:88:5448:5452:9ffc:218c,4,4,0.00,163.97,0.00,SJC
2606:4700:d:1996:da17:6056:23a9:2b29,4,4,0.00,163.97,0.00,SJC
2606:4700:0:5ce0:7210:9b7c:cd14:997c,4,4,0.00,163.97,0.00,SJC
2606:4700:d0:56:e2d8:d029:7635:6f62,4,4,0.00,163.97,0.00,SJC
2606:4700:d:1d:8ea4:48cc:edb5:b4ca,4,4,0.00,163.97,0.00,SJC
2606:4700:3005:0:ce9a:1ef8:5c66:4a0,4,4,0.00,163.97,0.00,SJC
2606:4700:3008:0:b5da:4d0d:ffa3:c46b,4,4,0.00,163.98,0.00,SJC
2a06:98c1:58:8bba:2412:72fc:332c:318f,4,4,0.00,163.98,0.00,SJC
2606:4700:d0:1403:f179:e35a:75b7:9b07,4,4,0.00,163.98,0.00,SJC
2606:4700:d0:56:7be4:53e3:a3aa:ece0,4,4,0.00,163.98,0.00,SJC
2606:4700:a:0:af44:bbc7:81ad:6ea1,4,4,0.00,163.98,0.00,SJC
2606:4700::484c:c19d:195b:cbc6,4,4,0.00,163.98,0.00,SJC
2606:4700:a1:d50b:3f59:cd98:500c:777,4,4,0.00,163.99,0.00,SJC
2606:4700:d1:fa26:1235:6500:32c4:397d,4,4,0.00,163.99,0.00,SJC
2606:4700:3009:0:82b4:5060:338c:9dec,4,4,0.00,163.99,0.00,SJC
2606:4700:b:da58:c78:a8f:6aaa:a58e,4,4,0.00,163.99,0.00,SJC
2606:4700:0:d923:4945:197e:87a1:fd57,4,4,0.00,163.99,0.00,SJC
2606:4700:3001::4178:e582,4,4,0.00,163.99,0.00,SJC
2606:4700:3004:0:9b0c:bf5d:2be0:ce81,4,4,0.00,163.99,0.00,SJC
2606:4700:a9:fa6e:5f28:e6d1:72cd:2ba0,4,4,0.00,163.99,0.00,SJC
2606:4700:d1:873a:73cd:d3fd:ad61:18f3,4,4,0.00,163.99,0.00,SJC
2606:4700::9439:99e0:a83a,4,4,0.00,163.99,0.00,SJC
2606:4700:a9:fa7d:5b2c:71c7:d22b:9873,4,4,0.00,163.99,0.00,SJC
2606:4700:3007:d4:158c:63fe:5f74:330a,4,4,0.00,164.00,0.00,SJC
2606:4700:130:f7:c3c2:484e:fac5:2a69,4,4,0.00,164.00,0.00,SJC
2606:4700:a:0:ae:b0b6:9b8b:8d20,4,4,0.00,164.00,0.00,SJC
2606:4700:3000::2e:df0a,4,4,0.00,164.00,0.00,SJC
2606:4700:3004:0:9b0c:1b03:8ff8:96e,4,4,0.00,164.00,0.00,SJC
2606:4700:130:0:59a5:f4ff:589c:86ae,4,4,0.00,164.00,0.00,SJC
2606:4700:a:8:2b1a:d1a9:de37:c6ac,4,4,0.00,164.00,0.00,SJC
2606:4700:3004:aca6:a3d0:dbbd:995c:9892,4,4,0.00,164.00,0.00,SJC
2606:4700:d1:873a:fbf4:e0f7:b059:890f,4,4,0.00,164.01,0.00,SJC
2606:4700:a8:0:a6d6:a27d:fe0e:42aa,4,4,0.00,164.01,0.00,SJC
2606:4700:3004:cc58:625f:674d:292:e7e,4,4,0.00,164.01,0.00,SJC
2606:4700:0:d923:49e4:95ec:4a65:6f0b,4,4,0.00,164.01,0.00,SJC
2606:4700:d0:56:7be4:a132:980a:4ed1,4,4,0.00,164.01,0.00,SJC
2606:4700:3006:0:f4:3f86:d5be:cb08,4,4,0.00,164.01,0.00,SJC
2606:4700:3008:71f2:8151:b02:786:ec24,4,4,0.00,164.01,0.00,SJC
2606:4700:d0:56:7be4:a1ed:6586:8719,4,4,0.00,164.01,0.00,SJC
2606:4700:c::b8:2bd2,4,4,0.00,164.01,0.00,SJC
2606:4700:a8:bbaf:e562:8f11:204f:544,4,4,0.00,164.01,0.00,SJC
2606:4700:3009::42f3:30a3:1676,4,4,0.00,164.02,0.00,SJC
2606:4700:3000:0:9368:908e:cf85:96a1,4,4,0.00,164.02,0.00,SJC
2606:4700:130::b9aa:5557,4,4,0.00,164.02,0.00,SJC
2606:4700:a1:d50b:6952:2dcc:f9fe:e77d,4,4,0.00,164.02,0.00,SJC
2606:4700:3006::3f:5b74:ef22,4,4,0.00,164.02,0.00,SJC
2606:4700:3009:0:fd46:6d5:306d:a684,4,4,0.00,164.02,0.00,SJC
2606:4700:d1:d9:6234:583c:482d:4974,4,4,0.00,164.02,0.00,SJC
2606:4700:d1:d9:6234:cd15:78bd:1593,4,4,0.00,164.02,0.00,SJC
2a06:98c1:58:8b36:8b03:cb1a:fd8a:3e16,4,4,0.00,164.03,0.00,SJC
2606:4700:f:0:5d40:a3ad:ac54:3347,4,4,0.00,164.03,0.00,SJC
2606:4700:3006:760f:ac36:752c:c80:b76d,4,4,0.00,164.03,0.00,SJC
2606:4700:d0:56:7bd7:9f0:8232:361b,4,4,0.00,164.03,0.00,SJC
2606:4700:d0:56:7bd7:33bd:6b41:af08,4,4,0.00,164.03,0.00,SJC
2606:4700:3001:0:5b49:d96b:15be:6a50,4,4,0.00,164.03,0.00,SJC
2606:4700:3008:71f2:184a:4d43:13c3:f529,4,4,0.00,164.04,0.00,SJC
2606:4700:d0:56:e2d8:d029:a389:3f6e,4,4,0.00,164.04,0.00,SJC
2606:4700:3009:b966:7969:2455:6c59:93c8,4,4,0.00,164.04,0.00,SJC
2606:4700:a::ff:f1ae:d451,4,4,0.00,164.04,0.00,SJC
2606:4700:3009:93b3:e901:6f4c:da28:bc46,4,4,0.00,164.04,0.00,SJC
2606:4700:d1:d9:5851:435a:8473:20f6,4,4,0.00,164.04,0.00,SJC
2606:4700:f:8383:b1c7:e6a5:ef37:3cfb,4,4,0.00,164.04,0.00,SJC
2606:4700:3006:7690:9d77:6112:3928:d716,4,4,0.00,164.04,0.00,SJC
2606:4700:c:3c32:8080:eee5:880c:6513,4,4,0.00,164.04,0.00,SJC
2606:4700::81e3:d9d2:e663:69a1,4,4,0.00,164.04,0.00,SJC
2606:4700:3008::c6:90cf:27a2,4,4,0.00,164.05,0.00,SJC
2606:4700:d:0:5504:cc88:42f3:df51,4,4,0.00,164.05,0.00,SJC
2606:4700:c:ce56:4cdd:a369:3141:913d,4,4,0.00,164.05,0.00,SJC
2606:4700:d:f7:24c4:df21:4039:d00c,4,4,0.00,164.05,0.00,SJC
2606:4700:d1:fa26:5e38:6808:bb19:e5c4,4,4,0.00,164.05,0.00,SJC
2606:4700:3003::2d:e3d5:690b,4,4,0.00,164.05,0.00,SJC
2606:4700:a1:d557:6474:d942:959f:c616,4,4,0.00,164.05,0.00,SJC
2606:4700:c:cefc:6378:cab5:4cc2:d365,4,4,0.00,164.05,0.00,SJC
2606:4700:a8:5e:1ec4:4a24:f946:1d75,4,4,0.00,164.05,0.00,SJC
2606:4700:130:0:afc8:471e:8eb0:f51f,4,4,0.00,164.05,0.00,SJC
2606:4700:130:f7:c302:3a6c:e43d:51b,4,4,0.00,164.05,0.00,SJC
2606:4700:d1:d9:588b:f4eb:3aaa:b692,4,4,0.00,164.06,0.00,SJC
2606:4700:3004:0:9b48:645e:7f0c:87cc,4,4,0.00,164.06,0.00,SJC
2606:4700:f:bd2f:97c5:39ba:b03:43a8,4,4,0.00,164.06,0.00,SJC
2606:4700:a8:bb96:1fef:c98f:4b8c:44a7,4,4,0.00,164.06,0.00,SJC
2606:4700:a8:5e:1e2d:1550:d87d:ea24,4,4,0.00,164.07,0.00,SJC
2606:4700:0:7129:740d:f1c5:f926:3ba4,4,4,0.00,164.07,0.00,SJC
2606:4700:a::743a:48ec:4150,4,4,0.00,164.07,0.00,SJC
2606:4700:c:cefc:6378:f2ae:7bc1:e417,4,4,0.00,164.07,0.00,SJC
2606:4700:a1:d557:df83:34c5:b1f0:efe8,4,4,0.00,164.07,0.00,SJC
2606:4700:d1:873a:734a:b946:f320:c7fe,4,4,0.00,164.07,0.00,SJC
2606:4700:3004:5c:fa4b:1bae:9b12:5f58,4,4,0.00,164.07,0.00,SJC
2606:4700:a1:d50b:3f93:bbb7:3ed2:9575,4,4,0.00,164.08,0.00,SJC
2606:4700:0:d923:49e4:5b4e:24a2:e34f,4,4,0.00,164.08,0.00,SJC
2606:4700:3005:ca:2cba:16ce:f83f:a3c5,4,4,0.00,164.08,0.00,SJC
2606:4700:3009:3d:f39b:912c:2c2e:7e04,4,4,0.00,164.08,0.00,SJC
2606:4700:3000:9b92:2fb:b166:9b67:3cb4,4,4,0.00,164.08,0.00,SJC
2606:4700:a9:fa6e:5f28:63df:ad67:ab9f,4,4,0.00,164.08,0.00,SJC
2606:4700:a:c5fa:96f5:8ca5:943:5a8e,4,4,0.00,164.08,0.00,SJC
2606:4700:3005:ca:20ff:ab2b:1bb5:c0d2,4,4,0.00,164.08,0.00,SJC
2606:4700:d0:1403:fb17:f3c1:73c1:a2c8,4,4,0.00,164.08,0.00,SJC
2606:4700:3009:a8:691d:d92b:572d:85e3,4,4,0.00,164.08,0.00,SJC
2606:4700:d1:0:15:6a53:262f:c6bd,4,4,0.00,164.08,0.00,SJC
2606:4700:d0:1473:d33f:9e02:b597:b82d,4,4,0.00,164.09,0.00,SJC
2606:4700:3001:ef60:8bf6:66e4:9e8e:cfdc,4,4,0.00,164.09,0.00,SJC
2606:4700:c:0:ef6e:71ca:9f3a:12f8,4,4,0.00,164.09,0.00,SJC
2606:4700:3009:937e:2785:c4c0:bc83:ae15,4,4,0.00,164.09,0.00,SJC
2606:4700:d1:d9:6234:3302:98a9:2f41,4,4,0.00,164.09,0.00,SJC
2606:4700:3008:71f2:810d:9301:5cd6:5a33,4,4,0.00,164.09,0.00,SJC
2606:4700:3004:0:9b0c:bf2c:8329:218c,4,4,0.00,164.10,0.00,SJC
2606:4700:d1:fa26:127e:f631:2b39:6b0e,4,4,0.00,164.10,0.00,SJC
2606:4700:e:4d05:a1d2:cad5:cf2f:ed04,4,4,0.00,164.10,0.00,SJC
2606:4700:3001:ef60:ae3b:fb63:cc94:bc11,4,4,0.00,164.10,0.00,SJC
2606:4700:3004:aca6:a302:b5c4:e4cc:7d3f,4,4,0.00,164.10,0.00,SJC
2a06:98c1:58:0:95bb:ff08:3093:a49d,4,4,0.00,164.10,0.00,SJC
2606:4700:3005:376f:e753:15e:6509:e69a,4,4,0.00,164.10,0.00,SJC
2606:4700:c:5b:6b82:be51:53cb:a690,4,4,0.00,164.10,0.00,SJC
2606:4700:a9:997c:e46c:ee24:b5d5:d1c6,4,4,0.00,164.11,0.00,SJC
2606:4700:d:f7:c893:4e02:9cc0:a9ee,4,4,0.00,164.11,0.00,SJC
2606:4700::eab7:36e:4efe:279,4,4,0.00,164.11,0.00,SJC
2606:4700:3000::85ec:b420:f81c,4,4,0.00,164.11,0.00,SJC
2606:4700:3004:0:c1:6886:c392:20e9,4,4,0.00,164.11,0.00,SJC
2606:4700:0:5ce0:b334:b268:8830:a23a,4,4,0.00,164.11,0.00,SJC
2606:4700:3006:9:62ca:eff2:2fe6:d56b,4,4,0.00,164.11,0.00,SJC
2606:4700:b::93a2:4d0:fca9,4,4,0.00,164.11,0.00,SJC
2606:4700:d:1d:1e07:3911:fcb1:d0cd,4,4,0.00,164.11,0.00,SJC
2606:4700:3009:b966:e91c:2080:4346:7ada,4,4,0.00,164.11,0.00,SJC
2a06:98c1:58:8bba:9ab0:63b7:ea66:2747,4,4,0.00,164.12,0.00,SJC
2606:4700:d1:8795:5093:d6ef:eafd:51a8,4,4,0.00,164.12,0.00,SJC
2606:4700:3004:cc58:f3ad:1f53:97e2:ced5,4,4,0.00,164.12,0.00,SJC
2606:4700:e:4d05:26f6:35ec:e9e9:52e6,4,4,0.00,164.12,0.00,SJC
2606:4700:a8:a6:7a7:1de3:2e77:9425,4,4,0.00,164.12,0.00,SJC
2606:4700:3004:cc9f:ff19:4518:33ce:7911,4,4,0.00,164.12,0.00,SJC
2606:4700:d0:1473:d33f:9e3b:adc4:d5fd,4,4,0.00,164.13,0.00,SJC
2606:4700:a8:bbaf:2067:49ac:c9e8:c7a2,4,4,0.00,164.13,0.00,SJC
2606:4700:f:8383:b1c7:91ea:42d2:957a,4,4,0.00,164.13,0.00,SJC
2606:4700:d1:873a:ac41:6bd1:5e25:97f8,4,4,0.00,164.13,0.00,SJC
2606:4700:0:5c18:ccc0:500:4fc3:a63a,4,4,0.00,164.13,0.00,SJC
2606:4700:a:e4:185c:f849:58a7:7264,4,4,0.00,164.13,0.00,SJC
2606:4700:c:3c32:35aa:f726:5de2:ecc3,4,4,0.00,164.13,0.00,SJC
2606:4700:d1:d9:6272:adbf:e9a2:1dde,4,4,0.00,164.13,0.00,SJC
2606:4700:d:1936:847b:23d0:4fbd:7937,4,4,0.00,164.14,0.00,SJC
2606:4700:0:d923:c30d:ab86:84af:179,4,4,0.00,164.14,0.00,SJC
2606:4700:3008:f6:1ff4:ff76:cc31:4761,4,4,0.00,164.14,0.00,SJC
2606:4700:d1:8795:5093:d6ef:185a:f7a2,4,4,0.00,164.14,0.00,SJC
2606:4700:3004:cc58:f3ad:1f53:9713:3c08,4,4,0.00,164.14,0.00,SJC
2606:4700:d0:1403:7c10:872e:4735:5754,4,4,0.00,164.14,0.00,SJC
2606:4700:a:e4:185c:f849:d768:253,4,4,0.00,164.14,0.00,SJC
2606:4700:e:0:5c81:7429:8f6c:3464,4,4,0.00,164.14,0.00,SJC
2606:4700:a:8:632:f931:913b:9495,4,4,0.00,164.14,0.00,SJC
2606:4700:b:0:ac:e9a3:f47a:61dc,4,4,0.00,164.15,0.00,SJC
2606:4700:d0:1473:a465:442b:d5ec:83e3,4,4,0.00,164.15,0.00,SJC
2606:4700:e::89:c2d2:5d10,4,4,0.00,164.15,0.00,SJC
2a06:98c1:58:8b36:e49d:9601:e5b6:4f56,4,4,0.00,164.15,0.00,SJC
2606:4700:3008:71f2:18a4:dce8:1658:ec71,4,4,0.00,164.15,0.00,SJC
2606:4700:d1:0:6c6b:f9a9:9e62:d74f,4,4,0.00,164.15,0.00,SJC
2606:4700:d1:d9:f5a:d496:873d:529c,4,4,0.00,164.15,0.00,SJC
2606:4700:b:da58:7463:8a8:1a66:70b7,4,4,0.00,164.15,0.00,SJC
2606:4700:3006:0:ea19:ad57:8f6e:9ed9,4,4,0.00,164.16,0.00,SJC
2606:4700:d1:d9:62c7:dec1:a8e5:ba94,4,4,0.00,164.16,0.00,SJC
2606:4700:e:77be:8649:f126:2217:d139,4,4,0.00,164.16,0.00,SJC
2606:4700:3006:760f:ac82:a5f1:276c:f92f,4,4,0.00,164.17,0.00,SJC
2606:4700:3000:9b92:29c:b974:a3f5:a743,4,4,0.00,164.17,0.00,SJC
2606:4700:0:d9cd:40c3:4269:118c:ac3c,4,4,0.00,164.17,0.00,SJC
2606:4700:3008::c6:9074:dc0d,4,4,0.00,164.17,0.00,SJC
2606:4700:e:0:32:599b:bfa4:f9ce,4,4,0.00,164.17,0.00,SJC
2606:4700:3005:376f:5c1:7070:aeb4:30ec,4,4,0.00,164.17,0.00,SJC
2606:4700:3008:71f2:18c9:c273:39e6:35c5,4,4,0.00,164.17,0.00,SJC
2606:4700::61:817a:effb,4,4,0.00,164.18,0.00,SJC
2606:4700:3004:0:9b0c:bf2c:f3c7:8599,4,4,0.00,164.18,0.00,SJC
2606:4700:0:d923:49e4:e76d:2559:a7a3,4,4,0.00,164.18,0.00,SJC
2606:4700:a1:d50b:b5a2:94da:e5c8:5fa1,4,4,0.00,164.18,0.00,SJC
2606:4700:3006:760f:ac82:22a4:6a3f:b32e,4,4,0.00,164.18,0.00,SJC
2606:4700:c:cefc:fea9:52c0:4f3a:22a9,4,4,0.00,164.18,0.00,SJC
2606:4700:c:cefc:6378:2412:ca12:42ec,4,4,0.00,164.18,0.00,SJC
2606:4700:3005:376f:e753:9aa8:218c:eb01,4,4,0.00,164.18,0.00,SJC
2606:4700:d0:56:7be4:9357:a92a:e36b,4,4,0.00,164.19,0.00,SJC
2606:4700:3001:efe8:1b5b:7d55:3f25:676e,4,4,0.00,164.19,0.00,SJC
2606:4700:a1:d50b:6952:2d3c:b575:e32c,4,4,0.00,164.19,0.00,SJC
2606:4700:d1:fa76:3bf1:89a1:f1fe:4313,4,4,0.00,164.19,0.00,SJC
2606:4700:d:1d:1eaf:af78:5799:38f3,4,4,0.00,164.19,0.00,SJC
2606:4700:3008:f6:25e:8004:ec78:6b0,4,4,0.00,164.19,0.00,SJC
2606:4700:3008:f6:2fd:986a:6dcd:f74f,4,4,0.00,164.19,0.00,SJC
2606:4700::eab7:f9ef:cbd2:19e1,4,4,0.00,164.19,0.00,SJC
2606:4700:d:1d:2b:3f9f:cf91:5050,4,4,0.00,164.20,0.00,SJC
2606:4700:3005::3c88:caf3:2280,4,4,0.00,164.20,0.00,SJC
2606:4700:3003:13ee:8869:454c:6a4d:da0f,4,4,0.00,164.20,0.00,SJC
2606:4700:d:0:5504:8d29:2559:d962,4,4,0.00,164.20,0.00,SJC
2606:4700:d0::6b23:65e3:9143,4,4,0.00,164.20,0.00,SJC
2606:4700:0:88:54ba:ed29:3aef:16b5,4,4,0.00,164.20,0.00,SJC
2606:4700:3009::42f3:be0c:6340,4,4,0.00,164.20,0.00,SJC
2606:4700:3008:f6:25e:8004:ec5b:3aea,4,4,0.00,164.20,0.00,SJC
2606:4700:3001:0:78:dff3:cc15:1c3c,4,4,0.00,164.21,0.00,SJC
2606:4700:e:777d:b636:a22b:3598:eed1,4,4,0.00,164.21,0.00,SJC
2606:4700:3004:aca6:a3d0:dbbd:9923:9590,4,4,0.00,164.21,0.00,SJC
2606:4700:a:4267:89cd:f3c5:3660:42ca,4,4,0.00,164.21,0.00,SJC
2606:4700:0:5c18:ccc0:500:4f07:dce3,4,4,0.00,164.21,0.00,SJC
2606:4700:c:ce56:4c17:da29:c885:6dba,4,4,0.00,164.21,0.00,SJC
2a06:98c1:58:8b36:8bcb:c6cd:8033:ec6e,4,4,0.00,164.21,0.00,SJC
2606:4700:a1:d557:6474:2a86:e5d3:be5a,4,4,0.00,164.21,0.00,SJC
2606:4700:3003:13ee:bf90:28b:66b4:3649,4,4,0.00,164.21,0.00,SJC
2606:4700:a1:d5be:a5f5:4493:85e9:5838,4,4,0.00,164.22,0.00,SJC
2a06:98c1:58:0:9502:2f03:ce48:bf7f,4,4,0.00,164.22,0.00,SJC
2606:4700:a1:d50b:b5a2:943d:436:ad0e,4,4,0.00,164.22,0.00,SJC
2606:4700:d0:56:68dc:54b0:d005:55ed,4,4,0.00,164.22,0.00,SJC
2606:4700:3006:760f:ac36:1a6:4554:786c,4,4,0.00,164.22,0.00,SJC
2606:4700:a1:74:ae78:5c05:70e3:a7f4,4,4,0.00,164.22,0.00,SJC
2606:4700:3008:0:b5da:4d0d:ff61:3492,4,4,0.00,164.22,0.00,SJC
2606:4700:d1:873a:73cd:d322:9f76:793,4,4,0.00,164.23,0.00,SJC
2606:4700:a1:74:ae94:7e30:9e2d:dd0b,4,4,0.00,164.23,0.00,SJC
2606:4700:a8:0:64:62a9:1ac1:96e6,4,4,0.00,164.23,0.00,SJC
2a06:98c1:58:0:95bb:2931:12b1:974d,4,4,0.00,164.23,0.00,SJC
2606:4700:e:77be:8649:d222:4b45:a81a,4,4,0.00,164.23,0.00,SJC
2606:4700:a8:bbaf:e562:8f7c:581c:9a26,4,4,0.00,164.23,0.00,SJC
2606:4700:f:8383:b1c7:2630:f0e7:2ab4,4,4,0.00,164.23,0.00,SJC
2606:4700:3009:93b3:e901:58a3:4fbe:e40e,4,4,0.00,164.23,0.00,SJC
2606:4700:e:21:d488:391e:3045:5c67,4,4,0.00,164.23,0.00,SJC
2606:4700:b:e836:3474:9f0a:7a09:57c4,4,4,0.00,164.24,0.00,SJC
2606:4700:3001:d4:67f6:c34d:450d:88d5,4,4,0.00,164.24,0.00,SJC
2606:4700:c:5b:58cf:a9cf:e4ba:57b5,4,4,0.00,164.24,0.00,SJC
2606:4700:3009:5a:295d:98b3:2bce:c2ae,4,4,0.00,164.24,0.00,SJC
2606:4700:3007:0:853a:bab6:e9ff:546,4,4,0.00,164.24,0.00,SJC
2606:4700:3001:0:54:ff45:49d:fa8,4,4,0.00,164.24,0.00,SJC
2606:4700:f:bdfe:5575:3c39:f52c:4820,4,4,0.00,164.24,0.00,SJC
2606:4700:3005:0:ce9a:1ef8:ed4c:494e,4,4,0.00,164.25,0.00,SJC
2606:4700:e:77b9:9890:4176:85e4:e32e,4,4,0.00,164.25,0.00,SJC
2606:4700:a:0:ae:2f02:8a18:dc96,4,4,0.00,164.25,0.00,SJC
2606:4700:3006:9:d132:ef74:c23:8dca,4,4,0.00,164.25,0.00,SJC
2606:4700:0:5c07:fac3:6ec7:c0aa:32fb,4,4,0.00,164.25,0.00,SJC
2606:4700:3008:71f2:18c9:191:aaa:7168,4,4,0.00,164.25,0.00,SJC
2606:4700:130:0:d00a:41b1:487d:54c5,4,4,0.00,164.25,0.00,SJC
2606:4700:f:0:f601:ceec:51c6:ef14,4,4,0.00,164.25,0.00,SJC
2606:4700:3002:2a:ea2a:fb36:eb72:a69a,4,4,0.00,164.25,0.00,SJC
2606:4700:a1:d557:df83:34f7:d40f:7262,4,4,0.00,164.25,0.00,SJC
2606:4700:3003:bad2:6f78:e1b4:8d68:4fc8,4,4,0.00,164.26,0.00,SJC
2606:4700:3004:cc9f:617e:9aec:cd9a:8390,4,4,0.00,164.26,0.00,SJC
2606:4700:a8:a6:d7a4:1ef8:c0a4:3dde,4,4,0.00,164.26,0.00,SJC
2606:4700:3009::1dfc:119b:6029,4,4,0.00,164.26,0.00,SJC
2606:4700:a:c528:4c54:490a:ae33:cef7,4,4,0.00,164.26,0.00,SJC
2606:4700:3009:93e7:dc06:8caf:84d:446,4,4,0.00,164.26,0.00,SJC
2606:4700:0:d923:495c:668d:5d5d:f0cf,4,4,0.00,164.26,0.00,SJC
2606:4700:3009:b966:7969:24db:428b:d4fb,4,4,0.00,164.26,0.00,SJC
2606:4700:0:5ce0:7241:7ea2:1cfe:dfc0,4,4,0.00,164.26,0.00,SJC
2606:4700:d0:14e8:198a:3:a74f:b5d9,4,4,0.00,164.26,0.00,SJC
2606:4700:d1:fa26:12d6:d6ca:19e1:72e,4,4,0.00,164.26,0.00,SJC
2606:4700:a8:bbaf:e562:8f53:1e07:c194,4,4,0.00,164.27,0.00,SJC
2606:4700:d:1936:d5ab:c327:60f7:b59a,4,4,0.00,164.27,0.00,SJC
2606:4700:3006::3f:cf06:b3c3,4,4,0.00,164.27,0.00,SJC
2606:4700::eab7:f9e0:2e58:b5d6,4,4,0.00,164.27,0.00,SJC
2606:4700:3005:0:ce9a:5601:d5d7:f9fa,4,4,0.00,164.27,0.00,SJC
2606:4700:e:4d05:a95e:bc2:fe52:9b1,4,4,0.00,164.27,0.00,SJC
2a06:98c1:58:74:f888:b97:425a:d4d3,4,4,0.00,164.27,0.00,SJC
2606:4700:d0::6b15:a617:df8f,4,4,0.00,164.27,0.00,SJC
2606:4700:3003:cd:9ae7:bbe5:e326:5432,4,4,0.00,164.28,0.00,SJC
2606:4700:3001:d4:673f:2d4d:18c7:30f7,4,4,0.00,164.28,0.00,SJC
2606:4700:3003:cd:2dbc:4923:16d5:2720,4,4,0.00,164.28,0.00,SJC
2606:4700:d1:873a:fbf4:835a:7d97:333b,4,4,0.00,164.28,0.00,SJC
2606:4700:130:0:d0fb:fdd:7cb5:1711,4,4,0.00,164.28,0.00,SJC
2606:4700:3003:cd:9a7c:6db0:ddd5:24e4,4,4,0.00,164.28,0.00,SJC
2606:4700:a8:a6:d7f1:6417:2cd:b151,4,4,0.00,164.28,0.00,SJC
2606:4700:f:0:4352:598f:a44f:ca9c,4,4,0.00,164.28,0.00,SJC
2606:4700:e:4d05:a946:460c:517a:f393,4,4,0.00,164.29,0.00,SJC
2606:4700:c:5b:6b6c:940d:7af:577e,4,4,0.00,164.29,0.00,SJC
2606:4700:a:c528:9b7b:c343:406b:9504,4,4,0.00,164.29,0.00,SJC
2606:4700::eab7:1b4a:7ba6:5d4f,4,4,0.00,164.29,0.00,SJC
2606:4700:3007::a5eb:a477,4,4,0.00,164.29,0.00,SJC
2606:4700:a:0:d863:f146:2bd7:89e3,4,4,0.00,164.29,0.00,SJC
2606:4700:0:d923:c32a:a0a4:606c:a449,4,4,0.00,164.29,0.00,SJC
2606:4700:3008::c6:903a:a9cd,4,4,0.00,164.29,0.00,SJC
2606:4700:3004:5c:9683:3e92:48fe:6b51,4,4,0.00,164.29,0.00,SJC
2606:4700:d1:d9:e0bd:2330:43e8:c86d,4,4,0.00,164.29,0.00,SJC
2606:4700:f:8f:855a:7392:d9f4:7620,4,4,0.00,164.29,0.00,SJC
2606:4700:a::f401:53cd:f344,4,4,0.00,164.30,0.00,SJC
2606:4700:3006:760f:ac36:1a6:2681:c285,4,4,0.00,164.30,0.00,SJC
2606:4700:d0:56:7bd7:9f0:cc2b:cf8,4,4,0.00,164.30,0.00,SJC
2606:4700:b:a9:90d6:3b8d:ee36:78d8,4,4,0.00,164.30,0.00,SJC
2606:4700:3007:d3b6:edd:2f48:3942:8b81,4,4,0.00,164.30,0.00,SJC
2606:4700:3001:efe8:1b5b:7d55:8f8d:5668,4,4,0.00,164.30,0.00,SJC
2606:4700:d:1936:d5ab:c30b:951:593e,4,4,0.00,164.30,0.00,SJC
2606:4700:3001:ef60:ae3b:fb63:cc7c:d8,4,4,0.00,164.31,0.00,SJC
2606:4700:3002:2a:ea4a:276:7544:331,4,4,0.00,164.31,0.00,SJC
2606:4700:d0:1403:f179:e362:d240:fc18,4,4,0.00,164.31,0.00,SJC
2606:4700:e:4df4:b4ed:8a86:50c8:7f9d,4,4,0.00,164.31,0.00,SJC
2606:4700:a9:fa7d:fd1f:503c:5b8b:aeb0,4,4,0.00,164.31,0.00,SJC
2606:4700:e:b3:5fb9:2917:f824:2f3,4,4,0.00,164.31,0.00,SJC
2606:4700:a9:997c:41f:f20d:7fa:8a27,4,4,0.00,164.31,0.00,SJC
2606:4700:d:1936:d5ec:28cc:e089:b75d,4,4,0.00,164.31,0.00,SJC
2606:4700:3003:1329:f1a:2e0e:5332:3c4c,4,4,0.00,164.32,0.00,SJC
2606:4700::ea5b:bfeb:640a:622e,4,4,0.00,164.32,0.00,SJC
2606:4700:3004:5c:9683:3e6b:b6f9:df60,4,4,0.00,164.32,0.00,SJC
2606:4700:b:0:c517:47d4:4fa3:6d5c,4,4,0.00,164.32,0.00,SJC
2606:4700:3000:9b92:5def:afd8:5659:5723,4,4,0.00,164.32,0.00,SJC
2606:4700:d1:fa26:1235:65a4:a40d:d74a,4,4,0.00,164.32,0.00,SJC
2606:4700:3002:28:f530:b236:c180:e06a,4,4,0.00,164.33,0.00,SJC
2606:4700:a8:bbaf:2086:543b:5969:1ff8,4,4,0.00,164.33,0.00,SJC
2606:4700:3006:7690:9d77:c6fe:d6fd:b360,4,4,0.00,164.33,0.00,SJC
2606:4700:3002:2a:ea92:7d5d:62de:2d71,4,4,0.00,164.33,0.00,SJC
2606:4700:e:0:5c81:7638:2222:458b,4,4,0.00,164.33,0.00,SJC
2606:4700:f:bd2f:f3c2:cf70:2ae6:83cc,4,4,0.00,164.33,0.00,SJC
2606:4700:d:f7:24c4:df03:5132:4ca,4,4,0.00,164.33,0.00,SJC
2606:4700:d1:873a:734a:964:895d:a7cf,4,4,0.00,164.33,0.00,SJC
2606:4700:a8:bbaf:2086:ae95:7c0d:6dee,4,4,0.00,164.33,0.00,SJC
2606:4700:b:da58:c78:9336:3412:a09e,4,4,0.00,164.33,0.00,SJC
2606:4700:a::3b91:832c:c1,4,4,0.00,164.33,0.00,SJC
2606:4700:d0:0:d4:712f:e752:311c,4,4,0.00,164.33,0.00,SJC
2606:4700:3003:13ee:bf90:6518:f509:cc7f,4,4,0.00,164.33,0.00,SJC
2606:4700:a1:74:ae78:5c05:706e:5d5c,4,4,0.00,164.33,0.00,SJC
2606:4700:a1:74:ae78:5c05:cad9:a8e8,4,4,0.00,164.33,0.00,SJC
2606:4700:a9:fa6e:5617:cfb8:25cc:c5cf,4,4,0.00,164.34,0.00,SJC
2606:4700:3004:5c:9683:3e6b:3147:5bf5,4,4,0.00,164.34,0.00,SJC
2606:4700:3009:93b3:e93d:6c44:4f0b:30b0,4,4,0.00,164.34,0.00,SJC
2606:4700:3009:0:fd46:689:f2a1:8ffb,4,4,0.00,164.34,0.00,SJC
2606:4700:d1:fa26:12e5:89bb:197d:7c0,4,4,0.00,164.34,0.00,SJC
2606:4700:a9:fafc:ad81:a0b2:4c6e:9299,4,4,0.00,164.34,0.00,SJC
2606:4700:d1:d9:5cc1:5e1a:2acb:16e5,4,4,0.00,164.34,0.00,SJC
2606:4700:c:3cae:c053:d2df:f809:64d1,4,4,0.00,164.34,0.00,SJC
2606:4700:d0:1473:4ed7:24b8:cc7c:3d20,4,4,0.00,164.34,0.00,SJC
2606:4700:130:0:d0cd:d455:d4c0:36ea,4,4,0.00,164.34,0.00,SJC
2606:4700:130:0:d00a:41aa:e7b5:d9d,4,4,0.00,164.35,0.00,SJC
2606:4700:e:4dd9:c96c:72ca:a8ec:79a3,4,4,0.00,164.35,0.00,SJC
2606:4700:3005:0:38:543b:ceed:f8a6,4,4,0.00,164.35,0.00,SJC
2606:4700:e:4df4:b434:c803:3035:fdec,4,4,0.00,164.35,0.00,SJC
2606:4700:a:0:aff5:1e8e:b334:7e08,4,4,0.00,164.35,0.00,SJC
2606:4700:3000:ac:7538:3c16:33b8:63a9,4,4,0.00,164.35,0.00,SJC
2606:4700:3005:88:99a5:1d15:d5a8:3f61,4,4,0.00,164.35,0.00,SJC
2606:4700:d0:0:d4:b7ad:3ee3:7a51,4,4,0.00,164.35,0.00,SJC
2606:4700:a8:a6:d7a4:417:8b04:2a46,4,4,0.00,164.35,0.00,SJC
2606:4700:3001:d4:6702:1d53:b9c7:8e74,4,4,0.00,164.35,0.00,SJC
2606:4700:d1:873a:73cd:d3a8:4798:f9d6,4,4,0.00,164.36,0.00,SJC
2606:4700:a1:d557:6494:d259:e386:192d,4,4,0.00,164.36,0.00,SJC
2606:4700:a:8:6d4:d501:5f04:fd74,4,4,0.00,164.36,0.00,SJC
2606:4700:3004:cc58:625f:b7c7:4d2f:85f3,4,4,0.00,164.36,0.00,SJC
2606:4700:b:e836:b773:474:7096:8b9d,4,4,0.00,164.36,0.00,SJC
2606:4700:3009:3d:f39b:91f8:a93b:7aa7,4,4,0.00,164.36,0.00,SJC
2606:4700:a8:a6:d7a4:417:8b56:9c45,4,4,0.00,164.36,0.00,SJC
2606:4700:3002:0:89:fc9c:87cd:67c1,4,4,0.00,164.36,0.00,SJC
2606:4700:3009:93b3:3822:911d:5330:1aa9,4,4,0.00,164.36,0.00,SJC
2606:4700:3008:71f2:8151:be2:d07f:dc38,4,4,0.00,164.36,0.00,SJC
2606:4700:e:4df4:b4ed:8a26:b245:1a6b,4,4,0.00,164.37,0.00,SJC
2606:4700:b:da58:748e:20a:ed36:781e,4,4,0.00,164.37,0.00,SJC
2606:4700:130::b9d7:f78e,4,4,0.00,164.37,0.00,SJC
2606:4700:b:da58:c78:9336:535e:1bf5,4,4,0.00,164.37,0.00,SJC
2606:4700:a8:5e:e9ac:d8bc:3886:7c41,4,4,0.00,164.37,0.00,SJC
2606:4700:a9:fafc:ad81:a016:2e63:c7de,4,4,0.00,164.37,0.00,SJC
2606:4700:a9:cf:a7e:2570:5214:3402,4,4,0.00,164.37,0.00,SJC
2606:4700:3005:376f:e7f4:e371:a2c:1797,4,4,0.00,164.38,0.00,SJC
2606:4700:a:8:6d4:d501:5f50:eb63,4,4,0.00,164.38,0.00,SJC
2606:4700:e:77b9:9890:5968:48aa:dad3,4,4,0.00,164.39,0.00,SJC
2606:4700:d1:873a:734a:b936:277:fd23,4,4,0.00,164.39,0.00,SJC
2606:4700:0:d923:c30d:ab6d:6c33:da41,4,4,0.00,164.39,0.00,SJC
2606:4700:c:0:efdb:69ca:e4e3:b186,4,4,0.00,164.39,0.00,SJC
2606:4700:0:d923:495c:668d:9894:b9fa,4,4,0.00,164.39,0.00,SJC
2606:4700:e:4d05:a946:460c:ea03:abc2,4,4,0.00,164.39,0.00,SJC
2606:4700:b:a9:90d6:3b99:834e:62a9,4,4,0.00,164.39,0.00,SJC
2606:4700::81e3:c6cc:77f8:5580,4,4,0.00,164.39,0.00,SJC
2606:4700:3008:71f2:8151:be2:d077:6b81,4,4,0.00,164.39,0.00,SJC
2606:4700:3005:0:f7:dc81:f9cc:6763,4,4,0.00,164.39,0.00,SJC
2606:4700:a8:a6:7a7:cf32:7f1:488d,4,4,0.00,164.39,0.00,SJC
2606:4700:3001:ef60:8b30:b56a:130:5e09,4,4,0.00,164.39,0.00,SJC
2606:4700:c:3cae:c053:d2df:a60e:3c93,4,4,0.00,164.40,0.00,SJC
2606:4700:c:3cae:c053:d2df:a67c:6756,4,4,0.00,164.40,0.00,SJC
2606:4700:0:7129:740d:f1c5:c12b:439e,4,4,0.00,164.40,0.00,SJC
2606:4700:130:f7:c3c2:480c:353d:1f24,4,4,0.00,164.40,0.00,SJC
2606:4700:3004:cc9f:617e:9aec:eb2:d3d,4,4,0.00,164.40,0.00,SJC
2a06:98c1:58:8b10:f6ff:1b37:bf55:e285,4,4,0.00,164.41,0.00,SJC
2606:4700:a:e4:4c2f:bd6a:2248:ab8b,4,4,0.00,164.41,0.00,SJC
2606:4700:d:0:5504:6730:1dbd:bdd4,4,4,0.00,164.41,0.00,SJC
2606:4700:3001:0:54:ff45:9805:d599,4,4,0.00,164.41,0.00,SJC
2606:4700:3001:0:54:ffdc:5e3e:99f,4,4,0.00,164.41,0.00,SJC
2606:4700:f:8383:7a5:4d05:7850:cbfc,4,4,0.00,164.41,0.00,SJC
2606:4700:f:0:4352:f52c:11d5:a2bb,4,4,0.00,164.41,0.00,SJC
2606:4700:a1:d557:6474:d942:2e1:7315,4,4,0.00,164.41,0.00,SJC
2606:4700:3009:93e7:dc06:a80c:cb98:c3e1,4,4,0.00,164.42,0.00,SJC
2606:4700:a9:fa7d:fd1f:5011:72e5:ebe9,4,4,0.00,164.42,0.00,SJC
2606:4700:a:4267:89f7:e5db:3b2a:1201,4,4,0.00,164.42,0.00,SJC
2606:4700:3002:2a:ea2a:d233:ad55:3934,4,4,0.00,164.42,0.00,SJC
2606:4700:3009:b966:7969:2446:e754:6cc9,4,4,0.00,164.42,0.00,SJC
2606:4700:3005:ca:2c89:2f3a:3d39:b1b,4,4,0.00,164.43,0.00,SJC
2606:4700:a9:fa7d:5b1c:7a34:fd6b:254a,4,4,0.00,164.43,0.00,SJC
2606:4700:d:f7:245f:f100:6fa:2bde,4,4,0.00,164.43,0.00,SJC
2606:4700:3004:cc58:f3ad:459e:7c6:a0a3,4,4,0.00,164.43,0.00,SJC
2606:4700:d0:56:7bd7:937:2038:6ea5,4,4,0.00,164.43,0.00,SJC
2606:4700:b:da58:c78:a8f:6a04:41c4,4,4,0.00,164.43,0.00,SJC
2606:4700:c:ce40:8c25:e3c4:42dc:e432,4,4,0.00,164.44,0.00,SJC
2606:4700:3004:b9:dcfc:2f0d:fbd4:9c22,4,4,0.00,164.44,0.00,SJC
2606:4700:130:0:5903:9870:3a38:fe48,4,4,0.00,164.44,0.00,SJC
2606:4700::ea25:b914:37b9:2d6,4,4,0.00,164.44,0.00,SJC
2606:4700:e::fd36:b9d9,4,4,0.00,164.44,0.00,SJC
2606:4700:c:5b:6b6c:9456:ae34:7a6a,4,4,0.00,164.45,0.00,SJC
2606:4700:a1:d557:df4f:337b:a054:97b,4,4,0.00,164.45,0.00,SJC
2606:4700:d1:fa26:1235:6594:79fe:9357,4,4,0.00,164.45,0.00,SJC
2606:4700:3005:0:f7:f349:aa66:2b01,4,4,0.00,164.45,0.00,SJC
2606:4700:d0:56:7b16:2961:e6f9:dd45,4,4,0.00,164.45,0.00,SJC
2606:4700:130:9acb:7b8b:3374:dd74:44d3,4,4,0.00,164.45,0.00,SJC
2606:4700:d0:1403:f10e:280b:1c66:37d4,4,4,0.00,164.45,0.00,SJC
2606:4700:d:f7:24c4:55be:3a90:17e7,4,4,0.00,164.45,0.00,SJC
2606:4700:d0:1473:d38d:4656:75fb:1412,4,4,0.00,164.45,0.00,SJC
2606:4700:a8:a6:759:27d4:e9c8:978b,4,4,0.00,164.45,0.00,SJC
2606:4700:d:19c9:cc93:7293:3ccb:8c01,4,4,0.00,164.46,0.00,SJC
2606:4700:b:0:c517:c98:8d6d:a19f,4,4,0.00,164.46,0.00,SJC
2606:4700:a:0:aff5:7eb0:f8ef:1388,4,4,0.00,164.46,0.00,SJC
2606:4700:3006::3f:cf0a:42bd,4,4,0.00,164.46,0.00,SJC
2606:4700:3001:ef60:ae3b:d16e:ed2c:3b09,4,4,0.00,164.46,0.00,SJC
2606:4700::48ea:f7c9:dfd5:f4a5,4,4,0.00,164.46,0.00,SJC
2606:4700:0:5ce0:7241:9d7a:5d94:8864,4,4,0.00,164.46,0.00,SJC
2606:4700:a8:a6:759:27d4:6352:17b4,4,4,0.00,164.46,0.00,SJC
2606:4700:0:5ce0:d3b3:d9d2:5c89:aec3,4,4,0.00,164.46,0.00,SJC
2606:4700:3009:b966:e976:ea44:f948:cbb6,4,4,0.00,164.46,0.00,SJC
2606:4700::ea5c:c6b4:1435:34a,4,4,0.00,164.46,0.00,SJC
2606:4700:3006:9:62ca:efed:94e4:3edb,4,4,0.00,164.46,0.00,SJC
2606:4700:130::6e0a:827d:ee15,4,4,0.00,164.46,0.00,SJC
2606:4700:3003:cd:9af5:da23:71ad:c52e,4,4,0.00,164.47,0.00,SJC
2606:4700:130:0:d0cd:2af9:5eb3:b1a0,4,4,0.00,164.47,0.00,SJC
2606:4700:a1:d50b:3f59:6e70:2eff:c3ab,4,4,0.00,164.47,0.00,SJC
2606:4700:3008:0:a5:8b8f:6cb7:9422,4,4,0.00,164.47,0.00,SJC
2606:4700:c::d210:64fd:f406,4,4,0.00,164.48,0.00,SJC
2606:4700:a:a05a:1c80:c980:f3a:be7e,4,4,0.00,164.48,0.00,SJC
2606:4700:e:777d:b636:a22b:35a9:32fa,4,4,0.00,164.48,0.00,SJC
2606:4700:d1:873a:7310:6cb7:e07:8e6c,4,4,0.00,164.48,0.00,SJC
2606:4700:a1:d557:6474:2a86:6a57:fb25,4,4,0.00,164.48,0.00,SJC
2606:4700:d0:56:6280:e14a:8c4b:8ec0,4,4,0.00,164.48,0.00,SJC
2606:4700:3002:2a:ea2a:fbaf:80dc:34dd,4,4,0.00,164.48,0.00,SJC
2606:4700:b:da58:748e:fbf1:baa8:2e13,4,4,0.00,164.48,0.00,SJC
2606:4700:3007:d3b6:ded9:af2a:44ea:adcc,4,4,0.00,164.49,0.00,SJC
2606:4700:a:0:d863:18e3:8240:c826,4,4,0.00,164.49,0.00,SJC
2606:4700:3009:93b3:21a2:673b:5d28:8649,4,4,0.00,164.49,0.00,SJC
2606:4700::4840:12b7:adc6:eb3d,4,4,0.00,164.49,0.00,SJC
2606:4700::48ea:f72c:7aa3:2a8b,4,4,0.00,164.49,0.00,SJC
2606:4700:d:0:5504:8d29:25a6:addd,4,4,0.00,164.49,0.00,SJC
2606:4700:d0:56:7b16:9a:f9d5:fd1a,4,4,0.00,164.49,0.00,SJC
2606:4700:3000:ac:707d:68f2:f68a:2317,4,4,0.00,164.49,0.00,SJC
2606:4700:3001:d4:673f:2d42:a211:bd56,4,4,0.00,164.49,0.00,SJC
2606:4700:3005:0:ce9a:1e5d:289:2ff8,4,4,0.00,164.49,0.00,SJC
2606:4700::482e:3a7c:581f:584f,4,4,0.00,164.50,0.00,SJC
2606:4700:c:5b:6b82:be51:5354:f239,4,4,0.00,164.50,0.00,SJC
2606:4700:d0:56:7b16:2961:e6f5:a168,4,4,0.00,164.50,0.00,SJC
2606:4700:3009:937e:2785:c4c0:bc12:c2c,4,4,0.00,164.50,0.00,SJC
2606:4700:c:3c32:80d1:3ea4:144c:f158,4,4,0.00,164.50,0.00,SJC
2606:4700:d1:8795:5072:7c92:301f:ef26,4,4,0.00,164.51,0.00,SJC
2606:4700:e:77be:86dd:5814:3c5a:d5e0,4,4,0.00,164.51,0.00,SJC
2606:4700:c:5b:6b79:487a:721e:af45,4,4,0.00,164.51,0.00,SJC
2606:4700:a:a05a:1cfc:b63d:ab5a:eb49,4,4,0.00,164.51,0.00,SJC
2606:4700:a8:a6:d7a4:1ef8:2c0e:9ea4,4,4,0.00,164.51,0.00,SJC
2606:4700:0:d923:c32a:a0a4:f3d1:516f,4,4,0.00,164.51,0.00,SJC
2606:4700:3005:376f:e7f4:e330:33ca:6cde,4,4,0.00,164.51,0.00,SJC
2606:4700:a1:d50b:6952:d41a:a5bf:852f,4,4,0.00,164.51,0.00,SJC
2606:4700:3005:ca:3abc:b7fa:cb4e:c589,4,4,0.00,164.51,0.00,SJC
2606:4700:3002:0:b68e:8fb6:ca3b:924b,4,4,0.00,164.51,0.00,SJC
2606:4700:a::f472:4c56:3ca2,4,4,0.00,164.52,0.00,SJC
2606:4700:3005:0:cef8:bcd6:a648:f16d,4,4,0.00,164.52,0.00,SJC
2606:4700:d0:56:7be4:a154:eff7:dd31,4,4,0.00,164.52,0.00,SJC
2a06:98c1:58:8b36:8b03:3f28:4e4d:e34a,4,4,0.00,164.52,0.00,SJC
2606:4700:3006:760f:ac82:a5f1:5267:115,4,4,0.00,164.52,0.00,SJC
2606:4700:c:3c32:35aa:f7fd:f58a:1662,4,4,0.00,164.52,0.00,SJC
2606:4700:3004:cc58:6209:53e8:4e73:87fa,4,4,0.00,164.53,0.00,SJC
2606:4700:c:5b:6b79:487a:2b83:5643,4,4,0.00,164.53,0.00,SJC
2606:4700:0:d923:c32a:a06d:fbf5:5b52,4,4,0.00,164.53,0.00,SJC
2606:4700:3009:93b3:e901:6f4c:a41c:5a95,4,4,0.00,164.53,0.00,SJC
2606:4700:c:5b:58cf:a9a9:6531:6253,4,4,0.00,164.53,0.00,SJC
2a06:98c1:58:8b10:e64:e5c4:e1c3:5631,4,4,0.00,164.53,0.00,SJC
2606:4700:3002:0:ae:dc00:f81e:2f1b,4,4,0.00,164.53,0.00,SJC
2606:4700:3009:a8:115a:7431:9826:7739,4,4,0.00,164.53,0.00,SJC
2606:4700::ea5b:d587:abcf:27c0,4,4,0.00,164.54,0.00,SJC
2606:4700:3001::3f:db86:67e8,4,4,0.00,164.54,0.00,SJC
2606:4700:0:5c07:fa3e:ea2d:bdd6:9ddc,4,4,0.00,164.54,0.00,SJC
2606:4700:3001:0:5b49:c2dd:9e30:6539,4,4,0.00,164.54,0.00,SJC
2606:4700:a9:cf:a49:d1f2:6e8f:316,4,4,0.00,164.54,0.00,SJC
2606:4700:3005:376f:e7f4:f145:6ec6:b295,4,4,0.00,164.54,0.00,SJC
2606:4700:3009:93e7:dc06:a8e1:b30a:496e,4,4,0.00,164.54,0.00,SJC
2606:4700:e:4d05:a1d2:954e:fee9:20e2,4,4,0.00,164.55,0.00,SJC
2606:4700:d1:d9:588b:a6b7:ba4:116e,4,4,0.00,164.55,0.00,SJC
2606:4700:a8:bbaf:2086:ae3a:a781:8462,4,4,0.00,164.55,0.00,SJC
2606:4700:a::ce:e74e:e94e,4,4,0.00,164.56,0.00,SJC
2606:4700:c:3cae:393d:890d:31f5:3ca,4,4,0.00,164.56,0.00,SJC
2606:4700:b:0:c559:2dcc:c08b:c66e,4,4,0.00,164.56,0.00,SJC
2606:4700:3009:93e7:dc06:c52c:221e:26e7,4,4,0.00,164.56,0.00,SJC
2606:4700:3001:0:5b49:d9fc:4cbd:9d78,4,4,0.00,164.56,0.00,SJC
2606:4700:a:8:6d4:d57e:5fff:e730,4,4,0.00,164.56,0.00,SJC
2606:4700:3005:ca:20ff:ab9d:7aba:f869,4,4,0.00,164.56,0.00,SJC
2606:4700::ea5b:bf15:7eea:6a,4,4,0.00,164.56,0.00,SJC
2606:4700:c:3c32:35aa:f718:e318:a3c3,4,4,0.00,164.57,0.00,SJC
2606:4700:3004:cc58:f3ad:f7e2:1795:17b9,4,4,0.00,164.57,0.00,SJC
2606:4700:d1:8795:502a:2c17:e0e6:919b,4,4,0.00,164.57,0.00,SJC
2606:4700:3008:f6:1fd4:c52e:5b43:4100,4,4,0.00,164.57,0.00,SJC
2606:4700:a1:d557:6474:d97d:4786:7d51,4,4,0.00,164.57,0.00,SJC
2606:4700:d:0:55b2:4912:d81f:df9b,4,4,0.00,164.58,0.00,SJC
2606:4700:a::f4:b8cf,4,4,0.00,164.58,0.00,SJC
2606:4700:3001:bb:70f1:947b:dd81:87ec,4,4,0.00,164.58,0.00,SJC
2606:4700:e:0:5c81:7429:2ef9:cb16,4,4,0.00,164.58,0.00,SJC
2606:4700:3001:ef60:ae7d:70b9:fc26:8277,4,4,0.00,164.59,0.00,SJC
2606:4700:e:4d05:a946:b27f:a3e4:33a0,4,4,0.00,164.59,0.00,SJC
2606:4700:3001:efe8:9dd3:3c48:9e44:ba89,4,4,0.00,164.59,0.00,SJC
2606:4700:3005:376f:586:f504:5de1:6d9e,4,4,0.00,164.59,0.00,SJC
2606:4700:a8:0:a64f:613a:6308:7875,4,4,0.00,164.59,0.00,SJC
2606:4700:3006:0:f7:389a:5fd2:a5a5,4,4,0.00,164.59,0.00,SJC
2606:4700:b:a9:90d6:3b99:83c6:1a45,4,4,0.00,164.59,0.00,SJC
2606:4700:3005:376f:1cd2:8196:3325:3469,4,4,0.00,164.59,0.00,SJC
2606:4700:a8:5e:e9ac:d82e:3ca0:2ad2,4,4,0.00,164.59,0.00,SJC
2a06:98c1:58:0:ea:9edc:3881:3576,4,4,0.00,164.59,0.00,SJC
2606:4700:a8:bbaf:2064:5535:721d:1b08,4,4,0.00,164.59,0.00,SJC
2606:4700:3008:71f2:18c9:bfbc:8b10:b33e,4,4,0.00,164.59,0.00,SJC
2606:4700:a:0:ae:defb:4e8d:75cb,4,4,0.00,164.59,0.00,SJC
2606:4700:d0:14e8:198a:3:9274:1fda,4,4,0.00,164.59,0.00,SJC
2606:4700:d0:1473:d38d:4656:a1b1:ef7f,4,4,0.00,164.59,0.00,SJC
2a06:98c1:58:cb:3ece:6820:e8af:c602,4,4,0.00,164.59,0.00,SJC
2606:4700:c::aa9:7f0,4,4,0.00,164.59,0.00,SJC
2606:4700:3008:71f2:184a:4d43:afaa:8d22,4,4,0.00,164.59,0.00,SJC
2606:4700:d0:14e8:198a:ece1:e351:2721,4,4,0.00,164.60,0.00,SJC
2606:4700:3009:a8:69bd:b8f7:84c2:bd50,4,4,0.00,164.60,0.00,SJC
2606:4700:d:f7:24c4:5598:b41a:60dc,4,4,0.00,164.60,0.00,SJC
2606:4700:3003:cd:2dbc:4923:d59f:efec,4,4,0.00,164.60,0.00,SJC
2606:4700:130:0:d0cd:2a6e:15f:30d0,4,4,0.00,164.60,0.00,SJC
2606:4700:a:a05a:5e9f:7d6a:99c5:1fa1,4,4,0.00,164.61,0.00,SJC
2606:4700:d:1936:d562:f1c3:fd10:1b3b,4,4,0.00,164.61,0.00,SJC
2606:4700:e:77b9:9890:b4e9:f3be:6897,4,4,0.00,164.61,0.00,SJC
2606:4700:c:5b:6b82:be51:a24e:2d78,4,4,0.00,164.61,0.00,SJC
2606:4700:0:5ce0:7241:7ed9:85a:b3dc,4,4,0.00,164.62,0.00,SJC
2606:4700:b:e836:b756:2587:53da:b4f2,4,4,0.00,164.62,0.00,SJC
2606:4700:3004::71:bb68:ee9d,4,4,0.00,164.62,0.00,SJC
2606:4700:a8:a6:d7a4:417:470b:31a6,4,4,0.00,164.62,0.00,SJC
2606:4700:3002:28:f530:6788:2fb1:e962,4,4,0.00,164.62,0.00,SJC
2606:4700:d1:fa26:5ec0:2c7a:5d94:7da4,4,4,0.00,164.62,0.00,SJC
2606:4700:d0:1403:7c10:872e:47e9:3273,4,4,0.00,164.62,0.00,SJC
2606:4700:3008:f6:1fd5:902c:aeeb:ec6e,4,4,0.00,164.63,0.00,SJC
2606:4700::48ea:5311:429c:deb6,4,4,0.00,164.63,0.00,SJC
2606:4700:d0:1403:f10e:afd5:8ef1:74cb,4,4,0.00,164.63,0.00,SJC
2606:4700:d:1996:da17:abf3:6e3d:67d6,4,4,0.00,164.63,0.00,SJC
2606:4700:3002:fec3:8ae3:3fea:bc39:9065,4,4,0.00,164.63,0.00,SJC
2606:4700:3005:ca:2cba:69d6:cb21:8df9,4,4,0.00,164.63,0.00,SJC
2606:4700:3005:ca:2cba:16ce:bce8:d633,4,4,0.00,164.63,0.00,SJC
2606:4700:a8:5e:1ec4:4ab6:c7a3:b5bc,4,4,0.00,164.63,0.00,SJC
2606:4700:d1:fa26:12d6:d6ca:bde0:f574,4,4,0.00,164.64,0.00,SJC
2606:4700:3009:b966:e91c:d274:3fb8:8a0c,4,4,0.00,164.64,0.00,SJC
2606:4700:130:0:d0cd:2a6e:198:1955,4,4,0.00,164.64,0.00,SJC
2606:4700:3004:5c:961e:545f:6898:eeb9,4,4,0.00,164.64,0.00,SJC
2606:4700:a8:0:a554:ff4c:22b8:f64f,4,4,0.00,164.64,0.00,SJC
2606:4700:3005::a92c:933f:ee70,4,4,0.00,164.64,0.00,SJC
2a06:98c1:58:8b10:f6ff:ae1f:8e4e:52e,4,4,0.00,164.64,0.00,SJC
2606:4700:130:f7:c3c2:484e:fa46:f95a,4,4,0.00,164.64,0.00,SJC
2606:4700:a:0:8a:afc0:6780:f1b9,4,4,0.00,164.65,0.00,SJC
2606:4700:3001:0:5b49:d96b:941b:de07,4,4,0.00,164.65,0.00,SJC
2606:4700:a9:fa7d:fd1f:5011:724f:312c,4,4,0.00,164.65,0.00,SJC
2606:4700:3006:0:eaf3:143a:67b2:db96,4,4,0.00,164.65,0.00,SJC
2606:4700:3009:93b3:e942:4f07:e953:678b,4,4,0.00,164.65,0.00,SJC
2606:4700:3003:cd:2dd0:8f33:b268:462,4,4,0.00,164.65,0.00,SJC
2606:4700:d1:fa76:3bf1:89a1:2b34:4594,4,4,0.00,164.65,0.00,SJC
2606:4700:a1:74:ae94:7eb0:f139:6efd,4,4,0.00,164.65,0.00,SJC
2606:4700:3009:93b3:2149:79e9:918b:2692,4,4,0.00,164.65,0.00,SJC
2606:4700:0:d923:c357:bc:71bd:fbcd,4,4,0.00,164.66,0.00,SJC
2606:4700:d:1936:d5ab:c32c:4e65:496f,4,4,0.00,164.66,0.00,SJC
2606:4700:a1:d557:64a8:6a83:6323:5dde,4,4,0.00,164.66,0.00,SJC
2606:4700:e:0:cef7:c4c:3f76:18b4,4,4,0.00,164.66,0.00,SJC
2606:4700:f:8383:7a5:4d05:dea5:1ccb,4,4,0.00,164.66,0.00,SJC
2606:4700:d:0:5504:cc20:b3c0:e22,4,4,0.00,164.66,0.00,SJC
2606:4700:d0:1403:fb17:f3c1:9ecb:f842,4,4,0.00,164.66,0.00,SJC
2606:4700:d:1d:1e07:39c8:997c:6beb,4,4,0.00,164.66,0.00,SJC
2606:4700:a:8:f2c1:5a13:e762:5db8,4,4,0.00,164.66,0.00,SJC
2606:4700:f:0:39cf:bee6:eeb6:7d7c,4,4,0.00,164.66,0.00,SJC
2606:4700:d0:1403:f179:e32e:ce0e:f921,4,4,0.00,164.67,0.00,SJC
2606:4700:3008:71f2:18a4:171:df94:d660,4,4,0.00,164.67,0.00,SJC
2606:4700:3004:b9:dcfc:2f0d:d3d8:288a,4,4,0.00,164.67,0.00,SJC
2606:4700:0:5ce0:7210:3dbd:1329:3313,4,4,0.00,164.67,0.00,SJC
2606:4700:3009:3d:aea9:8661:54d5:d97c,4,4,0.00,164.67,0.00,SJC
2606:4700:c:5b:6779:f637:1347:c246,4,4,0.00,164.67,0.00,SJC
2606:4700:3001:d4:678e:62ce:93fb:73cb,4,4,0.00,164.67,0.00,SJC
2606:4700:d:1d:1eaf:3b92:1559:cfaa,4,4,0.00,164.68,0.00,SJC
2606:4700:d:1d:1eaf:3b0d:5fbb:f30f,4,4,0.00,164.68,0.00,SJC
2606:4700:f:bd2f:97c5:f1cb:fa5c:576f,4,4,0.00,164.68,0.00,SJC
2606:4700:d0:1403:fbac:4357:c46b:92bf,4,4,0.00,164.68,0.00,SJC
2606:4700:a1:d5be:a5f5:4425:3967:d819,4,4,0.00,164.68,0.00,SJC
2606:4700:e:4d05:a931:71fe:a9f0:6059,4,4,0.00,164.68,0.00,SJC
2606:4700:a9:fa6e:5f28:e6d1:8367:ced2,4,4,0.00,164.68,0.00,SJC
2606:4700:0:5c18:ccc0:500:4f46:c68c,4,4,0.00,164.68,0.00,SJC
2606:4700:3007:0:c2:b1e6:31f8:9071,4,4,0.00,164.68,0.00,SJC
2606:4700:a1:d50b:6952:bb7c:4731:83a6,4,4,0.00,164.69,0.00,SJC
2606:4700:3003:13ee:bf90:6518:2dc3:6016,4,4,0.00,164.69,0.00,SJC
2606:4700:3005:ca:3abc:b7fa:be30:b0a9,4,4,0.00,164.69,0.00,SJC
2606:4700:a9:cf:a07:1193:d141:3cca,4,4,0.00,164.69,0.00,SJC
2606:4700:3006:0:ea19:1436:92a0:128d,4,4,0.00,164.69,0.00,SJC
2606:4700:0:d923:495c:a130:623:2659,4,4,0.00,164.69,0.00,SJC
2a06:98c1:58:8b36:8b03:3f28:7a1:78e4,4,4,0.00,164.69,0.00,SJC
2606:4700:a8:bb96:1fef:c98f:afae:8e1e,4,4,0.00,164.69,0.00,SJC
2606:4700:d1:fa26:12d6:d6ca:bd3e:f4f6,4,4,0.00,164.70,0.00,SJC
2606:4700::ea5b:bf15:7ec5:72b7,4,4,0.00,164.70,0.00,SJC
2606:4700:3001:ef60:ae3b:fbd3:55bd:31ef,4,4,0.00,164.70,0.00,SJC
2606:4700:d0:56:687c:6898:73fc:9c0d,4,4,0.00,164.70,0.00,SJC
2606:4700:b:da58:c78:7044:131e:bb8e,4,4,0.00,164.70,0.00,SJC
2606:4700:3004:5c:fa4b:ab8:c89f:c0d4,4,4,0.00,164.70,0.00,SJC
2606:4700:3000::64:9a26:26a3,4,4,0.00,164.70,0.00,SJC
2606:4700:d1:d9:6234:58e5:6e5b:2c4f,4,4,0.00,164.70,0.00,SJC
2606:4700:d1:873a:ac41:6b82:8c01:fe73,4,4,0.00,164.70,0.00,SJC
2a06:98c1:58:8b10:f62b:cd91:521d:cfaa,4,4,0.00,164.70,0.00,SJC
2606:4700:a9:fa7d:fd70:d08c:2c01:7855,4,4,0.00,164.70,0.00,SJC
2606:4700:3006:9:d132:27da:ea85:4853,4,4,0.00,164.71,0.00,SJC
2606:4700:3002:2a:ea92:7d5d:38ab:bb53,4,4,0.00,164.71,0.00,SJC
2606:4700::eab7:f976:462b:f140,4,4,0.00,164.71,0.00,SJC
2606:4700:a:8:2b1a:d19f:9099:739d,4,4,0.00,164.71,0.00,SJC
2a06:98c1:58:8b36:e49d:9f89:1b0c:440a,4,4,0.00,164.71,0.00,SJC
2606:4700:e:777d:3a1f:b3d:7a17:ea14,4,4,0.00,164.71,0.00,SJC
2606:4700:a9:cf:a7e:2570:527b:6d5a,4,4,0.00,164.71,0.00,SJC
2606:4700:d1:d9:5851:43fb:ac0:6e08,4,4,0.00,164.71,0.00,SJC
2606:4700:c:3cae:39f6:d6f4:daa7:5cad,4,4,0.00,164.71,0.00,SJC
2606:4700:d1:8795:5072:2898:8158:cdb7,4,4,0.00,164.72,0.00,SJC
2606:4700::482e:4956:29bc:1ae7,4,4,0.00,164.72,0.00,SJC
2606:4700:d:19c9:cc93:7293:e66a:5140,4,4,0.00,164.72,0.00,SJC
2606:4700:3001:ef60:8b30:68d:521e:2c90,4,4,0.00,164.72,0.00,SJC
2606:4700:a1:d50b:3f59:6edf:4889:9057,4,4,0.00,164.73,0.00,SJC
2606:4700:d:0:5504:8db2:24c2:10e7,4,4,0.00,164.73,0.00,SJC
2606:4700:a1:0:ba:5e0c:a0f7:a988,4,4,0.00,164.73,0.00,SJC
2606:4700:e:777d:3a1f:b3d:7a93:8bf3,4,4,0.00,164.73,0.00,SJC
2606:4700:0:7129:dec2:a54a:1241:ef3c,4,4,0.00,164.73,0.00,SJC
2606:4700:3001:d4:678e:ba03:2358:b72a,4,4,0.00,164.74,0.00,SJC
2606:4700:3001:d4:678e:ba03:23c7:2de2,4,4,0.00,164.74,0.00,SJC
2606:4700:3009:0:82b4:502d:bb13:f4dc,4,4,0.00,164.74,0.00,SJC
2606:4700:a:0:8a:b7a9:dcd:4aba,4,4,0.00,164.74,0.00,SJC
2606:4700:3008:71f2:8151:b4e:c804:34c,4,4,0.00,164.74,0.00,SJC
2606:4700:c:3c32:8080:eed1:bc3e:5778,4,4,0.00,164.74,0.00,SJC
2606:4700:3006:7690:9d77:c6fe:adc4:b0df,4,4,0.00,164.74,0.00,SJC
2606:4700:3009:b966:9056:c8a1:a87c:d5b3,4,4,0.00,164.74,0.00,SJC
2606:4700:3005:376f:1c48:3bc2:11b:6aac,4,4,0.00,164.75,0.00,SJC
2606:4700:e:21:d488:39a4:31fa:d33,4,4,0.00,164.75,0.00,SJC
2a06:98c1:58:74:f888:b27:9123:f09,4,4,0.00,164.75,0.00,SJC
2606:4700:d0:56:7b16:2961:e6e6:3e31,4,4,0.00,164.75,0.00,SJC
2606:4700:c:5b:6779:f631:6aeb:e690,4,4,0.00,164.75,0.00,SJC
2606:4700::ea25:b914:37ed:c2e0,4,4,0.00,164.75,0.00,SJC
2606:4700:d1:fa26:5e38:68c2:849b:9d5d,4,4,0.00,164.75,0.00,SJC
2606:4700:3008:71f2:18a4:415f:4d21:3f69,4,4,0.00,164.75,0.00,SJC
2606:4700:3005:ca:2cba:69d6:ae03:130f,4,4,0.00,164.75,0.00,SJC
2606:4700:3005:376f:586:9ab:399:ca52,4,4,0.00,164.75,0.00,SJC
2606:4700:3009:93e7:dc9d:ac84:4ad6:fce3,4,4,0.00,164.75,0.00,SJC
2606:4700:3009:93e7:dc9d:ac50:cac6:f0a,4,4,0.00,164.75,0.00,SJC
2a06:98c1:58:0:95fb:c85c:6faf:ce0e,4,4,0.00,164.75,0.00,SJC
2606:4700:3003:1329:584c:b504:18cc:3a8,4,4,0.00,164.75,0.00,SJC
2606:4700:f:0:f6d0:8a1e:f248:4248,4,4,0.00,164.75,0.00,SJC
2606:4700:a1:d557:df83:34f7:d452:4737,4,4,0.00,164.75,0.00,SJC
2606:4700:3005:376f:586:f5d1:cb5d:9c6c,4,4,0.00,164.76,0.00,SJC
2606:4700::61:33f3:c61d,4,4,0.00,164.76,0.00,SJC
2606:4700:a::17:760d:aac4,4,4,0.00,164.76,0.00,SJC
2606:4700:f:0:f6d0:8a1e:f20a:d9c9,4,4,0.00,164.76,0.00,SJC
2606:4700:3009:93e7:dc06:a80c:dbf4:106,4,4,0.00,164.76,0.00,SJC
2606:4700:3006:760f:ac36:75d0:ff74:202c,4,4,0.00,164.76,0.00,SJC
2606:4700::4840:120b:46fd:104,4,4,0.00,164.76,0.00,SJC
2606:4700:d0:0:d5:ecd8:b135:c446,4,4,0.00,164.76,0.00,SJC
2606:4700:3001:ef60:ae7c:c0fe:9b2b:c07e,4,4,0.00,164.76,0.00,SJC
2606:4700:3006:9:d130:8ac7:6aca:823a,4,4,0.00,164.77,0.00,SJC
2606:4700:3001:d4:678e:6290:ccd8:fa5e,4,4,0.00,164.77,0.00,SJC
2606:4700:a9:997c:e41a:f97e:d25b:d474,4,4,0.00,164.77,0.00,SJC
2606:4700:b:0:c517:c98:5273:8887,4,4,0.00,164.77,0.00,SJC
2606:4700:c:3cae:393d:eebb:6e4e:fdf5,4,4,0.00,164.77,0.00,SJC
2606:4700:a9:fa6e:5f28:e6d1:5197:4af5,4,4,0.00,164.77,0.00,SJC
2606:4700:3004:0:9b48:645e:aabf:7043,4,4,0.00,164.77,0.00,SJC
2606:4700::484c:1244:5195:3c62,4,4,0.00,164.78,0.00,SJC
2606:4700:130:0:36:3766:dd0d:7051,4,4,0.00,164.78,0.00,SJC
2606:4700:3009:0:f5:3c23:499b:dbde,4,4,0.00,164.78,0.00,SJC
2a06:98c1:58:0:95fb:c8f9:29f:229e,4,4,0.00,164.78,0.00,SJC
2606:4700:a1::65ab:a32c:36ce,4,4,0.00,164.78,0.00,SJC
2606:4700:a8:a6:7a7:1da4:5722:2c9c,4,4,0.00,164.78,0.00,SJC
2606:4700:d0:1403:f10e:afd5:f802:fa0f,4,4,0.00,164.78,0.00,SJC
2606:4700:0:5ce0:7241:9d57:ff5d:db4c,4,4,0.00,164.78,0.00,SJC
2606:4700:0:d923:c357:9638:d407:c3c4,4,4,0.00,164.78,0.00,SJC
2606:4700:3006:0:ea19:adca:1dc2:5b2b,4,4,0.00,164.78,0.00,SJC
2606:4700:a9:fa7d:fd70:d022:a9ef:9271,4,4,0.00,164.79,0.00,SJC
2606:4700:3009:b966:e91c:d2bb:8ec3:982d,4,4,0.00,164.79,0.00,SJC
2606:4700:3003:cd:9afd:34f3:7805:4b91,4,4,0.00,164.79,0.00,SJC
2a06:98c1:58:0:9502:2f03:9c2e:9232,4,4,0.00,164.79,0.00,SJC
2606:4700:3001:0:5bf3:ec3e:441d:9962,4,4,0.00,164.79,0.00,SJC
2a06:98c1:58:8bba:2412:7266:29e6:8894,4,4,0.00,164.79,0.00,SJC
2606:4700:a:0:af44:bb40:9ba7:8f80,4,4,0.00,164.80,0.00,SJC
2606:4700:3003:13ee:bf90:4e0e:2e52:391c,4,4,0.00,164.80,0.00,SJC
2606:4700:a9:fa7d:fd1f:503c:5b15:5786,4,4,0.00,164.80,0.00,SJC
2606:4700:0:d923:49e4:e7f7:f051:6470,4,4,0.00,164.80,0.00,SJC
2606:4700:3006:7690:9d77:6115:6ced:8514,4,4,0.00,164.80,0.00,SJC
2606:4700:d0:1473:a47c:70e3:942c:cbb3,4,4,0.00,164.81,0.00,SJC
2606:4700:f::ff32:5de7:5526,4,4,0.00,164.81,0.00,SJC
2606:4700:d:0:5504:cc20:3200:a83d,4,4,0.00,164.81,0.00,SJC
2606:4700:a9:fafc:ad12:3cb8:94cc:2b29,4,4,0.00,164.81,0.00,SJC
2606:4700:3001:d4:678e:baf9:c9b6:40b0,4,4,0.00,164.81,0.00,SJC
2606:4700:d1:873a:7310:6cb7:58ac:924f,4,4,0.00,164.81,0.00,SJC
2606:4700:3003::9a2c:68e3:a71e,4,4,0.00,164.82,0.00,SJC
2606:4700:b:da58:c78:70b8:3992:442f,4,4,0.00,164.82,0.00,SJC
2606:4700:d:f7:24c4:df03:645:7ee9,4,4,0.00,164.82,0.00,SJC
2606:4700:d1::fa30:4d41:9a8f,4,4,0.00,164.82,0.00,SJC
2606:4700:3007::2f70:5eca:7e8,4,4,0.00,164.82,0.00,SJC
2606:4700:a1:d50b:3f59:cd98:50b7:99a9,4,4,0.00,164.82,0.00,SJC
2606:4700:d0:14e8:6eb1:3451:de0f:d66b,4,4,0.00,164.82,0.00,SJC
2a06:98c1:58:8b36:e49d:3179:2374:25eb,4,4,0.00,164.82,0.00,SJC
2606:4700:3001:d4:678e:baf9:2e17:c257,4,4,0.00,164.83,0.00,SJC
2606:4700:a:c528:9b75:d664:3e7f:c1f4,4,4,0.00,164.83,0.00,SJC
2606:4700:a8:a6:7a7:cfbf:3616:9709,4,4,0.00,164.83,0.00,SJC
2606:4700:b:0:c517:47d4:a288:3cb3,4,4,0.00,164.83,0.00,SJC
2a06:98c1:58:0:95bb:ff08:30c1:def9,4,4,0.00,164.83,0.00,SJC
2606:4700::61:332d:ac70,4,4,0.00,164.84,0.00,SJC
2606:4700:130:0:59a5:2b06:6a87:d059,4,4,0.00,164.84,0.00,SJC
2606:4700:a9:fa7d:fd1f:503c:5be2:1ec2,4,4,0.00,164.84,0.00,SJC
2606:4700:3008:f6:165a:5121:5cc8:36cf,4,4,0.00,164.84,0.00,SJC
2606:4700:a:0:d863:18e3:82d7:7f4b,4,4,0.00,164.84,0.00,SJC
2606:4700:d1:fa76:a43a:70fe:96e5:3311,4,4,0.00,164.84,0.00,SJC
2606:4700:3002:0:89:fc16:d2b1:86ec,4,4,0.00,164.84,0.00,SJC
2606:4700:d:f7:245f:f15e:de58:3ecd,4,4,0.00,164.85,0.00,SJC
2606:4700:3009:93b3:21a2:a7e2:70d3:cedf,4,4,0.00,164.85,0.00,SJC
2606:4700:3004:aca6:a302:b5f0:ab67:be45,4,4,0.00,164.85,0.00,SJC
2606:4700:3008:f6:1f0c:d0c0:6a50:9db2,4,4,0.00,164.85,0.00,SJC
2606:4700:a1:0:ba:7314:a51:a4e,4,4,0.00,164.85,0.00,SJC
2606:4700:d1:fa26:127e:2857:166e:b59e,4,4,0.00,164.85,0.00,SJC
2606:4700:3003:cd:9a7c:6d90:d1ee:77a1,4,4,0.00,164.85,0.00,SJC
2606:4700:b:0:c517:cad:97b1:39aa,4,4,0.00,164.86,0.00,SJC
2606:4700:d1:873a:7310:6cb7:eda:b7bc,4,4,0.00,164.86,0.00,SJC
2606:4700:0:7129:740d:b10d:3d59:fa27,4,4,0.00,164.86,0.00,SJC
2606:4700:d0:1403:f10e:28a4:4053:5a8f,4,4,0.00,164.86,0.00,SJC
2606:4700:a:4267:8964:764a:bf8d:5e22,4,4,0.00,164.86,0.00,SJC
2606:4700:a1:d50b:6952:d41a:adae:b6ed,4,4,0.00,164.86,0.00,SJC
2606:4700::bd:818,4,4,0.00,164.86,0.00,SJC
2606:4700:3001:d4:678e:62ce:93d0:3243,4,4,0.00,164.86,0.00,SJC
2606:4700:a9:cf:a49:eccb:1ee9:c114,4,4,0.00,164.86,0.00,SJC
2606:4700:3003:1329:f1a:2e1e:5ca:fa1c,4,4,0.00,164.87,0.00,SJC
2606:4700:3005:0:ce9a:1ef8:edf7:d483,4,4,0.00,164.87,0.00,SJC
2606:4700:f:8383:7a5:4d9d:c257:b613,4,4,0.00,164.87,0.00,SJC
2606:4700::ea5c:c676:6286:d04e,4,4,0.00,164.87,0.00,SJC
2606:4700::ea5b:d587:483f:de34,4,4,0.00,164.87,0.00,SJC
2606:4700:a1:d557:6494:4381:d22d:9df2,4,4,0.00,164.87,0.00,SJC
2606:4700:b::f7fd:78f3,4,4,0.00,164.87,0.00,SJC
2606:4700:a9:fafc:ad53:5b78:30ea:8795,4,4,0.00,164.87,0.00,SJC
2606:4700:a8:a6:d744:93a2:989a:445d,4,4,0.00,164.87,0.00,SJC
2606:4700:a8:a6:d744:8a5:ea72:8e11,4,4,0.00,164.87,0.00,SJC
2606:4700:3009:a8:69bb:43d8:b1e:aee1,4,4,0.00,164.88,0.00,SJC
2606:4700:3002:2a:ea92:7d5d:381d:c1e1,4,4,0.00,164.88,0.00,SJC
2606:4700:0:88:5419:70ac:a7b0:8623,4,4,0.00,164.88,0.00,SJC
2606:4700:130:0:59ee:600d:3cef:362a,4,4,0.00,164.88,0.00,SJC
2606:4700:0:88:5448:c250:62a5:336f,4,4,0.00,164.88,0.00,SJC
2606:4700:e:77b9:9832:e704:8d7d:3d76,4,4,0.00,164.89,0.00,SJC
2606:4700:a1:2f:932f:6611:afe5:7aa,4,4,0.00,164.89,0.00,SJC
2606:4700:d:da45:a180:b61e:ec3f:4491,4,4,0.00,164.89,0.00,SJC
2606:4700:d0:0:d4:df70:9fa4:4b37,4,4,0.00,164.89,0.00,SJC
2606:4700:a8:a6:7a7:26f3:144:c42f,4,4,0.00,164.90,0.00,SJC
2606:4700:d0:56:7be4:53e3:a38f:bdbd,4,4,0.00,164.90,0.00,SJC
2606:4700:0:d923:49e4:1f08:cf77:fb9f,4,4,0.00,164.90,0.00,SJC
2606:4700:d0::6b23:6527:b06b,4,4,0.00,164.90,0.00,SJC
2606:4700:d0:56:e2d8:9a0:eacf:f6ac,4,4,0.00,164.90,0.00,SJC
2606:4700:3004:b9:dc32:18b4:1479:c031,4,4,0.00,164.90,0.00,SJC
2606:4700:a:0:8a:d58c:87e9:888c,4,4,0.00,164.90,0.00,SJC
2606:4700:a8:bbaf:e562:8f53:712a:4815,4,4,0.00,164.90,0.00,SJC
2606:4700:a1:d5be:a581:9692:e8e3:9413,4,4,0.00,164.90,0.00,SJC
2606:4700:a9:fa7d:5bf0:1be2:ed87:5b72,4,4,0.00,164.90,0.00,SJC
2606:4700:3004:ac9d:a78f:c7fd:7f4f:2a0c,4,4,0.00,164.90,0.00,SJC
2606:4700:a8:a6:d7a4:1e13:21e7:b224,4,4,0.00,164.90,0.00,SJC
2606:4700:c:5b:6bda:7fed:2f6f:7aaa,4,4,0.00,164.90,0.00,SJC
2a06:98c1:58:cb:e0a1:5f7:50e1:5e33,4,4,0.00,164.91,0.00,SJC
2606:4700:3004:cc58:d522:c14:6bf0:b9f7,4,4,0.00,164.91,0.00,SJC
2606:4700:0:5c07:1a7e:8192:2a09:a1d,4,4,0.00,164.91,0.00,SJC
2606:4700:0:5ce0:d3b3:d9d2:e940:dc2c,4,4,0.00,164.92,0.00,SJC
2606:4700:d1:8795:5072:feeb:7e93:fd09,4,4,0.00,164.92,0.00,SJC
2606:4700:3009:0:fd46:d18b:fa3d:2653,4,4,0.00,164.92,0.00,SJC
2606:4700:a9:cf:ab0:6871:785b:26b1,4,4,0.00,164.92,0.00,SJC
2606:4700::ea25:b91a:3920:8a7d,4,4,0.00,164.92,0.00,SJC
2606:4700::ea5b:698d:fa8f:2316,4,4,0.00,164.92,0.00,SJC
2606:4700:e:57:5863:561a:7fed:4c03,4,4,0.00,164.92,0.00,SJC
2606:4700:3008::c9b9:d3c0,4,4,0.00,164.92,0.00,SJC
2606:4700:0:d923:c32a:5b68:e192:e9a1,4,4,0.00,164.92,0.00,SJC
2606:4700:d1:8795:5072:283b:2fc9:f9e4,4,4,0.00,164.92,0.00,SJC
2a06:98c1:58:8bba:24ce:2d90:962e:1b09,4,4,0.00,164.93,0.00,SJC
2606:4700:3005:ca:2054:2c29:3873:3a77,4,4,0.00,164.93,0.00,SJC
2606:4700:130:0:36:b614:697c:5c04,4,4,0.00,164.93,0.00,SJC
2606:4700:b:da58:748e:2a1:a8ac:b672,4,4,0.00,164.93,0.00,SJC
2606:4700:d0:1403:fb17:f351:7fb3:e3ec,4,4,0.00,164.93,0.00,SJC
2606:4700:e:4d05:a1d2:954e:2f5a:2665,4,4,0.00,164.93,0.00,SJC
2606:4700::ae:36e1:153:a0d9,4,4,0.00,164.93,0.00,SJC
2606:4700::48f0:5584:ce8e:7032,4,4,0.00,164.93,0.00,SJC
2606:4700:d0:1473:4e02:ff7:a836:e617,4,4,0.00,164.93,0.00,SJC
2606:4700:c:0:efdb:d157:698f:c2d5,4,4,0.00,164.94,0.00,SJC
2606:4700:c:3cae:2db1:a921:46fc:4795,4,4,0.00,164.94,0.00,SJC
2606:4700:130:0:59ee:60fa:6aa4:8912,4,4,0.00,164.94,0.00,SJC
2606:4700:a9::b37f:1e9d:a79e,4,4,0.00,164.94,0.00,SJC
2606:4700:3007:0:c2:b19e:6da6:6d8d,4,4,0.00,164.95,0.00,SJC
2606:4700:d:da45:a180:b619:9b0d:ef05,4,4,0.00,164.95,0.00,SJC
2606:4700:3001:ef60:8be8:92f2:bf89:8c2e,4,4,0.00,164.95,0.00,SJC
2606:4700:e:21:d488:3920:811c:7282,4,4,0.00,164.95,0.00,SJC
2606:4700:e:21:d488:3913:cc5c:5899,4,4,0.00,164.95,0.00,SJC
2606:4700:d1:fa26:5e38:68c2:8463:cd69,4,4,0.00,164.95,0.00,SJC
2606:4700:e:0:5ce3:64f1:804e:5763,4,4,0.00,164.95,0.00,SJC
2606:4700:f:0:f601:6108:76e7:6201,4,4,0.00,164.95,0.00,SJC
2606:4700:f:0:f601:6108:761a:a854,4,4,0.00,164.95,0.00,SJC
2606:4700:0:88:5419:c7b3:dc73:5386,4,4,0.00,164.95,0.00,SJC
2606:4700:0:5c18:ccc0:508:d70d:a1c2,4,4,0.00,164.95,0.00,SJC
2606:4700:e:77be:8649:9454:61c0:b2c3,4,4,0.00,164.95,0.00,SJC
2606:4700:0:d923:4945:19bb:2e62:7367,4,4,0.00,164.95,0.00,SJC
2606:4700::ae:36e1:189:9f21,4,4,0.00,164.95,0.00,SJC
2606:4700:3001:ef60:ae7d:7098:92a0:ef87,4,4,0.00,164.95,0.00,SJC
2606:4700:d1:d9:588b:a676:10cc:d82,4,4,0.00,164.95,0.00,SJC
2606:4700:d0::a8:b478:3ea0,4,4,0.00,164.96,0.00,SJC
2606:4700:b:da58:c78:9336:f9cb:b4a7,4,4,0.00,164.96,0.00,SJC
2606:4700:d1:8795:5072:feaf:2d5:957d,4,4,0.00,164.96,0.00,SJC
2606:4700:3000:9b92:23b:43a2:6a40:8ce,4,4,0.00,164.96,0.00,SJC
2606:4700:d0:56:7b16:29a6:ba72:bb91,4,4,0.00,164.96,0.00,SJC
2606:4700:a:426c:3c8b:cf61:16cf:3a39,4,4,0.00,164.96,0.00,SJC
2606:4700:e:777d:b6ca:9026:21d6:43cf,4,4,0.00,164.97,0.00,SJC
2606:4700:a:e4:185c:dfc0:c58e:9488,4,4,0.00,164.97,0.00,SJC
2606:4700:a8:bbaf:2064:558d:e529:7b8f,4,4,0.00,164.97,0.00,SJC
2606:4700:3003:1329:58d3:3e14:7184:20a6,4,4,0.00,164.97,0.00,SJC
2606:4700:a:8:f27f:4c8:3cd1:d154,4,4,0.00,164.97,0.00,SJC
2606:4700:0:d9cd:4012:a322:fb82:184f,4,4,0.00,164.97,0.00,SJC
2606:4700:a9:997c:41f:ad2e:3ecd:c702,4,4,0.00,164.98,0.00,SJC
2606:4700:f:8f:8573:3035:5251:b83f,4,4,0.00,164.98,0.00,SJC
2606:4700:3009:0:f5:3c01:8f56:93a2,4,4,0.00,164.98,0.00,SJC
2606:4700:a1:d557:64a8:6a83:d51d:c537,4,4,0.00,164.98,0.00,SJC
2606:4700:b:da58:7463:19e7:b262:7c6b,4,4,0.00,164.98,0.00,SJC
2606:4700:e:0:5c81:74e0:4a8d:5678,4,4,0.00,164.98,0.00,SJC
2606:4700:0:d923:c357:d517:ffe3:f1d8,4,4,0.00,164.98,0.00,SJC
2606:4700:a1:d50b:3f93:bbb7:78ef:f76b,4,4,0.00,164.98,0.00,SJC
2606:4700:3009:b966:7994:4866:8f30:4b44,4,4,0.00,164.98,0.00,SJC
2606:4700:3009:b966:7994:4866:8fce:4f86,4,4,0.00,164.98,0.00,SJC
2606:4700:3002:28:f507:4c2:a192:3116,4,4,0.00,164.99,0.00,SJC
2606:4700:0:d923:c32a:2e08:1c58:dc10,4,4,0.00,164.99,0.00,SJC
2a06:98c1:58:0:95bb:29ff:62a9:b420,4,4,0.00,165.00,0.00,SJC
2606:4700:3006:7690:9d64:1058:1eb5:236a,4,4,0.00,165.00,0.00,SJC
2606:4700:a:0:ae:de79:8d43:37a4,4,4,0.00,165.00,0.00,SJC
2606:4700:e:4d05:a931:7199:ac6d:aba3,4,4,0.00,165.00,0.00,SJC
2606:4700:d:0:5504:67b8:c575:76d,4,4,0.00,165.00,0.00,SJC
2606:4700:3009:3d:aea9:86e4:ddc:46de,4,4,0.00,165.00,0.00,SJC
2606:4700:a:8:6d4:1912:7b44:be5d,4,4,0.00,165.00,0.00,SJC
2a06:98c1:58:8b10:e64:a455:deb5:d41e,4,4,0.00,165.00,0.00,SJC
2606:4700:f:0:4352:59b3:c1db:443e,4,4,0.00,165.01,0.00,SJC
2606:4700:3009:a8:69bb:43d8:6489:3d6b,4,4,0.00,165.01,0.00,SJC
2606:4700:130:0:d00a:12fb:f129:a6ba,4,4,0.00,165.01,0.00,SJC
2606:4700:a1:d50b:b540:9718:d85f:88ba,4,4,0.00,165.01,0.00,SJC
2606:4700:0:5ce0:7241:7e7c:ad74:35ab,4,4,0.00,165.01,0.00,SJC
2606:4700:c:5b:6b6c:9456:aefc:d889,4,4,0.00,165.01,0.00,SJC
2606:4700:a1:2f:932f:6611:af94:35a6,4,4,0.00,165.01,0.00,SJC
2606:4700:0:d923:c357:a:e6f7:a4cb,4,4,0.00,165.01,0.00,SJC
2606:4700:e:77b9:6470:f124:8831:a4e4,4,4,0.00,165.02,0.00,SJC
2606:4700:e:0:32:59d0:8446:fdf9,4,4,0.00,165.02,0.00,SJC
2606:4700:3001:efe8:9dd3:3c48:a807:f7a2,4,4,0.00,165.02,0.00,SJC
2606:4700:a:c5fa:f8ee:7712:c3f7:3bc7,4,4,0.00,165.02,0.00,SJC
2606:4700:3005:376f:586:9ab:147a:4236,4,4,0.00,165.02,0.00,SJC
2606:4700:3001:ef60:ae7d:70b9:fcc1:4e92,4,4,0.00,165.02,0.00,SJC
2606:4700::ea25:b914:3720:65bf,4,4,0.00,165.02,0.00,SJC
2606:4700:3008:0:b586:7100:6205:bea3,4,4,0.00,165.02,0.00,SJC
2606:4700:e:21:d488:3920:810a:2e36,4,4,0.00,165.03,0.00,SJC
2606:4700:3004:cc58:62e9:f762:7628:163e,4,4,0.00,165.03,0.00,SJC
2606:4700:130:f7:3221:8720:6593:b5b1,4,4,0.00,165.03,0.00,SJC
2606:4700:3009:93e7:dc06:a8e1:20c7:81ab,4,4,0.00,165.03,0.00,SJC
2606:4700:3001:d4:678e:baf9:535:e424,4,4,0.00,165.03,0.00,SJC
2606:4700:130:0:d0cd:d4ed:a94b:1770,4,4,0.00,165.03,0.00,SJC
2606:4700:0:5ce0:7210:da61:4593:221b,4,4,0.00,165.03,0.00,SJC
2606:4700:d0:56:e2d8:99b:307b:4b28,4,4,0.00,165.03,0.00,SJC
2606:4700:3008:71f2:18c9:bfd9:c238:b7bd,4,4,0.00,165.03,0.00,SJC
2606:4700:a8:a6:7a7:1da4:5746:eb32,4,4,0.00,165.03,0.00,SJC
2606:4700:d0:56:7bd7:937:5d29:5908,4,4,0.00,165.04,0.00,SJC
2606:4700:a9:fafc:ad12:6c36:8c76:4165,4,4,0.00,165.04,0.00,SJC
2606:4700:3009:0:fdcc:b450:cc71:a71d,4,4,0.00,165.04,0.00,SJC
2606:4700:3009:a8:69bd:e9b3:7a56:a04e,4,4,0.00,165.04,0.00,SJC
2606:4700:c:3c32:80e0:3b41:99ee:5a54,4,4,0.00,165.04,0.00,SJC
2606:4700:c:3c32:35aa:3ca4:2142:21c6,4,4,0.00,165.04,0.00,SJC
2606:4700:3007:0:c2:b14f:6ba:1165,4,4,0.00,165.05,0.00,SJC
2606:4700:3009:0:82b4:5016:67a3:b69b,4,4,0.00,165.05,0.00,SJC
2606:4700:3007:0:9ca7:6db2:ec0b:dddd,4,4,0.00,165.05,0.00,SJC
2606:4700:a9:997c:41f:f29e:4a24:946c,4,4,0.00,165.05,0.00,SJC
2606:4700:0:5ce0:7241:d70d:3e47:f8bf,4,4,0.00,165.05,0.00,SJC
2606:4700:3006:9:d130:8a7c:bf5:6b38,4,4,0.00,165.05,0.00,SJC
2a06:98c1:58::6fa7:1052,4,4,0.00,165.05,0.00,SJC
2606:4700:3002:28:778b:23fa:cb89:31f6,4,4,0.00,165.05,0.00,SJC
2606:4700:0:5ce0:d3b3:96d8:be10:963d,4,4,0.00,165.05,0.00,SJC
2606:4700:3007:0:853a:54c6:86c2:b318,4,4,0.00,165.05,0.00,SJC
2606:4700:e:777d:3aa9:9a08:8dd8:1433,4,4,0.00,165.06,0.00,SJC
2606:4700:e:4d05:a946:460c:7530:e352,4,4,0.00,165.06,0.00,SJC
2606:4700:c:3c32:80e0:3b41:9997:c13d,4,4,0.00,165.06,0.00,SJC
2606:4700:3005:376f:1c48:3bd6:17cf:f3e0,4,4,0.00,165.06,0.00,SJC
2606:4700:3000:0:93ef:89df:af8e:3d29,4,4,0.00,165.07,0.00,SJC
2606:4700:d:1936:d5ab:c32c:4edd:fa3c,4,4,0.00,165.07,0.00,SJC
2606:4700:a:0:ae:2f27:836d:b69c,4,4,0.00,165.07,0.00,SJC
2606:4700:3009::abf1:a3f7,4,4,0.00,165.07,0.00,SJC
2606:4700:3009:0:fd46:659:71a9:754b,4,4,0.00,165.07,0.00,SJC
2606:4700:a:4267:89cd:f334:9847:5f70,4,4,0.00,165.07,0.00,SJC
2606:4700:d:da45:a180:2e59:1d57:3dc8,4,4,0.00,165.07,0.00,SJC
2606:4700:130:0:36:3758:5655:c646,4,4,0.00,165.08,0.00,SJC
2606:4700:a:c528:a5ff:9b3e:a39d:a685,4,4,0.00,165.08,0.00,SJC
2606:4700:b:0:ac:e9a3:1962:c6d9,4,4,0.00,165.08,0.00,SJC
2606:4700:3005:ca:20ff:2ea4:6c5b:4208,4,4,0.00,165.08,0.00,SJC
2606:4700:3004:aca6:a302:ec8b:b4c2:459,4,4,0.00,165.08,0.00,SJC
2606:4700:3005:0:ce9a:1ef8:f212:6c90,4,4,0.00,165.08,0.00,SJC
2606:4700:a1:d557:df4f:bf4f:44ec:f047,4,4,0.00,165.08,0.00,SJC
2606:4700:d0:56:7b16:29a6:ba55:9b22,4,4,0.00,165.09,0.00,SJC
2606:4700:c:0:83:4f3f:8b5a:d590,4,4,0.00,165.09,0.00,SJC
2606:4700:e:4df4:b4ed:8a86:5019:caa6,4,4,0.00,165.09,0.00,SJC
2606:4700:a9:fa6e:5f28:e6ed:7e5e:6fc,4,4,0.00,165.09,0.00,SJC
2606:4700:f:0:39cf:bee6:4a32:442b,4,4,0.00,165.09,0.00,SJC
2606:4700:c:3cae:2d2a:cd21:458f:b434,4,4,0.00,165.09,0.00,SJC
2606:4700:c:cefc:db5:3018:d933:5027,4,4,0.00,165.09,0.00,SJC
2a06:98c1:58:8bba:2412:72fc:6aa5:986e,4,4,0.00,165.09,0.00,SJC
2606:4700:3003:1329:fa4:ce64:13c5:5ddb,4,4,0.00,165.09,0.00,SJC
2606:4700:3009:93e7:dc9d:ac50:cada:ee48,4,4,0.00,165.10,0.00,SJC
2606:4700:d:0:8c:904d:fa82:f736,4,4,0.00,165.10,0.00,SJC
2606:4700:0:d923:4945:193e:cc8d:8095,4,4,0.00,165.10,0.00,SJC
2606:4700:0:88:54cc:3dd2:fb08:aa4b,4,4,0.00,165.10,0.00,SJC
2606:4700:d0:1403:fbac:43b0:d715:ca6c,4,4,0.00,165.10,0.00,SJC
2606:4700:0:d923:4945:926c:af52:a443,4,4,0.00,165.10,0.00,SJC
2606:4700:3005::8c57:6820:f24f,4,4,0.00,165.10,0.00,SJC
2606:4700:0:d923:c32a:2e02:42fe:94bd,4,4,0.00,165.10,0.00,SJC
2606:4700:3008:71f2:184a:4d43:f6b0:8410,4,4,0.00,165.11,0.00,SJC
2606:4700:0:7129:740d:f122:7ebf:7504,4,4,0.00,165.11,0.00,SJC
2606:4700:a:a05a:1cfc:6c3a:cbba:a26a,4,4,0.00,165.11,0.00,SJC
2606:4700:a1:2f:93bc:560c:9f79:ccd4,4,4,0.00,165.11,0.00,SJC
2606:4700:130:0:d00a:41aa:a2a6:c695,4,4,0.00,165.11,0.00,SJC
2606:4700:a8:0:a6d6:a23c:67eb:8510,4,4,0.00,165.12,0.00,SJC
2606:4700:3009:93b3:e901:58a3:da24:1d41,4,4,0.00,165.12,0.00,SJC
2606:4700:3006:9:6295:d2e:38f:c71,4,4,0.00,165.12,0.00,SJC
2606:4700:e:777d:b636:4c28:bcd5:3014,4,4,0.00,165.12,0.00,SJC
2606:4700:d0:1473:4ed7:24b8:cc0b:cebf,4,4,0.00,165.12,0.00,SJC
2606:4700:0:5c18:cc05:3ec3:92f4:6314,4,4,0.00,165.12,0.00,SJC
2a06:98c1:58::4b:b3db:a7a8,4,4,0.00,165.12,0.00,SJC
2606:4700:3001:d4:2b4f:6390:39c6:8134,4,4,0.00,165.12,0.00,SJC
2606:4700:3009:0:fdcc:b420:e797:8290,4,4,0.00,165.12,0.00,SJC
2606:4700:d:da45:a180:b683:e273:269d,4,4,0.00,165.12,0.00,SJC
2606:4700:a9:fa6e:5617:cfb8:342d:bd4a,4,4,0.00,165.12,0.00,SJC
2606:4700:a8:bbaf:7e7b:8d9b:8cef:3e74,4,4,0.00,165.13,0.00,SJC
2606:4700:d0:1403:7c10:87ed:b53:4402,4,4,0.00,165.13,0.00,SJC
2606:4700:3006:7690:9d77:c69c:a41e:67c0,4,4,0.00,165.13,0.00,SJC
2606:4700:3005:376f:e7f4:b050:678e:b52d,4,4,0.00,165.13,0.00,SJC
2606:4700:e:77b9:9832:fca2:1b83:f4e1,4,4,0.00,165.13,0.00,SJC
2606:4700:d0:14e8:6e5b:b58:7e79:e5df,4,4,0.00,165.13,0.00,SJC
2606:4700:d:f7:245f:3041:bc84:8fd5,4,4,0.00,165.13,0.00,SJC
2606:4700:a9:fa7d:5b1c:2782:1494:d5ea,4,4,0.00,165.14,0.00,SJC
2606:4700:d1:8795:5093:d6ef:fb74:e9a,4,4,0.00,165.14,0.00,SJC
2606:4700:3006:760f:ac82:2284:c1e8:eac3,4,4,0.00,165.14,0.00,SJC
2606:4700:3002:0:ae:dce4:83a:5aa2,4,4,0.00,165.14,0.00,SJC
2606:4700:e:0:5c81:76ef:44df:b774,4,4,0.00,165.14,0.00,SJC
2606:4700:a:c528:4c83:47f9:42e3:5653,4,4,0.00,165.15,0.00,SJC
2606:4700:3000:9b92:2fb:b1e4:1463:4ded,4,4,0.00,165.15,0.00,SJC
2606:4700:3009:b966:9056:c815:147c:b085,4,4,0.00,165.15,0.00,SJC
2606:4700:d1:8795:5072:28b7:7fb5:49b1,4,4,0.00,165.15,0.00,SJC
2606:4700:3001:d4:6702:1d53:aa5b:be84,4,4,0.00,165.16,0.00,SJC
2606:4700::eab7:e100:8132:3b15,4,4,0.00,165.16,0.00,SJC
2606:4700:3000:0:9349:241a:b1a6:da2e,4,4,0.00,165.16,0.00,SJC
2606:4700:3006:9:d99b:8845:a512:21ca,4,4,0.00,165.16,0.00,SJC
2606:4700:a9:cf:ab0:6871:cbef:f3d5,4,4,0.00,165.16,0.00,SJC
2606:4700::ea25:b91a:704e:1468,4,4,0.00,165.16,0.00,SJC
2606:4700:d:f7:245f:f16d:6dc2:6703,4,4,0.00,165.16,0.00,SJC
2606:4700:3005:ca:3a69:15b6:58f0:8dab,4,4,0.00,165.17,0.00,SJC
2606:4700:3003:13ee:db5:64aa:5ad0:aab1,4,4,0.00,165.17,0.00,SJC
2606:4700:a8:a6:d7f1:64da:9ea1:11bd,4,4,0.00,165.17,0.00,SJC
2606:4700:d1:fa76:a44d:8898:2ec8:dc90,4,4,0.00,165.17,0.00,SJC
2606:4700:a:c528:a558:6c1b:2ba5:3ab6,4,4,0.00,165.17,0.00,SJC
2606:4700:a8:a9:84cf:77bf:2f79:3a29,4,4,0.00,165.17,0.00,SJC
2606:4700:a:c528:a558:6c1b:713c:d870,4,4,0.00,165.17,0.00,SJC
2606:4700:a:0:d863:1814:41c2:1e85,4,4,0.00,165.17,0.00,SJC
2606:4700:3008:0:b586:7100:6242:12c0,4,4,0.00,165.17,0.00,SJC
2606:4700:3000:0:9368:908e:5f5f:d900,4,4,0.00,165.18,0.00,SJC
2606:4700:d:f7:24c4:5554:7f87:d3f7,4,4,0.00,165.18,0.00,SJC
2606:4700:d1:fa26:1231:a31f:a105:f3b1,4,4,0.00,165.18,0.00,SJC
2606:4700:3006:0:f4:3f86:5f3f:e287,4,4,0.00,165.18,0.00,SJC
2606:4700:3005:0:ce9a:e414:6721:62fb,4,4,0.00,165.18,0.00,SJC
2606:4700:d0:1473:d37b:62d0:4848:d696,4,4,0.00,165.18,0.00,SJC
2606:4700:130:f7:3221:df9b:35d:5a66,4,4,0.00,165.18,0.00,SJC
2606:4700:3001:bb:70f1:a041:81f8:d5ae,4,4,0.00,165.18,0.00,SJC
2606:4700:3009:93b3:21a2:a7d0:5345:18d2,4,4,0.00,165.18,0.00,SJC
2606:4700:3009:b966:9056:c80c:6b5e:7838,4,4,0.00,165.19,0.00,SJC
2606:4700:3002:fec3:8a0b:95de:39b9:bcd4,4,4,0.00,165.19,0.00,SJC
2606:4700:d:1996:da17:ab34:1545:6b61,4,4,0.00,165.19,0.00,SJC
2606:4700:130:f7:c302:3ad6:5ed6:1dae,4,4,0.00,165.19,0.00,SJC
2606:4700:d0:1473:4e02:fa6:2167:e375,4,4,0.00,165.19,0.00,SJC
2606:4700:c:3cae:c0c7:7416:e31a:d347,4,4,0.00,165.19,0.00,SJC
2606:4700:a8:a9:84cf:77bf:2fa8:fdab,4,4,0.00,165.19,0.00,SJC
2606:4700:3009:b966:e91c:d2bb:e1da:5ae3,4,4,0.00,165.20,0.00,SJC
2606:4700:3004:cc58:6209:53e8:ef6c:1ee8,4,4,0.00,165.20,0.00,SJC
2606:4700:d0:1403:f179:8837:c92d:699e,4,4,0.00,165.20,0.00,SJC
2606:4700:3002:2a:ea4a:5f6b:ab7e:e010,4,4,0.00,165.20,0.00,SJC
2606:4700:0:5ce0:7241:9d57:5b4c:e59d,4,4,0.00,165.20,0.00,SJC
2606:4700:f:8383:7aa:a1e:28c8:9abf,4,4,0.00,165.20,0.00,SJC
2606:4700:3009:3d:ae29:a2e9:7a05:5c53,4,4,0.00,165.20,0.00,SJC
2606:4700:d:1996:da17:ab34:1383:19d1,4,4,0.00,165.20,0.00,SJC
2606:4700:3002:2a:ea92:7dc3:e29:180,4,4,0.00,165.20,0.00,SJC
2606:4700:f::fe60,4,4,0.00,165.20,0.00,SJC
2606:4700:d1:8795:5072:feaf:2c9:308d,4,4,0.00,165.21,0.00,SJC
2606:4700:3005:ca:20ff:2ea4:6c39:e8d3,4,4,0.00,165.21,0.00,SJC
2606:4700:a8:a6:d744:93a2:98f6:ceac,4,4,0.00,165.21,0.00,SJC
2606:4700:d1:d9:588b:a6b7:a4c6:5add,4,4,0.00,165.21,0.00,SJC
2606:4700:d0:1473:a465:442b:d526:4900,4,4,0.00,165.21,0.00,SJC
2606:4700:3003:0:e484:6831:ae4a:5c71,4,4,0.00,165.21,0.00,SJC
2606:4700:a::f5:f6c5:3b39,4,4,0.00,165.21,0.00,SJC
2606:4700:3008:f6:1fd5:902c:3c7e:2a2f,4,4,0.00,165.21,0.00,SJC
2606:4700:3005:0:ce9a:e414:ea87:4622,4,4,0.00,165.21,0.00,SJC
2606:4700:3001:ef60:ae7c:c0fe:f491:c42d,4,4,0.00,165.21,0.00,SJC
2606:4700:3003:1329:fa4:ce29:8f18:d100,4,4,0.00,165.21,0.00,SJC
2606:4700:3009:93b3:e93d:6c6d:4375:a767,4,4,0.00,165.22,0.00,SJC
2606:4700:3004:5c:9683:7f56:bd01:e0be,4,4,0.00,165.22,0.00,SJC
2606:4700:0:d9cd:40c3:42fc:f827:70ee,4,4,0.00,165.22,0.00,SJC
2606:4700:a:0:ae:b0b6:ce17:82f2,4,4,0.00,165.22,0.00,SJC
2606:4700:130:9acb:7b5c:7b9a:58f2:e19d,4,4,0.00,165.22,0.00,SJC
2606:4700:3001:bb:70f1:a024:ca13:fc0f,4,4,0.00,165.23,0.00,SJC
2606:4700:d0:14e8:6e5b:e7a2:f59b:1a36,4,4,0.00,165.23,0.00,SJC
2606:4700:e:0:ce95:7817:d5a7:a740,4,4,0.00,165.23,0.00,SJC
2606:4700:3005:376f:1cd2:8196:4f3b:7722,4,4,0.00,165.23,0.00,SJC
2606:4700:3003:cd:2de1:21ce:39ff:f194,4,4,0.00,165.23,0.00,SJC
2606:4700:3003:1329:5892:a089:27ea:7f10,4,4,0.00,165.23,0.00,SJC
2606:4700:3003:cd:2d24:3b35:abac:ec5e,4,4,0.00,165.23,0.00,SJC
2606:4700:3001:0:5bf3:d678:2c22:f0ae,4,4,0.00,165.23,0.00,SJC
2606:4700:3001:d4:678e:6236:4ea8:bff1,4,4,0.00,165.24,0.00,SJC
2606:4700:3004:cc58:f3ad:1fc9:3273:a4d7,4,4,0.00,165.24,0.00,SJC
2a06:98c1:58:74:69a:7f65:58a0:464a,4,4,0.00,165.24,0.00,SJC
2606:4700:b:0:c515:6abb:dbef:74fa,4,4,0.00,165.24,0.00,SJC
2606:4700:a::f483:6f99:ae66,4,4,0.00,165.24,0.00,SJC
2606:4700:0:5ce0:d3b3:d988:bc02:7ed5,4,4,0.00,165.25,0.00,SJC
2606:4700:a8:a9:84cf:3e3b:7ff7:d6e7,4,4,0.00,165.25,0.00,SJC
2606:4700:3004:0:9b0c:bfbf:16aa:4105,4,4,0.00,165.25,0.00,SJC
2606:4700:f:0:4352:f52c:f7c1:1b4,4,4,0.00,165.25,0.00,SJC
2606:4700:d1:873a:fbf4:e0b2:d052:654b,4,4,0.00,165.26,0.00,SJC
2606:4700:3009:0:f5:3c23:49f2:92b8,4,4,0.00,165.26,0.00,SJC
2606:4700:3009:93e7:dc06:8caf:eb7b:d593,4,4,0.00,165.26,0.00,SJC
2606:4700:3005:0:ce9a:1ef8:ed0b:8f21,4,4,0.00,165.26,0.00,SJC
2a06:98c1:58:8b36:e430:55a6:755d:7c07,4,4,0.00,165.26,0.00,SJC
2606:4700:e:77b9:6470:f1fb:6752:8f44,4,4,0.00,165.26,0.00,SJC
2606:4700:c:0:83:4f18:5419:4e2e,4,4,0.00,165.26,0.00,SJC
2606:4700:d:1996:8f35:b28c:7726:632a,4,4,0.00,165.27,0.00,SJC
2606:4700:3007:d4:158c:7900:1e7b:4411,4,4,0.00,165.27,0.00,SJC
2606:4700:0:5ce0:d3b3:46d9:6655:8dd5,4,4,0.00,165.27,0.00,SJC
2606:4700:a1:d50b:3f93:bbfa:d009:bfb3,4,4,0.00,165.27,0.00,SJC
2606:4700:a8:a6:7e3:9231:1731:b448,4,4,0.00,165.27,0.00,SJC
2606:4700:3004:cc58:6209:7f7c:1597:380b,4,4,0.00,165.27,0.00,SJC
2606:4700:d:1d:1e07:3911:fc28:eb22,4,4,0.00,165.27,0.00,SJC
2606:4700:d0:56:7be4:a154:32e5:cd97,4,4,0.00,165.28,0.00,SJC
2606:4700:a8:5e:1e2d:15cd:342a:65d8,4,4,0.00,165.28,0.00,SJC
2606:4700:3009:0:fd46:64d:f3c9:69ad,4,4,0.00,165.28,0.00,SJC
2606:4700:d0:14e8:199d:934c:10db:9972,4,4,0.00,165.28,0.00,SJC
2606:4700:d:0:5504:67aa:7cb5:3010,4,4,0.00,165.28,0.00,SJC
2606:4700:3003:0:e484:6831:aeee:f3c6,4,4,0.00,165.28,0.00,SJC
2606:4700:3003:cd:9a7c:b277:b30:8719,4,4,0.00,165.28,0.00,SJC
2606:4700:d:0:5504:cc88:a688:979d,4,4,0.00,165.29,0.00,SJC
2606:4700:3000::cc2:2efe:e964,4,4,0.00,165.29,0.00,SJC
2606:4700:d1:873a:acf7:13a2:ca7a:6155,4,4,0.00,165.29,0.00,SJC
2606:4700:3006:9:62ca:93e2:9008:ca4c,4,4,0.00,165.29,0.00,SJC
2606:4700:e:4d05:a1d2:9530:9bde:bc13,4,4,0.00,165.29,0.00,SJC
2606:4700:c:3c32:35aa:3ca4:2141:574a,4,4,0.00,165.29,0.00,SJC
2606:4700:3003:cd:9a7c:6db0:9073:2792,4,4,0.00,165.29,0.00,SJC
2606:4700:a9:cf:a07:5095:3d3c:bea3,4,4,0.00,165.30,0.00,SJC
2606:4700:a9:0:e3:93bf:ff17:3abb,4,4,0.00,165.30,0.00,SJC
2606:4700:3005:376f:e7f4:e371:aae:9f37,4,4,0.00,165.30,0.00,SJC
2606:4700:3006::f48e:9c3b:4bf7,4,4,0.00,165.30,0.00,SJC
2606:4700:a1:d50b:3f93:bb6c:615d:b358,4,4,0.00,165.30,0.00,SJC
2606:4700:a:4267:89cd:f3c5:4df5:7d6d,4,4,0.00,165.30,0.00,SJC
2606:4700:3009:0:f5:3cec:3d81:9bea,4,4,0.00,165.30,0.00,SJC
2606:4700:0:5c18:ccc0:500:5bef:f5b9,4,4,0.00,165.30,0.00,SJC
2606:4700:3002:0:89:fcfd:2788:c163,4,4,0.00,165.30,0.00,SJC
2606:4700:d:1936:847b:232a:a8b9:f8fc,4,4,0.00,165.31,0.00,SJC
2606:4700::ea5c:c614:d1ae:8dfa,4,4,0.00,165.31,0.00,SJC
2606:4700:3000:0:4e:4307:d129:7d2b,4,4,0.00,165.31,0.00,SJC
2606:4700:a9:0:96bb:a471:26db:4793,4,4,0.00,165.31,0.00,SJC
2606:4700:c:3cae:da32:f5d2:db05:7550,4,4,0.00,165.31,0.00,SJC
2606:4700:d:f7:245f:f163:708f:39a6,4,4,0.00,165.31,0.00,SJC
2606:4700:3000:ac:75bc:c208:39f3:ae1,4,4,0.00,165.31,0.00,SJC
2606:4700:a9:fafc:ad12:3c27:74fa:b61c,4,4,0.00,165.32,0.00,SJC
2606:4700:3003:13ee:88d4:4b78:7c82:44bd,4,4,0.00,165.32,0.00,SJC
2606:4700:a9:997c:41f:ad2e:1313:9bba,4,4,0.00,165.32,0.00,SJC
2606:4700:e:4d05:a95e:b6d:8cf1:b7b0,4,4,0.00,165.32,0.00,SJC
2606:4700:a:a05a:1cfc:b6f9:a0e0:80fe,4,4,0.00,165.32,0.00,SJC
2606:4700:130::ebba:74de:1590,4,4,0.00,165.32,0.00,SJC
2606:4700:c:cefc:6378:cab5:a5ad:f35c,4,4,0.00,165.33,0.00,SJC
2606:4700:0:5ce0:d3b3:f0e7:264d:c16,4,4,0.00,165.33,0.00,SJC
2606:4700:b:a9:90d6:9fbf:3cda:bc50,4,4,0.00,165.33,0.00,SJC
2606:4700:d0:1403:f179:e362:4011:1f4c,4,4,0.00,165.33,0.00,SJC
2606:4700:e:4d05:26f6:35ec:e9b8:d8f9,4,4,0.00,165.33,0.00,SJC
2606:4700::ea5c:c614:9114:c6c2,4,4,0.00,165.33,0.00,SJC
2606:4700:a:0:d863:f19d:269c:10af,4,4,0.00,165.33,0.00,SJC
2606:4700:e:57:b7c6:bb26:246b:bb8f,4,4,0.00,165.33,0.00,SJC
2606:4700:3000:9b92:29c:b974:e038:f288,4,4,0.00,165.33,0.00,SJC
2606:4700:d1:0:1:4c06:c98a:eb94,4,4,0.00,165.33,0.00,SJC
2606:4700:d0:56:7bd7:9243:21a:4142,4,4,0.00,165.34,0.00,SJC
2a06:98c1:58:8b36:8b03:cbcf:5e26:712c,4,4,0.00,165.34,0.00,SJC
2606:4700:3009:93b3:21a2:a7d0:8310:de48,4,4,0.00,165.34,0.00,SJC
2606:4700:3009:5a:295d:98b0:8991:e61c,4,4,0.00,165.34,0.00,SJC
2606:4700:3008:f6:2fd:986a:6d98:2a02,4,4,0.00,165.34,0.00,SJC
2606:4700:a9:fa7d:fd1f:507b:6696:c0d9,4,4,0.00,165.34,0.00,SJC
2606:4700:3003:13ee:8869:d351:ed0f:2c58,4,4,0.00,165.34,0.00,SJC
2606:4700:d0:14e8:6eb1:3451:decf:608b,4,4,0.00,165.35,0.00,SJC
2606:4700:3006:7690:9d64:1058:1e19:732b,4,4,0.00,165.35,0.00,SJC
2606:4700:3006:5f:ae04:76f3:d65:8871,4,4,0.00,165.35,0.00,SJC
2606:4700:d0:14e8:19c3:f122:dc4c:8e3a,4,4,0.00,165.35,0.00,SJC
2606:4700:a9:fa7d:5bf0:85e7:ae8d:e701,4,4,0.00,165.35,0.00,SJC
2606:4700:d::49a3,4,4,0.00,165.35,0.00,SJC
2606:4700:b:e836:3474:9f0a:7a69:4df9,4,4,0.00,165.35,0.00,SJC
2606:4700:d0:14e8:19c3:15a0:f979:a738,4,4,0.00,165.36,0.00,SJC
2606:4700:130:0:afc8:3e32:c80c:ad4d,4,4,0.00,165.36,0.00,SJC
2606:4700:0:5ce0:b3d1:1d02:2783:41e,4,4,0.00,165.36,0.00,SJC
2606:4700:c:0:efda:a4a4:3ed0:c048,4,4,0.00,165.36,0.00,SJC
2606:4700:b:e836:b773:8917:4665:4856,4,4,0.00,165.36,0.00,SJC
2606:4700:f:8f:855a:7392:d5ca:37d6,4,4,0.00,165.36,0.00,SJC
2606:4700:c:0:efda:39e:d3c5:a426,4,4,0.00,165.36,0.00,SJC
2606:4700:3009:93e7:dc06:a8f7:8d10:67bc,4,4,0.00,165.37,0.00,SJC
2606:4700:3001:bb:70f1:947b:dd43:db3c,4,4,0.00,165.37,0.00,SJC
2606:4700:3001:d4:673f:2d4d:a5c8:4e96,4,4,0.00,165.37,0.00,SJC
2606:4700:3004:5c:9683:3e6b:b61b:c7e1,4,4,0.00,165.37,0.00,SJC
2606:4700:d1:fa26:127e:f636:2454:1c81,4,4,0.00,165.37,0.00,SJC
2606:4700:c:ce56:4cdd:eb8d:d131:1c11,4,4,0.00,165.37,0.00,SJC
2606:4700:a9:cf:a49:eccb:e69b:dcbd,4,4,0.00,165.37,0.00,SJC
2606:4700:a9::2:b6cb:da01,4,4,0.00,165.37,0.00,SJC
2606:4700:3004:cc58:6209:7f99:60e7:870d,4,4,0.00,165.38,0.00,SJC
2606:4700:3009:b966:e91c:d2bb:4590:3e70,4,4,0.00,165.38,0.00,SJC
2606:4700:0:88:5419:c7b3:15ad:9037,4,4,0.00,165.38,0.00,SJC
2606:4700:d0:0:d5:ec30:6a4c:dd15,4,4,0.00,165.38,0.00,SJC
2a06:98c1:58:8bba:2412:72fc:10d7:35bf,4,4,0.00,165.38,0.00,SJC
2606:4700:d0:56:7b16:9a:5367:afe3,4,4,0.00,165.38,0.00,SJC
2606:4700:a8:5e:e9ac:d8ad:78a2:805e,4,4,0.00,165.38,0.00,SJC
2606:4700:a:0:ae:de02:8526:4235,4,4,0.00,165.38,0.00,SJC
2606:4700:a1:0:ba:73b7:d996:9bb7,4,4,0.00,165.38,0.00,SJC
2606:4700:3006:7690:9d77:6176:58c4:4f12,4,4,0.00,165.39,0.00,SJC
2a06:98c1:58:8bba:24ce:c2a6:b82b:1bba,4,4,0.00,165.39,0.00,SJC
2606:4700:d0:14e8:198a:ece1:c21:e645,4,4,0.00,165.39,0.00,SJC
2606:4700:3009:3d:ae29:929a:c126:685e,4,4,0.00,165.39,0.00,SJC
2606:4700::ae:e3a7:ad79:7296,4,4,0.00,165.39,0.00,SJC
2606:4700:e:77b9:9832:fce5:26a:81e9,4,4,0.00,165.39,0.00,SJC
2606:4700:c:3c32:80d1:3eec:8219:4d34,4,4,0.00,165.39,0.00,SJC
2606:4700:a1:74:ae78:3515:89a5:7ffe,4,4,0.00,165.39,0.00,SJC
2606:4700:d1:d9:5851:43fb:a71:d05,4,4,0.00,165.39,0.00,SJC
2606:4700:3006:9:62ca:7aa8:bbc:2d8e,4,4,0.00,165.40,0.00,SJC
2606:4700:3005::3c35:655a:1235,4,4,0.00,165.40,0.00,SJC
2606:4700::ea25:b91a:25c3:a029,4,4,0.00,165.40,0.00,SJC
2606:4700:3002:0:ae:dce4:895:e6f7,4,4,0.00,165.40,0.00,SJC
2606:4700:e:77b9:6411:17d5:457a:ab36,4,4,0.00,165.40,0.00,SJC
2606:4700:0:d923:c32a:2e02:426c:3b4a,4,4,0.00,165.40,0.00,SJC
2606:4700:3009:93e7:dc06:a80c:6cbe:4071,4,4,0.00,165.40,0.00,SJC
2606:4700:a8:bbaf:2086:543b:59b7:12eb,4,4,0.00,165.40,0.00,SJC
2606:4700:c:3cae:2d2a:cdac:57a0:86b7,4,4,0.00,165.40,0.00,SJC
2606:4700:d0:0:d4:b7ad:aacc:4aa4,4,4,0.00,165.40,0.00,SJC
2606:4700:3006:9:62ca:93e2:9a01:77db,4,4,0.00,165.41,0.00,SJC
2606:4700:a1:d557:df4f:bf4f:44fb:bce6,4,4,0.00,165.41,0.00,SJC
2606:4700:b:da58:748e:fbf1:83d3:adab,4,4,0.00,165.41,0.00,SJC
2606:4700:c:3c32:35aa:f726:2310:2ed4,4,4,0.00,165.41,0.00,SJC
2606:4700:a:0:ae:de02:a32c:cd54,4,4,0.00,165.41,0.00,SJC
2606:4700:3009::ab23:7b2e,4,4,0.00,165.41,0.00,SJC
2606:4700:d0:1473:4e02:ff2:352d:d771,4,4,0.00,165.41,0.00,SJC
2606:4700:a:0:ae:8760:5dae:a041,4,4,0.00,165.42,0.00,SJC
2a06:98c1:58:74:69a:7f65:bfcd:5b17,4,4,0.00,165.42,0.00,SJC
2606:4700:e:0:32:e50b:2c2d:43fb,4,4,0.00,165.42,0.00,SJC
2606:4700:3004:cc58:d522:c14:e6d4:1994,4,4,0.00,165.42,0.00,SJC
2606:4700:a:4267:89cd:53cf:5f5a:43a9,4,4,0.00,165.42,0.00,SJC
2606:4700:d:1d:1eaf:af78:e249:bc4a,4,4,0.00,165.43,0.00,SJC
2606:4700:d:f7:245f:f163:70e8:f001,4,4,0.00,165.43,0.00,SJC
2606:4700:130:f7:c3c2:4824:6ecb:97ed,4,4,0.00,165.43,0.00,SJC
2606:4700:d0:14e8:6e5b:b58:7e24:dbf2,4,4,0.00,165.43,0.00,SJC
2a06:98c1:58:8b36:8b03:8f98:51ea:7433,4,4,0.00,165.43,0.00,SJC
2606:4700:d1:8795:5093:d6ef:ea49:8db6,4,4,0.00,165.44,0.00,SJC
2a06:98c1:58:787d:496c:b722:676d:c838,4,4,0.00,165.44,0.00,SJC
2606:4700:a9:fa7d:fd1f:5010:8926:cb57,4,4,0.00,165.44,0.00,SJC
2606:4700:a9:0:e3:f686:4825:5882,4,4,0.00,165.44,0.00,SJC
2606:4700:d:0:5504:67aa:7c0b:79da,4,4,0.00,165.44,0.00,SJC
2606:4700:c:3c32:35aa:3ca4:fc2d:14ca,4,4,0.00,165.44,0.00,SJC
2606:4700:3007:d3b6:ded9:af10:7d6c:a725,4,4,0.00,165.44,0.00,SJC
2a06:98c1:58:0:ba4:426b:88f1:3d9c,4,4,0.00,165.44,0.00,SJC
2606:4700::eab7:f9ef:8911:436,4,4,0.00,165.44,0.00,SJC
2606:4700:a9:fa7d:fd06:5472:a60a:2276,4,4,0.00,165.44,0.00,SJC
2606:4700:3003:cd:2d98:a65a:3ff2:c5dc,4,4,0.00,165.44,0.00,SJC
2606:4700:3009:937e:c650:9784:aa3d:3b4d,4,4,0.00,165.44,0.00,SJC
2606:4700:a8:a6:d7a4:417:8b6d:1873,4,4,0.00,165.45,0.00,SJC
2606:4700:a9:fa7d:fd45:efd9:82d6:7e68,4,4,0.00,165.45,0.00,SJC
2606:4700:3006:7690:9d77:9560:ec9a:eb5,4,4,0.00,165.45,0.00,SJC
2606:4700:e:21:d488:d7a0:9142:a2df,4,4,0.00,165.45,0.00,SJC
2606:4700:3008:f6:165a:517d:2201:e9d9,4,4,0.00,165.45,0.00,SJC
2606:4700:d1:fa26:12e5:89bb:5403:abab,4,4,0.00,165.45,0.00,SJC
2606:4700:a:8:6d4:d57e:21b8:c3f7,4,4,0.00,165.45,0.00,SJC
2606:4700:a1:d557:6474:d97d:479a:2b50,4,4,0.00,165.46,0.00,SJC
2606:4700:3001:ef60:ae3b:d12f:3c91:b886,4,4,0.00,165.47,0.00,SJC
2606:4700:3003:cd:9ae7:bb27:e8e1:9504,4,4,0.00,165.47,0.00,SJC
2606:4700:3002:2a:ea4a:c984:b4c:ab5d,4,4,0.00,165.47,0.00,SJC
2a06:98c1:58:74:672:dbdf:2bb7:b7a0,4,4,0.00,165.47,0.00,SJC
2606:4700:3002:28:f530:6788:d0ce:9bf9,4,4,0.00,165.47,0.00,SJC
2606:4700:3006:760f:ac82:f5c3:2eee:3464,4,4,0.00,165.47,0.00,SJC
2606:4700:f:0:39cf:57bf:f587:77ae,4,4,0.00,165.48,0.00,SJC
2606:4700:a9:fa7d:5b1c:7aca:b256:383,4,4,0.00,165.48,0.00,SJC
2606:4700:d:1936:d562:272:ccfc:7867,4,4,0.00,165.48,0.00,SJC
2606:4700:a:4267:8964:764a:3ab5:a23f,4,4,0.00,165.48,0.00,SJC
2606:4700:a8:bbaf:2086:ae95:7cd9:4273,4,4,0.00,165.48,0.00,SJC
2606:4700:3004:5c:9683:7f56:b698:d061,4,4,0.00,165.49,0.00,SJC
2606:4700:3004:5c:9683:3e92:48dc:3329,4,4,0.00,165.49,0.00,SJC
2606:4700:d:1996:8f35:562d:b68f:70b9,4,4,0.00,165.49,0.00,SJC
2606:4700:a9:fa6e:5617:cf1a:6031:e7d3,4,4,0.00,165.49,0.00,SJC
2606:4700:c:3c32:35aa:f718:e3b8:4cd4,4,4,0.00,165.49,0.00,SJC
2606:4700:d1:fa26:12e5:919a:cb4f:efc2,4,4,0.00,165.49,0.00,SJC
2606:4700:3000:0:9349:24e4:102:f8c2,4,4,0.00,165.50,0.00,SJC
2606:4700:f:8383:7a5:4d9d:9952:4a00,4,4,0.00,165.50,0.00,SJC
2606:4700:3000:0:9349:24e4:6850:4360,4,4,0.00,165.50,0.00,SJC
2606:4700:c:5b:6b6c:9474:24fe:a3b5,4,4,0.00,165.50,0.00,SJC
2606:4700:3009:93e7:dc06:c55e:4b6a:5895,4,4,0.00,165.50,0.00,SJC
2606:4700:a1:d50b:3f93:bbb7:257a:45aa,4,4,0.00,165.50,0.00,SJC
2606:4700:3006:0:ea19:1489:47f0:eb81,4,4,0.00,165.50,0.00,SJC
2606:4700::48ea:f7c9:4a9f:f298,4,4,0.00,165.50,0.00,SJC
2606:4700:e:777d:3aa9:9a08:f1df:342a,4,4,0.00,165.50,0.00,SJC
2606:4700:0:5ce0:b3d1:83ac:734a:c4d4,4,4,0.00,165.50,0.00,SJC
2606:4700:3002:fec3:8a0b:7aa0:75c1:b82,4,4,0.00,165.50,0.00,SJC
2606:4700:3009:93b3:e93d:23a6:a05d:1c6d,4,4,0.00,165.50,0.00,SJC
2606:4700:3003::9a2c:adb7:e30f,4,4,0.00,165.50,0.00,SJC
2606:4700:3005:ca:3a69:e689:87ec:c49a,4,4,0.00,165.50,0.00,SJC
2606:4700:3009:a8:69db:d6cb:c7b8:161a,4,4,0.00,165.50,0.00,SJC
2606:4700:d:f7:245f:f15e:de26:30da,4,4,0.00,165.51,0.00,SJC
2606:4700:3003:cd:9ae7:353b:62c8:f3b0,4,4,0.00,165.51,0.00,SJC
2606:4700:0:d923:4945:197e:18ab:5e5,4,4,0.00,165.51,0.00,SJC
2606:4700:3005:0:f7:f349:f713:4648,4,4,0.00,165.51,0.00,SJC
2606:4700:d:f7:24c4:df0e:7eba:e4ca,4,4,0.00,165.51,0.00,SJC
2606:4700:a8:a6:d750:2aa8:8b07:89a7,4,4,0.00,165.51,0.00,SJC
2606:4700:e:0:5c81:76ef:10d0:fcc4,4,4,0.00,165.52,0.00,SJC
2606:4700:a1:d557:6474:d90b:5201:2352,4,4,0.00,165.52,0.00,SJC
2606:4700:3006:9:d99b:8845:a5ea:916,4,4,0.00,165.52,0.00,SJC
2606:4700:3001:0:54:6b23:e5ad:b3c9,4,4,0.00,165.52,0.00,SJC
2606:4700:3008:f6:1fd4:bd8f:6fab:1370,4,4,0.00,165.52,0.00,SJC
2606:4700:3007:d4:158c:63b0:80b7:27b1,4,4,0.00,165.52,0.00,SJC
2606:4700:d0:56:68dc:2303:31ba:5c06,4,4,0.00,165.52,0.00,SJC
2606:4700:a:c528:9b75:d6b5:a6e3:b729,4,4,0.00,165.52,0.00,SJC
2606:4700:3008:f6:1f0c:3244:649b:8ec,4,4,0.00,165.52,0.00,SJC
2606:4700:d0:1403:fb17:f36f:f764:8f70,4,4,0.00,165.53,0.00,SJC
2606:4700:c:0:efda:3c6:b4ea:8ee4,4,4,0.00,165.53,0.00,SJC
2606:4700:d1:fa76:3bf1:89a1:f138:ca59,4,4,0.00,165.53,0.00,SJC
2606:4700:d0:14e8:198a:3:920d:18ed,4,4,0.00,165.53,0.00,SJC
2606:4700:0:d923:49e4:1f81:e4aa:ebb3,4,4,0.00,165.53,0.00,SJC
2606:4700:a9:fa6e:5617:cfb8:256f:b569,4,4,0.00,165.53,0.00,SJC
2606:4700:3004:cc58:f3ad:1f6b:4f32:9aea,4,4,0.00,165.53,0.00,SJC
2606:4700:a8:a6:d744:8a5:ea39:f68c,4,4,0.00,165.53,0.00,SJC
2606:4700:3003:cd:9af5:10ea:c178:6c8a,4,4,0.00,165.54,0.00,SJC
2606:4700:c:ce56:4cdd:a369:c62a:c20f,4,4,0.00,165.54,0.00,SJC
2606:4700:a:0:af44:bbc7:e98c:dc8e,4,4,0.00,165.54,0.00,SJC
2606:4700:a1::65ab:264:e611,4,4,0.00,165.54,0.00,SJC
2606:4700:3006:0:ea19:adca:5aa0:7569,4,4,0.00,165.54,0.00,SJC
2606:4700:c:5b:58cf:a9a9:65f6:90ef,4,4,0.00,165.54,0.00,SJC
2606:4700:3003::9a2c:70a6:2717,4,4,0.00,165.54,0.00,SJC
2606:4700:3006::f406:ba7f:3196,4,4,0.00,165.54,0.00,SJC
2606:4700:c:3c32:80d1:3ef7:7cf8:d226,4,4,0.00,165.54,0.00,SJC
2606:4700:d0:56:7bd7:92bf:d601:e852,4,4,0.00,165.55,0.00,SJC
2606:4700:d0:1403:fb17:f36f:88ec:28fb,4,4,0.00,165.55,0.00,SJC
2606:4700:3009:3d:ae29:929a:94ee:3287,4,4,0.00,165.55,0.00,SJC
2606:4700:d:0:5504:6730:63cd:f624,4,4,0.00,165.55,0.00,SJC
2606:4700:130:0:5903:9870:6a86:5025,4,4,0.00,165.55,0.00,SJC
2a06:98c1:58:8bba:9ab0:6b63:4cfc:9270,4,4,0.00,165.55,0.00,SJC
2606:4700:3001:d4:678e:6236:89a1:65dd,4,4,0.00,165.55,0.00,SJC
2606:4700::81e3:c613:98c4:a6a1,4,4,0.00,165.56,0.00,SJC
2606:4700:e:4dd9:c96c:723f:ffff:bd65,4,4,0.00,165.56,0.00,SJC
2a06:98c1:58:8bba:24ce:2551:4fe1:4be5,4,4,0.00,165.56,0.00,SJC
2606:4700:3001:0:5bf3:128c:b4c8:3440,4,4,0.00,165.56,0.00,SJC
2606:4700:3008:71f2:18a4:dc97:38dd:60ed,4,4,0.00,165.56,0.00,SJC
2606:4700:3001::2c20:eac2,4,4,0.00,165.56,0.00,SJC
2606:4700:3008:71f2:8151:e070:70f7:3cf9,4,4,0.00,165.57,0.00,SJC
2606:4700:d:0:5504:8db2:3b9b:6784,4,4,0.00,165.57,0.00,SJC
2606:4700:0:5c07:fa3e:44:b5b6:9635,4,4,0.00,165.58,0.00,SJC
2606:4700:a8:a6:7d3:cee2:647d:2c1d,4,4,0.00,165.58,0.00,SJC
2606:4700:a9::307,4,4,0.00,165.58,0.00,SJC
2606:4700:a:8:632:f931:918e:50aa,4,4,0.00,165.58,0.00,SJC
2606:4700:3008:71f2:8169:a611:12ff:fd94,4,4,0.00,165.58,0.00,SJC
2606:4700:3008:0:b5da:97e9:aec2:d2ba,4,4,0.00,165.58,0.00,SJC
2606:4700::484c:1244:318e:732b,4,4,0.00,165.58,0.00,SJC
2606:4700:a:c5fa:96f5:9941:be73:cbe7,4,4,0.00,165.58,0.00,SJC
2606:4700:c:5b:58cf:a9cf:1b46:c4c,4,4,0.00,165.59,0.00,SJC
2606:4700::ea5b:d587:705a:b61,4,4,0.00,165.59,0.00,SJC
2606:4700:130::6e13:53d9:2518,4,4,0.00,165.59,0.00,SJC
2606:4700:d0:1403:f10e:28a4:ae9d:68b8,4,4,0.00,165.59,0.00,SJC
2a06:98c1:58:74:f888:b97:d0e2:dcd6,4,4,0.00,165.59,0.00,SJC
2606:4700:3005:88:9921:609a:8278:b689,4,4,0.00,165.59,0.00,SJC
2606:4700:3009:a8:69bd:ad4:ab3a:75f7,4,4,0.00,165.60,0.00,SJC
2606:4700:a:8:632:f9cb:b5a8:92,4,4,0.00,165.60,0.00,SJC
2606:4700:a8:a6:7d3:cee2:648b:cdeb,4,4,0.00,165.60,0.00,SJC
2606:4700::ea5b:bf15:be1:6b59,4,4,0.00,165.60,0.00,SJC
2606:4700:3006:9:62ca:ef0a:2b94:5ef4,4,4,0.00,165.60,0.00,SJC
2606:4700:3005:0:38:543b:108d:ef3b,4,4,0.00,165.60,0.00,SJC
2606:4700:d:1996:8f35:b28c:d66f:1659,4,4,0.00,165.60,0.00,SJC
2606:4700:a:0:d863:18e3:ab9:7516,4,4,0.00,165.60,0.00,SJC
2606:4700:0:5ce0:d3b3:4613:7d14:b101,4,4,0.00,165.60,0.00,SJC
2606:4700:a8:a6:7d3:cee2:2345:ab78,4,4,0.00,165.60,0.00,SJC
2606:4700:d:f7:24c4:55be:ca6b:6c19,4,4,0.00,165.61,0.00,SJC
2606:4700:3003:cd:2d98:1ca:dfb8:16e2,4,4,0.00,165.61,0.00,SJC
2606:4700:d:0:8c:904d:fa45:9cfa,4,4,0.00,165.61,0.00,SJC
2606:4700:d0:56:7b16:29a6:d165:14f6,4,4,0.00,165.61,0.00,SJC
2606:4700:d1:873a:ac41:6be6:f49e:c51e,4,4,0.00,165.61,0.00,SJC
2606:4700:3001:ef60:ae7d:3233:9b22:c34b,4,4,0.00,165.61,0.00,SJC
2606:4700:a9:fa6e:5617:cf1a:b1d0:8f5e,4,4,0.00,165.62,0.00,SJC
2606:4700:a:e4:185c:f849:b547:e6d3,4,4,0.00,165.62,0.00,SJC
2606:4700:a8:a6:7d3:406f:c1ba:11c9,4,4,0.00,165.62,0.00,SJC
2606:4700:3005:0:cef8:bcd6:530c:78ab,4,4,0.00,165.62,0.00,SJC
2606:4700:130:0:d00a:41aa:a284:d680,4,4,0.00,165.62,0.00,SJC
2606:4700:a:c528:9b75:d6b5:a6ac:1af,4,4,0.00,165.62,0.00,SJC
2606:4700:a:0:af0f:f24e:7a3e:c54c,4,4,0.00,165.62,0.00,SJC
2606:4700:3005:ca:20ff:ab9d:819b:dfdb,4,4,0.00,165.62,0.00,SJC
2606:4700:a9:cf:a7e:2516:1c46:733b,4,4,0.00,165.63,0.00,SJC
2606:4700:a1:74:ae78:5c75:b825:39ce,4,4,0.00,165.63,0.00,SJC
2606:4700:3001:d4:679f:cfc5:7782:2a6e,4,4,0.00,165.63,0.00,SJC
2606:4700:a8:a6:d7a4:4ad:99bd:3041,4,4,0.00,165.63,0.00,SJC
2606:4700:c:0:efda:a4a4:f8a9:5823,4,4,0.00,165.63,0.00,SJC
2606:4700:a:4267:89cd:53cf:d855:beec,4,4,0.00,165.63,0.00,SJC
2606:4700:d1:fa26:5ec0:5152:d257:5e93,4,4,0.00,165.63,0.00,SJC
2606:4700:3007:d3b6:edd:2f0d:85e3:2038,4,4,0.00,165.63,0.00,SJC
2606:4700:a:4267:89f7:e5bd:5aed:ab78,4,4,0.00,165.63,0.00,SJC
2606:4700:3003::9add:7b00:518f,4,4,0.00,165.63,0.00,SJC
2606:4700:3001:0:54:ffff:84ce:3a67,4,4,0.00,165.63,0.00,SJC
2606:4700:3008:71f2:810d:938d:ede5:16a8,4,4,0.00,165.64,0.00,SJC
2606:4700:d1:d9:588b:f4eb:ffaa:9112,4,4,0.00,165.64,0.00,SJC
2606:4700:3001:d4:673f:2d4d:18e1:b8d8,4,4,0.00,165.64,0.00,SJC
2606:4700:3006:9:d1e4:8cf5:eadf:f95,4,4,0.00,165.64,0.00,SJC
2a06:98c1:58:8b10:f6ff:ae1f:f231:d2e4,4,4,0.00,165.64,0.00,SJC
2606:4700:a1:74:ae78:3017:9060:1bb8,4,4,0.00,165.65,0.00,SJC
2606:4700:d1:0:15:6a29:6ca2:7307,4,4,0.00,165.65,0.00,SJC
2606:4700:3000:9b92:29c:11d7:c005:f813,4,4,0.00,165.65,0.00,SJC
2606:4700:3004:cc58:6209:7f7c:7914:57f5,4,4,0.00,165.65,0.00,SJC
2606:4700:3003:13ee:bf90:211:8dc0:3983,4,4,0.00,165.66,0.00,SJC
2606:4700:e:0:ce95:2770:4e96:adca,4,4,0.00,165.66,0.00,SJC
2606:4700:3008:f6:25e:8074:45b3:53b9,4,4,0.00,165.66,0.00,SJC
2606:4700:3001::6ea1:f95a:f97e,4,4,0.00,165.67,0.00,SJC
2606:4700:d0:0:d5:ecd8:b1d8:12d8,4,4,0.00,165.67,0.00,SJC
2606:4700:e:77be:86dd:5814:fd86:25c4,4,4,0.00,165.67,0.00,SJC
2606:4700:3001:d4:678e:6236:8917:19af,4,4,0.00,165.67,0.00,SJC
2606:4700:3001:d4:679f:8fa3:18cd:3d2,4,4,0.00,165.67,0.00,SJC
2606:4700:3003:1329:fa4:5e59:9208:28d3,4,4,0.00,165.67,0.00,SJC
2606:4700:3001:d4:678e:ba03:2329:5d32,4,4,0.00,165.67,0.00,SJC
2606:4700:a9:fa7d:5bf0:85a3:679c:a513,4,4,0.00,165.67,0.00,SJC
2606:4700:e:57:b744:c5f7:26d:4a10,4,4,0.00,165.67,0.00,SJC
2606:4700:3008:f6:1fd5:904f:9235:b210,4,4,0.00,165.68,0.00,SJC
2606:4700:f:8383:7aa:a59:ba10:1f0c,4,4,0.00,165.68,0.00,SJC
2606:4700:a9:fa6e:56d8:687e:b850:33cf,4,4,0.00,165.68,0.00,SJC
2606:4700:3004:cc58:f30b:4459:1582:aa2,4,4,0.00,165.68,0.00,SJC
2606:4700:d0:14e8:6e5b:e70d:76ba:7a12,4,4,0.00,165.68,0.00,SJC
2606:4700:3001:d4:2b4f:635d:5504:aab6,4,4,0.00,165.68,0.00,SJC
2606:4700:3001::a2e9:6bbc,4,4,0.00,165.68,0.00,SJC
2606:4700:c:3c32:80e0:3b41:5b4f:6a48,4,4,0.00,165.68,0.00,SJC
2606:4700:c:ce56:4138:ce63:13da:9d60,4,4,0.00,165.69,0.00,SJC
2606:4700:e::89:4857:49d2,4,4,0.00,165.69,0.00,SJC
2606:4700:f:0:4352:b21a:8786:ecbe,4,4,0.00,165.69,0.00,SJC
2606:4700:c:0:efa5:7fd7:1ca3:de0,4,4,0.00,165.69,0.00,SJC
2606:4700:130:9acb:7b5c:7b9a:f21a:54e7,4,4,0.00,165.69,0.00,SJC
2606:4700:b:0:ac:82af:5a93:83dc,4,4,0.00,165.69,0.00,SJC
2606:4700:3006:5f:ae04:7686:69f8:7a18,4,4,0.00,165.69,0.00,SJC
2606:4700:a8:a6:d744:f419:5146:8e82,4,4,0.00,165.69,0.00,SJC
2606:4700:a8:a6:d744:f419:514b:485f,4,4,0.00,165.69,0.00,SJC
2606:4700:a9:cf:a07:f6b0:9464:7364,4,4,0.00,165.69,0.00,SJC
2606:4700::81e3:1f5c:d34b:d840,4,4,0.00,165.70,0.00,SJC
2606:4700:a:c528:a558:6c4b:cc4e:da27,4,4,0.00,165.70,0.00,SJC
2606:4700:130:f7:3221:df9b:50c6:3ddf,4,4,0.00,165.70,0.00,SJC
2606:4700:f:bdfe:5575:ac14:c6e9:58da,4,4,0.00,165.70,0.00,SJC
2606:4700:3008:0:a5:8bd3:534d:e4e4,4,4,0.00,165.70,0.00,SJC
2a06:98c1:58:787d:496c:b79f:5c4c:a75d,4,4,0.00,165.70,0.00,SJC
2606:4700:d0:1403:f10e:af48:3e3:8272,4,4,0.00,165.70,0.00,SJC
2606:4700:d:1d:2b:3f9f:8a69:dbee,4,4,0.00,165.71,0.00,SJC
2606:4700:3009:0:8251:a5cd:29a1:eb70,4,4,0.00,165.71,0.00,SJC
2606:4700::ea5b:d587:4809:405e,4,4,0.00,165.71,0.00,SJC
2606:4700:3000:9b92:29c:b95b:f423:dbfd,4,4,0.00,165.71,0.00,SJC
2606:4700:0:5c07:1a7e:8192:2a03:ae19,4,4,0.00,165.71,0.00,SJC
2606:4700:3009:0:fd46:d18b:22cd:21b5,4,4,0.00,165.71,0.00,SJC
2606:4700:d:1996:8f35:56d3:10e1:539e,4,4,0.00,165.72,0.00,SJC
2a06:98c1:58:8bba:2412:72fc:f21c:6c6e,4,4,0.00,165.72,0.00,SJC
2606:4700:3007:0:853a:ba79:4e13:31bb,4,4,0.00,165.72,0.00,SJC
2606:4700:a9:fa7d:5b1c:2782:14c5:2dd5,4,4,0.00,165.72,0.00,SJC
2606:4700:130:0:d0cd:2a6e:f9e9:aad1,4,4,0.00,165.72,0.00,SJC
2606:4700:e:21:309f:3e2e:3f12:c15f,4,4,0.00,165.72,0.00,SJC
2606:4700:b:0:c517:cad:ddcd:f058,4,4,0.00,165.73,0.00,SJC
2606:4700:d1:873a:734a:b9c7:3831:7e82,4,4,0.00,165.73,0.00,SJC
2606:4700:d0:1403:fb17:f3c1:9c9a:8421,4,4,0.00,165.73,0.00,SJC
2606:4700:e:777d:3aa9:cb2b:d5bb:276e,4,4,0.00,165.73,0.00,SJC
2606:4700:130:0:d00a:1284:6c2b:1e0,4,4,0.00,165.73,0.00,SJC
2606:4700:a1:d50b:3f59:6e44:4f45:3de8,4,4,0.00,165.73,0.00,SJC
2606:4700:d:f7:24c4:df03:de55:a03,4,4,0.00,165.73,0.00,SJC
2606:4700:d0:56:7be4:de94:4d75:e4e9,4,4,0.00,165.73,0.00,SJC
2606:4700:e:77b9:6470:f124:8887:5cf,4,4,0.00,165.73,0.00,SJC
2606:4700::ae:368f:d548:fb86,4,4,0.00,165.73,0.00,SJC
2606:4700:b:e836:3474:50a4:7787:8809,4,4,0.00,165.74,0.00,SJC
2606:4700:3009:93b3:e93d:6c6d:7307:55a2,4,4,0.00,165.74,0.00,SJC
2606:4700:3009:a8:69db:1253:c6e1:9c52,4,4,0.00,165.74,0.00,SJC
2606:4700:a::74fc:10c8:435,4,4,0.00,165.74,0.00,SJC
2606:4700:3005::1639,4,4,0.00,165.74,0.00,SJC
2606:4700:3009:a8:69db:1253:c617:8a66,4,4,0.00,165.74,0.00,SJC
2606:4700:130:0:d0fb:a1c3:50de:d6dd,4,4,0.00,165.74,0.00,SJC
2a06:98c1:58:0:ea:9e3b:e44:7239,4,4,0.00,165.74,0.00,SJC
2606:4700:d:f7:c893:4e02:f1ca:ad3f,4,4,0.00,165.74,0.00,SJC
2606:4700:a:e4:185c:f849:b577:6d8,4,4,0.00,165.75,0.00,SJC
2606:4700:a8:bbaf:7e7b:fe75:e4aa:1a2f,4,4,0.00,165.75,0.00,SJC
2606:4700:3005:ca:20ff:ab2b:1b58:dc32,4,4,0.00,165.75,0.00,SJC
2606:4700:3009:5a:295d:980d:ddbe:b621,4,4,0.00,165.75,0.00,SJC
2606:4700:a9:cf:ab0:6819:4e31:1a89,4,4,0.00,165.75,0.00,SJC
2606:4700:3003:cd:2d8e:2d95:af37:7e97,4,4,0.00,165.75,0.00,SJC
2606:4700:3002:0:ae:dc00:1177:2bde,4,4,0.00,165.75,0.00,SJC
2606:4700:b:da58:7463:19ad:c76c:ca85,4,4,0.00,165.75,0.00,SJC
2606:4700:f:8383:b180:7504:ebce:d3ad,4,4,0.00,165.76,0.00,SJC
2606:4700:e:77b9:9890:5969:1819:eb7d,4,4,0.00,165.76,0.00,SJC
2606:4700:a8:a6:d7f1:64d8:c4b1:97ed,4,4,0.00,165.76,0.00,SJC
2606:4700:a8:a6:722:54b6:e546:a8b9,4,4,0.00,165.76,0.00,SJC
2606:4700:3008::c0f0:efe6,4,4,0.00,165.77,0.00,SJC
2606:4700:d1:873a:73cd:d3fd:b0b:1c57,4,4,0.00,165.77,0.00,SJC
2606:4700:3003:cd:2de1:ec9a:8ff5:cf64,4,4,0.00,165.77,0.00,SJC
2606:4700:a9:fa7d:fd06:5472:1ea2:f739,4,4,0.00,165.77,0.00,SJC
2606:4700:3004:5c:961e:7d02:53e0:5bdf,4,4,0.00,165.77,0.00,SJC
2606:4700:a:0:8a:f104:66f5:b2a3,4,4,0.00,165.78,0.00,SJC
2606:4700:3004:cc58:d522:c14:3c33:475d,4,4,0.00,165.78,0.00,SJC
2606:4700:d1:fa26:1235:65a4:a4d0:f8cd,4,4,0.00,165.78,0.00,SJC
2606:4700:3005:0:f7:3087:c542:acb8,4,4,0.00,165.78,0.00,SJC
2606:4700:3003:cd:2de1:2103:254b:da84,4,4,0.00,165.79,0.00,SJC
2606:4700:a:8:f2c1:5a13:36c3:4ab3,4,4,0.00,165.79,0.00,SJC
2606:4700:3005:88:99a5:1da5:248f:ea21,4,4,0.00,165.79,0.00,SJC
2606:4700:3006:7690:9da5:931c:6df5:a18e,4,4,0.00,165.79,0.00,SJC
2606:4700:c:cefc:6378:f2c5:48a4:5df4,4,4,0.00,165.79,0.00,SJC
2606:4700:e:4d05:a1d2:ca37:9b20:c0c9,4,4,0.00,165.79,0.00,SJC
2606:4700:0:7129:dec2:1516:2c2a:3be,4,4,0.00,165.79,0.00,SJC
2606:4700:3001:d4:2b4f:63db:e41f:4179,4,4,0.00,165.79,0.00,SJC
2606:4700:0:d923:c32a:2e08:1cfb:27f2,4,4,0.00,165.79,0.00,SJC
2606:4700:3009:a8:69db:12d0:ac31:a513,4,4,0.00,165.79,0.00,SJC
2606:4700:c:0:efda:3c6:dd8f:660c,4,4,0.00,165.79,0.00,SJC
2606:4700:d1:873a:fbf4:e0f7:b003:b012,4,4,0.00,165.80,0.00,SJC
2606:4700::484c:c19d:7234:a0b1,4,4,0.00,165.80,0.00,SJC
2606:4700:3000:ac:7538:3c75:377b:6a14,4,4,0.00,165.80,0.00,SJC
2606:4700:3001:d4:678e:6236:890e:e9ba,4,4,0.00,165.80,0.00,SJC
2606:4700:c:3c32:8080:eee5:d6df:ca83,4,4,0.00,165.80,0.00,SJC
2606:4700:3000:0:4e:4387:d6ce:92e2,4,4,0.00,165.80,0.00,SJC
2606:4700:e:0:32:554e:dc3c:3377,4,4,0.00,165.80,0.00,SJC
2606:4700:c:3cae:393d:89f8:a171:fa9a,4,4,0.00,165.80,0.00,SJC
2606:4700:3003:13ee:888f:43cb:76d5:7bfe,4,4,0.00,165.80,0.00,SJC
2606:4700:b:0:c517:cad:e675:c13b,4,4,0.00,165.80,0.00,SJC
2606:4700:130::6e6e:2807:5835,4,4,0.00,165.81,0.00,SJC
2606:4700:c:0:efda:a44c:92e1:5c86,4,4,0.00,165.81,0.00,SJC
2606:4700:a:c528:a558:6903:650b:c23d,4,4,0.00,165.81,0.00,SJC
2606:4700:3000:ac:707d:688f:bd33:3339,4,4,0.00,165.81,0.00,SJC
2606:4700:3003:cd:2d8e:2d2e:289e:c1e2,4,4,0.00,165.81,0.00,SJC
2606:4700:3002:2a:ea92:9750:618d:2f37,4,4,0.00,165.81,0.00,SJC
2606:4700:c:5b:58cf:cfb5:7f14:b690,4,4,0.00,165.81,0.00,SJC
2606:4700:f:8383:7aa:5420:10f7:b2cd,4,4,0.00,165.81,0.00,SJC
2606:4700:a9:fa7d:fd1f:5010:89c2:a17e,4,4,0.00,165.82,0.00,SJC
2606:4700:3004:0:9b0c:1b03:8f51:1dd7,4,4,0.00,165.82,0.00,SJC
2606:4700:3004:ac9d:a78f:2228:7b9e:5c7a,4,4,0.00,165.82,0.00,SJC
2606:4700:f:bd2f:97c5:f1ed:9f14:1789,4,4,0.00,165.82,0.00,SJC
2606:4700:a9:fa7d:fd1f:507b:669a:929,4,4,0.00,165.82,0.00,SJC
2606:4700:c:5b:6b6c:9474:411:9933,4,4,0.00,165.82,0.00,SJC
2606:4700:3004::ccca:6d19,4,4,0.00,165.82,0.00,SJC
2606:4700:3009:5a:295d:980d:7342:99fa,4,4,0.00,165.82,0.00,SJC
2606:4700:d0:1473:d37b:222c:ee00:bba7,4,4,0.00,165.82,0.00,SJC
2606:4700:d1:fa76:3197:43f2:5ee8:955e,4,4,0.00,165.83,0.00,SJC
2606:4700:d0:14e8:6eb1:3451:dec5:232,4,4,0.00,165.83,0.00,SJC
2a06:98c1:58:8b10:f6ff:1b37:bf38:240d,4,4,0.00,165.83,0.00,SJC
2a06:98c1:58:8b10:e64:c994:ff01:f3e0,4,4,0.00,165.83,0.00,SJC
2606:4700:3003:1329:f1a:2168:2524:a799,4,4,0.00,165.83,0.00,SJC
2606:4700:3001:d4:673f:c275:6fad:7410,4,4,0.00,165.83,0.00,SJC
2606:4700:d1:fa26:5ec0:2c7a:f9cc:53f3,4,4,0.00,165.83,0.00,SJC
2606:4700:3000:0:9368:5292:4140:c160,4,4,0.00,165.83,0.00,SJC
2606:4700:a8:bbaf:7e7b:fe74:8f08:288e,4,4,0.00,165.84,0.00,SJC
2606:4700:d1:d9:e0bd:9ce1:1ee2:75f,4,4,0.00,165.84,0.00,SJC
2606:4700:0:d923:49e4:5b36:7e89:9558,4,4,0.00,165.84,0.00,SJC
2606:4700:3007:0:c2:b19e:b6b5:e8d2,4,4,0.00,165.84,0.00,SJC
2606:4700:3003:0:e484:3655:5340:f237,4,4,0.00,165.84,0.00,SJC
2a06:98c1:58:8b36:8b03:cbcf:5e76:b838,4,4,0.00,165.84,0.00,SJC
2606:4700:b:a9:90d6:3b8d:ee9f:1e74,4,4,0.00,165.84,0.00,SJC
2606:4700:d0:0:d4:71fc:83d6:3ad8,4,4,0.00,165.85,0.00,SJC
2606:4700:a::3b91:8316:e8e0,4,4,0.00,165.85,0.00,SJC
2606:4700::ea5b:bfeb:64f9:9d34,4,4,0.00,165.85,0.00,SJC
2606:4700:c:ce56:4c17:da29:d565:895a,4,4,0.00,165.85,0.00,SJC
2606:4700:3001:d4:678e:baf9:2ef1:b0fd,4,4,0.00,165.85,0.00,SJC
2606:4700:d1:fa26:1235:659b:b9bd:d5b8,4,4,0.00,165.85,0.00,SJC
2606:4700:a8:bb96:1f85:f881:544d:90e0,4,4,0.00,165.85,0.00,SJC
2606:4700:0:d923:4945:923b:2983:f49e,4,4,0.00,165.86,0.00,SJC
2606:4700:3001:ef60:ae3b:fbfb:1257:439,4,4,0.00,165.86,0.00,SJC
2606:4700:c:cefc:6378:f2c5:e21f:acd6,4,4,0.00,165.86,0.00,SJC
2606:4700:3009:93b3:3822:911d:4463:f4eb,4,4,0.00,165.86,0.00,SJC
2606:4700:3009:93b3:3822:911d:5312:55c,4,4,0.00,165.86,0.00,SJC
2606:4700:d0:56:7bd7:33bd:55bf:cdad,4,4,0.00,165.86,0.00,SJC
2606:4700:3001:ef60:ae7c:c0fe:33c2:c122,4,4,0.00,165.87,0.00,SJC
2606:4700:e::89:c21e:a2e1,4,4,0.00,165.87,0.00,SJC
2606:4700:d1:8795:502a:2c17:fa50:8d4a,4,4,0.00,165.87,0.00,SJC
2a06:98c1:58::9e:fb0e:bf32,4,4,0.00,165.87,0.00,SJC
2606:4700:a8:a6:7a7:1da4:e88c:46f2,4,4,0.00,165.88,0.00,SJC
2606:4700:e:0:5c81:7429:8fc8:6e64,4,4,0.00,165.88,0.00,SJC
2606:4700:130::6e6e:2895:8ad9,4,4,0.00,165.88,0.00,SJC
2606:4700:c:3cae:393d:89f8:a190:b9f6,4,4,0.00,165.88,0.00,SJC
2606:4700:0:d9cd:4012:a322:1ffa:3c87,4,4,0.00,165.88,0.00,SJC
2606:4700:130:f7:c3c2:e2ed:dc0f:3bb7,4,4,0.00,165.88,0.00,SJC
2606:4700:3003:13ee:bf90:8a7d:af7a:d66a,4,4,0.00,165.88,0.00,SJC
2606:4700:b::93a2:6bfc:d710,4,4,0.00,165.88,0.00,SJC
2606:4700:d0:1473:4e02:f4c:a0a5:1e9f,4,4,0.00,165.88,0.00,SJC
2606:4700:3009:b966:7969:2446:e793:439e,4,4,0.00,165.88,0.00,SJC
2606:4700:3004:cc58:33b1:5edb:c649:5e9d,4,4,0.00,165.88,0.00,SJC
2606:4700:a::743a:fdf:d007,4,4,0.00,165.89,0.00,SJC
2606:4700:d0:1403:7c10:87ed:65c0:7efb,4,4,0.00,165.89,0.00,SJC
2606:4700:a:8:f27f:7776:eedf:b857,4,4,0.00,165.89,0.00,SJC
2a06:98c1:58:8bba:9ab0:6b23:3332:7d4b,4,4,0.00,165.89,0.00,SJC
2606:4700:a1::65ab:f3c0:813c,4,4,0.00,165.89,0.00,SJC
2606:4700:c:cefc:63ab:a95b:9199:483c,4,4,0.00,165.89,0.00,SJC
2606:4700:a:c528:a50d:a602:e393:9ada,4,4,0.00,165.90,0.00,SJC
2606:4700:a:c528:a5ff:46cc:422a:b328,4,4,0.00,165.90,0.00,SJC
2606:4700:d0:1403:7c10:87ee:a21c:7274,4,4,0.00,165.90,0.00,SJC
2606:4700:a8:5e:1ec4:4a24:f9f6:77b,4,4,0.00,165.90,0.00,SJC
2606:4700:d1::e499,4,4,0.00,165.90,0.00,SJC
2606:4700:a9:997c:41f:36c7:8b1a:79de,4,4,0.00,165.90,0.00,SJC
2a06:98c1:58:8bba:24ce:2551:f8ab:c0f2,4,4,0.00,165.91,0.00,SJC
2606:4700:d1:d9:5cc1:5e1a:e0b0:6e4c,4,4,0.00,165.91,0.00,SJC
2a06:98c1:58:0:95bb:2931:5841:147a,4,4,0.00,165.91,0.00,SJC
2606:4700:a9:fa7d:fd70:d022:b9cd:2c5a,4,4,0.00,165.91,0.00,SJC
2606:4700:0:d923:4945:193e:3032:56c2,4,4,0.00,165.91,0.00,SJC
2606:4700:0:d923:c30d:ab86:2bd3:841b,4,4,0.00,165.91,0.00,SJC
2606:4700:3008:f6:1f0c:3244:7ee:b15,4,4,0.00,165.91,0.00,SJC
2606:4700:a8:a9:84cf:3e3b:7f78:ae2b,4,4,0.00,165.91,0.00,SJC
2606:4700:d1:fa26:1231:a3ea:b029:c156,4,4,0.00,165.91,0.00,SJC
2606:4700:f:8f:855a:7392:d985:19ee,4,4,0.00,165.91,0.00,SJC
2606:4700:3009:3d:ae29:a2e9:7a76:886,4,4,0.00,165.92,0.00,SJC
2606:4700:3009:3d:f39b:dfd1:de54:91e9,4,4,0.00,165.92,0.00,SJC
2606:4700::ea5b:d587:7046:5a2b,4,4,0.00,165.92,0.00,SJC
2606:4700:a9:fa6e:56d8:687e:2905:590b,4,4,0.00,165.92,0.00,SJC
2606:4700:e:0:5c81:76ef:101b:15db,4,4,0.00,165.92,0.00,SJC
2606:4700:3004:5c:9683:7f56:2330:2abb,4,4,0.00,165.92,0.00,SJC
2606:4700:d:1d:8ea4:48cc:7d67:6414,4,4,0.00,165.92,0.00,SJC
2606:4700:d1:d9:e0bd:9ce1:1e44:75d5,4,4,0.00,165.92,0.00,SJC
2606:4700:a1:0:c9:729d:f180:37c5,4,4,0.00,165.92,0.00,SJC
2606:4700:e:57:b744:4204:f0f7:a2e2,4,4,0.00,165.93,0.00,SJC
2606:4700:a8:a6:d744:f419:51d5:5347,4,4,0.00,165.93,0.00,SJC
2606:4700:3009:0:8251:c6cc:196a:b3a4,4,4,0.00,165.93,0.00,SJC
2606:4700:d0:14e8:19c3:15a0:1890:e90e,4,4,0.00,165.93,0.00,SJC
2606:4700:a:c5fa:f8ee:7712:2013:74dc,4,4,0.00,165.93,0.00,SJC
2606:4700:d:1d:1eaf:3b92:d137:762a,4,4,0.00,165.93,0.00,SJC
2606:4700:3005:ca:2cba:1606:e7e6:80bb,4,4,0.00,165.93,0.00,SJC
2606:4700:d:f7:24c4:55be:3a2e:4ed1,4,4,0.00,165.94,0.00,SJC
2606:4700:a9:fa7d:fd70:d022:a9e5:a8b1,4,4,0.00,165.94,0.00,SJC
2606:4700:3009:93b3:e942:4f56:dd80:af7b,4,4,0.00,165.94,0.00,SJC
2606:4700:3001:d4:6702:1d76:b94c:e31,4,4,0.00,165.94,0.00,SJC
2606:4700:e:21:3025:5a47:9c3c:4bb7,4,4,0.00,165.94,0.00,SJC
2606:4700:a8:a6:d744:8a5:5a66:aae3,4,4,0.00,165.94,0.00,SJC
2606:4700:a9:fa6e:5617:cf1a:e31c:ee0f,4,4,0.00,165.94,0.00,SJC
2606:4700:3003:cd:9ae7:bb27:e88f:871a,4,4,0.00,165.95,0.00,SJC
2606:4700:b:e836:b773:8917:a65e:517c,4,4,0.00,165.95,0.00,SJC
2606:4700:3003:1329:f1a:ce59:176a:b356,4,4,0.00,165.95,0.00,SJC
2606:4700:d0:1403:fbac:43b0:d7e8:f88e,4,4,0.00,165.95,0.00,SJC
2606:4700:a8:a9:84cf:3ee3:88e6:947c,4,4,0.00,165.95,0.00,SJC
2606:4700:e:4d05:a946:460c:516d:32f3,4,4,0.00,165.95,0.00,SJC
2606:4700:3001:ef60:8b30:68d:525c:f7df,4,4,0.00,165.96,0.00,SJC
2606:4700:3004:cc58:6209:53f4:d1a3:86fa,4,4,0.00,165.96,0.00,SJC
2606:4700:3007:d3b6:de69:a679:595d:74c3,4,4,0.00,165.96,0.00,SJC
2606:4700:a8:a9:84cf:77da:1dc7:6ed7,4,4,0.00,165.96,0.00,SJC
2606:4700:a1:d50b:b540:974b:29c4:6c5f,4,4,0.00,165.96,0.00,SJC
2606:4700::ea5b:698d:1bb1:9b0,4,4,0.00,165.96,0.00,SJC
2606:4700:d0:1473:4e02:ff7:a8ec:dc16,4,4,0.00,165.96,0.00,SJC
2606:4700:3001:0:78:63a7:c86e:9555,4,4,0.00,165.96,0.00,SJC
2a06:98c1:58:0:ba4:426b:dcf:9320,4,4,0.00,165.96,0.00,SJC
2606:4700:a9:fa7d:5b1c:2752:2970:4924,4,4,0.00,165.96,0.00,SJC
2606:4700:b:0:ac:82af:5a14:e3e2,4,4,0.00,165.96,0.00,SJC
2606:4700:d0:14e8:6e5b:4de1:2715:38e6,4,4,0.00,165.96,0.00,SJC
2606:4700:a8:bb96:1f85:f881:5729:d7f0,4,4,0.00,165.96,0.00,SJC
2606:4700:d0:56:e2d8:1d2c:d3c6:585c,4,4,0.00,165.97,0.00,SJC
2606:4700:d1:fa26:5ec0:2cbf:e571:5b2a,4,4,0.00,165.97,0.00,SJC
2606:4700:a9:fa7d:5bf0:85e7:4eae:7ad8,4,4,0.00,165.97,0.00,SJC
2606:4700:a9:fa6e:56d8:687e:ee2e:1ce3,4,4,0.00,165.97,0.00,SJC
2606:4700:3005:376f:e7f4:e330:33ac:7db2,4,4,0.00,165.98,0.00,SJC
2606:4700:0:5c18:cc05:3e91:9b9:7478,4,4,0.00,165.98,0.00,SJC
2606:4700:0:d923:49e4:5b4e:2427:b4a1,4,4,0.00,165.98,0.00,SJC
2606:4700:3009:a8:69db:1253:756b:c376,4,4,0.00,165.98,0.00,SJC
2606:4700:d1:fa76:a44d:2960:a77d:6131,4,4,0.00,165.98,0.00,SJC
2606:4700:d0:14e8:198a:ec16:f0ab:caa7,4,4,0.00,165.98,0.00,SJC
2a06:98c1:58:8bba:2412:72fc:33c8:d4bc,4,4,0.00,165.98,0.00,SJC
2606:4700:c::d210:71f3:906f,4,4,0.00,165.98,0.00,SJC
2606:4700:0:7129:de00:a239:c8b3:608a,4,4,0.00,165.99,0.00,SJC
2606:4700:3004:0:3023:5561:997e:e515,4,4,0.00,165.99,0.00,SJC
2606:4700:3005:88:99a5:1d15:3003:e76,4,4,0.00,165.99,0.00,SJC
2606:4700:3004:cc58:f3ad:f783:e898:f08d,4,4,0.00,165.99,0.00,SJC
2606:4700:3006:0:ea19:1489:51d1:7fdd,4,4,0.00,165.99,0.00,SJC
2606:4700:0:7129:de00:a2e8:e5cb:859b,4,4,0.00,165.99,0.00,SJC
2606:4700:0:d923:c32a:2e5c:9b42:3e24,4,4,0.00,165.99,0.00,SJC
2606:4700:3009:b966:9056:c815:cf05:41e5,4,4,0.00,166.00,0.00,SJC
2606:4700:0:d9cd:4012:a35f:bc25:5fd4,4,4,0.00,166.00,0.00,SJC
2606:4700:e:77b9:6411:17d5:458d:3b4e,4,4,0.00,166.00,0.00,SJC
2606:4700:3003:cd:2dbc:2a11:af91:5bed,4,4,0.00,166.00,0.00,SJC
2606:4700:c:0:efdb:d157:691d:eb4,4,4,0.00,166.00,0.00,SJC
2606:4700:a9:fa7d:fd1f:503c:cd4f:3227,4,4,0.00,166.01,0.00,SJC
2606:4700:0:d9cd:40c3:42fc:7536:7e4b,4,4,0.00,166.01,0.00,SJC
2606:4700:a:c528:a558:6c1b:2b1d:2716,4,4,0.00,166.01,0.00,SJC
2606:4700:d0:9941:35ae:614d:aca3:6600,4,4,0.00,166.01,0.00,SJC
2606:4700:3004:aca6:a302:b5f0:f382:19eb,4,4,0.00,166.01,0.00,SJC
2606:4700:0:d923:c357:bc:2444:f46e,4,4,0.00,166.02,0.00,SJC
2606:4700:3005::3ce9:746b:3299,4,4,0.00,166.02,0.00,SJC
2606:4700:0:5ce0:d3b3:96d8:bea5:4023,4,4,0.00,166.02,0.00,SJC
2606:4700:3005::ff:e2c,4,4,0.00,166.02,0.00,SJC
2606:4700:d0:14e8:6e39:86bb:1515:a436,4,4,0.00,166.02,0.00,SJC
2606:4700:3009:0:f5:3c23:b1c4:62fd,4,4,0.00,166.02,0.00,SJC
2606:4700:a1:d557:df4f:33bd:62bc:d859,4,4,0.00,166.03,0.00,SJC
2606:4700:3001:0:78:94fe:ffc2:606b,4,4,0.00,166.03,0.00,SJC
2606:4700:3004:b9:dc32:5e5c:a48c:f3a4,4,4,0.00,166.03,0.00,SJC
2606:4700:d1:873a:fba0:70c9:95df:86eb,4,4,0.00,166.03,0.00,SJC
2606:4700:d1:fa26:1231:a31f:dbb8:6639,4,4,0.00,166.03,0.00,SJC
2606:4700:a:0:ae:9ac1:a7a0:f764,4,4,0.00,166.03,0.00,SJC
2606:4700:3001:0:5bf3:ec91:1dae:2e8e,4,4,0.00,166.03,0.00,SJC
2606:4700:3008:71f2:18a4:567e:e9d6:65d4,4,4,0.00,166.03,0.00,SJC
2606:4700:d:0:5504:6773:fcc3:dff5,4,4,0.00,166.03,0.00,SJC
2606:4700:e::80:d590,4,4,0.00,166.03,0.00,SJC
2606:4700:d:1d:84:42a7:2b85:79a,4,4,0.00,166.03,0.00,SJC
2606:4700:d1:d9:e0bd:234a:6b9e:fd30,4,4,0.00,166.03,0.00,SJC
2606:4700:0:5ce0:7210:da26:437b:40bf,4,4,0.00,166.03,0.00,SJC
2606:4700:d1:d9:6234:695:4b6d:bfce,4,4,0.00,166.03,0.00,SJC
2606:4700:d1:d9:5816:bf5f:49f8:b970,4,4,0.00,166.03,0.00,SJC
2606:4700:3003:cd:2dd0:8f40:7234:bffe,4,4,0.00,166.03,0.00,SJC
2606:4700:3009:0:8251:c69e:58b:82e0,4,4,0.00,166.03,0.00,SJC
2606:4700:3005:ca:2054:af1f:dc26:c376,4,4,0.00,166.03,0.00,SJC
2606:4700:3005:376f:5c1:7070:d344:eef2,4,4,0.00,166.04,0.00,SJC
2606:4700:a1:74:cf60:bb4:f633:a786,4,4,0.00,166.04,0.00,SJC
2606:4700:3001:d4:678e:6290:bf3d:5c2e,4,4,0.00,166.04,0.00,SJC
2606:4700:d0:14e8:6e5b:e70d:76c7:34e1,4,4,0.00,166.04,0.00,SJC
2606:4700:3009:0:fd46:689:e21a:fea7,4,4,0.00,166.04,0.00,SJC
2606:4700:b::6e5b:7c4d:32d7,4,4,0.00,166.04,0.00,SJC
2606:4700:a::f483:2eb9:65c1,4,4,0.00,166.04,0.00,SJC
2606:4700:c:0:efda:39e:468b:2982,4,4,0.00,166.05,0.00,SJC
2606:4700:a9:fafc:ad81:a0ac:492f:a69e,4,4,0.00,166.05,0.00,SJC
2606:4700:c:3cae:2db1:2bb:6e2c:8966,4,4,0.00,166.05,0.00,SJC
2606:4700:d1:873a:73cd:b49a:19b8:783e,4,4,0.00,166.05,0.00,SJC
2606:4700:3004:cc9f:617e:39d9:ad7a:cfcc,4,4,0.00,166.05,0.00,SJC
2606:4700:3008:f6:165a:5121:c122:fe0a,4,4,0.00,166.06,0.00,SJC
2606:4700:b::6e5b:cd65:79b5,4,4,0.00,166.06,0.00,SJC
2606:4700:3009:3d:aea9:86e4:d55:8726,4,4,0.00,166.06,0.00,SJC
2606:4700::ea5b:d587:70fe:2ebf,4,4,0.00,166.06,0.00,SJC
2606:4700:a8:a6:d744:8a5:b90e:d789,4,4,0.00,166.06,0.00,SJC
2606:4700::482e:4956:d7b6:8926,4,4,0.00,166.06,0.00,SJC
2606:4700:a:c528:4c83:edb5:6a6f:f329,4,4,0.00,166.06,0.00,SJC
2606:4700:3004:5c:9683:3e92:485c:b291,4,4,0.00,166.07,0.00,SJC
2606:4700:a1::defd:e01d:cef,4,4,0.00,166.07,0.00,SJC
2606:4700:a1:d557:64a8:6a83:d5eb:5993,4,4,0.00,166.07,0.00,SJC
2606:4700:e:4d05:26f6:35ec:e931:37f1,4,4,0.00,166.07,0.00,SJC
2606:4700:a8:bbaf:2067:49ac:c94e:527a,4,4,0.00,166.07,0.00,SJC
2606:4700:3004:cc58:62e9:f7d6:5d4b:5a12,4,4,0.00,166.07,0.00,SJC
2606:4700:e:4d05:a1d2:ca93:f113:ae8e,4,4,0.00,166.08,0.00,SJC
2606:4700:d1:fa76:a43a:7089:f306:6b05,4,4,0.00,166.08,0.00,SJC
2606:4700:3005:376f:586:9ab:332:d81f,4,4,0.00,166.08,0.00,SJC
2606:4700:d0:1403:7c10:87ed:654e:17f,4,4,0.00,166.08,0.00,SJC
2606:4700:0:5ce0:7210:9ba3:7a9e:8031,4,4,0.00,166.08,0.00,SJC
2606:4700:d:1d:2b:3fc7:6f14:e003,4,4,0.00,166.08,0.00,SJC
2606:4700:3009:b966:7969:2455:d50a:e9c6,4,4,0.00,166.08,0.00,SJC
2606:4700:3003:cd:2dd0:8f40:66b0:fbc5,4,4,0.00,166.09,0.00,SJC
2606:4700:a:a05a:1c80:c980:e37d:d96a,4,4,0.00,166.09,0.00,SJC
2606:4700:3001:0:78:df17:9660:31b1,4,4,0.00,166.09,0.00,SJC
2606:4700:3005:0:f7:303f:dcb:3630,4,4,0.00,166.09,0.00,SJC
2606:4700:d0:56:7be4:de94:adc9:35d8,4,4,0.00,166.09,0.00,SJC
2606:4700:a1:d557:df4f:33bd:21c2:666f,4,4,0.00,166.10,0.00,SJC
2606:4700:3000:0:9368:9026:dd60:8bfe,4,4,0.00,166.10,0.00,SJC
2606:4700:e:4d05:a1d2:cad5:814:29c6,4,4,0.00,166.10,0.00,SJC
2606:4700:a8:a6:7d2:6733:cfe0:f26f,4,4,0.00,166.10,0.00,SJC
2606:4700:3009:3d:ae29:929a:945a:e0a6,4,4,0.00,166.10,0.00,SJC
2606:4700:a9:997c:41f:f20d:741:441,4,4,0.00,166.10,0.00,SJC
2606:4700:3001:0:5bf3:128c:cbba:eaf1,4,4,0.00,166.10,0.00,SJC
2606:4700::48f0:e76d:ac84:4f80,4,4,0.00,166.10,0.00,SJC
2606:4700::48ea:dd75:34b7:b8f4,4,4,0.00,166.10,0.00,SJC
2606:4700:c:3c32:35aa:3ca4:3162:7206,4,4,0.00,166.10,0.00,SJC
2606:4700:e:0:32:59fc:6e26:dcec,4,4,0.00,166.10,0.00,SJC
2606:4700:3005::57:fb06:f391,4,4,0.00,166.11,0.00,SJC
2606:4700:a8:bbaf:2086:ae95:7c64:2971,4,4,0.00,166.11,0.00,SJC
2606:4700:3005:ca:20ff:ab9d:dc23:e42b,4,4,0.00,166.12,0.00,SJC
2606:4700:3005:ca:20ff:ab9d:12d2:89bc,4,4,0.00,166.12,0.00,SJC
2606:4700:d:1996:8f35:56d3:103c:fc9e,4,4,0.00,166.12,0.00,SJC
2606:4700:d0:0:e0a9:b4b4:f936:b271,4,4,0.00,166.13,0.00,SJC
2606:4700:a9:fafc:ad12:6c0b:fb2:d4ec,4,4,0.00,166.13,0.00,SJC
2606:4700:f:8383:b180:7504:eb86:b781,4,4,0.00,166.13,0.00,SJC
2606:4700:a8:a6:7d3:ce0e:2a53:e988,4,4,0.00,166.13,0.00,SJC
2606:4700:3003:bad2:6f78:e1b0:918d:e51e,4,4,0.00,166.13,0.00,SJC
2606:4700:3000::c60:40fd:1e87,4,4,0.00,166.13,0.00,SJC
2606:4700:3005:0:38:5484:b014:64b6,4,4,0.00,166.14,0.00,SJC
2606:4700:a9:fa7d:5b1c:2752:c773:c281,4,4,0.00,166.14,0.00,SJC
2606:4700:3006:0:ea19:446:d4b9:4ec9,4,4,0.00,166.14,0.00,SJC
2606:4700:a8:a6:7d3:ce5b:8166:9a90,4,4,0.00,166.14,0.00,SJC
2606:4700:a:c5fa:96f5:8ca5:ab45:8dc4,4,4,0.00,166.14,0.00,SJC
2606:4700:a9:fa6e:5f28:e6d1:5145:a66f,4,4,0.00,166.14,0.00,SJC
2606:4700::4840:120b:46a7:c56c,4,4,0.00,166.14,0.00,SJC
2606:4700:3007:d4:158c:73ec:7d5b:3f71,4,4,0.00,166.14,0.00,SJC
2606:4700:d0:0:d5:293e:7067:c72d,4,4,0.00,166.15,0.00,SJC
2606:4700:3000:0:9368:902c:482c:a653,4,4,0.00,166.15,0.00,SJC
2606:4700:a:8:6d4:d501:d53c:763c,4,4,0.00,166.15,0.00,SJC
2606:4700:d1:fa76:a44d:8800:d4f0:84d2,4,4,0.00,166.15,0.00,SJC
2606:4700:130:0:d00a:12fb:f19f:e985,4,4,0.00,166.15,0.00,SJC
2606:4700:d0:9941:35ae:19d8:d2cd:2fe4,4,4,0.00,166.16,0.00,SJC
2606:4700:a8:bbaf:2086:543b:59ec:61f3,4,4,0.00,166.16,0.00,SJC
2606:4700::ea5b:bfeb:6424:4a6c,4,4,0.00,166.16,0.00,SJC
2606:4700:a9:fafc:ad81:a0ac:5a97:bff5,4,4,0.00,166.17,0.00,SJC
2606:4700:3005:ca:2c89:2fac:b3f8:5ac0,4,4,0.00,166.17,0.00,SJC
2606:4700:3000:0:93ef:89df:6541:da59,4,4,0.00,166.17,0.00,SJC
2606:4700:3001:d4:67f6:c34d:f6a7:c054,4,4,0.00,166.18,0.00,SJC
2606:4700:3009:a8:69bb:43d8:25f2:a181,4,4,0.00,166.18,0.00,SJC
2606:4700:3001:0:54:ffff:84ed:fe6b,4,4,0.00,166.18,0.00,SJC
2606:4700:c:3cae:393d:8ebf:7253:141d,4,4,0.00,166.18,0.00,SJC
2606:4700:f:0:39cf:57bf:f576:89bd,4,4,0.00,166.19,0.00,SJC
2606:4700:3000:0:93ef:4612:a466:22fd,4,4,0.00,166.19,0.00,SJC
2606:4700::eab7:e100:9fe5:6b71,4,4,0.00,166.19,0.00,SJC
2606:4700:0:d923:c357:9638:d436:7a0d,4,4,0.00,166.19,0.00,SJC
2606:4700:130:f7:c302:bb4a:b28f:6fca,4,4,0.00,166.19,0.00,SJC
2606:4700:a9:cf:a49:d1f2:6eba:fc68,4,4,0.00,166.19,0.00,SJC
2606:4700:0:d923:c357:bc:e66b:a875,4,4,0.00,166.19,0.00,SJC
2606:4700:3004:cc58:62e9:f762:2551:7702,4,4,0.00,166.19,0.00,SJC
2606:4700:a1:d50b:3f93:bbf7:73dd:a52a,4,4,0.00,166.19,0.00,SJC
2606:4700:a8:a6:7d2:174d:40a:d889,4,4,0.00,166.19,0.00,SJC
2606:4700:d1:fa26:127e:f6fe:1804:6056,4,4,0.00,166.20,0.00,SJC
2606:4700:d1:fa26:127e:2857:163b:bad0,4,4,0.00,166.20,0.00,SJC
2606:4700:130:0:d00a:1213:c57c:dd20,4,4,0.00,166.20,0.00,SJC
2606:4700:d:f7:245f:3041:4a7a:6cc4,4,4,0.00,166.20,0.00,SJC
2606:4700:d0:14e8:6e5b:b7d:e803:9ae5,4,4,0.00,166.20,0.00,SJC
2606:4700:a8:bbaf:2064:5580:3207:42c7,4,4,0.00,166.20,0.00,SJC
2606:4700:f:8383:b1c7:91ea:42f7:4011,4,4,0.00,166.21,0.00,SJC
2606:4700:3003:13ee:db5:5b0e:2e28:295,4,4,0.00,166.21,0.00,SJC
2606:4700:3001:0:5bf3:63c1:e532:3a7a,4,4,0.00,166.21,0.00,SJC
2606:4700:a1:74:5289:694e:4933:15fa,4,4,0.00,166.21,0.00,SJC
2606:4700:3002:28:f530:b2f2:af0f:d92f,4,4,0.00,166.21,0.00,SJC
2606:4700:3003:1329:584c:b526:26c2:5c88,4,4,0.00,166.21,0.00,SJC
2606:4700::b5:1bca:c54a,4,4,0.00,166.21,0.00,SJC
2606:4700:c:3c32:8080:eed1:bc34:98bd,4,4,0.00,166.22,0.00,SJC
2606:4700:c:5b:6b82:be51:5f63:6d62,4,4,0.00,166.22,0.00,SJC
2606:4700:3006:7690:9d77:9560:18bb:5b8e,4,4,0.00,166.22,0.00,SJC
2606:4700:d1:d9:62c7:ab30:dd73:e7a6,4,4,0.00,166.22,0.00,SJC
2606:4700:3007:d3b6:ded9:af06:6ae2:5b24,4,4,0.00,166.22,0.00,SJC
2606:4700:3006::f4c6:46a3:73d3,4,4,0.00,166.22,0.00,SJC
2606:4700:c:0:efa5:7fd7:1ce1:d1ca,4,4,0.00,166.22,0.00,SJC
2a06:98c1:58:8b10:f6ff:ae65:84fd:3ccc,4,4,0.00,166.22,0.00,SJC
2606:4700:0:5ce0:b334:b268:13d1:e7e4,4,4,0.00,166.22,0.00,SJC
2606:4700:f::9c54:a62:fd00,4,4,0.00,166.22,0.00,SJC
2606:4700:3004:cc58:62e9:f7d6:5d2e:20e5,4,4,0.00,166.22,0.00,SJC
2606:4700:b:e836:b756:2587:13b:3e9a,4,4,0.00,166.22,0.00,SJC
2606:4700:e:0:5ce3:f58e:1f16:e099,4,4,0.00,166.22,0.00,SJC
2606:4700:a:e4:185c:dfc0:c56f:ee28,4,4,0.00,166.23,0.00,SJC
2606:4700:c:ce56:4187:b052:55f4:ab4d,4,4,0.00,166.23,0.00,SJC
2606:4700:d0:1473:4ed7:daf9:4d14:b661,4,4,0.00,166.23,0.00,SJC
2606:4700:3006:0:eaf3:f155:f19d:feb3,4,4,0.00,166.23,0.00,SJC
2606:4700:3003::bffb:637f,4,4,0.00,166.24,0.00,SJC
2606:4700:3006:0:ea19:1436:9ccb:ec73,4,4,0.00,166.24,0.00,SJC
2606:4700:d1:fa76:a44d:8800:6e68:6651,4,4,0.00,166.24,0.00,SJC
2606:4700:d0:56:e2d8:d029:a30d:d,4,4,0.00,166.24,0.00,SJC
2606:4700:c:3cae:2db1:7be2:c8e7:910,4,4,0.00,166.24,0.00,SJC
2606:4700:e:57:5863:569a:3e98:d964,4,4,0.00,166.25,0.00,SJC
2606:4700:3001:ef60:8b30:675:9446:9e14,4,4,0.00,166.25,0.00,SJC
2606:4700:e:0:ce95:78cf:caef:10b0,4,4,0.00,166.26,0.00,SJC
2606:4700:3003:13ee:bf90:8a7d:3c2f:bf19,4,4,0.00,166.26,0.00,SJC
2606:4700:a:e4:185c:f8b3:1e37:36b8,4,4,0.00,166.26,0.00,SJC
2606:4700:3005:ca:3a69:15d3:ae1c:df3b,4,4,0.00,166.26,0.00,SJC
2606:4700:f:8383:71b:9a1b:cac0:2f21,4,4,0.00,166.26,0.00,SJC
2606:4700:3001:ef60:ae7d:7000:bb39:9f07,4,4,0.00,166.26,0.00,SJC
2606:4700:d1:873a:fba0:eb62:a38e:41c3,4,4,0.00,166.26,0.00,SJC
2606:4700:c:3c32:35aa:3509:21e9:f16c,4,4,0.00,166.27,0.00,SJC
2606:4700:e:b3:5fb9:2917:53e0:9957,4,4,0.00,166.27,0.00,SJC
2606:4700:a:0:ae:de79:c897:a3b8,4,4,0.00,166.27,0.00,SJC
2606:4700:3001:ef60:ae3b:d16e:587:9807,4,4,0.00,166.27,0.00,SJC
2606:4700:3004:cc58:33b1:6499:60ed:e668,4,4,0.00,166.27,0.00,SJC
2606:4700:d0:1473:4ed7:24b8:17ed:cd77,4,4,0.00,166.27,0.00,SJC
2606:4700:3001:0:5bf3:ec91:754:e045,4,4,0.00,166.27,0.00,SJC
2606:4700:3001:d4:6702:f9bf:bf85:fa60,4,4,0.00,166.27,0.00,SJC
2606:4700:3008::c6:a3d0:68d7,4,4,0.00,166.27,0.00,SJC
2606:4700:d1:d9:62c7:de09:79ff:985d,4,4,0.00,166.27,0.00,SJC
2606:4700::48ea:5311:2416:7b4a,4,4,0.00,166.27,0.00,SJC
2606:4700:a1:0:98a9:2d31:3bb5:5d32,4,4,0.00,166.28,0.00,SJC
2606:4700::ae:36e1:114:2c4c,4,4,0.00,166.28,0.00,SJC
2606:4700:d1:d9:6272:adbf:e22:da1b,4,4,0.00,166.28,0.00,SJC
2606:4700:3005:376f:1c48:946f:7e8:1b1d,4,4,0.00,166.28,0.00,SJC
2606:4700:d0:56:7be4:22ed:9e8d:85a0,4,4,0.00,166.28,0.00,SJC
2606:4700:e:4dd9:c96c:723f:141f:138d,4,4,0.00,166.28,0.00,SJC
2606:4700:3005:88:99a5:3e1f:ad1f:39e0,4,4,0.00,166.28,0.00,SJC
2606:4700:3009:0:f5:3c01:e8ce:3000,4,4,0.00,166.29,0.00,SJC
2606:4700:e:4d05:2694:64a5:dc0d:67c7,4,4,0.00,166.29,0.00,SJC
2606:4700:3009::1ea6:e27e:bcb6,4,4,0.00,166.29,0.00,SJC
2606:4700:3006::43d6:aa1c,4,4,0.00,166.29,0.00,SJC
2a06:98c1:58:8b10:f62b:544a:815e:7b2d,4,4,0.00,166.29,0.00,SJC
2606:4700:d:f7:24c4:5575:34e6:3c29,4,4,0.00,166.29,0.00,SJC
2606:4700:3001:d4:678e:6236:c04b:49a2,4,4,0.00,166.29,0.00,SJC
2606:4700:c:3c32:80e0:3b41:99b9:8d58,4,4,0.00,166.29,0.00,SJC
2606:4700:e:4d05:a946:460c:7802:c199,4,4,0.00,166.30,0.00,SJC
2606:4700:a9:fa6e:5f28:904e:e697:f56e,4,4,0.00,166.30,0.00,SJC
2606:4700:3003:cd:9afd:340d:8f8f:5402,4,4,0.00,166.30,0.00,SJC
2606:4700:3003:cd:9afd:3485:4430:ae88,4,4,0.00,166.30,0.00,SJC
2606:4700:f:0:5d40:21f3:f553:f0f5,4,4,0.00,166.30,0.00,SJC
2606:4700:3005:ca:2c89:2fac:ddc3:fcd2,4,4,0.00,166.30,0.00,SJC
2606:4700:3008:71f2:18c9:bfbc:1b1:abd6,4,4,0.00,166.30,0.00,SJC
2606:4700:0:5ce0:b3d1:1da0:c0d0:a519,4,4,0.00,166.30,0.00,SJC
2606:4700:c:cefc:db5:3018:d9cf:49ce,4,4,0.00,166.31,0.00,SJC
2606:4700:3003:13ee:888f:95a7:8328:6ef6,4,4,0.00,166.31,0.00,SJC
2606:4700:3001:ef60:8b30:68d:c5be:31ce,4,4,0.00,166.31,0.00,SJC
2606:4700:d0:1403:fbac:43b0:fae1:7121,4,4,0.00,166.31,0.00,SJC
2606:4700:a9:cf:a07:f6b0:432c:663c,4,4,0.00,166.31,0.00,SJC
2606:4700:3004:cc58:33b1:64bf:9f90:c2e8,4,4,0.00,166.31,0.00,SJC
2606:4700:a8:bbaf:2067:496e:6f14:2e1,4,4,0.00,166.31,0.00,SJC
2606:4700:a8:a6:d750:99f5:14ae:f654,4,4,0.00,166.31,0.00,SJC
2606:4700:d1:0:1:917d:b7a8:b379,4,4,0.00,166.32,0.00,SJC
2606:4700:3008:71f2:8151:e070:70ea:f61,4,4,0.00,166.32,0.00,SJC
2606:4700:f:bd2f:9710:1695:45f:43fe,4,4,0.00,166.32,0.00,SJC
2606:4700:a:4267:89f7:e5bd:5a98:a272,4,4,0.00,166.32,0.00,SJC
2606:4700:0:7129:740d:f122:ee4e:7a91,4,4,0.00,166.32,0.00,SJC
2606:4700:3003:cd:9a7c:6db0:fcb5:b593,4,4,0.00,166.33,0.00,SJC
2a06:98c1:58::4b:8138:d75,4,4,0.00,166.33,0.00,SJC
2606:4700:3004:cc58:f3ad:45b9:b868:addb,4,4,0.00,166.33,0.00,SJC
2606:4700:d0:14e8:6e39:86bb:4f4e:cf84,4,4,0.00,166.33,0.00,SJC
2606:4700:f:0:39cf:57ab:a6fa:fb70,4,4,0.00,166.33,0.00,SJC
2606:4700:b:e836:b718:79d3:6829:246a,4,4,0.00,166.33,0.00,SJC
2606:4700:a1::e3:591:ea77,4,4,0.00,166.34,0.00,SJC
2606:4700:3003:13ee:db5:45a1:4324:be3,4,4,0.00,166.34,0.00,SJC
2606:4700:a1:d557:64a8:fb35:fc0a:4d,4,4,0.00,166.34,0.00,SJC
2606:4700:a1:0:ba:7314:7a25:2332,4,4,0.00,166.34,0.00,SJC
2606:4700:3008:71f2:18c9:c286:1319:f50c,4,4,0.00,166.34,0.00,SJC
2606:4700:a8:0:a554:ff4c:9441:7d3c,4,4,0.00,166.34,0.00,SJC
2606:4700:d0:0:d4:71fc:83c2:ae4e,4,4,0.00,166.34,0.00,SJC
2606:4700:3003:cd:9ae7:bb72:27e:9535,4,4,0.00,166.35,0.00,SJC
2606:4700:3006:7690:9d77:61c9:33de:b8f6,4,4,0.00,166.35,0.00,SJC
2606:4700:c::44:fa:5fbf,4,4,0.00,166.35,0.00,SJC
2606:4700:a9:cf:a07:f6d7:d022:b9d8,4,4,0.00,166.35,0.00,SJC
2606:4700:a8:bbaf:2086:ae3a:7df5:451a,4,4,0.00,166.35,0.00,SJC
2606:4700:0:d923:4945:19bb:2e0e:f4a7,4,4,0.00,166.35,0.00,SJC
2606:4700:3005:0:ce9a:e414:6728:b09f,4,4,0.00,166.35,0.00,SJC
2606:4700:3008:71f2:18a4:56d4:cabc:7b33,4,4,0.00,166.35,0.00,SJC
2606:4700:d0:56:7be4:a154:7a44:12bb,4,4,0.00,166.35,0.00,SJC
2606:4700:e:0:32:55ff:cfc6:a57c,4,4,0.00,166.35,0.00,SJC
2606:4700:3008:f6:1f0c:32e1:f3e2:d156,4,4,0.00,166.36,0.00,SJC
2606:4700:d:1996:8f35:562d:b66c:749e,4,4,0.00,166.36,0.00,SJC
2606:4700:a:e4:185c:f8bc:205f:5e9a,4,4,0.00,166.36,0.00,SJC
2606:4700:3006:5f:ae04:222e:fc59:7df8,4,4,0.00,166.36,0.00,SJC
2606:4700:0:5c18:ccc0:500:5bbd:8901,4,4,0.00,166.36,0.00,SJC
2606:4700:3009:b966:e976:ea44:9a7b:9cf3,4,4,0.00,166.37,0.00,SJC
2606:4700:0:88:54ba:30c5:2682:8104,4,4,0.00,166.37,0.00,SJC
2606:4700:d1:fa76:3197:43f2:68cd:2c47,4,4,0.00,166.37,0.00,SJC
2606:4700:3009:a8:69bb:4316:a3c6:15e8,4,4,0.00,166.37,0.00,SJC
2606:4700:a:c528:a558:6c1b:4a9d:b1dc,4,4,0.00,166.37,0.00,SJC
2606:4700:a:c528:9b75:d6b5:a983:87c4,4,4,0.00,166.37,0.00,SJC
2606:4700:0:5c18:ccc0:5de:2753:e5d1,4,4,0.00,166.37,0.00,SJC
2606:4700:3001:bb:7064:de8e:e76a:bcdb,4,4,0.00,166.38,0.00,SJC
2606:4700:d1:fa76:3197:43f2:5e67:d516,4,4,0.00,166.38,0.00,SJC
2606:4700:3002:fec3:8ae3:3fea:bc5f:4d06,4,4,0.00,166.38,0.00,SJC
2606:4700:3004::117a:8b63:6d56,4,4,0.00,166.38,0.00,SJC
2606:4700:0:5c07:fac3:6ec7:47ce:a816,4,4,0.00,166.38,0.00,SJC
2606:4700:d:f7:245f:f1c9:5667:2233,4,4,0.00,166.38,0.00,SJC
2606:4700:3006:7690:9d77:b67b:2a97:efbf,4,4,0.00,166.38,0.00,SJC
2606:4700:3009:93b3:21a2:a726:35f9:726c,4,4,0.00,166.38,0.00,SJC
2606:4700:3004:cc58:6209:7f7c:1589:2b42,4,4,0.00,166.38,0.00,SJC
2606:4700:3003:13ee:bf90:28b:66d7:b9fb,4,4,0.00,166.38,0.00,SJC
2606:4700:3004::111d:9c0b:a803,4,4,0.00,166.38,0.00,SJC
2606:4700:3003:cd:9a7c:b277:19e:c16b,4,4,0.00,166.38,0.00,SJC
2a06:98c1:58:0:95bb:29ff:dcf:d5,4,4,0.00,166.39,0.00,SJC
2606:4700:3003:1329:f1a:ce98:5eb4:89af,4,4,0.00,166.39,0.00,SJC
2606:4700:3008:f6:1fd4:bdf0:ddef:86ba,4,4,0.00,166.39,0.00,SJC
2606:4700:a::95c6:6896:cd26,4,4,0.00,166.39,0.00,SJC
2606:4700:3005::a965:87ee:cdb,4,4,0.00,166.39,0.00,SJC
2606:4700:3002:2a:ea2a:d267:57e7:fe25,4,4,0.00,166.39,0.00,SJC
2606:4700:3003:bad2:6f78:57c2:bdc3:1e2b,4,4,0.00,166.40,0.00,SJC
2606:4700:0:5ce0:7241:9d57:5bc4:fe06,4,4,0.00,166.40,0.00,SJC
2606:4700:3001:efe8:9dd3:3c48:f214:1b52,4,4,0.00,166.40,0.00,SJC
2606:4700:3005:88:99a5:3e5e:cd5b:1954,4,4,0.00,166.40,0.00,SJC
2606:4700:d:1936:d5ab:c32c:8ed0:7ad4,4,4,0.00,166.40,0.00,SJC
2606:4700:3006:0:ea19:1436:9c47:9b3a,4,4,0.00,166.40,0.00,SJC
2606:4700:b:da58:748e:fb7c:d40a:b4e7,4,4,0.00,166.41,0.00,SJC
2a06:98c1:58:8b10:e64:e56d:d89a:dbd7,4,4,0.00,166.41,0.00,SJC
2606:4700:3005:0:d8e6:aa3d:98a1:2f3d,4,4,0.00,166.41,0.00,SJC
2606:4700::48ea:dd75:3403:6612,4,4,0.00,166.41,0.00,SJC
2606:4700:a8:bbaf:e562:7007:5bc5:b6d,4,4,0.00,166.41,0.00,SJC
2606:4700:d:1996:dad9:934a:adcd:6e1c,4,4,0.00,166.41,0.00,SJC
2606:4700:a:8:6d4:1912:ec3:6c04,4,4,0.00,166.42,0.00,SJC
2a06:98c1:58:8bba:2412:729f:9ae8:9941,4,4,0.00,166.42,0.00,SJC
2606:4700:3003:13ee:8869:45be:f489:764a,4,4,0.00,166.42,0.00,SJC
2606:4700:3000:0:9368:5292:6481:6ac9,4,4,0.00,166.42,0.00,SJC
2606:4700:3003:13ee:8869:45be:17e0:716,4,4,0.00,166.42,0.00,SJC
2606:4700:3009:0:8251:c69e:2e:b8eb,4,4,0.00,166.43,0.00,SJC
2606:4700:d1:fa26:1235:659b:8a6f:3465,4,4,0.00,166.44,0.00,SJC
2606:4700::eab7:e100:9fff:da74,4,4,0.00,166.44,0.00,SJC
2606:4700:3001:d4:679f:b4fa:1e39:9777,4,4,0.00,166.44,0.00,SJC
2606:4700:3003:cd:2dd0:8f33:4e8e:d39f,4,4,0.00,166.44,0.00,SJC
2606:4700:3001:d4:2b4f:63db:30e3:a38b,4,4,0.00,166.44,0.00,SJC
2606:4700:d0:0:d4:712f:e769:6e9b,4,4,0.00,166.44,0.00,SJC
2606:4700:3006:760f:ac82:f5c3:2e32:a76e,4,4,0.00,166.44,0.00,SJC
2606:4700::4840:12b7:ad95:d571,4,4,0.00,166.44,0.00,SJC
2606:4700:d:f7:24c4:df03:de2d:2047,4,4,0.00,166.44,0.00,SJC
2606:4700:f:bdfe:5575:acd7:9012:332e,4,4,0.00,166.45,0.00,SJC
2606:4700:130:0:afc8:3e6c:f913:5520,4,4,0.00,166.45,0.00,SJC
2606:4700:3003:cd:9ae7:bb27:e50:55e,4,4,0.00,166.45,0.00,SJC
2606:4700:d0:1403:fbac:43b0:fa7e:f752,4,4,0.00,166.46,0.00,SJC
2606:4700:d1:873a:734a:1dba:77dd:3d1c,4,4,0.00,166.46,0.00,SJC
2606:4700::4840:12b7:ad6a:449e,4,4,0.00,166.46,0.00,SJC
2606:4700:3008:0:19:4ee3:dba2:eee,4,4,0.00,166.46,0.00,SJC
2606:4700:3009:0:82b4:502d:bbf6:2c9e,4,4,0.00,166.46,0.00,SJC
2606:4700:d:1936:d5ec:2860:4cfe:ef43,4,4,0.00,166.46,0.00,SJC
2606:4700:3001::37:dd98:ab9f,4,4,0.00,166.46,0.00,SJC
2606:4700:d:19c9:cc93:7293:e6da:c8fe,4,4,0.00,166.46,0.00,SJC
2606:4700:3003:cd:2d24:3b58:7fe1:3d0a,4,4,0.00,166.46,0.00,SJC
2606:4700:3006:9:d1e4:5696:191d:b353,4,4,0.00,166.47,0.00,SJC
2a06:98c1:58::4b:810f:997c,4,4,0.00,166.47,0.00,SJC
2606:4700:3002:0:b68e:8fb6:558f:1eef,4,4,0.00,166.47,0.00,SJC
2606:4700:a:4267:8964:764a:3abc:8209,4,4,0.00,166.47,0.00,SJC
2606:4700:a8:a6:7a7:1da4:22c4:bd7d,4,4,0.00,166.47,0.00,SJC
2606:4700:f:8383:7aa:5420:1071:ee61,4,4,0.00,166.47,0.00,SJC
2606:4700:3005:0:ce9a:e414:675b:1534,4,4,0.00,166.48,0.00,SJC
2606:4700:130:0:d00a:41aa:a242:6511,4,4,0.00,166.48,0.00,SJC
2606:4700:0:d923:49e4:e7f7:60cd:2b5e,4,4,0.00,166.48,0.00,SJC
2606:4700:d:0:5504:67b8:c500:7662,4,4,0.00,166.48,0.00,SJC
2606:4700:d0:56:7b16:29a6:bade:c7c3,4,4,0.00,166.48,0.00,SJC
2606:4700:e:77be:8649:9454:619c:bcea,4,4,0.00,166.48,0.00,SJC
2606:4700:3006:9:d132:ef3c:2050:4544,4,4,0.00,166.48,0.00,SJC
2606:4700:a:e4:185c:df65:72a5:948a,4,4,0.00,166.48,0.00,SJC
2606:4700:3002:2a:ea2a:d233:de85:205d,4,4,0.00,166.48,0.00,SJC
2606:4700:3001:ef60:8be8:92ae:6989:3da0,4,4,0.00,166.49,0.00,SJC
2606:4700:3001:ef60:ae7d:708c:1ca9:1695,4,4,0.00,166.49,0.00,SJC
2606:4700:e::fdc6:211a,4,4,0.00,166.49,0.00,SJC
2606:4700:3004:cc9f:617e:39d9:ad87:3bdd,4,4,0.00,166.49,0.00,SJC
2606:4700:d1:d9:588b:f4eb:3a60:c1,4,4,0.00,166.50,0.00,SJC
2a06:98c1:58:8b10:e64:c93b:db52:b224,4,4,0.00,166.50,0.00,SJC
2606:4700::81e3:d92d:ccae:d723,4,4,0.00,166.50,0.00,SJC
2606:4700:d0:1403:f10e:8c57:28dc:62e4,4,4,0.00,166.50,0.00,SJC
2606:4700:c:3c32:80d1:3eec:821a:7e97,4,4,0.00,166.50,0.00,SJC
2606:4700:d1:fa76:a44d:8848:ce1d:3c35,4,4,0.00,166.50,0.00,SJC
2606:4700:3006:760f:ac36:1a6:45fc:5d6c,4,4,0.00,166.50,0.00,SJC
2606:4700:d1:d9:e0bd:2309:f5de:de4a,4,4,0.00,166.50,0.00,SJC
2606:4700:3001:d4:678e:6290:bf41:5185,4,4,0.00,166.50,0.00,SJC
2606:4700:3004:cc58:d522:9078:9ea0:10bd,4,4,0.00,166.51,0.00,SJC
2606:4700:3001:bb:70f1:947b:42aa:f692,4,4,0.00,166.51,0.00,SJC
2606:4700:a:c5fa:f8ee:77af:5f81:43d1,4,4,0.00,166.51,0.00,SJC
2606:4700:3006:9:d132:ef74:5fc1:2495,4,4,0.00,166.52,0.00,SJC
2606:4700:d1:0:15:6a29:e798:ad49,4,4,0.00,166.52,0.00,SJC
2606:4700:d0:14e8:199d:48eb:3aac:8e66,4,4,0.00,166.52,0.00,SJC
2606:4700::81e3:d9d2:e6cd:bf2c,4,4,0.00,166.52,0.00,SJC
2606:4700:a9::d88b:bb41,4,4,0.00,166.52,0.00,SJC
2606:4700:3009::a3:a107:e07b,4,4,0.00,166.52,0.00,SJC
2606:4700:a8:a6:722:d56:9aa3:613d,4,4,0.00,166.52,0.00,SJC
2606:4700:3003:cd:2dd0:8f33:4e20:963,4,4,0.00,166.52,0.00,SJC
2606:4700:3009:0:8251:c69e:92:44ac,4,4,0.00,166.53,0.00,SJC
2606:4700:d:1996:da17:6051:4c3d:a4ae,4,4,0.00,166.53,0.00,SJC
2606:4700:3002:0:89:53b0:e607:a181,4,4,0.00,166.53,0.00,SJC
2606:4700:3006:9:62ca:93e2:e924:683a,4,4,0.00,166.53,0.00,SJC
2606:4700::eab7:36e:80bc:7be6,4,4,0.00,166.54,0.00,SJC
2a06:98c1:58::d376:1150:28ce,4,4,0.00,166.54,0.00,SJC
2606:4700:d0:9941:35ae:192d:130c:76b5,4,4,0.00,166.55,0.00,SJC
2606:4700:3000:ac:7538:3c16:f152:6496,4,4,0.00,166.55,0.00,SJC
2606:4700:d1:fa26:12d6:d686:4398:6324,4,4,0.00,166.55,0.00,SJC
2606:4700:a9:0:96bb:a471:26d8:1b2,4,4,0.00,166.55,0.00,SJC
2606:4700:b:0:c517:4776:2409:ba54,4,4,0.00,166.55,0.00,SJC
2606:4700:0:d923:c357:96ec:a035:41ec,4,4,0.00,166.55,0.00,SJC
2606:4700:d0:1473:4ed7:da4e:8c66:2544,4,4,0.00,166.56,0.00,SJC
2606:4700:3009:0:f5:3c01:1d15:e81e,4,4,0.00,166.56,0.00,SJC
2606:4700:d:0:5504:6730:be9a:fdf,4,4,0.00,166.56,0.00,SJC
2606:4700:f:0:39cf:57bf:f5c2:6351,4,4,0.00,166.56,0.00,SJC
2606:4700:c:3cae:2d2a:cd21:ce20:cb65,4,4,0.00,166.56,0.00,SJC
2606:4700:a:0:ae:9ac1:a79a:5387,4,4,0.00,166.56,0.00,SJC
2606:4700:3005:ca:2c89:2f3a:afdc:bf91,4,4,0.00,166.56,0.00,SJC
2606:4700:3002:28:778b:23fa:26a8:e5d8,4,4,0.00,166.56,0.00,SJC
2606:4700:3009:93b3:e942:4f56:dda4:b52c,4,4,0.00,166.56,0.00,SJC
2606:4700:a:0:8a:d58c:8727:d91f,4,4,0.00,166.56,0.00,SJC
2606:4700:c:5b:58cf:a9a9:330f:4c20,4,4,0.00,166.57,0.00,SJC
2606:4700:a1:d557:64a8:6a4d:e43b:6e1,4,4,0.00,166.57,0.00,SJC
2606:4700:3001:0:78:9461:7acb:6191,4,4,0.00,166.57,0.00,SJC
2606:4700:e:77be:86dd:15c7:d022:ef25,4,4,0.00,166.57,0.00,SJC
2606:4700:a9:fa7d:5b2c:71c7:71cd:243c,4,4,0.00,166.57,0.00,SJC
2606:4700:b:0:c517:4776:2e3d:aba1,4,4,0.00,166.57,0.00,SJC
2606:4700:d0:1473:4ed7:24b8:1716:625d,4,4,0.00,166.57,0.00,SJC
2606:4700:3003:bad2:6f78:57c2:62a1:bc9e,4,4,0.00,166.58,0.00,SJC
2606:4700:d:da45:a180:b619:9b91:c559,4,4,0.00,166.58,0.00,SJC
2606:4700:3003:cd:2dd0:8f40:72f4:fdc1,4,4,0.00,166.58,0.00,SJC
2606:4700:d1:d9:6234:3302:ee88:22f3,4,4,0.00,166.58,0.00,SJC
2606:4700:d::dd:a73f,4,4,0.00,166.58,0.00,SJC
2606:4700:d1:0:1:4c06:dcd5:f4d,4,4,0.00,166.58,0.00,SJC
2a06:98c1:58:8b10:f6ff:de58:f596:41b2,4,4,0.00,166.58,0.00,SJC
2606:4700:b::87:865,4,4,0.00,166.59,0.00,SJC
2606:4700:c:3cae:2db1:7be2:1282:648a,4,4,0.00,166.59,0.00,SJC
2606:4700:0:d923:c32a:2e64:6b0:9ffe,4,4,0.00,166.59,0.00,SJC
2606:4700:3004:cc58:625f:674d:454e:e87d,4,4,0.00,166.59,0.00,SJC
2606:4700:f:8383:7aa:a1e:7611:3b3,4,4,0.00,166.59,0.00,SJC
2606:4700:3009:b966:9056:c815:8124:55de,4,4,0.00,166.59,0.00,SJC
2606:4700:3005::8c57:6860:fef3,4,4,0.00,166.59,0.00,SJC
2606:4700:a1:d50b:3fc6:5cf7:501f:4e4c,4,4,0.00,166.60,0.00,SJC
2606:4700:b::3:a08a,4,4,0.00,166.60,0.00,SJC
2606:4700:d1:0:1:917d:14cf:a017,4,4,0.00,166.60,0.00,SJC
2606:4700:3006:760f:ac82:2284:8fed:179e,4,4,0.00,166.60,0.00,SJC
2606:4700::ea5b:d587:7005:1bbb,4,4,0.00,166.61,0.00,SJC
2606:4700:a1:d557:6474:2a40:7e81:c895,4,4,0.00,166.61,0.00,SJC
2606:4700:3003:cd:2d8e:2d2e:951e:75db,4,4,0.00,166.61,0.00,SJC
2606:4700:3004:5c:9683:7093:ba55:8a33,4,4,0.00,166.61,0.00,SJC
2606:4700:3007:d3b6:de69:1791:b6db:28aa,4,4,0.00,166.61,0.00,SJC
2606:4700:a9:fa7d:5bf0:85bb:209e:f61c,4,4,0.00,166.61,0.00,SJC
2606:4700:a1:d50b:3f59:6e70:b785:b161,4,4,0.00,166.61,0.00,SJC
2606:4700:3003:cd:2dbc:4923:d59f:129b,4,4,0.00,166.62,0.00,SJC
2606:4700:d0:1403:f10e:afd5:9b2b:71ad,4,4,0.00,166.62,0.00,SJC
2606:4700:3002:0:b68e:d473:d167:e90,4,4,0.00,166.62,0.00,SJC
2606:4700:d1:fa76:3bf1:2871:f048:1655,4,4,0.00,166.62,0.00,SJC
2606:4700:a8:bbaf:7e7b:8d47:af90:2a24,4,4,0.00,166.63,0.00,SJC
2606:4700:3003:1329:f1a:ce98:7e75:fa71,4,4,0.00,166.63,0.00,SJC
2606:4700:3004:cc58:f3ad:f725:374e:1ef2,4,4,0.00,166.63,0.00,SJC
2606:4700:a:8:2b1a:d19f:5569:7341,4,4,0.00,166.63,0.00,SJC
2606:4700:3005::a965:8ba4:cadc,4,4,0.00,166.63,0.00,SJC
2606:4700:3008:71f2:8169:4f6e:bd79:75a8,4,4,0.00,166.63,0.00,SJC
2606:4700:d:f7:24c4:df21:c2ef:a9eb,4,4,0.00,166.63,0.00,SJC
2606:4700:a:0:ae:87bc:1584:b98f,4,4,0.00,166.63,0.00,SJC
2606:4700:3001:ef60:ae7d:7098:92f6:8398,4,4,0.00,166.64,0.00,SJC
2606:4700:d0:56:68dc:5406:379a:c479,4,4,0.00,166.64,0.00,SJC
2606:4700:3006:7690:9d77:3281:2a4d:58fb,4,4,0.00,166.64,0.00,SJC
2606:4700:a8:a6:7d3:ce5b:14b:d814,4,4,0.00,166.65,0.00,SJC
2606:4700:3009:b966:e976:29b8:3856:eb58,4,4,0.00,166.65,0.00,SJC
2606:4700:d0:1473:d37b:62e9:98c8:f560,4,4,0.00,166.65,0.00,SJC
2606:4700:d0:56:e2d8:9a0:2445:d8b7,4,4,0.00,166.65,0.00,SJC
2606:4700:3003:13ee:888f:43cb:5033:d267,4,4,0.00,166.65,0.00,SJC
2606:4700:3009:b966:e976:293c:36c1:7bd8,4,4,0.00,166.66,0.00,SJC
2606:4700:c:3c32:80d1:7a99:820e:cbbd,4,4,0.00,166.66,0.00,SJC
2606:4700:e:77b9:9890:b4f0:1859:5601,4,4,0.00,166.67,0.00,SJC
2606:4700:0:5ce0:7210:da26:54a9:5c7c,4,4,0.00,166.67,0.00,SJC
2606:4700:d:1d:84:429b:57b5:f365,4,4,0.00,166.67,0.00,SJC
2a06:98c1:58:0:ea:9e7f:7ed9:9abe,4,4,0.00,166.67,0.00,SJC
2606:4700:b:da58:7463:19c9:23b0:2082,4,4,0.00,166.67,0.00,SJC
2606:4700:3002:28:f530:6788:d04b:1092,4,4,0.00,166.67,0.00,SJC
2606:4700:0:d923:495c:668d:8a28:8ce7,4,4,0.00,166.67,0.00,SJC
2606:4700:3004:5c:fa4b:a3a:d5ff:8e81,4,4,0.00,166.67,0.00,SJC
2606:4700:d1:d9:62c7:de09:79d5:7334,4,4,0.00,166.67,0.00,SJC
2606:4700:e:57:5863:5693:b191:35ad,4,4,0.00,166.68,0.00,SJC
2606:4700:3006:7690:9d64:1058:1e77:d38f,4,4,0.00,166.68,0.00,SJC
2606:4700:3001:0:5bf3:eca8:b02d:8ea2,4,4,0.00,166.69,0.00,SJC
2606:4700:3003:cd:2d98:a606:9a08:9716,4,4,0.00,166.69,0.00,SJC
2606:4700:3001:bb:7064:2132:228f:6771,4,4,0.00,166.69,0.00,SJC
2606:4700:a:0:d863:f19d:d232:d62f,4,4,0.00,166.69,0.00,SJC
2606:4700:e:4df4:b402:43d5:c23a:162a,4,4,0.00,166.69,0.00,SJC
2606:4700:a1::85:3881,4,4,0.00,166.69,0.00,SJC
2606:4700:c:5b:6bda:7f26:2f33:ccf5,4,4,0.00,166.69,0.00,SJC
2606:4700:3009:93b3:21a2:673b:5dfd:c97e,4,4,0.00,166.69,0.00,SJC
2606:4700:130:0:d00a:41aa:a207:f821,4,4,0.00,166.69,0.00,SJC
2606:4700:d1:873a:fb03:8583:b2b4:922f,4,4,0.00,166.69,0.00,SJC
2606:4700:d0:56:7be4:a154:7a7b:116b,4,4,0.00,166.69,0.00,SJC
2a06:98c1:58:0:95fb:c8f9:8180:81e4,4,4,0.00,166.70,0.00,SJC
2606:4700:a:8:f27f:3ef5:5520:506f,4,4,0.00,166.70,0.00,SJC
2606:4700:3002:fec3:8a0b:9585:61e6:c6c4,4,4,0.00,166.70,0.00,SJC
2606:4700:3002:fec3:8a0b:9585:619b:9e8d,4,4,0.00,166.70,0.00,SJC
2a06:98c1:58:0:95fb:c85c:6f08:7792,4,4,0.00,166.70,0.00,SJC
2606:4700:3003:bad2:6f78:57e3:204a:f91d,4,4,0.00,166.70,0.00,SJC
2606:4700:a1:d50b:3f93:bbf7:738f:e759,4,4,0.00,166.70,0.00,SJC
2606:4700:3004:b9:dc32:5e5c:840e:bf21,4,4,0.00,166.70,0.00,SJC
2606:4700:e:77b9:9890:b4f0:18de:314f,4,4,0.00,166.70,0.00,SJC
2606:4700:a8:a6:7a7:1da4:5f89:dd6,4,4,0.00,166.70,0.00,SJC
2a06:98c1:58:8b36:e49d:6a34:a7f0:4bc6,4,4,0.00,166.70,0.00,SJC
2606:4700:3000:9b92:fbd4:6229:914c:e240,4,4,0.00,166.71,0.00,SJC
2606:4700:3000:9b92:29c:b974:e0e0:2cad,4,4,0.00,166.71,0.00,SJC
2606:4700:3003:bad2:6f78:570c:a0bd:917a,4,4,0.00,166.71,0.00,SJC
2606:4700:3001:efe8:1b5b:7d55:4edf:e731,4,4,0.00,166.71,0.00,SJC
2606:4700:b::6e5b:7c08:39ed,4,4,0.00,166.71,0.00,SJC
2606:4700:3009::a3:a1b6:11cc,4,4,0.00,166.71,0.00,SJC
2606:4700:a9:fa7d:fd1f:5010:782c:7b52,4,4,0.00,166.71,0.00,SJC
2606:4700:a:0:ae:2f27:836b:8a71,4,4,0.00,166.71,0.00,SJC
2606:4700:d0:14e8:6eb1:a4f9:602b:4a8a,4,4,0.00,166.72,0.00,SJC
2606:4700:3001:ef60:8be8:92f2:bff3:bcd9,4,4,0.00,166.72,0.00,SJC
2606:4700:e:4d05:a1d2:ca37:9bf3:3bb9,4,4,0.00,166.72,0.00,SJC
2606:4700:c:3cae:c0c7:f93b:ef3f:3cfd,4,4,0.00,166.72,0.00,SJC
2606:4700:3001:d4:679f:b4fa:d905:9250,4,4,0.00,166.72,0.00,SJC
2606:4700:3009:93e7:dc06:8caf:c9b1:f964,4,4,0.00,166.72,0.00,SJC
2606:4700:0:d923:c32a:2e5c:9b20:229e,4,4,0.00,166.72,0.00,SJC
2606:4700:3002::a39c:587e:e435,4,4,0.00,166.72,0.00,SJC
2606:4700:a8:0:a554:ff4c:9488:80dc,4,4,0.00,166.72,0.00,SJC
2606:4700::eab7:f976:461b:e627,4,4,0.00,166.73,0.00,SJC
2606:4700:a8:a6:7a7:1da4:22cc:b244,4,4,0.00,166.73,0.00,SJC
2606:4700:3008:f6:1f0c:3244:f3eb:7cb2,4,4,0.00,166.73,0.00,SJC
2606:4700:d0:0:d5:ecd8:7c3c:b604,4,4,0.00,166.73,0.00,SJC
2606:4700:3003:cd:9ae7:bb72:2d6:6d0f,4,4,0.00,166.73,0.00,SJC
2606:4700:a8:0:a6d6:a23c:6720:72cf,4,4,0.00,166.73,0.00,SJC
2a06:98c1:58:74:f8eb:d593:efa0:bb29,4,4,0.00,166.74,0.00,SJC
2606:4700:a8:a6:7a7:cfbf:59c3:f373,4,4,0.00,166.74,0.00,SJC
2606:4700:3007:d3b6:edd:2f0d:85b5:25b4,4,4,0.00,166.74,0.00,SJC
2606:4700:3000::c60:4097:193,4,4,0.00,166.74,0.00,SJC
2606:4700:3008:71f2:8151:b84d:ff37:e55a,4,4,0.00,166.75,0.00,SJC
2606:4700:a1:d557:6474:2a86:e57e:4c07,4,4,0.00,166.75,0.00,SJC
2606:4700:3003:13ee:8869:45be:f4da:7045,4,4,0.00,166.75,0.00,SJC
2606:4700:a9:fa7d:5bf0:20aa:c6a3:4c8e,4,4,0.00,166.75,0.00,SJC
2606:4700:3000:0:9368:902c:48e9:5e9e,4,4,0.00,166.75,0.00,SJC
2606:4700:3000:0:2f:9d3c:1f47:55e6,4,4,0.00,166.75,0.00,SJC
2606:4700:e:0:5ce3:f55d:69e2:1ea3,4,4,0.00,166.75,0.00,SJC
2606:4700:3003:cd:2d98:175:a6a:7732,4,4,0.00,166.76,0.00,SJC
2606:4700:a1:d50b:6952:2d06:b4c1:dc25,4,4,0.00,166.76,0.00,SJC
2606:4700:d0:1403:fb17:2709:d261:c0e2,4,4,0.00,166.76,0.00,SJC
2606:4700:3001:bb:70f1:a041:8fd2:7acb,4,4,0.00,166.76,0.00,SJC
2606:4700:a8:bbaf:2086:ae3a:c739:f74,4,4,0.00,166.76,0.00,SJC
2606:4700:a1:74:ae78:3035:2ebf:7a39,4,4,0.00,166.77,0.00,SJC
2606:4700::81e3:1f5c:d3b1:25f7,4,4,0.00,166.77,0.00,SJC
2606:4700:3007:d3b6:ded9:af2a:ccd1:3afd,4,4,0.00,166.77,0.00,SJC
2606:4700:3009:93b3:21a2:a7e2:70c3:74e9,4,4,0.00,166.77,0.00,SJC
2606:4700:e:777d:3a1f:c315:a723:80bc,4,4,0.00,166.77,0.00,SJC
2606:4700:d0:0:e0a9:39af:9fd2:8fea,4,4,0.00,166.77,0.00,SJC
2606:4700:d:0:5504:6730:bd4d:8387,4,4,0.00,166.78,0.00,SJC
2606:4700:d:f7:24c4:df21:c241:ab96,4,4,0.00,166.78,0.00,SJC
2606:4700:0:d923:c32a:2e08:1ce8:3b7e,4,4,0.00,166.78,0.00,SJC
2606:4700:3004:b9:dc32:5e5c:753:b48,4,4,0.00,166.78,0.00,SJC
2606:4700:a:4267:89cd:f347:618f:4018,4,4,0.00,166.78,0.00,SJC
2606:4700::4840:d44b:a7c0:90f5,4,4,0.00,166.78,0.00,SJC
2606:4700:c:ce40:8c55:d2ef:6283:9d71,4,4,0.00,166.78,0.00,SJC
2606:4700:d1:873a:fb03:107d:5c67:a663,4,4,0.00,166.79,0.00,SJC
2606:4700:d1:fa26:12d6:d6ca:70cd:5c99,4,4,0.00,166.79,0.00,SJC
2606:4700:d1:fa76:a43a:7089:f335:14b0,4,4,0.00,166.79,0.00,SJC
2606:4700:a9:997c:e41a:cdd7:ec19:d1a1,4,4,0.00,166.79,0.00,SJC
2606:4700:3005:376f:586:f5d1:4648:3195,4,4,0.00,166.79,0.00,SJC
2a06:98c1:58:8b10:e64:c93b:f0bc:6a24,4,4,0.00,166.79,0.00,SJC
2606:4700:3006:9:d130:2ce8:ec8:ce7c,4,4,0.00,166.79,0.00,SJC
2606:4700:3002:fe22:9d53:3329:bcdd:59cc,4,4,0.00,166.79,0.00,SJC
2606:4700:3003::9a2c:7059:ec14,4,4,0.00,166.80,0.00,SJC
2606:4700:0:d923:c357:bc:e6c3:ede7,4,4,0.00,166.80,0.00,SJC
2606:4700:a9:fa7d:5b2c:71c7:ef91:e47c,4,4,0.00,166.80,0.00,SJC
2606:4700:3006:5f:ae04:222e:fcea:f2c7,4,4,0.00,166.80,0.00,SJC
2606:4700:a8:bb96:1f85:10e0:383a:2b4b,4,4,0.00,166.80,0.00,SJC
2a06:98c1:58:8b10:f62b:cd36:cc03:41a1,4,4,0.00,166.80,0.00,SJC
2606:4700:3006:7690:9d77:324f:4851:288a,4,4,0.00,166.81,0.00,SJC
2606:4700:3004:cc9f:ff19:4518:7e26:70a,4,4,0.00,166.81,0.00,SJC
2606:4700:a8:a6:d750:99f5:ad64:55a9,4,4,0.00,166.81,0.00,SJC
2606:4700:3008:71f2:8151:b02:cfec:7285,4,4,0.00,166.81,0.00,SJC
2606:4700:a9:cf:a49:d166:65b:d340,4,4,0.00,166.81,0.00,SJC
2606:4700:a:c528:4c83:47f9:cace:7d9d,4,4,0.00,166.81,0.00,SJC
2606:4700:3001::3f:2c96:56c5,4,4,0.00,166.81,0.00,SJC
2a06:98c1:58:8b36:e49d:9fe9:afe:9097,4,4,0.00,166.81,0.00,SJC
2606:4700:c:0:efda:39e:615:484b,4,4,0.00,166.81,0.00,SJC
2606:4700:a8:a6:d7a4:1e13:9018:9822,4,4,0.00,166.82,0.00,SJC
2606:4700:a8:bbaf:e562:7007:5b8c:34a9,4,4,0.00,166.82,0.00,SJC
2606:4700:a:c528:4c54:490a:ae2d:3ee6,4,4,0.00,166.82,0.00,SJC
2606:4700:0:d9cd:4012:a316:a858:19ca,4,4,0.00,166.82,0.00,SJC
2606:4700:a9:fa7d:fd70:d022:a985:5a81,4,4,0.00,166.82,0.00,SJC
2606:4700:a:a05a:1cfc:6c3a:cb00:688c,4,4,0.00,166.82,0.00,SJC
2606:4700:3005:0:38:5484:a73d:e0a8,4,4,0.00,166.83,0.00,SJC
2606:4700:d1:873a:ac41:6b82:3180:8b31,4,4,0.00,166.83,0.00,SJC
2606:4700:3006:9:d130:8a7c:c8d5:d5a7,4,4,0.00,166.83,0.00,SJC
2606:4700:3009:0:f5:3cec:3dc8:480,4,4,0.00,166.83,0.00,SJC
2606:4700:3005:0:f9:e838:8e50:9c41,4,4,0.00,166.83,0.00,SJC
2606:4700:0:d923:c32a:5b68:c8ba:4be3,4,4,0.00,166.83,0.00,SJC
2606:4700:d0:14e8:6eb1:a4c8:6d38:3b2a,4,4,0.00,166.83,0.00,SJC
2606:4700:3009:a8:69db:12d0:ac9b:299f,4,4,0.00,166.83,0.00,SJC
2606:4700:a1:d557:df4f:bfce:776b:454,4,4,0.00,166.83,0.00,SJC
2606:4700:f:bd2f:9710:1695:d9a7:a4c6,4,4,0.00,166.83,0.00,SJC
2606:4700:3005:0:d8e6:aaf3:7acd:a5a7,4,4,0.00,166.83,0.00,SJC
2606:4700:e:777d:3aa9:cb74:9ed8:5e3a,4,4,0.00,166.84,0.00,SJC
2606:4700:3009:b966:7969:24db:4497:2f79,4,4,0.00,166.84,0.00,SJC
2a06:98c1:58::4b:b311:585c,4,4,0.00,166.84,0.00,SJC
2606:4700:d:f7:c893:4ec2:d42e:bcc2,4,4,0.00,166.84,0.00,SJC
2606:4700:d0:56:e2d8:9c1:dbba:32a8,4,4,0.00,166.84,0.00,SJC
2606:4700::eab7:36e:4e0e:aad6,4,4,0.00,166.85,0.00,SJC
2606:4700:c:3c32:80d1:30c8:8304:5a50,4,4,0.00,166.85,0.00,SJC
2606:4700:a:0:d863:5b56:b90e:191f,4,4,0.00,166.85,0.00,SJC
2606:4700:3003:bad2:6f78:570c:a071:980f,4,4,0.00,166.85,0.00,SJC
2606:4700:b:da58:c78:7044:133f:39db,4,4,0.00,166.86,0.00,SJC
2606:4700:d1:d9:5cc1:5e1a:2341:c436,4,4,0.00,166.86,0.00,SJC
2606:4700:a8:a6:7e3:f760:6105:4316,4,4,0.00,166.86,0.00,SJC
2606:4700:d0:56:e2d8:99b:bc8d:d608,4,4,0.00,166.86,0.00,SJC
2606:4700:c:ce56:4cdd:a369:dc03:5335,4,4,0.00,166.87,0.00,SJC
2a06:98c1:58:8b36:8bcb:c6cd:8002:a7d7,4,4,0.00,166.88,0.00,SJC
2606:4700:a::17:76c6:a7ad,4,4,0.00,166.88,0.00,SJC
2606:4700:130:f7:c3c2:e267:3105:3700,4,4,0.00,166.88,0.00,SJC
2606:4700:3004:cc58:33b1:64bf:3ee1:c789,4,4,0.00,166.88,0.00,SJC
2606:4700:a:8:6d4:d5c7:c9b6:fe21,4,4,0.00,166.88,0.00,SJC
2606:4700:3003::1420:d64,4,4,0.00,166.88,0.00,SJC
2606:4700:0:d923:c357:96cf:374:a483,4,4,0.00,166.88,0.00,SJC
2606:4700:3003:1329:58d3:9027:7af8:aa27,4,4,0.00,166.88,0.00,SJC
2606:4700:3002:28:778b:23fa:26f0:7576,4,4,0.00,166.88,0.00,SJC
2606:4700:d1:fa26:127e:f636:2472:f3b7,4,4,0.00,166.88,0.00,SJC
2606:4700:0:d923:4945:197e:e28f:acdf,4,4,0.00,166.89,0.00,SJC
2606:4700:d1:873a:fba0:eb62:a3eb:beee,4,4,0.00,166.89,0.00,SJC
2606:4700:130:0:d00a:41b1:d34b:9b18,4,4,0.00,166.89,0.00,SJC
2606:4700:a1:d50b:3f59:6e44:4f2f:594a,4,4,0.00,166.89,0.00,SJC
2606:4700:130:0:d00a:1213:3c95:c408,4,4,0.00,166.89,0.00,SJC
2606:4700:d1:d9:e0bd:9cb9:a304:2f13,4,4,0.00,166.90,0.00,SJC
2606:4700:0:d923:c357:bc:e6a9:9773,4,4,0.00,166.90,0.00,SJC
2a06:98c1:58:8bba:f594:15c:1466:3a4b,4,4,0.00,166.90,0.00,SJC
2606:4700:3009:93b3:2149:794e:cb96:a496,4,4,0.00,166.90,0.00,SJC
2606:4700:3001:d4:679f:cfc5:7788:4b71,4,4,0.00,166.91,0.00,SJC
2a06:98c1:58:8b10:e64:c93b:b1a9:edf4,4,4,0.00,166.92,0.00,SJC
2606:4700:b:da58:7463:8a8:742c:8bcb,4,4,0.00,166.92,0.00,SJC
2606:4700:0:88:54ba:e2f7:9525:c10e,4,4,0.00,166.92,0.00,SJC
2a06:98c1:58:8b36:8b03:3f28:2d6e:b5bd,4,4,0.00,166.92,0.00,SJC
2606:4700:a8:a6:d750:99f5:1bf5:8625,4,4,0.00,166.92,0.00,SJC
2606:4700:d1:d9:e0bd:821c:3b95:6996,4,4,0.00,166.92,0.00,SJC
2606:4700:0:d923:4945:92fe:b76c:5c11,4,4,0.00,166.92,0.00,SJC
2a06:98c1:58:8bba:2412:3ad5:c1c6:21f4,4,4,0.00,166.93,0.00,SJC
2606:4700:d:0:55b2:49ab:2f82:6448,4,4,0.00,166.93,0.00,SJC
2606:4700:f:0:39c7:77f5:c59f:52f5,4,4,0.00,166.93,0.00,SJC
2a06:98c1:58:74:f888:d7ed:3ba1:c283,4,4,0.00,166.93,0.00,SJC
2606:4700:d1:d9:5816:bf5f:493d:6449,4,4,0.00,166.93,0.00,SJC
2606:4700:a:8:6d4:d57e:21be:c16e,4,4,0.00,166.93,0.00,SJC
2606:4700:c:0:efda:3c6:2a6e:7ca,4,4,0.00,166.93,0.00,SJC
2606:4700:d:0:5504:cc88:a680:4c85,4,4,0.00,166.93,0.00,SJC
2606:4700:3005:88:99a5:1da5:ba4c:f8ad,4,4,0.00,166.94,0.00,SJC
2606:4700:3008:71f2:18a4:41c6:4be3:9610,4,4,0.00,166.94,0.00,SJC
2606:4700:3000:0:93ef:46ec:3a10:966b,4,4,0.00,166.94,0.00,SJC
2606:4700:a:426c:3c8b:cfa9:bff8:2a83,4,4,0.00,166.94,0.00,SJC
2606:4700:a8:a6:d750:2a1d:6ee8:ba55,4,4,0.00,166.94,0.00,SJC
2a06:98c1:58:8bba:9ab0:63b7:ea8b:ac54,4,4,0.00,166.94,0.00,SJC
2606:4700:3001:ef60:ae3b:d16e:54a:ecb9,4,4,0.00,166.95,0.00,SJC
2606:4700:3002:28:f530:b2f2:33b7:6f0a,4,4,0.00,166.95,0.00,SJC
2606:4700:a9:fafc:ad81:a0b2:8be6:d40f,4,4,0.00,166.95,0.00,SJC
2606:4700:3008:71f2:18c9:c286:1372:5744,4,4,0.00,166.96,0.00,SJC
2606:4700:3001:d4:678e:baf9:c993:8e4b,4,4,0.00,166.96,0.00,SJC
2606:4700:e:777d:3a1f:b3d:4290:ae4d,4,4,0.00,166.96,0.00,SJC
2606:4700::ae:36e1:b385:f8a0,4,4,0.00,166.96,0.00,SJC
2606:4700:a:8:2b1a:d19f:5573:e323,4,4,0.00,166.96,0.00,SJC
2606:4700:3006:760f:ac36:153:69cf:6d45,4,4,0.00,166.96,0.00,SJC
2606:4700:3003:cd:2dbc:49fb:f028:6f9e,4,4,0.00,166.96,0.00,SJC
2606:4700:d:f7:24c4:df03:de6d:4298,4,4,0.00,166.97,0.00,SJC
2606:4700:d1:d9:6234:cdbe:73e5:eeed,4,4,0.00,166.97,0.00,SJC
2606:4700:e:21:d488:391e:8402:d45e,4,4,0.00,166.97,0.00,SJC
2606:4700:3001::6e9b:22a4:9e8c,4,4,0.00,166.97,0.00,SJC
2606:4700::ea5c:c614:d106:1878,4,4,0.00,166.97,0.00,SJC
2606:4700:3005:376f:e7f4:f145:6e17:aa16,4,4,0.00,166.97,0.00,SJC
2606:4700:3007:0:c2:b19e:b6ac:4c31,4,4,0.00,166.97,0.00,SJC
2a06:98c1:58:8b36:e49d:9fe9:96b8:4fa8,4,4,0.00,166.98,0.00,SJC
2606:4700:b:a9:90d6:43c8:41ef:5e81,4,4,0.00,166.98,0.00,SJC
2606:4700:3005:88:9983:fc0d:ae4d:9e2d,4,4,0.00,166.98,0.00,SJC
2606:4700:3005:ca:2cba:6938:9664:91c4,4,4,0.00,166.98,0.00,SJC
2606:4700:3006:9:d130:2ce8:e75:2bec,4,4,0.00,166.99,0.00,SJC
2606:4700:3006:9:d132:27bc:417b:60b5,4,4,0.00,166.99,0.00,SJC
2606:4700:3000::8591:8def:73fc,4,4,0.00,166.99,0.00,SJC
2606:4700::b5:a2f6:7e8c,4,4,0.00,166.99,0.00,SJC
2606:4700:a1:d557:6494:4381:99fb:db,4,4,0.00,166.99,0.00,SJC
2606:4700:d1:d9:e0bd:234a:6b09:9f72,4,4,0.00,167.00,0.00,SJC
2606:4700:d0:56:68dc:5406:3701:24a0,4,4,0.00,167.00,0.00,SJC
2606:4700:3005:376f:e7f4:e371:ac1:801a,4,4,0.00,167.00,0.00,SJC
2606:4700::61:22ac:814f,4,4,0.00,167.00,0.00,SJC
2606:4700:a1:d557:6474:d9b8:f429:d853,4,4,0.00,167.00,0.00,SJC
2606:4700:c:3c32:80e0:d2b8:fe09:9963,4,4,0.00,167.00,0.00,SJC
2606:4700:d1:873a:73cd:b49a:bf83:a9e6,4,4,0.00,167.01,0.00,SJC
2606:4700:d1:873a:73cd:b49a:bfb2:6b77,4,4,0.00,167.01,0.00,SJC
2a06:98c1:58:8b36:e430:55e6:4993:a2ba,4,4,0.00,167.01,0.00,SJC
2606:4700:3001:ef60:8bf6:66e4:b1a7:5b00,4,4,0.00,167.02,0.00,SJC
2606:4700:0:5c07:1a7e:81c3:addd:f223,4,4,0.00,167.02,0.00,SJC
2606:4700:a:426c:3c8b:cf61:f156:e3e2,4,4,0.00,167.02,0.00,SJC
2606:4700:a8:a6:d73c:cbe6:899c:fac0,4,4,0.00,167.02,0.00,SJC
2606:4700:0:d923:49e4:e76d:75d9:24b9,4,4,0.00,167.02,0.00,SJC
2606:4700:a9:fa6e:5617:cf1a:6086:a398,4,4,0.00,167.02,0.00,SJC
2606:4700:3006:0:eaf3:f155:be72:a00f,4,4,0.00,167.02,0.00,SJC
2606:4700:3009:937e:2785:c409:50bd:676b,4,4,0.00,167.02,0.00,SJC
2606:4700:3006:5f:ae4f:12d6:8dd6:c8fb,4,4,0.00,167.03,0.00,SJC
2606:4700:3003:cd:9afd:3485:6a1a:3aa1,4,4,0.00,167.03,0.00,SJC
2606:4700::eab7:f9ef:2073:9edf,4,4,0.00,167.03,0.00,SJC
2606:4700:e:4dd9:c96c:6b2d:5754:c222,4,4,0.00,167.03,0.00,SJC
2606:4700:3009:3d:ae29:a260:4105:320a,4,4,0.00,167.03,0.00,SJC
2606:4700:c::8920:807e:d17e,4,4,0.00,167.03,0.00,SJC
2606:4700:e:4d05:26f6:35ec:e9b2:1ef3,4,4,0.00,167.03,0.00,SJC
2606:4700:d:f7:24c4:5598:b4eb:6cda,4,4,0.00,167.04,0.00,SJC
2606:4700:d1:fa26:5e38:68c2:10ac:5ad6,4,4,0.00,167.04,0.00,SJC
2606:4700:c:3c32:8080:eed1:bc17:dc3e,4,4,0.00,167.04,0.00,SJC
2606:4700:b:da58:748e:fb7c:d472:d277,4,4,0.00,167.04,0.00,SJC
2a06:98c1:58:cb:3ece:4472:1d45:488c,4,4,0.00,167.04,0.00,SJC
2606:4700::ae:36e1:b41:d4ce,4,4,0.00,167.04,0.00,SJC
2606:4700:0:d9cd:40c3:4269:e109:f0c9,4,4,0.00,167.05,0.00,SJC
2606:4700:3001:0:54:ff45:9832:f91b,4,4,0.00,167.05,0.00,SJC
2606:4700:b:0:ac:5ad1:8763:60c,4,4,0.00,167.05,0.00,SJC
2606:4700:d:1d:8ea4:6f90:49d6:57a2,4,4,0.00,167.05,0.00,SJC
2606:4700:f:8f:8573:30dd:f3b2:641,4,4,0.00,167.05,0.00,SJC
2606:4700:d:1d:1eaf:24a:9395:28b8,4,4,0.00,167.05,0.00,SJC
2606:4700:0:7129:dec2:157f:b19c:e5f4,4,4,0.00,167.05,0.00,SJC
2606:4700::ea25:b9f1:730c:1f59,4,4,0.00,167.05,0.00,SJC
2606:4700:3006:0:ea19:ad57:16d9:3183,4,4,0.00,167.06,0.00,SJC
2606:4700:3009:b966:7994:48fc:10e3:8242,4,4,0.00,167.06,0.00,SJC
2606:4700:d1:fa26:12e7:d162:467e:6fae,4,4,0.00,167.06,0.00,SJC
2606:4700:c:ce56:4138:cea4:2830:a7b,4,4,0.00,167.07,0.00,SJC
2606:4700:f:0:f6d0:8ab5:67a8:8367,4,4,0.00,167.07,0.00,SJC
2606:4700:130:f7:c3c2:e2ed:7c11:150,4,4,0.00,167.07,0.00,SJC
2606:4700:d0:1473:d33f:1d52:83be:1c0d,4,4,0.00,167.07,0.00,SJC
2606:4700:3005:0:f7:37f8:d30:ac8f,4,4,0.00,167.07,0.00,SJC
2606:4700:e:777d:3a1f:bd2:de63:3da,4,4,0.00,167.08,0.00,SJC
2606:4700:3008:71f2:18c9:c273:1293:438b,4,4,0.00,167.08,0.00,SJC
2606:4700:c:cefc:63ab:a9ed:edc6:e7f6,4,4,0.00,167.08,0.00,SJC
2606:4700:a:a05a:1cfc:b6f9:c691:78c1,4,4,0.00,167.08,0.00,SJC
2606:4700:a8:a6:d744:8a5:8198:75fa,4,4,0.00,167.08,0.00,SJC
2606:4700::ea25:b91a:706e:89f2,4,4,0.00,167.08,0.00,SJC
2606:4700:3009:a8:69db:1253:c6c9:d276,4,4,0.00,167.08,0.00,SJC
2a06:98c1:58:8bba:24ce:2daa:edf9:516c,4,4,0.00,167.08,0.00,SJC
2606:4700::482e:4956:d7ca:1c04,4,4,0.00,167.09,0.00,SJC
2606:4700:3004::1189:4202:965c,4,4,0.00,167.09,0.00,SJC
2606:4700:a9:fa6e:56d8:687e:b881:de37,4,4,0.00,167.09,0.00,SJC
2606:4700:d1:d9:f5a:d496:87fb:b77e,4,4,0.00,167.09,0.00,SJC
2606:4700:d0:1403:fb17:f3c1:7333:65bc,4,4,0.00,167.09,0.00,SJC
2606:4700:3002:0:ae:dce4:acae:61f0,4,4,0.00,167.10,0.00,SJC
2606:4700:3001::6ea1:314:4ae6,4,4,0.00,167.10,0.00,SJC
2606:4700:0:88:54ba:edda:e1c1:36c5,4,4,0.00,167.10,0.00,SJC
2606:4700:e:21:3025:5a47:71ca:aea9,4,4,0.00,167.10,0.00,SJC
2606:4700:d0:1473:a465:442b:d5ed:8f5c,4,4,0.00,167.10,0.00,SJC
2606:4700:a:8:632:1d7:5dc0:735c,4,4,0.00,167.11,0.00,SJC
2606:4700:3004:5c:961e:80:44d1:d484,4,4,0.00,167.11,0.00,SJC
2606:4700:130:f7:c302:3a6c:8157:2226,4,4,0.00,167.11,0.00,SJC
2606:4700:3004::3009:e449,4,4,0.00,167.11,0.00,SJC
2606:4700:d:da45:a180:2e59:f4a6:500a,4,4,0.00,167.11,0.00,SJC
2606:4700:a:8:6d4:d501:5f2b:5c4b,4,4,0.00,167.12,0.00,SJC
2606:4700:3002:28:778b:23fa:cbac:7efe,4,4,0.00,167.12,0.00,SJC
2606:4700:e:21:309f:3e2e:3ff0:97a2,4,4,0.00,167.13,0.00,SJC
2606:4700:130:0:d00a:d122:b74f:ea78,4,4,0.00,167.13,0.00,SJC
2606:4700:130::ebea:6119:d6dd,4,4,0.00,167.13,0.00,SJC
2606:4700:a::17:e5ca:64ce,4,4,0.00,167.14,0.00,SJC
2606:4700:3002:28:778b:23fa:2616:e8b3,4,4,0.00,167.14,0.00,SJC
2606:4700:a9::fff2:eb7f,4,4,0.00,167.14,0.00,SJC
2606:4700:a9:fa6e:56d8:68e5:a370:b86d,4,4,0.00,167.14,0.00,SJC
2a06:98c1:58:0:9502:2f03:9c72:eb4b,4,4,0.00,167.14,0.00,SJC
2606:4700:d:1996:8f35:b28c:7754:7f97,4,4,0.00,167.14,0.00,SJC
2606:4700:3002:2a:ea92:7d5d:2f4a:1caa,4,4,0.00,167.15,0.00,SJC
2606:4700:e:57:5863:4ae3:1c58:39b4,4,4,0.00,167.15,0.00,SJC
2606:4700:f:bd2f:9710:1695:b41e:a1cd,4,4,0.00,167.15,0.00,SJC
2606:4700:d1:0:6c6b:3302:2b35:2095,4,4,0.00,167.15,0.00,SJC
2606:4700:d0:14e8:6eb1:a4c8:1316:cda6,4,4,0.00,167.15,0.00,SJC
2606:4700:3001:efe8:1bfc:4e60:d720:8bb8,4,4,0.00,167.15,0.00,SJC
2606:4700:3001:ef60:ae3b:fbd3:e12e:983e,4,4,0.00,167.16,0.00,SJC
2606:4700:3000:9b92:2fb:f795:9570:d5b6,4,4,0.00,167.16,0.00,SJC
2606:4700:c:ce56:4c17:51e3:efff:91a0,4,4,0.00,167.16,0.00,SJC
2606:4700:a1:d557:6474:d9b8:f47c:48cd,4,4,0.00,167.16,0.00,SJC
2606:4700:3003:0:9b:58ad:5541:43ed,4,4,0.00,167.16,0.00,SJC
2606:4700:e:21:d488:3913:c9a3:cb6e,4,4,0.00,167.16,0.00,SJC
2606:4700:f:0:4352:f5f7:d86:3b96,4,4,0.00,167.16,0.00,SJC
2606:4700:d:0:5504:6730:be61:c501,4,4,0.00,167.17,0.00,SJC
2606:4700:3004:cc58:f3ad:459e:87b7:3cca,4,4,0.00,167.17,0.00,SJC
2606:4700:c:5b:6b79:ca0b:2de1:cc78,4,4,0.00,167.17,0.00,SJC
2606:4700:a:a05a:1cfc:b6f9:c6aa:d5af,4,4,0.00,167.18,0.00,SJC
2606:4700:a1:d50b:6952:d41a:18c7:322,4,4,0.00,167.18,0.00,SJC
2606:4700:a1:d50b:3f59:6e70:bf83:dbef,4,4,0.00,167.18,0.00,SJC
2606:4700:3009:93e7:dc06:8c2d:140b:b4ed,4,4,0.00,167.18,0.00,SJC
2606:4700::48ea:dd75:8d0f:1b05,4,4,0.00,167.18,0.00,SJC
2606:4700:3006:7690:9d64:10a3:39e3:8131,4,4,0.00,167.19,0.00,SJC
2606:4700:a9:fa7d:5bf0:1b15:f9f8:4bde,4,4,0.00,167.19,0.00,SJC
2606:4700:d:1936:d5ec:5b35:36c1:c5d8,4,4,0.00,167.19,0.00,SJC
2606:4700:a:8:f27f:3e79:46c0:cbfe,4,4,0.00,167.19,0.00,SJC
2606:4700:3008:0:b5da:97e9:ae88:bd2c,4,4,0.00,167.19,0.00,SJC
2606:4700:f:0:f6d0:8ab5:67d5:ebfc,4,4,0.00,167.19,0.00,SJC
2606:4700:b:a9:90d6:9fbf:3c21:7677,4,4,0.00,167.19,0.00,SJC
2606:4700:a8:0:a64f:613a:f22e:419d,4,4,0.00,167.19,0.00,SJC
2606:4700:3009:93b3:e93d:23a6:a048:76c1,4,4,0.00,167.20,0.00,SJC
2606:4700:3006:0:ea19:446:410:ea1d,4,4,0.00,167.20,0.00,SJC
2606:4700:3006:7690:9d64:297c:f408:8ccc,4,4,0.00,167.20,0.00,SJC
2606:4700:3009:a8:69bd:e9b3:be28:d7e4,4,4,0.00,167.21,0.00,SJC
2606:4700:a:8:2b85:8b27:4cde:70c6,4,4,0.00,167.21,0.00,SJC
2606:4700:b:da58:7463:8a8:1a8e:6cf9,4,4,0.00,167.21,0.00,SJC
2606:4700:d:1936:847b:23d0:4fed:1455,4,4,0.00,167.21,0.00,SJC
2606:4700:d:1936:847b:23d0:4ff1:8bf7,4,4,0.00,167.21,0.00,SJC
2606:4700::81e3:c6cc:6321:7279,4,4,0.00,167.21,0.00,SJC
2606:4700::81e3:d9d2:a32c:3168,4,4,0.00,167.21,0.00,SJC
2606:4700:0:5c07:fa43:3be5:3359:d0f5,4,4,0.00,167.22,0.00,SJC
2606:4700:3000:9b92:29c:1184:99df:5a36,4,4,0.00,167.22,0.00,SJC
2606:4700:c:0:efda:3c6:c646:273,4,4,0.00,167.22,0.00,SJC
2606:4700:a9:cf:ab0:6871:cb59:51b1,4,4,0.00,167.22,0.00,SJC
2606:4700:3007:0:c2:2de2:99f7:117c,4,4,0.00,167.22,0.00,SJC
2606:4700::ea25:b91a:77a1:8a10,4,4,0.00,167.22,0.00,SJC
2606:4700:d1::fa2b:4717:e83,4,4,0.00,167.23,0.00,SJC
2606:4700:c:5b:58cf:c7c9:639d:1f6d,4,4,0.00,167.23,0.00,SJC
2606:4700:a9::b30a:9d1e:69e4,4,4,0.00,167.23,0.00,SJC
2606:4700:d0:14e8:6e5b:b58:c291:82f1,4,4,0.00,167.23,0.00,SJC
2606:4700:3009:0:fd46:691:bacf:46f6,4,4,0.00,167.23,0.00,SJC
2606:4700:a:e4:185c:df65:f69d:5e3d,4,4,0.00,167.23,0.00,SJC
2606:4700:a8:a6:7d2:67b0:741d:299a,4,4,0.00,167.24,0.00,SJC
2606:4700:3008:71f2:18a4:416f:caf:8434,4,4,0.00,167.24,0.00,SJC
2606:4700:d1:d9:62c7:6656:e4c2:9838,4,4,0.00,167.24,0.00,SJC
2606:4700:a9:fa7d:fd45:ef14:c333:3d78,4,4,0.00,167.24,0.00,SJC
2606:4700:f:0:f6d0:c402:8458:10b,4,4,0.00,167.24,0.00,SJC
2606:4700:3001:ef60:629d:8724:66e3:f754,4,4,0.00,167.24,0.00,SJC
2606:4700:e:b3:5fb9:afee:6f98:1285,4,4,0.00,167.24,0.00,SJC
2606:4700::48ea:5311:4204:2bde,4,4,0.00,167.24,0.00,SJC
2606:4700:c:cefc:6378:1cdc:da21:bdc0,4,4,0.00,167.24,0.00,SJC
2606:4700:3009:3d:aea9:d168:8f47:f2e,4,4,0.00,167.24,0.00,SJC
2606:4700:3008:71f2:810d:9301:9489:1f4d,4,4,0.00,167.24,0.00,SJC
2606:4700:a8:a6:d7a4:da39:7159:70c5,4,4,0.00,167.25,0.00,SJC
2606:4700:c:0:efdb:6901:7967:a52c,4,4,0.00,167.25,0.00,SJC
2606:4700:c::d226:5848:1835,4,4,0.00,167.25,0.00,SJC
2606:4700:e:77b9:6411:17d5:7f37:731b,4,4,0.00,167.25,0.00,SJC
2606:4700:d0:56:68dc:2303:31ae:c2cf,4,4,0.00,167.26,0.00,SJC
2606:4700:d:1936:d562:272:cc01:7ec8,4,4,0.00,167.26,0.00,SJC
2606:4700:a1:d50b:6952:d41a:a5b1:19b0,4,4,0.00,167.26,0.00,SJC
2606:4700:3001:0:78:9461:9b87:19a8,4,4,0.00,167.27,0.00,SJC
2606:4700:d0:56:7b16:29a6:ba53:f3c1,4,4,0.00,167.27,0.00,SJC
2606:4700:d0:1403:fb17:f302:beeb:96c2,4,4,0.00,167.27,0.00,SJC
2a06:98c1:58:8bba:2412:729f:9525:4c54,4,4,0.00,167.28,0.00,SJC
2606:4700:d1:fa26:12d6:d6ca:1915:13c1,4,4,0.00,167.28,0.00,SJC
2606:4700:d0:1473:a465:44c2:5e45:4d84,4,4,0.00,167.28,0.00,SJC
2606:4700:3005::57:2350:44e2,4,4,0.00,167.28,0.00,SJC
2606:4700:f:8f:8573:30dd:dfc:be40,4,4,0.00,167.28,0.00,SJC
2606:4700:3005:ca:2054:2c29:3817:2b20,4,4,0.00,167.28,0.00,SJC
2606:4700:3006:7690:9d64:c869:d5dc:d37e,4,4,0.00,167.28,0.00,SJC
2606:4700:3008::9799:bf33:66f7,4,4,0.00,167.28,0.00,SJC
2606:4700:0:7129:dec2:a54a:10b3:8904,4,4,0.00,167.28,0.00,SJC
2606:4700:130:0:d00a:d1a0:6901:4ff4,4,4,0.00,167.29,0.00,SJC
2606:4700:b:e836:b718:79d3:683a:c831,4,4,0.00,167.29,0.00,SJC
2606:4700:d0:1403:f10e:afd5:b6a4:def3,4,4,0.00,167.29,0.00,SJC
2606:4700:d:1936:d562:272:8d7e:7224,4,4,0.00,167.29,0.00,SJC
2606:4700:3009:0:82b4:5016:672a:70d3,4,4,0.00,167.30,0.00,SJC
2606:4700:3001:0:5bf3:128c:6e14:a166,4,4,0.00,167.30,0.00,SJC
2606:4700:d:f7:c893:4ec2:5a59:bdd6,4,4,0.00,167.30,0.00,SJC
2606:4700:3006:0:ea19:1404:2c3:5065,4,4,0.00,167.31,0.00,SJC
2606:4700::ea5c:c6b4:e6cb:3179,4,4,0.00,167.31,0.00,SJC
2606:4700:3001:ef60:8b30:b56a:b49a:61ea,4,4,0.00,167.31,0.00,SJC
2606:4700:3004:0:9b0c:bf55:2d0b:3552,4,4,0.00,167.31,0.00,SJC
2606:4700:d1:0:6c6b:3302:2b2c:7c9e,4,4,0.00,167.31,0.00,SJC
2606:4700::ea5c:c614:d13c:a4c6,4,4,0.00,167.32,0.00,SJC
2606:4700:a1:2f:932f:5574:36c6:f76d,4,4,0.00,167.32,0.00,SJC
2606:4700:d1:fa26:12d6:d686:43dc:5c2b,4,4,0.00,167.32,0.00,SJC
2606:4700:3008:0:b586:7196:fb85:4c26,4,4,0.00,167.32,0.00,SJC
2606:4700:f:0:39c7:77f5:c55f:2e1,4,4,0.00,167.32,0.00,SJC
2a06:98c1:58::9e:3e24:2137,4,4,0.00,167.33,0.00,SJC
2606:4700:b:0:ac:5a98:ea7e:a9a7,4,4,0.00,167.33,0.00,SJC
2606:4700:3001:d4:673f:c275:8624:753,4,4,0.00,167.33,0.00,SJC
2a06:98c1:58:8bba:2412:729f:95f2:cc61,4,4,0.00,167.33,0.00,SJC
2606:4700:b:da58:7463:19e7:b2d1:a6b9,4,4,0.00,167.33,0.00,SJC
2606:4700:3009:5a:295d:98b0:8980:e609,4,4,0.00,167.33,0.00,SJC
2606:4700:0:d923:c30d:ab6d:ee97:277c,4,4,0.00,167.33,0.00,SJC
2606:4700:3004:cc58:625f:b7ba:5115:9ed4,4,4,0.00,167.34,0.00,SJC
2606:4700:3008::c6:a3c8:a98a,4,4,0.00,167.35,0.00,SJC
2606:4700:3004:ac9d:a78f:c7b9:e282:23c1,4,4,0.00,167.35,0.00,SJC
2606:4700:0:5c18:ccc0:bf94:d059:8734,4,4,0.00,167.35,0.00,SJC
2606:4700:0:d923:4945:197e:87f8:81da,4,4,0.00,167.35,0.00,SJC
2606:4700:3002::29:104f:4400,4,4,0.00,167.35,0.00,SJC
2606:4700:3009:a8:691d:d9b1:5b89:85dc,4,4,0.00,167.36,0.00,SJC
2606:4700:d0:1473:a465:44c2:b7f:d6de,4,4,0.00,167.36,0.00,SJC
2606:4700:3008:71f2:8169:4f6e:21e2:e456,4,4,0.00,167.36,0.00,SJC
2606:4700:a8:5e:1ec4:2d1a:3f59:3306,4,4,0.00,167.37,0.00,SJC
2606:4700:3003:13ee:bf90:4e0e:8ffd:385b,4,4,0.00,167.37,0.00,SJC
2606:4700:a9::ff3e:33bf,4,4,0.00,167.37,0.00,SJC
2606:4700:f::ff32:705d:8521,4,4,0.00,167.37,0.00,SJC
2606:4700:0:88:54cc:3dd2:76c9:5d87,4,4,0.00,167.37,0.00,SJC
2606:4700:3003:cd:9afd:340d:7700:ba31,4,4,0.00,167.37,0.00,SJC
2606:4700:130:f7:c302:3a96:ccf3:2dd6,4,4,0.00,167.37,0.00,SJC
2606:4700:3009:b966:e976:293c:cb92:7cb1,4,4,0.00,167.37,0.00,SJC
2606:4700:d1:d9:62c7:66d8:40c:6aeb,4,4,0.00,167.37,0.00,SJC
2606:4700:a:4267:89cd:f334:860:8918,4,4,0.00,167.37,0.00,SJC
2606:4700:f:8383:b180:75b5:801c:8634,4,4,0.00,167.37,0.00,SJC
2606:4700:3006:9:d130:8ac7:6a45:ee48,4,4,0.00,167.38,0.00,SJC
2606:4700:e:77b9:9890:b4f0:6ac4:ee23,4,4,0.00,167.38,0.00,SJC
2606:4700::ea5b:698d:faee:cab,4,4,0.00,167.38,0.00,SJC
2606:4700:3004:5c:961e:5476:3f56:6cfa,4,4,0.00,167.38,0.00,SJC
2606:4700:f:0:f6d0:8ab5:676d:dffe,4,4,0.00,167.38,0.00,SJC
2606:4700:0:5ce0:d3b3:f09f:cb55:b5a,4,4,0.00,167.38,0.00,SJC
2a06:98c1:58::4b:2cb7:e6ba,4,4,0.00,167.39,0.00,SJC
2606:4700:3005:0:f7:301d:84e1:d0f2,4,4,0.00,167.39,0.00,SJC
2606:4700:3005:0:f7:dc81:25f0:7889,4,4,0.00,167.39,0.00,SJC
2606:4700:d0:14e8:6eb1:a4bd:2acd:8b4f,4,4,0.00,167.39,0.00,SJC
2606:4700:c:cefc:6378:24b0:94d2:769e,4,4,0.00,167.39,0.00,SJC
2606:4700:a9:fafc:ad81:a0ac:492b:a75b,4,4,0.00,167.39,0.00,SJC
2606:4700:e:4d05:2694:64da:67e7:8d88,4,4,0.00,167.39,0.00,SJC
2606:4700:d1:fa26:1235:659b:b96f:17e6,4,4,0.00,167.40,0.00,SJC
2606:4700:a:8:6d4:1912:7773:5d0f,4,4,0.00,167.40,0.00,SJC
2606:4700:3003:13ee:888f:4334:5f3f:572b,4,4,0.00,167.40,0.00,SJC
2606:4700:a:c5fa:96f5:8ca5:9b5:327,4,4,0.00,167.40,0.00,SJC
2606:4700:3001:0:5bf3:a9d6:116c:1236,4,4,0.00,167.40,0.00,SJC
2606:4700:a1:74:ae94:7eb0:f1da:dfe1,4,4,0.00,167.40,0.00,SJC
2606:4700:d1:fa76:3197:43f2:f1f8:dd17,4,4,0.00,167.40,0.00,SJC
2606:4700:3006:0:eaf3:143a:67f5:634,4,4,0.00,167.40,0.00,SJC
2606:4700:3008:0:19:4ec9:7428:8649,4,4,0.00,167.41,0.00,SJC
2606:4700:3002::29:6f34:ab0f,4,4,0.00,167.41,0.00,SJC
2606:4700:d1:d9:5816:bf5f:dada:130b,4,4,0.00,167.41,0.00,SJC
2606:4700:a8:a6:d750:2a1d:6e71:33c2,4,4,0.00,167.41,0.00,SJC
2606:4700:3002::10:1789:817e,4,4,0.00,167.41,0.00,SJC
2606:4700:0:88:5448:c250:62b9:69cf,4,4,0.00,167.41,0.00,SJC
2606:4700:130:0:d00a:41aa:5964:60c0,4,4,0.00,167.41,0.00,SJC
2606:4700:130:0:59ee:600d:824a:a4fe,4,4,0.00,167.42,0.00,SJC
2606:4700:3007:0:c2:2de2:10fb:464,4,4,0.00,167.42,0.00,SJC
2606:4700:3009:0:8251:c6a9:9701:657a,4,4,0.00,167.42,0.00,SJC
2606:4700:3006:7690:9d77:3281:7b7b:4be6,4,4,0.00,167.42,0.00,SJC
2606:4700:a8::ba9a:6a39:5fcc,4,4,0.00,167.42,0.00,SJC
2606:4700:3009:5a:295d:f955:1089:e390,4,4,0.00,167.43,0.00,SJC
2606:4700:c:5b:6b79:ca0b:2420:922,4,4,0.00,167.43,0.00,SJC
2606:4700:a8:a6:d7a4:4ad:99e5:3058,4,4,0.00,167.43,0.00,SJC
2606:4700:a8:5e:1ec4:4ab6:c1:44b,4,4,0.00,167.43,0.00,SJC
2606:4700:130:f7:c3c2:e277:a013:5f18,4,4,0.00,167.44,0.00,SJC
2606:4700:b:e836:b718:92e8:e638:3b15,4,4,0.00,167.44,0.00,SJC
2606:4700:3003:cd:2dd0:8fbf:65bc:ea7f,4,4,0.00,167.44,0.00,SJC
2606:4700:e:77b9:9890:b4e9:4a99:e6b8,4,4,0.00,167.44,0.00,SJC
2606:4700:a8:a6:7a7:cf03:2e84:8e7,4,4,0.00,167.44,0.00,SJC
2606:4700:b::6e61:840e:71ef,4,4,0.00,167.44,0.00,SJC
2606:4700:130:0:d00a:1213:c548:8d86,4,4,0.00,167.44,0.00,SJC
2606:4700:a9:cf:a7e:ea2d:b542:c76c,4,4,0.00,167.45,0.00,SJC
2606:4700:e:4d05:a946:46ca:e303:e66c,4,4,0.00,167.45,0.00,SJC
2606:4700:a:8:2b85:8b27:8ab1:5165,4,4,0.00,167.45,0.00,SJC
2606:4700:a:c528:9b75:d664:eafc:d695,4,4,0.00,167.45,0.00,SJC
2606:4700:a1:d50b:465d:1b30:b03c:3c81,4,4,0.00,167.45,0.00,SJC
2606:4700:3001:0:54:ff45:3f9b:7ae3,4,4,0.00,167.46,0.00,SJC
2606:4700:3001:ef60:ae7c:c0fe:3333:cd58,4,4,0.00,167.46,0.00,SJC
2606:4700:3006:0:eaf3:f10d:c31a:93f4,4,4,0.00,167.46,0.00,SJC
2606:4700:3009:b966:9056:c8f4:24dc:247,4,4,0.00,167.46,0.00,SJC
2606:4700:e:0:5ce3:6459:4056:45f3,4,4,0.00,167.47,0.00,SJC
2606:4700:c:3cae:393d:890d:f14e:6246,4,4,0.00,167.47,0.00,SJC
2606:4700:3008:0:b586:64a0:7433:881c,4,4,0.00,167.47,0.00,SJC
2606:4700:0:d923:c32a:2e5c:12d4:e10b,4,4,0.00,167.47,0.00,SJC
2606:4700:d0:1473:a47c:7083:678:dbd6,4,4,0.00,167.47,0.00,SJC
2606:4700:3009::4291:d6cd:8a15,4,4,0.00,167.47,0.00,SJC
2606:4700:3006:0:f7:389a:5e98:6f90,4,4,0.00,167.47,0.00,SJC
2606:4700:c:3cae:c0c7:74f4:e725:206,4,4,0.00,167.47,0.00,SJC
2606:4700:e:4d05:2694:6415:ee69:6a1b,4,4,0.00,167.47,0.00,SJC
2606:4700:d:1996:8f35:b28c:b037:4cb6,4,4,0.00,167.48,0.00,SJC
2606:4700:b:da58:7463:1938:e066:5a,4,4,0.00,167.48,0.00,SJC
2606:4700::4840:120b:4619:8d2b,4,4,0.00,167.48,0.00,SJC
2606:4700:3009:0:82b4:502d:4617:3b33,4,4,0.00,167.48,0.00,SJC
2606:4700::eab7:f9ef:f492:4d94,4,4,0.00,167.48,0.00,SJC
2606:4700:c:ce56:4c17:51e3:7abd:d3c8,4,4,0.00,167.48,0.00,SJC
2606:4700:d0:1473:4ed7:24b8:ccdb:c33d,4,4,0.00,167.48,0.00,SJC
2606:4700::484c:1244:313c:ff5,4,4,0.00,167.48,0.00,SJC
2606:4700:e:77b9:6411:17d5:4521:f4e9,4,4,0.00,167.49,0.00,SJC
2606:4700:d0:1473:d37b:62e9:1c52:d0f9,4,4,0.00,167.49,0.00,SJC
2606:4700:d1:fa76:a44d:8848:ce16:907e,4,4,0.00,167.49,0.00,SJC
2606:4700:3009:3d:ae29:eb84:e561:2ee,4,4,0.00,167.50,0.00,SJC
2606:4700:3002:0:89:533f:f73:c235,4,4,0.00,167.51,0.00,SJC
2606:4700:e:21:309f:3e3c:4c8f:3a48,4,4,0.00,167.51,0.00,SJC
2606:4700:d:1996:da17:ab34:5363:925d,4,4,0.00,167.51,0.00,SJC
2606:4700:d1:d9:6234:583c:480e:e33e,4,4,0.00,167.51,0.00,SJC
2606:4700:3000:0:2f:9d3c:7352:d5b5,4,4,0.00,167.51,0.00,SJC
2606:4700:d1::fa30:327e:7430,4,4,0.00,167.51,0.00,SJC
2606:4700:c:ce56:4c17:51ac:48eb:23cc,4,4,0.00,167.51,0.00,SJC
2606:4700:c:0:ef6e:7143:3f94:bfec,4,4,0.00,167.52,0.00,SJC
2606:4700:d:0:8c:904d:7a12:54b8,4,4,0.00,167.52,0.00,SJC
2606:4700:c:3c32:80d1:3ea0:2a5f:2f17,4,4,0.00,167.52,0.00,SJC
2606:4700:a:0:ae:87d2:a564:1ef5,4,4,0.00,167.52,0.00,SJC
2606:4700:a1:2f:93bc:5687:81e3:e5b6,4,4,0.00,167.52,0.00,SJC
2606:4700:a1:d50b:3f59:cd98:50b2:adbe,4,4,0.00,167.53,0.00,SJC
2606:4700:3005:0:f9:e838:64c0:e78e,4,4,0.00,167.53,0.00,SJC
2606:4700:a1:d50b:6952:2dcc:f9c2:417f,4,4,0.00,167.53,0.00,SJC
2606:4700:130:f7:c302:4677:3352:3366,4,4,0.00,167.53,0.00,SJC
2606:4700:a9:fa7d:5b1c:2782:688e:d4e9,4,4,0.00,167.53,0.00,SJC
2606:4700:d0:56:7be4:a154:32c5:8ea9,4,4,0.00,167.53,0.00,SJC
2606:4700:d0:56:68dc:54b0:d0cd:dcc,4,4,0.00,167.53,0.00,SJC
2606:4700:a1::65ab:f379:f033,4,4,0.00,167.53,0.00,SJC
2606:4700:c:0:83:a57a:3b86:9558,4,4,0.00,167.54,0.00,SJC
2606:4700:0:d923:c357:bb:858c:20bc,4,4,0.00,167.54,0.00,SJC
2606:4700:3006::e9cb:3f50,4,4,0.00,167.54,0.00,SJC
2606:4700:a8:bbaf:7e7b:8d47:85dd:b744,4,4,0.00,167.54,0.00,SJC
2606:4700:3001:ef60:ae3b:d16e:7a2d:62db,4,4,0.00,167.54,0.00,SJC
2606:4700:a1:d50b:6952:d41a:f8da:575b,4,4,0.00,167.55,0.00,SJC
2606:4700:3004:cc9f:ff19:d4f8:220e:c781,4,4,0.00,167.55,0.00,SJC
2606:4700:d:1936:d5ec:28cc:38b2:fcb6,4,4,0.00,167.55,0.00,SJC
2a06:98c1:58:74:f888:bf4:a668:67bd,4,4,0.00,167.55,0.00,SJC
2606:4700:3006:7690:9d77:c6be:9ead:c93c,4,4,0.00,167.55,0.00,SJC
2606:4700:e:57:5863:4a13:a41b:29b8,4,4,0.00,167.55,0.00,SJC
2606:4700:d1:fa76:a44d:8800:6e39:7a2f,4,4,0.00,167.55,0.00,SJC
2606:4700::ae:36e1:b37b:6218,4,4,0.00,167.56,0.00,SJC
2606:4700:a8:a6:722:54b6:2b8d:a7c8,4,4,0.00,167.56,0.00,SJC
2606:4700:3009:a8:115a:748c:7d56:5a44,4,4,0.00,167.56,0.00,SJC
2606:4700:d:0:8c:904d:fa38:11b1,4,4,0.00,167.56,0.00,SJC
2606:4700:0:88:54ba:300a:980c:6a02,4,4,0.00,167.56,0.00,SJC
2606:4700:a8:bbaf:2067:496e:6f11:47c,4,4,0.00,167.56,0.00,SJC
2606:4700:a:4267:89f7:e5bd:25b2:9122,4,4,0.00,167.56,0.00,SJC
2606:4700:3009:b966:7969:2446:9c8:3e33,4,4,0.00,167.56,0.00,SJC
2606:4700:d1:fa76:a43a:7089:d6be:b57d,4,4,0.00,167.56,0.00,SJC
2606:4700:0:d923:c357:d517:1263:9e19,4,4,0.00,167.56,0.00,SJC
2606:4700:d1:fa76:3bf1:89a1:1b52:3dc3,4,4,0.00,167.56,0.00,SJC
2606:4700:c:3cae:c0c7:7401:b7e0:75e,4,4,0.00,167.57,0.00,SJC
2606:4700:a1:74:ae78:c269:4ae1:253a,4,4,0.00,167.57,0.00,SJC
2606:4700:3005:376f:e7f4:f1ca:f7:8b38,4,4,0.00,167.57,0.00,SJC
2606:4700:3006:5f:ae04:222e:25c8:d97b,4,4,0.00,167.57,0.00,SJC
2606:4700:d:1d:1e07:3911:fcd4:2700,4,4,0.00,167.57,0.00,SJC
2606:4700:3003::9a2c:2e6:785f,4,4,0.00,167.57,0.00,SJC
2606:4700:3009:93b3:e901:6f4c:da17:304c,4,4,0.00,167.57,0.00,SJC
2606:4700:c:0:efdb:3580:cc2b:b28f,4,4,0.00,167.57,0.00,SJC
2606:4700:d1:d9:6272:ad86:5992:8456,4,4,0.00,167.57,0.00,SJC
2606:4700:d:0:5504:4286:c348:28ec,4,4,0.00,167.57,0.00,SJC
2606:4700:a9:cf:a7e:2516:1cf7:5328,4,4,0.00,167.58,0.00,SJC
2606:4700:d0::6b23:c41b:1ccd,4,4,0.00,167.58,0.00,SJC
2606:4700:a:8:f27f:40b:a94b:f04,4,4,0.00,167.58,0.00,SJC
2606:4700:3001:efe8:1bfc:4e60:555:a107,4,4,0.00,167.58,0.00,SJC
2606:4700:e:777d:3aa9:9ad7:a36a:ee1e,4,4,0.00,167.59,0.00,SJC
2606:4700:b:0:c559:2dcc:56b0:3de1,4,4,0.00,167.59,0.00,SJC
2606:4700::eab7:e1bd:662c:674d,4,4,0.00,167.59,0.00,SJC
2606:4700:3004:cc58:3357:1a6f:4235:9d95,4,4,0.00,167.59,0.00,SJC
2606:4700:d0:1473:d33f:9e3b:ad35:2db0,4,4,0.00,167.59,0.00,SJC
2606:4700:3005::7ff2:31f4,4,4,0.00,167.59,0.00,SJC
2606:4700:3001:0:5bf3:63a1:9b38:c44a,4,4,0.00,167.59,0.00,SJC
2606:4700:3004:5c:9683:70c3:991e:31d,4,4,0.00,167.59,0.00,SJC
2606:4700:a8:a6:d750:99fe:bb3c:e0a,4,4,0.00,167.59,0.00,SJC
2606:4700:3006:0:ea19:1436:8a21:6c4f,4,4,0.00,167.60,0.00,SJC
2606:4700:3002:fec3:8a0b:7d3:b295:f580,4,4,0.00,167.60,0.00,SJC
2606:4700:3000:ac:75bc:c208:ecd9:921d,4,4,0.00,167.60,0.00,SJC
2606:4700:d1:8795:5072:feaf:5476:23b8,4,4,0.00,167.60,0.00,SJC
2606:4700:a1:d557:df83:34f7:d46d:9428,4,4,0.00,167.60,0.00,SJC
2a06:98c1:58:cb:e0a1:530:dd3b:ad18,4,4,0.00,167.60,0.00,SJC
2606:4700:3002:fec3:8ae3:9b94:cd9a:bcbf,4,4,0.00,167.60,0.00,SJC
2606:4700:3003:1329:5892:a089:e846:ddc2,4,4,0.00,167.60,0.00,SJC
2606:4700:0:d923:49e4:1f81:e403:946a,4,4,0.00,167.61,0.00,SJC
2606:4700:d1:d9:5851:43b1:1197:7505,4,4,0.00,167.61,0.00,SJC
2606:4700:b:da58:7463:19c9:b1be:58e3,4,4,0.00,167.61,0.00,SJC
2606:4700:e::7670:b869:548f,4,4,0.00,167.61,0.00,SJC
2606:4700:3009:a8:691d:d9b1:5bc5:fc0d,4,4,0.00,167.61,0.00,SJC
2606:4700:3009:93e7:dc06:c55e:a50f:e2e,4,4,0.00,167.62,0.00,SJC
2606:4700:f:8f:855a:730f:9e5b:878e,4,4,0.00,167.62,0.00,SJC
2606:4700:a::f4bb:4440:fd41,4,4,0.00,167.62,0.00,SJC
2606:4700:3007:d3b6:edd:2f48:39ce:7946,4,4,0.00,167.62,0.00,SJC
2606:4700:d0:1473:d37b:62d0:483e:5f0c,4,4,0.00,167.62,0.00,SJC
2606:4700:d0:1403:fb17:f36f:f79d:1569,4,4,0.00,167.62,0.00,SJC
2606:4700:a1:d557:df4f:33a2:1ed4:8cb9,4,4,0.00,167.63,0.00,SJC
2606:4700:d:1936:847b:232a:fb21:343b,4,4,0.00,167.63,0.00,SJC
2606:4700:0:5c18:ccc0:5de:c3c0:c68b,4,4,0.00,167.63,0.00,SJC
2a06:98c1:58:8bba:2412:729f:9abb:e9a7,4,4,0.00,167.63,0.00,SJC
2606:4700:a::95c6:6805:1453,4,4,0.00,167.64,0.00,SJC
2606:4700:3001:0:78:9461:7ac5:c799,4,4,0.00,167.64,0.00,SJC
2606:4700:3003:1329:584c:b59b:1e9d:e4cc,4,4,0.00,167.64,0.00,SJC
2606:4700:a:e4:4c2f:8d10:9eb0:751c,4,4,0.00,167.64,0.00,SJC
2606:4700:e:4d05:26f6:9846:e32e:56e6,4,4,0.00,167.64,0.00,SJC
2606:4700:3008:0:b5da:971f:e621:554f,4,4,0.00,167.65,0.00,SJC
2606:4700:3009:a8:69db:6c9c:d7d6:e7ea,4,4,0.00,167.65,0.00,SJC
2606:4700:a8:bb96:e6e2:b1e9:56b4:65a2,4,4,0.00,167.65,0.00,SJC
2606:4700:3000:0:9368:908e:5fc7:d1e3,4,4,0.00,167.65,0.00,SJC
2606:4700:e::fd44:707b,4,4,0.00,167.65,0.00,SJC
2606:4700:a8:a6:7e3:f760:f438:8ebc,4,4,0.00,167.65,0.00,SJC
2606:4700:0:5ce0:b3d1:1d02:ea28:79fe,4,4,0.00,167.65,0.00,SJC
2606:4700:b:e836:3474:50a4:9211:e427,4,4,0.00,167.65,0.00,SJC
2606:4700:f:bd2f:97c5:3f4:440d:dc8a,4,4,0.00,167.65,0.00,SJC
2606:4700:d:0:8c:904d:7aee:fb35,4,4,0.00,167.65,0.00,SJC
2606:4700:3001:ef60:ae3b:d16e:7acc:1d5c,4,4,0.00,167.66,0.00,SJC
2606:4700:3002::b1:3803:86cd,4,4,0.00,167.66,0.00,SJC
2606:4700:d:1936:d5ab:c327:6040:d8ae,4,4,0.00,167.67,0.00,SJC
2606:4700:d1:d9:588b:f2f5:7778:9527,4,4,0.00,167.67,0.00,SJC
2606:4700::3865:ed4b,4,4,0.00,167.67,0.00,SJC
2606:4700:a:e4:185c:f849:bd75:d32e,4,4,0.00,167.67,0.00,SJC
2606:4700:a::f472:4c94:b47e,4,4,0.00,167.67,0.00,SJC
2606:4700:3006:9:62ca:eff2:932c:504b,4,4,0.00,167.67,0.00,SJC
2606:4700:3000:0:9368:9096:1785:da6f,4,4,0.00,167.68,0.00,SJC
2606:4700:b:a9:9008:59f0:2407:b5b6,4,4,0.00,167.68,0.00,SJC
2606:4700:3004:cc58:625f:b7c7:903a:6a8c,4,4,0.00,167.68,0.00,SJC
2606:4700:f:0:f601:61d6:3f10:93ad,4,4,0.00,167.68,0.00,SJC
2606:4700:0:7129:dec2:157f:2958:c5f4,4,4,0.00,167.68,0.00,SJC
2606:4700:a8:a6:d7a4:1ef8:2c6e:c92c,4,4,0.00,167.69,0.00,SJC
2606:4700:3008:71f2:18a4:567e:e98e:285b,4,4,0.00,167.69,0.00,SJC
2606:4700:a1:d50b:3f59:6edf:505d:eb54,4,4,0.00,167.69,0.00,SJC
2606:4700:d1:873a:ac41:6bd1:5eeb:cae7,4,4,0.00,167.69,0.00,SJC
2606:4700:130:f7:c3c2:e267:da96:e51,4,4,0.00,167.69,0.00,SJC
2606:4700:d0:1403:fb17:f302:be2f:9233,4,4,0.00,167.70,0.00,SJC
2606:4700:3009:a8:69bb:4371:4fa3:242d,4,4,0.00,167.70,0.00,SJC
2606:4700:a9:fafc:ad12:3cb8:59d0:61bc,4,4,0.00,167.70,0.00,SJC
2606:4700:3005:ca:3abc:b7fa:cb19:4928,4,4,0.00,167.70,0.00,SJC
2606:4700:e:0:5ce3:6459:4094:2342,4,4,0.00,167.70,0.00,SJC
2606:4700:3004:cc58:f3ad:459f:5b58:8542,4,4,0.00,167.70,0.00,SJC
2606:4700:3004:cc9f:ff19:d4f8:2242:1a45,4,4,0.00,167.71,0.00,SJC
2606:4700:3008:0:b586:64a0:ed2e:e934,4,4,0.00,167.71,0.00,SJC
2606:4700:3001:0:5bf3:ec91:6977:b4ad,4,4,0.00,167.71,0.00,SJC
2606:4700:d0:56:68dc:54b0:b231:fc68,4,4,0.00,167.71,0.00,SJC
2606:4700:c:ce56:4187:4b63:d832:ad2,4,4,0.00,167.71,0.00,SJC
2606:4700:d:0:55b2:4912:4685:9cf9,4,4,0.00,167.71,0.00,SJC
2606:4700:3009:3d:ae29:927f:e86f:609f,4,4,0.00,167.72,0.00,SJC
2606:4700:3007::e53d:f696,4,4,0.00,167.72,0.00,SJC
2606:4700:3005:ca:2cba:6938:9616:cd7b,4,4,0.00,167.72,0.00,SJC
2606:4700:3004:cc58:3357:1a6f:f77a:155e,4,4,0.00,167.73,0.00,SJC
2606:4700:3001:0:5bf3:228b:649d:f8df,4,4,0.00,167.73,0.00,SJC
2606:4700:c:3c32:80d1:3eec:3e22:bfc6,4,4,0.00,167.73,0.00,SJC
2606:4700:130:0:d00a:41b1:d30a:575e,4,4,0.00,167.73,0.00,SJC
2606:4700:a:0:d822:75a1:2cc2:6734,4,4,0.00,167.73,0.00,SJC
2606:4700:d:1996:da17:6051:63d5:e8eb,4,4,0.00,167.73,0.00,SJC
2606:4700:c:5b:6bda:7f67:6c3b:b026,4,4,0.00,167.73,0.00,SJC
2606:4700::ea5b:d587:48aa:fe5,4,4,0.00,167.74,0.00,SJC
2606:4700:3008:f6:1ff4:ff7a:150f:169a,4,4,0.00,167.74,0.00,SJC
2606:4700:3004:cc9f:617e:9ac3:6f76:a156,4,4,0.00,167.74,0.00,SJC
2606:4700:3009:93e7:dc06:c5fc:cd4a:af92,4,4,0.00,167.74,0.00,SJC
2606:4700:b:da58:7463:19c9:a3c5:adb1,4,4,0.00,167.75,0.00,SJC
2606:4700:a:c528:a558:6cd8:f11e:eb91,4,4,0.00,167.75,0.00,SJC
2606:4700:3004::117a:8321:54fd,4,4,0.00,167.75,0.00,SJC
2606:4700:3007:d3b6:de69:f68f:e7c6:85cd,4,4,0.00,167.76,0.00,SJC
2606:4700:a9:fa6e:56d8:687e:b80a:591d,4,4,0.00,167.76,0.00,SJC
2606:4700:a1:d50b:6952:2d06:abf:2dfa,4,4,0.00,167.76,0.00,SJC
2606:4700:d0:14e8:6eb1:3451:ec3f:e60,4,4,0.00,167.76,0.00,SJC
2606:4700:a8:5e:1e2d:1550:3cdc:ec2,4,4,0.00,167.76,0.00,SJC
2a06:98c1:58:8b36:e49d:311b:2f87:8532,4,4,0.00,167.76,0.00,SJC
2606:4700:3006:7690:9d64:10a3:ee6b:af54,4,4,0.00,167.77,0.00,SJC
2606:4700:0:d9cd:40c3:42fc:f8de:765,4,4,0.00,167.77,0.00,SJC
2606:4700:3004:0:9b0c:1bd7:ccf4:f71c,4,4,0.00,167.77,0.00,SJC
2606:4700:0:5ce0:7210:9ba9:2567:5930,4,4,0.00,167.78,0.00,SJC
2606:4700:3000:0:4e:4307:589a:5c20,4,4,0.00,167.78,0.00,SJC
2606:4700:3007:d4:158c:b2a9:c27a:2399,4,4,0.00,167.78,0.00,SJC
2606:4700:f:8383:b180:eb2:d087:5f4,4,4,0.00,167.78,0.00,SJC
2606:4700:3001:d4:2b4f:63db:3096:f477,4,4,0.00,167.78,0.00,SJC
2606:4700:3001:ef60:ae3b:fbbc:4d22:93a1,4,4,0.00,167.79,0.00,SJC
2606:4700:a1:d50b:3f93:bbb7:bac:9453,4,4,0.00,167.79,0.00,SJC
2606:4700:c:3cae:c053:d2df:f8c1:aff6,4,4,0.00,167.79,0.00,SJC
2606:4700:3003:13ee:bf90:657f:e1f0:c8fe,4,4,0.00,167.79,0.00,SJC
2606:4700:d0:56:7bd7:9243:6ba8:1314,4,4,0.00,167.79,0.00,SJC
2606:4700:a:4267:89cd:53cf:d8a7:a389,4,4,0.00,167.79,0.00,SJC
2606:4700:3004:cc58:62e9:9d6d:2414:4556,4,4,0.00,167.80,0.00,SJC
2606:4700:3004:cc58:62e9:f762:2555:6335,4,4,0.00,167.80,0.00,SJC
2606:4700:3007:d4:15ef:6f8d:28e5:4df6,4,4,0.00,167.80,0.00,SJC
2606:4700:3007:d4:158c:b2a9:c28a:b9f2,4,4,0.00,167.80,0.00,SJC
2a06:98c1:58:8b36:e49d:9601:e53a:ed31,4,4,0.00,167.80,0.00,SJC
2606:4700:a:8:f27f:3ef5:cd9c:a9a1,4,4,0.00,167.80,0.00,SJC
2606:4700:d:1936:d5ec:28cc:3857:660a,4,4,0.00,167.80,0.00,SJC
2606:4700:3006:0:eaf3:f10d:24e7:d359,4,4,0.00,167.80,0.00,SJC
2606:4700:f:bdfe:55c4:41c2:e2c:7953,4,4,0.00,167.81,0.00,SJC
2606:4700:e:4df4:b434:332e:322a:5c48,4,4,0.00,167.81,0.00,SJC
2606:4700:3001:efe8:1b5b:d50d:c712:cddc,4,4,0.00,167.81,0.00,SJC
2606:4700::4840:d44b:a775:a01,4,4,0.00,167.81,0.00,SJC
2606:4700:c:3c32:80d1:7a99:751f:3c21,4,4,0.00,167.81,0.00,SJC
2606:4700:b::94:673:273c,4,4,0.00,167.82,0.00,SJC
2606:4700:3003:1329:5892:c076:41d4:4d97,4,4,0.00,167.82,0.00,SJC
2606:4700:3001:bb:7064:dee1:4b40:8f4c,4,4,0.00,167.82,0.00,SJC
2606:4700:3004:cc58:f3ad:459e:723:3351,4,4,0.00,167.82,0.00,SJC
2606:4700:3001:0:78:afaa:2550:9ec7,4,4,0.00,167.82,0.00,SJC
2606:4700:f:8383:7a5:4d05:ce3c:1f74,4,4,0.00,167.82,0.00,SJC
2606:4700:e:77b9:a95c:f567:903:d00f,4,4,0.00,167.83,0.00,SJC
2606:4700:d1:fa76:3bf1:8948:e963:3246,4,4,0.00,167.83,0.00,SJC
2606:4700:3003:1329:58d3:3ed0:a525:4c9b,4,4,0.00,167.83,0.00,SJC
2606:4700:a1:d557:6474:d90b:37e6:2d1e,4,4,0.00,167.84,0.00,SJC
2606:4700:d:1996:da17:d28a:9155:e1bb,4,4,0.00,167.84,0.00,SJC
2606:4700:a:0:af0f:4ed0:e84b:9ec8,4,4,0.00,167.84,0.00,SJC
2606:4700:3009:a8:69db:12d0:b4c7:a7c7,4,4,0.00,167.84,0.00,SJC
2606:4700:3000:9b92:29c:11d7:e98c:301d,4,4,0.00,167.84,0.00,SJC
2606:4700:3004:cc58:6209:7fdd:40d3:5498,4,4,0.00,167.85,0.00,SJC
2606:4700:3009:a8:69bd:e9b3:7ab1:256,4,4,0.00,167.85,0.00,SJC
2606:4700:3002:28:f530:2ea2:304d:f421,4,4,0.00,167.85,0.00,SJC
2606:4700:3002::b1:8e4b:cdae,4,4,0.00,167.85,0.00,SJC
2606:4700:d1:fa26:1235:65a4:c7f6:1a50,4,4,0.00,167.86,0.00,SJC
2606:4700:3007:d4:158c:7900:1e48:2ac,4,4,0.00,167.86,0.00,SJC
2606:4700:3003:13ee:888f:324c:6270:8daf,4,4,0.00,167.86,0.00,SJC
2606:4700:3004:5c:fa4b:1bae:376f:c66b,4,4,0.00,167.86,0.00,SJC
2606:4700:f:8f:8573:3073:9c2c:1e45,4,4,0.00,167.86,0.00,SJC
2606:4700:a:c5fa:f8ee:7712:2078:6532,4,4,0.00,167.86,0.00,SJC
2606:4700:3004:cc9f:ff19:4550:9b50:308d,4,4,0.00,167.86,0.00,SJC
2606:4700:3006:9:6295:df5e:9624:313e,4,4,0.00,167.87,0.00,SJC
2606:4700:e:77b9:9890:5969:1894:6763,4,4,0.00,167.87,0.00,SJC
2606:4700:3003:13ee:bf90:6518:f64:fe99,4,4,0.00,167.88,0.00,SJC
2606:4700:a8:a6:7d2:67b0:74f1:9324,4,4,0.00,167.88,0.00,SJC
2606:4700:f:8f:855a:730f:3d6e:ee1,4,4,0.00,167.88,0.00,SJC
2606:4700:0:5c18:ccc0:500:5b36:fb43,4,4,0.00,167.88,0.00,SJC
2606:4700:3009:3d:f39b:dfd8:abaa:6302,4,4,0.00,167.89,0.00,SJC
2606:4700:3009:93b3:e93d:6c6d:7333:b855,4,4,0.00,167.89,0.00,SJC
2606:4700:0:7129:de00:a24b:a759:de9,4,4,0.00,167.89,0.00,SJC
2606:4700:a8:a6:7e3:f760:f49b:6ad4,4,4,0.00,167.89,0.00,SJC
2606:4700:3005::a92c:9384:cdd8,4,4,0.00,167.90,0.00,SJC
2606:4700:a8:a6:7d3:cee2:230c:fb81,4,4,0.00,167.90,0.00,SJC
2606:4700:3009:5a:295d:98b3:132b:7faa,4,4,0.00,167.90,0.00,SJC
2606:4700:3000:9b92:23b:1384:3626:4073,4,4,0.00,167.90,0.00,SJC
2606:4700:a::74fc:1027:d33d,4,4,0.00,167.90,0.00,SJC
2606:4700:a9:fafc:ad12:3c27:741d:9478,4,4,0.00,167.90,0.00,SJC
2606:4700:e:b3:5fb9:2959:93e4:27b9,4,4,0.00,167.90,0.00,SJC
2606:4700:130:f7:c3c2:480c:7318:2ff9,4,4,0.00,167.90,0.00,SJC
2a06:98c1:58:8b10:f6ff:1bc2:c70d:dd79,4,4,0.00,167.90,0.00,SJC
2606:4700:3009:3d:aea9:86e4:a19f:7e7c,4,4,0.00,167.90,0.00,SJC
2606:4700:c:3cae:c053:d227:ef02:e3df,4,4,0.00,167.90,0.00,SJC
2606:4700:0:5c18:cc05:3e91:99f:b7db,4,4,0.00,167.90,0.00,SJC
2606:4700:3005:376f:586:9cc:9047:78c5,4,4,0.00,167.91,0.00,SJC
2606:4700:a8:bbaf:e562:7007:6a6f:216e,4,4,0.00,167.91,0.00,SJC
2606:4700:d1:8795:5072:7c92:919c:9450,4,4,0.00,167.91,0.00,SJC
2606:4700:d0:1473:d37b:624c:d8b5:f531,4,4,0.00,167.91,0.00,SJC
2606:4700:f:0:39c7:772c:d3b3:86cf,4,4,0.00,167.91,0.00,SJC
2606:4700:e:77b9:9890:b4e9:6398:8d43,4,4,0.00,167.91,0.00,SJC
2606:4700:d1:fa26:12e7:4c6c:971:ab76,4,4,0.00,167.92,0.00,SJC
2606:4700:3004:5c:fa4b:a3a:c3e3:e7e,4,4,0.00,167.92,0.00,SJC
2606:4700:3005:ca:2cba:16ce:10ce:a614,4,4,0.00,167.92,0.00,SJC
2606:4700:a9:fa7d:5bf0:85bb:20f8:bf2a,4,4,0.00,167.92,0.00,SJC
2606:4700:d:da45:a180:b61e:b42:3555,4,4,0.00,167.92,0.00,SJC
2606:4700:3006:9:d1e4:8cf5:6cba:25cb,4,4,0.00,167.92,0.00,SJC
2606:4700:3007::fd:9ae6:f645,4,4,0.00,167.92,0.00,SJC
2606:4700:3009:b966:e976:293c:cbeb:8e66,4,4,0.00,167.92,0.00,SJC
2606:4700:e:0:ce95:78cf:bf90:c366,4,4,0.00,167.93,0.00,SJC
2606:4700:3004:5c:961e:fa:66d2:1467,4,4,0.00,167.93,0.00,SJC
2606:4700:3005:376f:586:f5d1:f5e6:4625,4,4,0.00,167.93,0.00,SJC
2606:4700:a8:a6:7d3:406f:80dc:45d6,4,4,0.00,167.93,0.00,SJC
2606:4700:3001::37:7c33:4f5b,4,4,0.00,167.93,0.00,SJC
2606:4700:3006::f4c6:db84:b4c1,4,4,0.00,167.94,0.00,SJC
2606:4700:3009:93b3:21a2:a74b:7288:d256,4,4,0.00,167.94,0.00,SJC
2606:4700:a:c528:4c83:47f9:4230:33ca,4,4,0.00,167.94,0.00,SJC
2606:4700:3000:9b92:2fb:f795:9516:2df2,4,4,0.00,167.94,0.00,SJC
2606:4700:e:4d05:a946:46ca:e3f6:6ef,4,4,0.00,167.95,0.00,SJC
2a06:98c1:58:8bba:24ce:2d90:96db:e864,4,4,0.00,167.95,0.00,SJC
2606:4700:3000:0:9349:241a:b19c:76ee,4,4,0.00,167.95,0.00,SJC
2606:4700:d1::fa30:4df5:61df,4,4,0.00,167.95,0.00,SJC
2606:4700:e:77b9:9890:b4e9:b5d3:5c0d,4,4,0.00,167.95,0.00,SJC
2606:4700:3008:f6:1fd4:c52e:5be8:e9b6,4,4,0.00,167.96,0.00,SJC
2606:4700:3008:0:19:c9e1:5b4c:65b0,4,4,0.00,167.97,0.00,SJC
2606:4700:0:d923:c32a:5b68:de53:3ac6,4,4,0.00,167.97,0.00,SJC
2606:4700:f:8383:b180:75de:f975:30cf,4,4,0.00,167.97,0.00,SJC
2606:4700:a8:a6:7d3:406f:c10a:7978,4,4,0.00,167.97,0.00,SJC
2a06:98c1:58:0:9502:2f03:cea6:f2e2,4,4,0.00,167.97,0.00,SJC
2606:4700:f:8f:855a:7392:19ff:42f0,4,4,0.00,167.97,0.00,SJC
2606:4700:3001:d4:679f:b48a:62d7:9f01,4,4,0.00,167.98,0.00,SJC
2606:4700:3001:ef60:ae7d:708c:9d97:8afa,4,4,0.00,167.98,0.00,SJC
2606:4700:c:3c32:80d1:3eec:3e2a:cb56,4,4,0.00,167.98,0.00,SJC
2606:4700:b:0:fb:dd58:ee8f:36d3,4,4,0.00,167.98,0.00,SJC
2606:4700:d1:fa76:a43a:70fe:964a:2b72,4,4,0.00,167.99,0.00,SJC
2606:4700:b:a9:90d6:9fbf:9d8a:614d,4,4,0.00,167.99,0.00,SJC
2606:4700:3005:ca:3a69:15d3:aee9:a72,4,4,0.00,167.99,0.00,SJC
2606:4700:3000::cc2:2e39:36ae,4,4,0.00,167.99,0.00,SJC
2606:4700:3003:1329:589d:9066:7688:cdca,4,4,0.00,168.00,0.00,SJC
2606:4700:d:0:8c:904d:48ae:77cf,4,4,0.00,168.00,0.00,SJC
2606:4700:c::d210:2790:b78c,4,4,0.00,168.00,0.00,SJC
2a06:98c1:58:8bba:9ab0:6b63:4c07:b205,4,4,0.00,168.00,0.00,SJC
2606:4700:a:e4:4c2f:bdfc:7be8:8365,4,4,0.00,168.00,0.00,SJC
2606:4700:e:57:5863:569a:3e2a:ab9c,4,4,0.00,168.00,0.00,SJC
2606:4700:c::a1c:27a5,4,4,0.00,168.01,0.00,SJC
2606:4700:3009:93b3:21a2:a74b:ba23:b165,4,4,0.00,168.01,0.00,SJC
2606:4700:c:5b:6b79:487a:eb13:2518,4,4,0.00,168.01,0.00,SJC
2606:4700:d0:1403:f179:e362:4054:f585,4,4,0.00,168.01,0.00,SJC
2606:4700:3007:d3b6:de69:f689:22a8:435e,4,4,0.00,168.01,0.00,SJC
2606:4700:a8:bbaf:7e7b:8dfc:8db9:190a,4,4,0.00,168.02,0.00,SJC
2606:4700:3009:0:8251:a540:16fe:cf0e,4,4,0.00,168.02,0.00,SJC
2606:4700:d1:fa76:3b50:cdb:b38b:b701,4,4,0.00,168.02,0.00,SJC
2606:4700::81e3:d9d2:a3cc:dfd4,4,4,0.00,168.02,0.00,SJC
2606:4700:a:0:d822:75a1:2c4f:8ff8,4,4,0.00,168.02,0.00,SJC
2606:4700:a1:74:cf60:bb4:f6e7:ce98,4,4,0.00,168.02,0.00,SJC
2606:4700:a8:a6:7d2:6733:cf0f:8694,4,4,0.00,168.03,0.00,SJC
2606:4700:3003:cd:2de1:ec9a:8f69:910b,4,4,0.00,168.03,0.00,SJC
2606:4700:e:0:cef7:7d29:df5e:df29,4,4,0.00,168.03,0.00,SJC
2606:4700:e:b3:5fb9:afee:6f15:9008,4,4,0.00,168.03,0.00,SJC
2606:4700:a8:bb96:1f85:f881:5417:a7ef,4,4,0.00,168.03,0.00,SJC
2606:4700:3003:13ee:bf90:4ebb:3dc6:3611,4,4,0.00,168.03,0.00,SJC
2606:4700:a:c528:a5ff:9bef:f0c6:3a12,4,4,0.00,168.03,0.00,SJC
2a06:98c1:58::f725:3d6a,4,4,0.00,168.03,0.00,SJC
2606:4700:d1:0:1:4c06:c98a:1912,4,4,0.00,168.04,0.00,SJC
2606:4700:d1:d9:588b:f4eb:3a92:f6,4,4,0.00,168.05,0.00,SJC
2606:4700:3009:b966:7969:e9be:df82:bb0,4,4,0.00,168.05,0.00,SJC
2606:4700:d:1936:847b:23c6:e43e:3e58,4,4,0.00,168.05,0.00,SJC
2606:4700:a::17:e54e:f4fa,4,4,0.00,168.05,0.00,SJC
2606:4700:f:8383:b180:75b5:20eb:a5bf,4,4,0.00,168.06,0.00,SJC
2606:4700:c:3c32:80d1:7a6f:bdf:c15d,4,4,0.00,168.06,0.00,SJC
2606:4700:d0:1403:f179:8837:4154:829b,4,4,0.00,168.06,0.00,SJC
2606:4700:3006:5f:ae04:7686:1bce:1414,4,4,0.00,168.06,0.00,SJC
2606:4700:a9:cf:a7e:ea2d:b72f:6103,4,4,0.00,168.06,0.00,SJC
2606:4700:a1:d50b:b5a2:943d:fc09:6066,4,4,0.00,168.07,0.00,SJC
2606:4700:3007:0:853a:7a52:2bef:93c4,4,4,0.00,168.07,0.00,SJC
2606:4700:d1:fa26:5ec0:5152:f1bd:fbef,4,4,0.00,168.07,0.00,SJC
2606:4700:3003:cd:2d8e:2d95:af38:46a0,4,4,0.00,168.07,0.00,SJC
2606:4700:0:7129:dec2:a54a:8734:c4eb,4,4,0.00,168.07,0.00,SJC
2606:4700:3005:0:f7:dc81:2562:1f90,4,4,0.00,168.07,0.00,SJC
2606:4700:3006:5f:ae04:7686:6935:5382,4,4,0.00,168.07,0.00,SJC
2606:4700:c:5b:6bda:7f26:7b80:1e56,4,4,0.00,168.08,0.00,SJC
2606:4700:f:8383:7aa:a1e:a153:3363,4,4,0.00,168.08,0.00,SJC
2606:4700:e:777d:b636:a22b:fd79:ed75,4,4,0.00,168.08,0.00,SJC
2606:4700:3009:93b3:e93d:23a6:d326:b38d,4,4,0.00,168.08,0.00,SJC
2606:4700:a1:d50b:3f59:6e44:9d6c:6e00,4,4,0.00,168.08,0.00,SJC
2a06:98c1:58:74:f8eb:d593:33cb:e2b8,4,4,0.00,168.09,0.00,SJC
2606:4700::48ea:5311:24bd:d9db,4,4,0.00,168.09,0.00,SJC
2606:4700:a8:a6:759:27d4:e9f8:587a,4,4,0.00,168.09,0.00,SJC
2606:4700:3004:cc58:d522:c14:e6c5:2286,4,4,0.00,168.09,0.00,SJC
2606:4700:3001:0:5bf3:d678:f5f:613,4,4,0.00,168.09,0.00,SJC
2606:4700:c:0:ef6e:ee5a:4f47:2013,4,4,0.00,168.10,0.00,SJC
2606:4700::48f0:5584:cebe:29b1,4,4,0.00,168.10,0.00,SJC
2606:4700:3001:0:78:63a7:c8e0:929,4,4,0.00,168.10,0.00,SJC
2606:4700:3004:cc58:625f:b70e:6dfd:7ecd,4,4,0.00,168.10,0.00,SJC
2606:4700:d0:1403:fb17:f3c1:5496:c2ae,4,4,0.00,168.10,0.00,SJC
2606:4700:a:8:2b1a:d1a9:dee3:81ee,4,4,0.00,168.11,0.00,SJC
2606:4700:d1:d9:6272:ad86:bbb:63f1,4,4,0.00,168.11,0.00,SJC
2606:4700:b:0:c515:6abb:db76:fb79,4,4,0.00,168.11,0.00,SJC
2606:4700:3001:0:78:af75:dc36:63d5,4,4,0.00,168.11,0.00,SJC
2606:4700:a9:cf:a07:f6d7:6eee:4762,4,4,0.00,168.11,0.00,SJC
2a06:98c1:58:74:672:db49:32c4:dab,4,4,0.00,168.11,0.00,SJC
2606:4700:c:ce40:8c55:d260:3662:1da9,4,4,0.00,168.11,0.00,SJC
2606:4700:d1:fa76:3bf1:2871:f0ed:dce7,4,4,0.00,168.11,0.00,SJC
2606:4700:a1:74:ae78:3035:383b:a20,4,4,0.00,168.11,0.00,SJC
2606:4700:3004:cc58:2962:6cac:f331:eca6,4,4,0.00,168.11,0.00,SJC
2606:4700:c:3cae:393d:890d:ee8c:ed62,4,4,0.00,168.11,0.00,SJC
2606:4700:a1:0:98a9:2d31:bf13:8c03,4,4,0.00,168.12,0.00,SJC
2606:4700:d0:14e8:199d:934c:e0a2:dae0,4,4,0.00,168.12,0.00,SJC
2606:4700:c:5b:58cf:a951:6c32:4a31,4,4,0.00,168.12,0.00,SJC
2606:4700:d0:14e8:6eb1:a4c8:136d:b1b7,4,4,0.00,168.12,0.00,SJC
2606:4700:f:0:39cf:57bf:8389:2ba1,4,4,0.00,168.12,0.00,SJC
2606:4700:d1:d9:e0bd:82d2:f81e:d7b0,4,4,0.00,168.12,0.00,SJC
2606:4700:3009:b966:9056:c815:9eb8:f7a5,4,4,0.00,168.13,0.00,SJC
2606:4700:c:3cae:c0c7:7416:5e39:12cb,4,4,0.00,168.13,0.00,SJC
2606:4700:3009:93b3:e942:4f56:dd11:84e4,4,4,0.00,168.13,0.00,SJC
2606:4700:d:0:5504:cc20:32d4:58b4,4,4,0.00,168.14,0.00,SJC
2606:4700:3008:71f2:8151:e070:7027:f4fe,4,4,0.00,168.15,0.00,SJC
2606:4700:f:0:39c7:772c:d304:ccdb,4,4,0.00,168.15,0.00,SJC
2606:4700:3008::41:e117,4,4,0.00,168.15,0.00,SJC
2606:4700:a:c528:a558:6903:7645:2529,4,4,0.00,168.15,0.00,SJC
2606:4700:3004:cc58:625f:b70e:6dba:e347,4,4,0.00,168.15,0.00,SJC
2606:4700:d0:1403:f179:e32e:cef4:b08f,4,4,0.00,168.15,0.00,SJC
2606:4700:a9::97eb:2aa1,4,4,0.00,168.16,0.00,SJC
2606:4700:e:4d05:2694:64f8:a995:ed29,4,4,0.00,168.16,0.00,SJC
2606:4700:3001:ef60:ae7c:c0f0:613c:549f,4,4,0.00,168.16,0.00,SJC
2606:4700:d1:fa26:5ec0:2cbf:964b:edf4,4,4,0.00,168.16,0.00,SJC
2606:4700:3006:7690:9d64:c8ee:4c38:db7b,4,4,0.00,168.16,0.00,SJC
2606:4700:3001:ef60:ae7d:3233:9bc1:8962,4,4,0.00,168.16,0.00,SJC
2606:4700:a:4267:89cd:53cf:d83f:9154,4,4,0.00,168.17,0.00,SJC
2a06:98c1:58:8b36:8b03:cb1a:440b:7004,4,4,0.00,168.17,0.00,SJC
2606:4700:3008:f6:1ff4:ff7a:1548:c155,4,4,0.00,168.17,0.00,SJC
2606:4700:b:da58:c78:9336:f9d7:fc1e,4,4,0.00,168.17,0.00,SJC
2606:4700:3006:760f:ac82:f5c3:751:9133,4,4,0.00,168.17,0.00,SJC
2606:4700:a:a05a:5e9f:7d6a:27a3:a7b1,4,4,0.00,168.17,0.00,SJC
2606:4700:3000:9b92:29c:b95b:202e:7ffd,4,4,0.00,168.17,0.00,SJC
2606:4700:a:e4:c24b:c78e:99e5:6bf8,4,4,0.00,168.18,0.00,SJC
2606:4700:a8:a6:7a7:26bb:1a84:ada4,4,4,0.00,168.18,0.00,SJC
2606:4700:3003:cd:2d8e:2d95:80e:17dd,4,4,0.00,168.18,0.00,SJC
2606:4700:3000:ac:707d:68f2:c27f:e323,4,4,0.00,168.18,0.00,SJC
2606:4700:3009:93e7:dc06:a80c:cbdc:dabd,4,4,0.00,168.18,0.00,SJC
2606:4700:e:21:309f:3e34:b9de:641a,4,4,0.00,168.19,0.00,SJC
2606:4700:a:8:f27f:4c8:3c79:2d69,4,4,0.00,168.19,0.00,SJC
2606:4700:a8:a6:7d3:ea04:4c72:72b4,4,4,0.00,168.19,0.00,SJC
2606:4700:3009:a8:69db:1253:c6b1:2375,4,4,0.00,168.20,0.00,SJC
2606:4700:0:5ce0:b3d1:1da0:36ab:c08,4,4,0.00,168.20,0.00,SJC
2606:4700:b:da58:7463:192f:a2b0:39b8,4,4,0.00,168.20,0.00,SJC
2606:4700:e:57:5863:4ae3:fa43:c95d,4,4,0.00,168.20,0.00,SJC
2606:4700:3009:0:8251:c6a9:97b6:a75a,4,4,0.00,168.20,0.00,SJC
2606:4700:b:da58:7463:19c9:ea87:ddf8,4,4,0.00,168.20,0.00,SJC
2606:4700:3001:0:5bf3:eca8:5ddb:a45e,4,4,0.00,168.20,0.00,SJC
2606:4700:3009::21:66e7,4,4,0.00,168.20,0.00,SJC
2606:4700:3005:88:99a5:3e1f:235:fe50,4,4,0.00,168.20,0.00,SJC
2a06:98c1:58:cb:e0a1:c99b:69ef:45c8,4,4,0.00,168.21,0.00,SJC
2606:4700:e:77b9:a95c:f567:ba4c:c442,4,4,0.00,168.21,0.00,SJC
2606:4700:3008:f6:1fd4:c52e:8bd8:5fcd,4,4,0.00,168.21,0.00,SJC
2606:4700:d1:d9:5851:43fb:f8a6:4ce6,4,4,0.00,168.21,0.00,SJC
2606:4700:3005::a92c:93b9:35cb,4,4,0.00,168.21,0.00,SJC
2606:4700:3009:5a:295d:98b3:1387:10ab,4,4,0.00,168.21,0.00,SJC
2a06:98c1:58:8b10:f62b:cd02:2b21:17f1,4,4,0.00,168.22,0.00,SJC
2606:4700:d0:56:7be4:a154:ef62:d90f,4,4,0.00,168.22,0.00,SJC
2606:4700:3001:0:5bf3:128c:6ea7:5e5f,4,4,0.00,168.22,0.00,SJC
2606:4700:d1:8795:5072:feeb:1805:df10,4,4,0.00,168.22,0.00,SJC
2606:4700:d0:56:e2d8:9a0:9266:c3f1,4,4,0.00,168.23,0.00,SJC
2606:4700:0:5c07:fa43:3b0e:6629:81c2,4,4,0.00,168.23,0.00,SJC
2606:4700:3006:7690:9d77:3281:3912:32d2,4,4,0.00,168.23,0.00,SJC
2606:4700:3000:9b92:228:6bf:7c7:ca28,4,4,0.00,168.23,0.00,SJC
2606:4700:a1:d50b:6952:2dcc:2246:bfc6,4,4,0.00,168.23,0.00,SJC
2606:4700:a1:74:ae78:5c75:b80a:d562,4,4,0.00,168.23,0.00,SJC
2606:4700:3001:ef60:ae7d:3233:cd77:e949,4,4,0.00,168.23,0.00,SJC
2606:4700:a9:fafc:ad12:6c0b:f59:e317,4,4,0.00,168.23,0.00,SJC
2606:4700:0:d923:c357:d53c:801e:416f,4,4,0.00,168.23,0.00,SJC
2606:4700:d0:0:e0a9:b4f5:9bc3:a64b,4,4,0.00,168.23,0.00,SJC
2606:4700:3004:cc58:6209:7f7c:7935:1754,4,4,0.00,168.23,0.00,SJC
2606:4700:d0:56:7bd7:9243:2fd:6e1d,4,4,0.00,168.24,0.00,SJC
2606:4700:a8::ba9a:b93:8a30,4,4,0.00,168.24,0.00,SJC
2606:4700:3009::ec:7481:85ed,4,4,0.00,168.24,0.00,SJC
2606:4700::ae:368f:d50e:b8f8,4,4,0.00,168.24,0.00,SJC
2606:4700:3003:bad2:6f78:57e3:20c5:b835,4,4,0.00,168.24,0.00,SJC
2606:4700:3007:d3b6:ded9:3a40:829b:4a67,4,4,0.00,168.24,0.00,SJC
2606:4700:e:77b9:9890:b4f0:8a4:bd9b,4,4,0.00,168.24,0.00,SJC
2606:4700:b::24:bf2:606f,4,4,0.00,168.24,0.00,SJC
2606:4700:a:c5fa:96f5:8ca5:646a:832c,4,4,0.00,168.24,0.00,SJC
2606:4700:e:4d05:a1d2:954e:feae:f2b6,4,4,0.00,168.24,0.00,SJC
2606:4700:a9:0:be3c:2419:55e:a91d,4,4,0.00,168.24,0.00,SJC
2606:4700:c:3c32:80d1:7a99:82d4:7b41,4,4,0.00,168.25,0.00,SJC
2606:4700:d0:56:68dc:88:423a:154f,4,4,0.00,168.25,0.00,SJC
2606:4700:d:da45:a180:2e59:1d6f:4b20,4,4,0.00,168.25,0.00,SJC
2606:4700:a:c528:a558:69d3:c3f7:8a6a,4,4,0.00,168.25,0.00,SJC
2606:4700:d0:14e8:6e5b:b7d:1c00:ea1b,4,4,0.00,168.25,0.00,SJC
2606:4700:3006:0:ea19:adca:d3c0:6357,4,4,0.00,168.26,0.00,SJC
2606:4700:0:d9cd:4012:a316:a8bb:3bf4,4,4,0.00,168.26,0.00,SJC
2606:4700:a:0:aff5:7eb0:b70d:1188,4,4,0.00,168.26,0.00,SJC
2a06:98c1:58:8b36:e49d:9601:e504:1e1f,4,4,0.00,168.26,0.00,SJC
2606:4700:a1:d50b:465d:1b65:709f:572f,4,4,0.00,168.26,0.00,SJC
2a06:98c1:58:74:f8eb:d593:c4f0:c12a,4,4,0.00,168.26,0.00,SJC
2606:4700:d1:d9:588b:f4eb:ff13:d104,4,4,0.00,168.26,0.00,SJC
2606:4700:a:e4:4c2f:bdfc:7b55:b988,4,4,0.00,168.27,0.00,SJC
2606:4700:d:1936:d562:292:fec7:bce4,4,4,0.00,168.27,0.00,SJC
2606:4700:0:d923:c357:d517:ffc9:23db,4,4,0.00,168.27,0.00,SJC
2606:4700:d:f7:245f:3099:9a4d:d921,4,4,0.00,168.27,0.00,SJC
2606:4700:a8:a6:7e3:f7ab:d676:7a0c,4,4,0.00,168.27,0.00,SJC
2606:4700:a9:997c:41f:36c7:8b8f:fc70,4,4,0.00,168.28,0.00,SJC
2606:4700:0:88:5419:c7b3:dc2c:c2a,4,4,0.00,168.28,0.00,SJC
2606:4700:3003:cd:9a7c:6db0:dd05:1e2f,4,4,0.00,168.28,0.00,SJC
2606:4700:d0:56:68dc:23b9:249b:e39b,4,4,0.00,168.29,0.00,SJC
2606:4700:a1::4f:5253:3222,4,4,0.00,168.29,0.00,SJC
2606:4700:3009::1ea6:e207:f443,4,4,0.00,168.29,0.00,SJC
2606:4700:3006:9:6295:d2e:f532:e978,4,4,0.00,168.30,0.00,SJC
2606:4700:c:0:83:4f3f:8b80:59c1,4,4,0.00,168.30,0.00,SJC
2606:4700:d1:0:6c6b:f900:8a76:6c96,4,4,0.00,168.30,0.00,SJC
2606:4700:0:d9cd:4012:a3b9:ca01:45b9,4,4,0.00,168.30,0.00,SJC
2606:4700:d0:14e8:199d:48d2:da7d:a537,4,4,0.00,168.30,0.00,SJC
2606:4700:c::8920:80c5:5c2b,4,4,0.00,168.31,0.00,SJC
2606:4700:d0:56:7be4:a154:ef00:8fb7,4,4,0.00,168.31,0.00,SJC
2606:4700:130:f7:3221:877b:3363:49ae,4,4,0.00,168.31,0.00,SJC
2606:4700:a8:a6:759:2722:5831:34ab,4,4,0.00,168.31,0.00,SJC
2606:4700:a8:a6:759:2722:d0dc:7e95,4,4,0.00,168.31,0.00,SJC
2606:4700:d0:14e8:19c3:f1bd:66fa:db5b,4,4,0.00,168.31,0.00,SJC
2606:4700:3005:376f:1cd2:fb70:8e7f:f8f,4,4,0.00,168.32,0.00,SJC
2606:4700:a8:a6:7e3:9231:bebc:59d8,4,4,0.00,168.32,0.00,SJC
2606:4700:e:21:309f:3e34:d0c1:d24a,4,4,0.00,168.32,0.00,SJC
2606:4700:d1:fa26:5ec0:2c7a:f9c7:d395,4,4,0.00,168.32,0.00,SJC
2606:4700:a8:5e:e9ac:d8f9:e12d:bae3,4,4,0.00,168.33,0.00,SJC
2a06:98c1:58:8bba:f594:15c:a0aa:3a21,4,4,0.00,168.33,0.00,SJC
2606:4700:3004:5c:9683:eaa:4372:fbc7,4,4,0.00,168.33,0.00,SJC
2606:4700:3008:71f2:8151:be2:b6a0:6c88,4,4,0.00,168.33,0.00,SJC
2606:4700:3009:0:f5:3c01:e80a:a49b,4,4,0.00,168.33,0.00,SJC
2606:4700::eab7:3d1:859b:2314,4,4,0.00,168.33,0.00,SJC
2606:4700:0:88:54ba:ed9f:b7cd:a6cc,4,4,0.00,168.33,0.00,SJC
2606:4700:a1:2f:93bc:560c:4427:8c33,4,4,0.00,168.33,0.00,SJC
2606:4700:3003:cd:9af5:101e:6d79:4b28,4,4,0.00,168.33,0.00,SJC
2606:4700:a8:a6:d7a4:1ef8:8aaf:309c,4,4,0.00,168.33,0.00,SJC
2606:4700:f:0:f601:6108:6db:e109,4,4,0.00,168.34,0.00,SJC
2606:4700:3004:cc58:6209:53a5:4cab:e083,4,4,0.00,168.34,0.00,SJC
2606:4700:a9:fa7d:5b2c:d028:a412:3b5a,4,4,0.00,168.34,0.00,SJC
2606:4700:0:d923:4945:926c:e38f:a7f2,4,4,0.00,168.34,0.00,SJC
2606:4700:d:0:5504:6730:1def:cf26,4,4,0.00,168.34,0.00,SJC
2606:4700::ea5c:c6b4:e6ea:4074,4,4,0.00,168.34,0.00,SJC
2606:4700:a1:74:ae78:3017:343e:9f4b,4,4,0.00,168.34,0.00,SJC
2606:4700::ea5c:c676:c949:fd88,4,4,0.00,168.35,0.00,SJC
2606:4700:e:4dd9:aac:8a00:7a54:6efd,4,4,0.00,168.35,0.00,SJC
2606:4700::482e:4956:d77b:b4e6,4,4,0.00,168.35,0.00,SJC
2606:4700:0:5c07:fa3e:ea1f:78d5:9854,4,4,0.00,168.35,0.00,SJC
2606:4700:f:bd2f:97c5:f12c:845f:eac,4,4,0.00,168.36,0.00,SJC
2606:4700:3003:1329:58d3:3ed0:a5c7:ac6a,4,4,0.00,168.36,0.00,SJC
2606:4700:3006:9:6295:df5e:4f96:2bb,4,4,0.00,168.36,0.00,SJC
2606:4700:d1:873a:fbf4:83ba:f264:877b,4,4,0.00,168.36,0.00,SJC
2606:4700:3009:0:8251:c69e:e5a6:a406,4,4,0.00,168.36,0.00,SJC
2606:4700::ea5b:698d:1b51:25ba,4,4,0.00,168.36,0.00,SJC
2606:4700:b:e836:b773:474:d273:9038,4,4,0.00,168.37,0.00,SJC
2606:4700:d0:1473:d37b:2260:ab71:6ac8,4,4,0.00,168.37,0.00,SJC
2606:4700:a1:d557:df83:3446:247a:5ad7,4,4,0.00,168.38,0.00,SJC
2606:4700:3005:0:f7:3090:4dac:ecb4,4,4,0.00,168.38,0.00,SJC
2606:4700:a8:5e:1ec4:4a24:f74:f373,4,4,0.00,168.38,0.00,SJC
2606:4700:3004:cc58:f3ad:f783:1546:ac1,4,4,0.00,168.38,0.00,SJC
2606:4700:d:1d:2b:3ff9:a78:d95a,4,4,0.00,168.39,0.00,SJC
2606:4700:3001:efe8:1b5b:d50d:c74e:4cc5,4,4,0.00,168.39,0.00,SJC
2606:4700:130:f7:c302:3ad6:5e9b:273e,4,4,0.00,168.39,0.00,SJC
2606:4700:d0:1403:f10e:28a4:402f:3335,4,4,0.00,168.40,0.00,SJC
2606:4700:3008:0:19:c9e1:da83:dbe,4,4,0.00,168.40,0.00,SJC
2606:4700:3001:d4:67f6:c373:d34c:e8df,4,4,0.00,168.40,0.00,SJC
2606:4700:3004:cc58:6209:53a5:db79:badf,4,4,0.00,168.40,0.00,SJC
2606:4700:d0:14e8:6e39:86bb:15f5:b91f,4,4,0.00,168.40,0.00,SJC
2606:4700:3005:ca:3abc:b7fa:d998:5315,4,4,0.00,168.41,0.00,SJC
2606:4700:b:a9:90d6:3b8d:43e2:312b,4,4,0.00,168.41,0.00,SJC
2a06:98c1:58:8b36:8b03:cb3f:ac2e:c416,4,4,0.00,168.41,0.00,SJC
2606:4700:c:3cae:2d2a:cdac:57d8:23da,4,4,0.00,168.41,0.00,SJC
2606:4700:d1:873a:fb03:107d:5c9f:4c67,4,4,0.00,168.41,0.00,SJC
2606:4700:c:0:efda:3c6:2ac4:d807,4,4,0.00,168.43,0.00,SJC
2606:4700:d1:873a:fb03:107d:f596:ce9b,4,4,0.00,168.43,0.00,SJC
2606:4700:3002:2a:ea2a:fb5a:e9e7:3d5c,4,4,0.00,168.43,0.00,SJC
2606:4700:3001:0:5bf3:d678:fd5:5154,4,4,0.00,168.43,0.00,SJC
2606:4700:3003:13ee:888f:95a7:83c0:3584,4,4,0.00,168.43,0.00,SJC
2606:4700:3001:d4:2b4f:6390:390d:eb16,4,4,0.00,168.44,0.00,SJC
2606:4700:3008:f6:1ff4:6db2:9083:6a49,4,4,0.00,168.44,0.00,SJC
2606:4700:c:ce40:8c25:e3c4:97fd:d809,4,4,0.00,168.45,0.00,SJC
2606:4700:d0:56:7b16:29a6:d1c9:fb21,4,4,0.00,168.45,0.00,SJC
2606:4700:d1:8795:5072:283b:8979:9403,4,4,0.00,168.46,0.00,SJC
2a06:98c1:58:8bba:2412:3a43:9f9b:6ac1,4,4,0.00,168.46,0.00,SJC
2606:4700:3004:cc9f:ff19:459f:f123:fc9e,4,4,0.00,168.46,0.00,SJC
2606:4700:c::d210:5c86:1c9e,4,4,0.00,168.47,0.00,SJC
2606:4700:3004:5c:961e:7de9:c1a3:ce78,4,4,0.00,168.47,0.00,SJC
2606:4700:a:0:8a:b7a9:d0f:644a,4,4,0.00,168.48,0.00,SJC
2606:4700:a::f401:f061:9acf,4,4,0.00,168.48,0.00,SJC
2606:4700:a8:a6:d744:f419:da90:1f22,4,4,0.00,168.48,0.00,SJC
2606:4700:d:f7:24c4:df03:617:f61b,4,4,0.00,168.48,0.00,SJC
2606:4700:c:cefc:6378:ca08:cb8:398b,4,4,0.00,168.48,0.00,SJC
2606:4700:3004:cc9f:ff19:4518:7ecd:714f,4,4,0.00,168.48,0.00,SJC
2606:4700:3005:0:ce9a:e414:eaee:9df,4,4,0.00,168.48,0.00,SJC
2606:4700:d0:1473:4e02:f4c:67a6:631c,4,4,0.00,168.48,0.00,SJC
2606:4700:3006:9:d132:27da:285e:8cd,4,4,0.00,168.49,0.00,SJC
2606:4700:3005:0:f7:f38e:fc34:aba8,4,4,0.00,168.49,0.00,SJC
2606:4700:d:1d:1e07:c98:b364:68e9,4,4,0.00,168.49,0.00,SJC
2606:4700:0:88:5419:8bcb:47ec:56bc,4,4,0.00,168.49,0.00,SJC
2606:4700:a9:cf:a7e:2516:9968:6442,4,4,0.00,168.49,0.00,SJC
2606:4700:0:5c18:cc05:3e91:6118:803f,4,4,0.00,168.49,0.00,SJC
2606:4700:d1:d9:588b:a6b7:a479:e1bc,4,4,0.00,168.49,0.00,SJC
2606:4700::17b7,4,4,0.00,168.50,0.00,SJC
2a06:98c1:58:8bba:2412:72fc:6ab4:b416,4,4,0.00,168.50,0.00,SJC
2606:4700:3009:b966:9056:c80c:aa14:c9d6,4,4,0.00,168.50,0.00,SJC
2606:4700:3008:0:19:4ee3:55c1:9a07,4,4,0.00,168.50,0.00,SJC
2606:4700:3004:5c:961e:545f:68dc:25df,4,4,0.00,168.50,0.00,SJC
2606:4700:3005:ca:3abc:b70c:ecf8:257c,4,4,0.00,168.50,0.00,SJC
2606:4700:a8:bb96:1fef:c98f:afe6:139d,4,4,0.00,168.50,0.00,SJC
2606:4700:3003:1329:f1a:ce98:5e50:163b,4,4,0.00,168.50,0.00,SJC
2a06:98c1:58:74:f888:b97:d056:f7ea,4,4,0.00,168.50,0.00,SJC
2606:4700:d:1936:d562:292:fe9a:880e,4,4,0.00,168.51,0.00,SJC
2606:4700:c:5b:6b79:487a:eb9f:3ba1,4,4,0.00,168.51,0.00,SJC
2606:4700:a::ff:dc43:b240,4,4,0.00,168.51,0.00,SJC
2606:4700:f:8383:b1c7:914c:866:59ed,4,4,0.00,168.51,0.00,SJC
2606:4700:a1:d557:64a8:6a4d:e4fd:3e60,4,4,0.00,168.51,0.00,SJC
2606:4700:d1:fa26:127e:f6fe:1826:88eb,4,4,0.00,168.51,0.00,SJC
2606:4700:d0:1473:4e02:fa6:ea56:92fb,4,4,0.00,168.51,0.00,SJC
2606:4700:3004:cc58:625f:b7ba:b74e:5f78,4,4,0.00,168.51,0.00,SJC
2a06:98c1:58:cb:e0a1:c99b:69a1:a23,4,4,0.00,168.51,0.00,SJC
2606:4700:d1:8795:5072:28b7:7fd9:2807,4,4,0.00,168.51,0.00,SJC
2a06:98c1:58:0:95fb:c8f9:81bf:96a9,4,4,0.00,168.51,0.00,SJC
2606:4700:3005::f678:9e9,4,4,0.00,168.51,0.00,SJC
2606:4700:a::f483:6f3c:cd48,4,4,0.00,168.52,0.00,SJC
2606:4700:a8:a6:7e3:f760:6126:78ea,4,4,0.00,168.52,0.00,SJC
2606:4700:3009:b966:7969:2455:6c7f:9212,4,4,0.00,168.52,0.00,SJC
2606:4700:d1:fa76:3bf1:2871:dca5:5705,4,4,0.00,168.52,0.00,SJC
2606:4700:3009:93b3:21a2:a726:3505:a27c,4,4,0.00,168.52,0.00,SJC
2606:4700:d0:14e8:198a:ece1:cd2:e1ae,4,4,0.00,168.53,0.00,SJC
2606:4700:a:c528:a5ff:9b3e:a302:7d39,4,4,0.00,168.53,0.00,SJC
2606:4700:d:1d:1e07:3911:fa3b:2554,4,4,0.00,168.53,0.00,SJC
2606:4700:3003:cd:2de1:21ce:3949:9ccb,4,4,0.00,168.53,0.00,SJC
2606:4700:0:5ce0:7210:da61:89e2:deee,4,4,0.00,168.53,0.00,SJC
2606:4700:e:77b9:9890:b40e:91a5:30e5,4,4,0.00,168.54,0.00,SJC
2606:4700:3006:7690:9da5:9388:59ce:a9f,4,4,0.00,168.54,0.00,SJC
2606:4700:3009:0:8251:a540:c343:dfcb,4,4,0.00,168.54,0.00,SJC
2606:4700:3009:3d:ae29:eb84:e5bc:3305,4,4,0.00,168.55,0.00,SJC
2606:4700:a8:a6:d7a4:1ef8:8a66:4ad7,4,4,0.00,168.55,0.00,SJC
2606:4700:a1:d50b:6952:d41a:f739:64d5,4,4,0.00,168.55,0.00,SJC
2606:4700:0:5ce0:b3d1:1da0:c019:c0a6,4,4,0.00,168.55,0.00,SJC
2606:4700:3003:1329:589d:909a:e9e7:b46f,4,4,0.00,168.55,0.00,SJC
2606:4700:3003:0:e484:6831:5eba:8807,4,4,0.00,168.55,0.00,SJC
2606:4700:a9:cf:a49:d19a:8bd6:aed2,4,4,0.00,168.55,0.00,SJC
2606:4700:a1:d557:df4f:33a2:b3f6:7beb,4,4,0.00,168.56,0.00,SJC
2606:4700:3008:71f2:18a4:dc97:8c8e:f187,4,4,0.00,168.56,0.00,SJC
2606:4700:d1:fa76:3197:43f2:686b:bc89,4,4,0.00,168.56,0.00,SJC
2606:4700:f:0:39c7:77f5:67ac:17c8,4,4,0.00,168.56,0.00,SJC
2606:4700:d0:0:d5:ecd8:7ca9:6f08,4,4,0.00,168.57,0.00,SJC
2606:4700:3002:0:89:53b0:e6ba:f488,4,4,0.00,168.57,0.00,SJC
2606:4700:a8:a6:d744:f4da:b932:d923,4,4,0.00,168.57,0.00,SJC
2606:4700:d1:873a:fbf4:83ba:b0:17cb,4,4,0.00,168.57,0.00,SJC
2606:4700:3003:cd:2dd0:8fbf:7fa1:faf1,4,4,0.00,168.58,0.00,SJC
2606:4700:3004:cc9f:617e:9aec:5e89:16fd,4,4,0.00,168.58,0.00,SJC
2606:4700:b:e836:b773:6157:9da8:105d,4,4,0.00,168.58,0.00,SJC
2606:4700:3006:760f:ac82:a51b:5078:7a0e,4,4,0.00,168.58,0.00,SJC
2606:4700:d0:1473:4e02:ff7:7e7b:ea56,4,4,0.00,168.58,0.00,SJC
2606:4700:3000:ac:7538:3c75:59d2:9f6d,4,4,0.00,168.58,0.00,SJC
2606:4700:3006:0:ea19:adca:5ac4:cb3b,4,4,0.00,168.58,0.00,SJC
2606:4700:e:57:b7c6:bb26:d639:b863,4,4,0.00,168.59,0.00,SJC
2606:4700:a:c528:a558:6903:76c2:bd35,4,4,0.00,168.59,0.00,SJC
2606:4700:3001::37:7ceb:4c6,4,4,0.00,168.59,0.00,SJC
2606:4700:d:f7:24c4:5554:cd65:1d41,4,4,0.00,168.59,0.00,SJC
2606:4700:3002:2a:ea2a:d267:5734:463d,4,4,0.00,168.59,0.00,SJC
2606:4700:d0:56:7be4:226c:bb73:b926,4,4,0.00,168.59,0.00,SJC
2606:4700::482e:3a7c:58c1:ab1c,4,4,0.00,168.59,0.00,SJC
2606:4700:3001:d4:679f:b48a:372:43dd,4,4,0.00,168.60,0.00,SJC
2a06:98c1:58:8b10:e64:a455:b2d6:c496,4,4,0.00,168.60,0.00,SJC
2606:4700:e:57:5863:4ae3:1c71:e185,4,4,0.00,168.60,0.00,SJC
2606:4700:d1:fa26:1235:65a4:d3e7:75de,4,4,0.00,168.60,0.00,SJC
2606:4700:3004:0:c1:6843:f952:4c6b,4,4,0.00,168.60,0.00,SJC
2606:4700:a:0:aff5:7e15:c8dd:c4ae,4,4,0.00,168.60,0.00,SJC
2606:4700:e:77be:86dd:4fc2:54b5:ca42,4,4,0.00,168.61,0.00,SJC
2606:4700:3003:cd:9af5:101e:6db3:216b,4,4,0.00,168.61,0.00,SJC
2606:4700::484c:12a5:7d85:6fd4,4,4,0.00,168.61,0.00,SJC
2606:4700:3000:ac:7538:3c75:5980:bfdf,4,4,0.00,168.61,0.00,SJC
2606:4700:3005:0:f7:dc3f:1716:17de,4,4,0.00,168.62,0.00,SJC
2606:4700:d0:1403:f179:e362:5023:734f,4,4,0.00,168.62,0.00,SJC
2606:4700:3004:cc58:f3ad:c560:3983:2d9a,4,4,0.00,168.62,0.00,SJC
2606:4700:a8:a6:7d3:ea67:4a8f:e59f,4,4,0.00,168.62,0.00,SJC
2606:4700:3002:28:778b:23fa:2693:369b,4,4,0.00,168.62,0.00,SJC
2a06:98c1:58::e8:9614,4,4,0.00,168.62,0.00,SJC
2606:4700:0:5ce0:d3b3:f0e7:2604:bff1,4,4,0.00,168.62,0.00,SJC
2a06:98c1:58:74:f888:bf4:129c:b00b,4,4,0.00,168.62,0.00,SJC
2606:4700:130:0:d0cd:d4ed:a9dd:8e3b,4,4,0.00,168.62,0.00,SJC
2606:4700:3006:760f:ac82:2284:8f87:9773,4,4,0.00,168.62,0.00,SJC
2606:4700:3003:13ee:bf90:6571:e6ff:38d3,4,4,0.00,168.63,0.00,SJC
2606:4700:e:4d05:26f6:35ec:e945:e1b3,4,4,0.00,168.63,0.00,SJC
2606:4700::484c:1244:511e:aae0,4,4,0.00,168.63,0.00,SJC
2606:4700:a:0:8a:b7a9:de3:c788,4,4,0.00,168.63,0.00,SJC
2606:4700:a8:a6:d7a4:1ef8:8a88:29d9,4,4,0.00,168.63,0.00,SJC
2606:4700:c:3c32:35aa:35ba:38ce:8b1f,4,4,0.00,168.64,0.00,SJC
2606:4700:0:5ce0:d3b3:4613:7dfa:3c34,4,4,0.00,168.64,0.00,SJC
2606:4700:a9:0:e3:93bf:ffb5:7f09,4,4,0.00,168.65,0.00,SJC
2606:4700:3001:0:78:afaa:eab8:769,4,4,0.00,168.66,0.00,SJC
2606:4700:d:1d:1eaf:3bf2:e33d:ca4d,4,4,0.00,168.66,0.00,SJC
2606:4700:3009:0:f5:3cec:3dc1:4273,4,4,0.00,168.66,0.00,SJC
2606:4700:3005:376f:e7f4:f1ca:6c93:425b,4,4,0.00,168.66,0.00,SJC
2606:4700:c:3cae:c0c7:2c42:da4f:9bc9,4,4,0.00,168.67,0.00,SJC
2606:4700:0:88:54cc:ded6:d3a2:4d42,4,4,0.00,168.67,0.00,SJC
2606:4700::eab7:f9ef:6ff:a25a,4,4,0.00,168.67,0.00,SJC
2606:4700:a1:d557:6474:d90b:3737:c08b,4,4,0.00,168.67,0.00,SJC
2606:4700:f:8383:71b:19bf:e03c:b3d6,4,4,0.00,168.67,0.00,SJC
2606:4700:3009:5a:295d:f955:aab3:a950,4,4,0.00,168.68,0.00,SJC
2606:4700:a1:d5be:a5f5:4493:631c:4e2a,4,4,0.00,168.68,0.00,SJC
2606:4700:3005:0:f7:f38e:e93e:141,4,4,0.00,168.68,0.00,SJC
2606:4700:a8:a9:84cf:3ee3:8820:3f7b,4,4,0.00,168.69,0.00,SJC
2606:4700:3009:b966:9056:c80c:6b1b:a4f5,4,4,0.00,168.69,0.00,SJC
2606:4700:d0:56:68dc:5406:3730:26ba,4,4,0.00,168.69,0.00,SJC
2606:4700:a1:d557:df4f:33a2:b11a:4621,4,4,0.00,168.69,0.00,SJC
2606:4700:e:b3:5fb9:af2f:a27f:f27d,4,4,0.00,168.70,0.00,SJC
2606:4700:3005:0:f7:f349:f7d4:2ac4,4,4,0.00,168.70,0.00,SJC
2606:4700:3004:cc58:625f:b70e:6d06:dd6b,4,4,0.00,168.70,0.00,SJC
2606:4700:130:0:d00a:41aa:e756:aba0,4,4,0.00,168.70,0.00,SJC
2606:4700:0:88:54cc:ded9:ff7:35e2,4,4,0.00,168.71,0.00,SJC
2606:4700:3005::8c57:68a9:120c,4,4,0.00,168.71,0.00,SJC
2606:4700::484c:12a5:1d90:83d6,4,4,0.00,168.71,0.00,SJC
2606:4700:3007:d4:158c:79b6:4316:86cf,4,4,0.00,168.71,0.00,SJC
2606:4700:c:0:efdb:d158:9c94:bc60,4,4,0.00,168.72,0.00,SJC
2606:4700:3003:cd:2dd0:8f40:66e8:6234,4,4,0.00,168.72,0.00,SJC
2606:4700:d0:1473:d37b:624c:37d8:2430,4,4,0.00,168.72,0.00,SJC
2606:4700:d0:1473:4e02:fa6:21de:b181,4,4,0.00,168.72,0.00,SJC
2606:4700:3000:9b92:23b:1384:9af4:d1e9,4,4,0.00,168.72,0.00,SJC
2606:4700:3001:efe8:1b5b:d50d:c737:4953,4,4,0.00,168.72,0.00,SJC
2606:4700:f:0:4352:f527:7018:ab90,4,4,0.00,168.72,0.00,SJC
2606:4700:3002:0:b68e:d488:b5bb:ad36,4,4,0.00,168.73,0.00,SJC
2606:4700:3007:d3b6:edd:2fb1:ecb1:7201,4,4,0.00,168.73,0.00,SJC
2a06:98c1:58:8bba:f594:ec51:82d4:3e1e,4,4,0.00,168.73,0.00,SJC
2606:4700:d1:0:1:91fb:73b6:7a8b,4,4,0.00,168.73,0.00,SJC
2606:4700:a:0:ae:de79:c8f2:138f,4,4,0.00,168.73,0.00,SJC
2606:4700:3005:0:f7:37f8:5985:64b1,4,4,0.00,168.74,0.00,SJC
2606:4700:a:426c:3c8b:cfa9:bf32:d6a2,4,4,0.00,168.74,0.00,SJC
2606:4700:3009:a8:69db:6c9c:28f8:9595,4,4,0.00,168.74,0.00,SJC
2606:4700:a8:a9:84cf:3ee3:ee63:4abe,4,4,0.00,168.75,0.00,SJC
2606:4700:a:0:8a:f104:c233:ceaf,4,4,0.00,168.75,0.00,SJC
2606:4700:f:bd2f:9710:1695:b496:bf58,4,4,0.00,168.75,0.00,SJC
2606:4700:3001:d4:678e:6290:cc4c:d67f,4,4,0.00,168.75,0.00,SJC
2606:4700:d1:fa26:5e38:68c2:8430:5d2f,4,4,0.00,168.75,0.00,SJC
2606:4700:a8:0:64:62a9:1a9a:769,4,4,0.00,168.75,0.00,SJC
2606:4700::484c:c188:4e66:ab94,4,4,0.00,168.76,0.00,SJC
2606:4700:3007::2f70:d874:ddc3,4,4,0.00,168.76,0.00,SJC
2606:4700:3009:0:822f:30da:fb54:8bba,4,4,0.00,168.76,0.00,SJC
2606:4700:c:5b:6779:f631:bbd2:2f81,4,4,0.00,168.76,0.00,SJC
2606:4700:d:1d:1e07:c98:b39a:bd08,4,4,0.00,168.77,0.00,SJC
2606:4700:d0:1473:d33f:9e3b:ad30:6f00,4,4,0.00,168.77,0.00,SJC
2606:4700:f:bd2f:97c5:f12c:8462:cbf9,4,4,0.00,168.78,0.00,SJC
2606:4700:d0::fd37:3799,4,4,0.00,168.78,0.00,SJC
2606:4700:d1:d9:6234:3302:9ad:41a7,4,4,0.00,168.78,0.00,SJC
2606:4700:3009:a8:691d:248:6c8d:d597,4,4,0.00,168.78,0.00,SJC
2606:4700:f:0:f601:ceec:1a97:716f,4,4,0.00,168.78,0.00,SJC
2606:4700:a9:0:be3c:2419:562:8ca5,4,4,0.00,168.78,0.00,SJC
2606:4700::ae:36e1:b35:3e53,4,4,0.00,168.79,0.00,SJC
2606:4700:3006:9:6295:dffb:23fd:e4cb,4,4,0.00,168.79,0.00,SJC
2606:4700:e:77b9:9890:5940:d1ad:7fd5,4,4,0.00,168.79,0.00,SJC
2606:4700:3006:9:62ca:7aa8:e370:e318,4,4,0.00,168.79,0.00,SJC
2606:4700:130:0:5903:9870:eea8:2d09,4,4,0.00,168.80,0.00,SJC
2606:4700::484c:c188:d160:83,4,4,0.00,168.80,0.00,SJC
2606:4700:3003:cd:2de1:21ce:19e9:73ac,4,4,0.00,168.80,0.00,SJC
2606:4700:0:d923:c32a:a0a4:f3c4:8cd7,4,4,0.00,168.80,0.00,SJC
2606:4700:a1:74:ae78:302a:7612:d32,4,4,0.00,168.80,0.00,SJC
2606:4700:d0:1473:4ed7:daf9:4d6d:d0c8,4,4,0.00,168.80,0.00,SJC
2606:4700:130:f7:c302:3a6c:818d:e4e7,4,4,0.00,168.81,0.00,SJC
2606:4700:3000:0:9368:902c:488b:817b,4,4,0.00,168.81,0.00,SJC
2606:4700:0:88:54ba:300a:98a4:27bb,4,4,0.00,168.81,0.00,SJC
2606:4700:d:1d:84:42a7:4cef:4ff1,4,4,0.00,168.82,0.00,SJC
2606:4700:3003:cd:2d98:175:2f52:90e6,4,4,0.00,168.82,0.00,SJC
2a06:98c1:58:8b10:f6ff:1b81:6414:8c2a,4,4,0.00,168.82,0.00,SJC
2606:4700:a8:a6:d7a4:4ad:99c3:e2a7,4,4,0.00,168.82,0.00,SJC
2606:4700:e:4d05:a946:460c:5127:bdca,4,4,0.00,168.82,0.00,SJC
2606:4700:a9:fa6e:5617:cf1a:b1cd:b49c,4,4,0.00,168.82,0.00,SJC
2606:4700:3003:0:e484:5948:66f6:12bf,4,4,0.00,168.82,0.00,SJC
2606:4700:3008:f6:1ff4:6db2:90a5:10b1,4,4,0.00,168.82,0.00,SJC
2606:4700::48ea:53a8:1719:69fd,4,4,0.00,168.82,0.00,SJC
2606:4700:3008:f6:1fd4:c52e:5b75:c8db,4,4,0.00,168.83,0.00,SJC
2606:4700:a8:a6:7d3:406f:80cf:d0f2,4,4,0.00,168.83,0.00,SJC
2606:4700:3006:9:d1e4:56e5:477d:50ad,4,4,0.00,168.83,0.00,SJC
2606:4700:3006:9:62ca:93e2:9ae5:bab5,4,4,0.00,168.83,0.00,SJC
2606:4700:a9:cf:a49:eccb:4597:f889,4,4,0.00,168.83,0.00,SJC
2606:4700:f:8383:b1c7:e6a5:231a:4659,4,4,0.00,168.84,0.00,SJC
2606:4700:3006:760f:ac36:752c:b67e:9ef5,4,4,0.00,168.84,0.00,SJC
2606:4700:e:0:5c81:7429:214f:5e14,4,4,0.00,168.84,0.00,SJC
2606:4700:d:f7:24c4:df03:decb:e3bc,4,4,0.00,168.84,0.00,SJC
2a06:98c1:58:8b10:f62b:cd02:2658:fe4,4,4,0.00,168.84,0.00,SJC
2606:4700:3009:a8:69db:d65a:f899:eb4c,4,4,0.00,168.84,0.00,SJC
2606:4700:3003:1329:fa4:5e59:924a:6407,4,4,0.00,168.85,0.00,SJC
2606:4700:130:0:36:3766:dde7:15c1,4,4,0.00,168.85,0.00,SJC
2606:4700:3001:efe8:1b5b:7d55:4e01:2178,4,4,0.00,168.85,0.00,SJC
2606:4700:a1:2f:932f:5574:369b:b418,4,4,0.00,168.85,0.00,SJC
2606:4700:a1:2f:932f:5574:360c:752c,4,4,0.00,168.85,0.00,SJC
2606:4700:3003:1329:5892:47e0:3ce2:9401,4,4,0.00,168.85,0.00,SJC
2606:4700:d1:fa76:3197:43f2:f161:1a09,4,4,0.00,168.85,0.00,SJC
2606:4700:a::3b74:b95:5485,4,4,0.00,168.85,0.00,SJC
2606:4700:0:d923:4945:19bb:2227:b1cf,4,4,0.00,168.86,0.00,SJC
2606:4700:e:77b9:9890:b40e:45cd:19f6,4,4,0.00,168.86,0.00,SJC
2606:4700:3002:28:f507:60a5:240f:1c70,4,4,0.00,168.86,0.00,SJC
2606:4700:d1:0:1:91fb:2e59:588b,4,4,0.00,168.87,0.00,SJC
2a06:98c1:58:8b10:e64:e5c4:e187:bfe5,4,4,0.00,168.87,0.00,SJC
2606:4700:3001:0:5b49:c2dd:9eb6:37d5,4,4,0.00,168.87,0.00,SJC
2606:4700:3005:0:f7:dc81:f9a0:9828,4,4,0.00,168.87,0.00,SJC
2606:4700:d1:873a:fba0:70c9:9554:88d9,4,4,0.00,168.87,0.00,SJC
2606:4700:d:1d:84:429b:2b87:87dd,4,4,0.00,168.88,0.00,SJC
2606:4700:3008:71f2:18a4:171:9f17:4869,4,4,0.00,168.88,0.00,SJC
2606:4700:e:4d05:a1d2:95f7:16f5:a3b6,4,4,0.00,168.88,0.00,SJC
2606:4700::484c:c188:4e2e:9936,4,4,0.00,168.88,0.00,SJC
2606:4700:a:0:ae:87d2:11a7:9543,4,4,0.00,168.88,0.00,SJC
2606:4700:3007::2f70:6c06:fdc9,4,4,0.00,168.88,0.00,SJC
2606:4700:a:8:6d4:1912:eb9:845a,4,4,0.00,168.88,0.00,SJC
2606:4700:c:cefc:6378:cab5:1246:70be,4,4,0.00,168.88,0.00,SJC
2606:4700:d0:1403:7c10:87ee:a2c8:e65b,4,4,0.00,168.88,0.00,SJC
2606:4700:a8:bb96:1fef:c972:1000:affb,4,4,0.00,168.89,0.00,SJC
2606:4700:3004:cc58:625f:674d:d13b:5bd5,4,4,0.00,168.89,0.00,SJC
2606:4700:a8::ba09:f32:4f95,4,4,0.00,168.90,0.00,SJC
2606:4700:3006:9:62ca:ef4f:2b23:b0b0,4,4,0.00,168.90,0.00,SJC
2606:4700:a9:fa6e:5617:cf1a:e37c:b53a,4,4,0.00,168.90,0.00,SJC
2606:4700:a9:fa6e:56d8:687e:b8ef:7eca,4,4,0.00,168.91,0.00,SJC
2606:4700:c:3c32:80d1:30c8:83c1:ad2e,4,4,0.00,168.91,0.00,SJC
2606:4700:f:bd2f:f3c2:cf70:fb91:3b87,4,4,0.00,168.91,0.00,SJC
2606:4700:3000::d784:f38a,4,4,0.00,168.91,0.00,SJC
2606:4700:d:1996:da17:ab34:f949:c7f4,4,4,0.00,168.91,0.00,SJC
2606:4700:d:1996:da17:d21f:6afd:c7d1,4,4,0.00,168.91,0.00,SJC
2606:4700:3001:d4:678e:6236:c0ef:144c,4,4,0.00,168.91,0.00,SJC
2606:4700:d1:d9:62c7:e6a6:ac4d:c12f,4,4,0.00,168.92,0.00,SJC
2606:4700:a8:a6:7a7:1da4:57d6:4fac,4,4,0.00,168.92,0.00,SJC
2606:4700:e:777d:3a1f:bd2:11e5:c995,4,4,0.00,168.93,0.00,SJC
2606:4700:b:0:ac:5ae6:40d0:7f30,4,4,0.00,168.93,0.00,SJC
2606:4700:3002:28:f530:2ea2:30b7:465f,4,4,0.00,168.93,0.00,SJC
2606:4700:0:88:54ba:ed29:3a36:c001,4,4,0.00,168.94,0.00,SJC
2606:4700:3007:0:853a:5447:8152:802c,4,4,0.00,168.94,0.00,SJC
2606:4700:d0::6b23:6565:e025,4,4,0.00,168.94,0.00,SJC
2606:4700:3001:d4:678e:ba03:23fd:f250,4,4,0.00,168.95,0.00,SJC
2606:4700:a1:74:ae78:3035:f0f5:e68f,4,4,0.00,168.95,0.00,SJC
2606:4700:d:da45:a180:b61e:ec95:8cd6,4,4,0.00,168.95,0.00,SJC
2606:4700:d0:0:e0a9:b4b4:8169:9682,4,4,0.00,168.95,0.00,SJC
2606:4700:3001:d4:6702:1d53:b9a5:1da1,4,4,0.00,168.96,0.00,SJC
2606:4700::eab7:e1bd:6624:ee37,4,4,0.00,168.96,0.00,SJC
2606:4700:e:4d05:a931:7199:4980:5c37,4,4,0.00,168.97,0.00,SJC
2606:4700:b:da58:c78:9351:d398:d51,4,4,0.00,168.97,0.00,SJC
2606:4700:d0:14e8:198a:63:8a4c:b491,4,4,0.00,168.97,0.00,SJC
2606:4700:d:1d:1eaf:af78:5721:5e74,4,4,0.00,168.98,0.00,SJC
2606:4700:d0:0:d4:712f:e7b7:b555,4,4,0.00,168.98,0.00,SJC
2606:4700:d1:8795:5072:7c92:309e:7fb0,4,4,0.00,168.98,0.00,SJC
2606:4700:a1:0:c9:10b0:5a87:a8d1,4,4,0.00,168.98,0.00,SJC
2606:4700:a1:0:98a9:5fad:5755:abeb,4,4,0.00,168.98,0.00,SJC
2606:4700:a1:d50b:3f59:6e44:9d17:b268,4,4,0.00,168.98,0.00,SJC
2606:4700:3004:cc58:62e9:f7d6:5d44:d110,4,4,0.00,168.99,0.00,SJC
2606:4700:d:f7:24c4:5554:7ff0:8659,4,4,0.00,168.99,0.00,SJC
2606:4700:b:da58:c78:a7d:16d2:5ce,4,4,0.00,168.99,0.00,SJC
2606:4700:d1:8795:502a:2c17:cbb7:26fc,4,4,0.00,168.99,0.00,SJC
2606:4700:a9:fa7d:5b2c:7194:875d:1e4,4,4,0.00,168.99,0.00,SJC
2606:4700:3000:9b92:2fb:b127:c34d:7cc5,4,4,0.00,168.99,0.00,SJC
2606:4700:3000:0:93ef:461d:2e88:8af3,4,4,0.00,168.99,0.00,SJC
2606:4700:3002:fec3:8a0b:7d3:b26d:7b2b,4,4,0.00,169.00,0.00,SJC
2606:4700:3004:cc58:2962:6cac:f347:c3c6,4,4,0.00,169.00,0.00,SJC
2606:4700:3001:efe8:9dd3:3c48:f2e9:6477,4,4,0.00,169.00,0.00,SJC
2606:4700:3001:ef60:ae3b:fbfb:cd0c:72de,4,4,0.00,169.00,0.00,SJC
2606:4700::ea25:b914:3713:8b11,4,4,0.00,169.00,0.00,SJC
2606:4700:a1:d5be:a5f5:4493:1120:1404,4,4,0.00,169.00,0.00,SJC
2606:4700:f:0:39cf:bee6:eea7:1853,4,4,0.00,169.00,0.00,SJC
2606:4700:3009:93e7:dc9d:5ced:d43a:1d77,4,4,0.00,169.01,0.00,SJC
2606:4700:d1:fa76:a43a:7089:d61f:d175,4,4,0.00,169.01,0.00,SJC
2606:4700:a:0:ae:2f27:2e9c:e400,4,4,0.00,169.01,0.00,SJC
2606:4700:3007::1a6c:9d42,4,4,0.00,169.01,0.00,SJC
2606:4700:d0:1473:d37b:62d0:aebc:cf9e,4,4,0.00,169.01,0.00,SJC
2606:4700:0:d923:c357:bc:1114:a146,4,4,0.00,169.02,0.00,SJC
2606:4700:3008:71f2:18a4:416f:ce1:7c7b,4,4,0.00,169.02,0.00,SJC
2606:4700:e:0:ce95:7817:7746:4fc5,4,4,0.00,169.02,0.00,SJC
2606:4700:a9:fa7d:fd70:d022:afab:6a82,4,4,0.00,169.03,0.00,SJC
2606:4700:f:8383:b1c7:91da:8ad8:1906,4,4,0.00,169.03,0.00,SJC
2606:4700:d:1d:2b:da14:5be0:63ae,4,4,0.00,169.04,0.00,SJC
2606:4700::ea5c:c6b4:14e6:756d,4,4,0.00,169.04,0.00,SJC
2606:4700:3009::42f3:3060:c99c,4,4,0.00,169.04,0.00,SJC
2606:4700:3004:5c:fa4b:1bae:3121:6d50,4,4,0.00,169.04,0.00,SJC
2606:4700:3001:bb:70f1:947b:fe7d:6f4e,4,4,0.00,169.05,0.00,SJC
2606:4700:e:4dd9:c96c:7224:3548:1131,4,4,0.00,169.05,0.00,SJC
2606:4700:a9:997c:e46c:ee24:b586:9aa4,4,4,0.00,169.05,0.00,SJC
2606:4700:d0:14e8:19c3:15a0:e9af:4cc4,4,4,0.00,169.05,0.00,SJC
2606:4700:3008:f6:165a:5121:5c40:be45,4,4,0.00,169.05,0.00,SJC
2606:4700:a8:bb96:1f85:1031:e8df:2eea,4,4,0.00,169.06,0.00,SJC
2606:4700:d1:0:1:4c06:dc4d:26db,4,4,0.00,169.06,0.00,SJC
2606:4700:d1:873a:73cd:d322:9f64:a50d,4,4,0.00,169.07,0.00,SJC
2606:4700:3004:ac9d:a78f:2228:7b0b:4ebd,4,4,0.00,169.07,0.00,SJC
2606:4700:3009:937e:2785:c4c0:b919:6d7,4,4,0.00,169.07,0.00,SJC
2606:4700:0:88:54ba:e25f:e0b8:4698,4,4,0.00,169.08,0.00,SJC
2606:4700:d:f7:c893:a5b9:cad9:2c8e,4,4,0.00,169.08,0.00,SJC
2606:4700:a1:d557:6474:d942:290:a93c,4,4,0.00,169.08,0.00,SJC
2606:4700:3001:ef60:ae3b:fbbc:35b2:95ea,4,4,0.00,169.09,0.00,SJC
2606:4700:a1:d50b:3f59:6e70:2e11:e215,4,4,0.00,169.09,0.00,SJC
2606:4700:d1::a8fb:3e03,4,4,0.00,169.09,0.00,SJC
2606:4700:3008:71f2:18c9:c2d7:c000:f0f,4,4,0.00,169.09,0.00,SJC
2606:4700:d:f7:24c4:55be:3a7e:d986,4,4,0.00,169.10,0.00,SJC
2a06:98c1:58:8b10:f6ff:ae65:8088:a6fc,4,4,0.00,169.10,0.00,SJC
2606:4700:f:8383:7aa:a59:bddf:4f45,4,4,0.00,169.11,0.00,SJC
2606:4700:d1:fa26:12e7:d162:e706:e361,4,4,0.00,169.11,0.00,SJC
2606:4700:d:1d:8ea4:4815:8280:af24,4,4,0.00,169.11,0.00,SJC
2606:4700:3005:376f:586:9ab:e60e:c7c9,4,4,0.00,169.12,0.00,SJC
2606:4700:130:0:afc8:3e32:c8b7:25bd,4,4,0.00,169.12,0.00,SJC
2606:4700:3009:b966:e91c:2080:1220:9eb9,4,4,0.00,169.12,0.00,SJC
2606:4700:3005:ca:3a69:15b6:c730:770,4,4,0.00,169.12,0.00,SJC
2606:4700:a1:d5be:a581:1ce8:3349:c3cc,4,4,0.00,169.13,0.00,SJC
2606:4700:d:1996:da17:6051:4c96:e16d,4,4,0.00,169.14,0.00,SJC
2606:4700:d1:873a:fba0:7052:98f0:9924,4,4,0.00,169.14,0.00,SJC
2606:4700::81e3:c6cc:fcb1:9a50,4,4,0.00,169.14,0.00,SJC
2606:4700:b:da58:7463:19c9:eaee:f98d,4,4,0.00,169.14,0.00,SJC
2606:4700:a::f472:4ca3:6173,4,4,0.00,169.14,0.00,SJC
2606:4700:3004::de:6270:4ec3,4,4,0.00,169.15,0.00,SJC
2606:4700:d:f7:245f:f163:7045:940b,4,4,0.00,169.15,0.00,SJC
2606:4700::81e3:c6cc:772b:9f6d,4,4,0.00,169.16,0.00,SJC
2606:4700:a9:cf:a07:50d8:bb51:b1d8,4,4,0.00,169.16,0.00,SJC
2606:4700:a:e4:185c:f8b3:1ee8:97f,4,4,0.00,169.16,0.00,SJC
2606:4700:0:5c07:fa3e:44:52d4:300c,4,4,0.00,169.17,0.00,SJC
2606:4700:b:0:c515:6a58:f191:e948,4,4,0.00,169.17,0.00,SJC
2606:4700:c:ce56:4c17:516c:84df:5121,4,4,0.00,169.17,0.00,SJC
2606:4700:d1:873a:acf7:c128:579d:62ae,4,4,0.00,169.18,0.00,SJC
2606:4700:a:8:6d4:d57e:f29d:f898,4,4,0.00,169.18,0.00,SJC
2606:4700:3003:13ee:bf90:211:8d02:7d1,4,4,0.00,169.18,0.00,SJC
2606:4700:3003:13ee:888f:95be:645b:5979,4,4,0.00,169.20,0.00,SJC
2606:4700:b:0:c517:4776:2ee7:a239,4,4,0.00,169.20,0.00,SJC
2606:4700:e:0:5c09:952b:211f:b836,4,4,0.00,169.20,0.00,SJC
2606:4700:a:a05a:1cfc:b6f9:a00c:eb8b,4,4,0.00,169.20,0.00,SJC
2606:4700:d0:14e8:198a:3:a7fe:54b,4,4,0.00,169.20,0.00,SJC
2606:4700:3005:376f:e7f4:b99:46bf:1ae7,4,4,0.00,169.21,0.00,SJC
2606:4700:3001:ef60:629d:8724:6603:4e22,4,4,0.00,169.21,0.00,SJC
2606:4700:3000:9b92:2fb:f710:7fd6:c207,4,4,0.00,169.21,0.00,SJC
2606:4700:3005:ca:2cba:16ce:7179:1a8,4,4,0.00,169.21,0.00,SJC
2606:4700:d1:d9:62c7:dec1:a553:2580,4,4,0.00,169.21,0.00,SJC
2606:4700:f:8383:b1c7:2652:6b3a:5615,4,4,0.00,169.21,0.00,SJC
2606:4700:3006:9:d99b:d905:925c:b95b,4,4,0.00,169.21,0.00,SJC
2606:4700:3001:0:5bf3:630a:aeec:5fa4,4,4,0.00,169.22,0.00,SJC
2606:4700:a9:cf:a7e:ea2d:5711:8813,4,4,0.00,169.22,0.00,SJC
2606:4700:a1:d557:6474:d97d:4726:6f98,4,4,0.00,169.22,0.00,SJC
2606:4700:e:0:ce95:78cf:bf4b:55c6,4,4,0.00,169.22,0.00,SJC
2606:4700:3003:1329:584c:b504:9623:28f4,4,4,0.00,169.22,0.00,SJC
2606:4700:c::d226:58b2:b202,4,4,0.00,169.23,0.00,SJC
2606:4700:a8:a6:7d2:174d:4a2:e49b,4,4,0.00,169.24,0.00,SJC
2606:4700:d0:9941:35ae:614d:ac3f:cd30,4,4,0.00,169.24,0.00,SJC
2606:4700:a1:d50b:3f59:35b:2f19:6c63,4,4,0.00,169.24,0.00,SJC
2606:4700:3002:28:f530:6761:a708:b82a,4,4,0.00,169.24,0.00,SJC
2606:4700:e:77be:8649:d24d:7cfd:7059,4,4,0.00,169.24,0.00,SJC
2606:4700:d0:1403:fb17:2709:15a2:17b2,4,4,0.00,169.25,0.00,SJC
2606:4700:3007::fd:9a05:a0de,4,4,0.00,169.25,0.00,SJC
2606:4700:d1:d9:e0b1:7b28:1d87:45cb,4,4,0.00,169.25,0.00,SJC
2606:4700:f:0:4352:b2f0:8a8f:ba92,4,4,0.00,169.25,0.00,SJC
2606:4700:3002:0:ae:dce4:acf9:c80c,4,4,0.00,169.25,0.00,SJC
2a06:98c1:58:8b10:e64:e5fc:f6d:396c,4,4,0.00,169.26,0.00,SJC
2606:4700:3006:7690:9d77:6115:57e6:3077,4,4,0.00,169.27,0.00,SJC
2606:4700:3000:ac:7538:3ca0:e64a:d9de,4,4,0.00,169.28,0.00,SJC
2606:4700:a:0:af0f:4ed0:45b7:e38c,4,4,0.00,169.28,0.00,SJC
2606:4700:3003:cd:2dd0:7235:334d:a646,4,4,0.00,169.28,0.00,SJC
2606:4700:a1::4f:1d6b:def7,4,4,0.00,169.28,0.00,SJC
2606:4700:3009:0:fdcc:b420:e701:5ea5,4,4,0.00,169.28,0.00,SJC
2a06:98c1:58:0:ba4:426b:dda:a8ac,4,4,0.00,169.28,0.00,SJC
2606:4700:a8:a6:d7f1:64d8:7c6f:d269,4,4,0.00,169.29,0.00,SJC
2606:4700:130:9acb:7b5c:7b29:80d:59fe,4,4,0.00,169.29,0.00,SJC
2606:4700:0:5ce0:7241:d762:11da:45a7,4,4,0.00,169.29,0.00,SJC
2606:4700:130:f7:c3c2:48cf:8d59:8f1e,4,4,0.00,169.29,0.00,SJC
2606:4700:0:d923:4945:923b:ae68:b6b1,4,4,0.00,169.29,0.00,SJC
2606:4700:a:e4:4c2f:bd6a:22ff:67b9,4,4,0.00,169.29,0.00,SJC
2606:4700:d:1936:847b:23c6:e458:2d17,4,4,0.00,169.30,0.00,SJC
2606:4700:3003:0:e484:6899:a79d:4a7b,4,4,0.00,169.30,0.00,SJC
2606:4700:d0:14e8:199d:48eb:3a4d:6cca,4,4,0.00,169.30,0.00,SJC
2606:4700:3000:0:9368:9096:acdf:73d8,4,4,0.00,169.30,0.00,SJC
2606:4700:a:0:d822:7543:db87:2966,4,4,0.00,169.31,0.00,SJC
2606:4700:c:ce40:8c55:d2ef:26e1:c582,4,4,0.00,169.31,0.00,SJC
2606:4700:3002:0:89:fcfd:27c7:88ef,4,4,0.00,169.31,0.00,SJC
2606:4700:0:88:54cc:ded9:f8b7:ab1a,4,4,0.00,169.31,0.00,SJC
2606:4700:3009:93b3:2149:794e:b772:f0b8,4,4,0.00,169.31,0.00,SJC
2606:4700:3000:0:2f:a517:e01b:ba4a,4,4,0.00,169.32,0.00,SJC
2606:4700:3001:ef60:629d:8724:a4d7:cc7b,4,4,0.00,169.32,0.00,SJC
2606:4700:3009:3d:f39b:dfd1:3fcf:beb8,4,4,0.00,169.34,0.00,SJC
2606:4700:3007:0:c2:2dbe:cea1:d777,4,4,0.00,169.35,0.00,SJC
2606:4700:d0:14e8:199d:934c:10ce:d537,4,4,0.00,169.35,0.00,SJC
2606:4700:3009:93b3:21a2:a726:35ed:57a4,4,4,0.00,169.35,0.00,SJC
2606:4700:d0:56:6280:e1c2:17d1:c32f,4,4,0.00,169.36,0.00,SJC
2606:4700:a9:cf:a49:d1fd:419b:aa66,4,4,0.00,169.36,0.00,SJC
2606:4700:f:0:3903:96e6:55b9:d191,4,4,0.00,169.36,0.00,SJC
2606:4700:e:4d05:a95e:bc2:8e7:1ab1,4,4,0.00,169.37,0.00,SJC
2606:4700:e:4d05:a1d2:ca93:f118:5422,4,4,0.00,169.38,0.00,SJC
2606:4700:3000:0:2f:9d3c:1fb4:c36b,4,4,0.00,169.38,0.00,SJC
2606:4700:c:3cae:c0c7:4b30:81c2:7e7,4,4,0.00,169.38,0.00,SJC
2606:4700:3004:5c:9683:7ffb:eb2c:9d15,4,4,0.00,169.38,0.00,SJC
2606:4700:d:1d:2b:3f9f:1e46:c12a,4,4,0.00,169.39,0.00,SJC
2606:4700:3009:b966:e91c:2080:d894:fdb1,4,4,0.00,169.39,0.00,SJC
2606:4700:a9:997c:e41a:cdd7:152:8a0c,4,4,0.00,169.39,0.00,SJC
2606:4700:3001::6ea1:eea7:574,4,4,0.00,169.40,0.00,SJC
2606:4700:a1:d557:64a8:6a4d:3ad:d767,4,4,0.00,169.40,0.00,SJC
2606:4700:3000::cdf:1df3:1a1a,4,4,0.00,169.40,0.00,SJC
2606:4700:a9:fafc:ad12:6c0b:fbe:ad58,4,4,0.00,169.40,0.00,SJC
2606:4700:3009::e10c,4,4,0.00,169.41,0.00,SJC
2606:4700:3009::1ea6:e219:470d,4,4,0.00,169.41,0.00,SJC
2606:4700:3009:0:f5:3c23:b1da:9e25,4,4,0.00,169.41,0.00,SJC
2606:4700:b:0:fb:dd5b:b936:5a01,4,4,0.00,169.41,0.00,SJC
2606:4700:d:1936:d5ab:4c14:f3c5:b175,4,4,0.00,169.42,0.00,SJC
2606:4700:d1:873a:734a:1dba:296e:17a3,4,4,0.00,169.42,0.00,SJC
2606:4700:a8:a6:d7a4:da39:71a0:2111,4,4,0.00,169.42,0.00,SJC
2606:4700:d0:1473:4ed7:24b8:4f:b4c5,4,4,0.00,169.42,0.00,SJC
2606:4700:d0:14e8:198a:63:ebd:5e9d,4,4,0.00,169.43,0.00,SJC
2606:4700:a:c528:a558:6c1b:8ecd:c78a,4,4,0.00,169.43,0.00,SJC
2606:4700:130::6e13:539b:3e7d,4,4,0.00,169.43,0.00,SJC
2606:4700:a::f4c5:b9f2:5250,4,4,0.00,169.43,0.00,SJC
2606:4700:3001:d4:673f:2d4d:a5e3:835f,4,4,0.00,169.43,0.00,SJC
2606:4700:3005:0:f7:dc3f:1702:7aad,4,4,0.00,169.43,0.00,SJC
2606:4700:130:f7:c3c2:480c:73cf:926b,4,4,0.00,169.43,0.00,SJC
2606:4700:d0:1473:4ed7:daf9:4dd5:c311,4,4,0.00,169.43,0.00,SJC
2606:4700:f:bdfe:55c4:985f:75:c498,4,4,0.00,169.44,0.00,SJC
2606:4700:e:4dd9:c96c:6b2d:57b8:502d,4,4,0.00,169.44,0.00,SJC
2606:4700:3004:5c:fa4b:1be4:d0d:33ca,4,4,0.00,169.44,0.00,SJC
2606:4700:e:77b9:6470:f1fb:67a7:b0bf,4,4,0.00,169.44,0.00,SJC
2606:4700:d1:fa26:12e5:894a:26eb:1aa6,4,4,0.00,169.44,0.00,SJC
2606:4700:3002::b1:382e:7e59,4,4,0.00,169.45,0.00,SJC
2606:4700:d1:fa76:a44d:8800:c84e:c6a6,4,4,0.00,169.45,0.00,SJC
2606:4700:3002:28:778b:2366:8141:61db,4,4,0.00,169.45,0.00,SJC
2606:4700::48ea:f7c9:df2e:7c53,4,4,0.00,169.45,0.00,SJC
2606:4700:0:5ce0:7210:dab0:ecca:a3a3,4,4,0.00,169.45,0.00,SJC
2606:4700:a9:0:e3:932b:e8f:41d5,4,4,0.00,169.45,0.00,SJC
2606:4700:a8:a6:7d3:cee2:23d7:c25,4,4,0.00,169.45,0.00,SJC
2606:4700:3006:9:62ca:7aa8:e3f9:56ce,4,4,0.00,169.46,0.00,SJC
2606:4700:3007:0:853a:ba79:a098:e7da,4,4,0.00,169.47,0.00,SJC
2606:4700:3008:71f2:184a:4d8a:de35:cd37,4,4,0.00,169.47,0.00,SJC
2606:4700:a9:0:e3:932b:ef4:1021,4,4,0.00,169.48,0.00,SJC
2606:4700:a:0:ae:9ac1:3aee:c5a7,4,4,0.00,169.48,0.00,SJC
2606:4700:d:da45:a180:b619:c075:1518,4,4,0.00,169.48,0.00,SJC
2606:4700:d0:0:e0a9:b4f5:9b1f:20c3,4,4,0.00,169.48,0.00,SJC
2606:4700:3001:d4:679f:b48a:314:7889,4,4,0.00,169.48,0.00,SJC
2606:4700:b:e836:b718:79e6:7d89:f5ec,4,4,0.00,169.48,0.00,SJC
2606:4700:a9:fa6e:5f28:e6ed:7e91:52cb,4,4,0.00,169.49,0.00,SJC
2606:4700:3007:d3b6:de69:a679:660b:961e,4,4,0.00,169.49,0.00,SJC
2606:4700:0:d923:c32a:2e02:5963:3604,4,4,0.00,169.50,0.00,SJC
2606:4700:c:3cae:c0c7:4b30:c484:c149,4,4,0.00,169.50,0.00,SJC
2606:4700:a9:fa7d:5bf0:20aa:6230:39e1,4,4,0.00,169.50,0.00,SJC
2606:4700:3008:71f2:8169:a611:12f4:fb4,4,4,0.00,169.50,0.00,SJC
2606:4700:d1:873a:73cd:d3fd:b40:a4c,4,4,0.00,169.50,0.00,SJC
2606:4700:a1::65ab:f3e8:63ca,4,4,0.00,169.51,0.00,SJC
2606:4700:a::958d:16a6:d6ec,4,4,0.00,169.51,0.00,SJC
2606:4700:0:5c07:fa43:3b0e:4db2:816f,4,4,0.00,169.51,0.00,SJC
2606:4700:a9:0:96bb:a471:261d:2abe,4,4,0.00,169.52,0.00,SJC
2606:4700:c:3c32:80d1:7a99:f25:4dd8,4,4,0.00,169.52,0.00,SJC
2606:4700:3007:0:853a:bab6:e908:f3f,4,4,0.00,169.53,0.00,SJC
2606:4700:3009:a8:69db:d65a:2ce3:ce7e,4,4,0.00,169.53,0.00,SJC
2606:4700:3004:cc58:33b1:6499:60d6:311f,4,4,0.00,169.53,0.00,SJC
2606:4700:c:ce56:4cdd:a369:310e:e8fb,4,4,0.00,169.53,0.00,SJC
2606:4700:3006:760f:ac82:22a4:6a26:5e92,4,4,0.00,169.54,0.00,SJC
2606:4700:d1:fa76:3bf1:89a1:1b5e:3c26,4,4,0.00,169.54,0.00,SJC
2a06:98c1:58:74:672:69ca:2fb4:6199,4,4,0.00,169.54,0.00,SJC
2606:4700:3007:0:853a:ba79:f6be:134c,4,4,0.00,169.55,0.00,SJC
2606:4700:d1:873a:73cd:d3fd:4e76:c94b,4,4,0.00,169.56,0.00,SJC
2606:4700:c:5b:58cf:a95b:df9f:fbcc,4,4,0.00,169.56,0.00,SJC
2606:4700:0:d923:49e4:5bdb:f306:4de0,4,4,0.00,169.56,0.00,SJC
2a06:98c1:58:8b10:e64:a4e9:ba74:d4b3,4,4,0.00,169.56,0.00,SJC
2606:4700:3003:bad2:6f78:570c:a0dc:53fb,4,4,0.00,169.57,0.00,SJC
2606:4700:3003::2d:e3ca:3d2e,4,4,0.00,169.57,0.00,SJC
2606:4700:3009:937e:2785:c409:a883:b250,4,4,0.00,169.58,0.00,SJC
2606:4700:3005:0:f7:dc3f:1776:c3e0,4,4,0.00,169.58,0.00,SJC
2a06:98c1:58:8bba:2412:72fc:33d8:c710,4,4,0.00,169.58,0.00,SJC
2606:4700:3002:fe22:9d53:3329:87a0:5f5b,4,4,0.00,169.58,0.00,SJC
2606:4700:3008:71f2:810d:938d:8323:6bc5,4,4,0.00,169.59,0.00,SJC
2606:4700:3009:93e7:dc06:8cac:12c7:debb,4,4,0.00,169.59,0.00,SJC
2606:4700:3002:0:b68e:8f3b:e7b6:526,4,4,0.00,169.59,0.00,SJC
2606:4700:b:e836:b773:6157:eeaf:28d6,4,4,0.00,169.59,0.00,SJC
2606:4700:3004:cc9f:ff19:459f:1423:a4a8,4,4,0.00,169.59,0.00,SJC
2606:4700:3000:9b92:29c:1184:ca52:70b,4,4,0.00,169.61,0.00,SJC
2606:4700:3002:28:f507:60a5:9b68:90cc,4,4,0.00,169.61,0.00,SJC
2606:4700:e:0:32:599b:c18f:3801,4,4,0.00,169.61,0.00,SJC
2606:4700:a:c528:4c83:edb5:6a1a:59df,4,4,0.00,169.61,0.00,SJC
2606:4700:a8:a6:d7f1:6417:27d:fded,4,4,0.00,169.61,0.00,SJC
2606:4700:a9:cf:ab0:6819:b21a:dd8d,4,4,0.00,169.61,0.00,SJC
2606:4700:3007:d3b6:edd:2f48:396d:3f27,4,4,0.00,169.62,0.00,SJC
2606:4700:a9:fafc:ad53:5b6a:50a8:9fbc,4,4,0.00,169.62,0.00,SJC
2606:4700:d0:1403:fb17:f3c1:541e:4984,4,4,0.00,169.62,0.00,SJC
2606:4700:a9:997c:e46c:ee24:b5d2:fb14,4,4,0.00,169.63,0.00,SJC
2606:4700:3005:ca:3a69:5ef7:557c:465,4,4,0.00,169.63,0.00,SJC
2606:4700:3003:cd:2dd0:8fbf:656e:da10,4,4,0.00,169.63,0.00,SJC
2606:4700:3004:0:9b48:64cb:d932:b121,4,4,0.00,169.63,0.00,SJC
2606:4700:0:5ce0:7241:d70d:3ec6:3289,4,4,0.00,169.63,0.00,SJC
2606:4700:d:0:5504:cc88:42df:5c51,4,4,0.00,169.64,0.00,SJC
2606:4700:a::743a:f08:a4b9,4,4,0.00,169.66,0.00,SJC
2606:4700:3000:9b92:2fb:f710:a11a:9902,4,4,0.00,169.66,0.00,SJC
2606:4700:3008:f6:1f0c:3244:20d1:3eb2,4,4,0.00,169.66,0.00,SJC
2606:4700:3002:2a:ea2a:fb5a:a425:6a69,4,4,0.00,169.66,0.00,SJC
2606:4700:3008:71f2:18c9:c2f7:9d3b:fb21,4,4,0.00,169.66,0.00,SJC
2606:4700:a8:bbaf:e562:8f53:71c6:29fb,4,4,0.00,169.66,0.00,SJC
2606:4700:d:1936:847b:23c6:a7ff:a65c,4,4,0.00,169.67,0.00,SJC
2606:4700:a8:bb96:1fef:c98f:7f0a:a4ea,4,4,0.00,169.67,0.00,SJC
2606:4700:d0:0:d4:71fc:4992:98b1,4,4,0.00,169.67,0.00,SJC
2606:4700:a1:0:98a9:2dcd:2118:b030,4,4,0.00,169.67,0.00,SJC
2606:4700:d1:fa76:a43a:9d51:b06c:649a,4,4,0.00,169.67,0.00,SJC
2606:4700:3001:0:78:dff3:cc8d:959c,4,4,0.00,169.67,0.00,SJC
2606:4700:f:8383:7aa:a59:ba0c:e071,4,4,0.00,169.67,0.00,SJC
2606:4700:e:0:5c81:76ef:44e5:28fd,4,4,0.00,169.68,0.00,SJC
2606:4700:d1:d9:62c7:dec1:9419:ac89,4,4,0.00,169.70,0.00,SJC
2606:4700:d0:1473:4ed7:24b8:174e:710,4,4,0.00,169.70,0.00,SJC
2606:4700:e:777d:b636:b03c:90a8:e91a,4,4,0.00,169.70,0.00,SJC
2606:4700:3004:5c:961e:5476:3fa6:5be,4,4,0.00,169.70,0.00,SJC
2606:4700:a9:fafc:ad53:5b2b:d3cf:1969,4,4,0.00,169.70,0.00,SJC
2606:4700:3009:0:fd46:d18b:faf8:4b39,4,4,0.00,169.71,0.00,SJC
2606:4700:a1:d50b:b540:974b:ce7f:3fea,4,4,0.00,169.71,0.00,SJC
2606:4700:a8:bbaf:7e7b:8dfc:b5:69f7,4,4,0.00,169.71,0.00,SJC
2606:4700:b:e836:3474:50a4:922e:c963,4,4,0.00,169.72,0.00,SJC
2606:4700:c:3cae:c0c7:f993:f003:f7b0,4,4,0.00,169.72,0.00,SJC
2606:4700:a8:a6:7e3:f760:617f:4b12,4,4,0.00,169.72,0.00,SJC
2606:4700:3006:760f:ac36:1a6:4524:d4f6,4,4,0.00,169.72,0.00,SJC
2606:4700:f:0:39cf:57ab:a634:b2e6,4,4,0.00,169.72,0.00,SJC
2606:4700:3002:28:f530:2ea2:304a:6156,4,4,0.00,169.73,0.00,SJC
2606:4700:d1:d9:6234:cdbe:7365:e744,4,4,0.00,169.73,0.00,SJC
2606:4700:3009:93e7:dc06:a80c:6c23:bf33,4,4,0.00,169.74,0.00,SJC
2a06:98c1:58:0:95bb:ffe2:e851:ab32,4,4,0.00,169.74,0.00,SJC
2a06:98c1:58:8b10:e64:c93b:249c:9158,4,4,0.00,169.74,0.00,SJC
2606:4700:3001:0:5bf3:ec91:1d0f:fb40,4,4,0.00,169.74,0.00,SJC
2606:4700:a:e4:185c:f8bc:f5dc:5914,4,4,0.00,169.74,0.00,SJC
2606:4700:3005:0:ce9a:e481:3cc:863d,4,4,0.00,169.74,0.00,SJC
2606:4700:130:0:d0fb:a1c3:50ea:c51f,4,4,0.00,169.74,0.00,SJC
2606:4700:e:777d:3aa9:cb2b:d5f3:7001,4,4,0.00,169.75,0.00,SJC
2606:4700:d0::6b15:a677:dade,4,4,0.00,169.75,0.00,SJC
2606:4700:e:77be:86dd:1537:68f4:e6b2,4,4,0.00,169.76,0.00,SJC
2606:4700:3006:7690:9d77:6112:394c:80f7,4,4,0.00,169.76,0.00,SJC
2606:4700:a8:5e:1e2d:1550:3c4c:3dd6,4,4,0.00,169.77,0.00,SJC
2606:4700:a8:5e:1ec4:2d9d:73b0:fb42,4,4,0.00,169.77,0.00,SJC
2606:4700::484c:c188:d740:8c07,4,4,0.00,169.77,0.00,SJC
2606:4700:a8:a6:7d2:6733:574b:4abc,4,4,0.00,169.77,0.00,SJC
2606:4700:3001:0:78:948a:6fdf:1c01,4,4,0.00,169.78,0.00,SJC
2606:4700:e:4df4:b434:332e:3283:c2d5,4,4,0.00,169.78,0.00,SJC
2606:4700:3008:0:b5da:4dd3:fde4:e86f,4,4,0.00,169.79,0.00,SJC
2606:4700:a1::92:c696:e4f0,4,4,0.00,169.79,0.00,SJC
2606:4700:e:b3:5fb9:2959:939d:b6fb,4,4,0.00,169.79,0.00,SJC
2606:4700:a::743a:4850:88ba,4,4,0.00,169.79,0.00,SJC
2606:4700:a1:74:ae94:7e30:f629:8f98,4,4,0.00,169.79,0.00,SJC
2606:4700:3003:cd:2dbc:2a30:1be7:a0fe,4,4,0.00,169.80,0.00,SJC
2606:4700:c:cefc:6378:f2c5:e2db:c2c8,4,4,0.00,169.80,0.00,SJC
2606:4700:d0:1403:7c10:87ee:d476:2c3a,4,4,0.00,169.81,0.00,SJC
2606:4700:3001:bb:70f1:947b:3f47:d5f5,4,4,0.00,169.81,0.00,SJC
2606:4700:3005:ca:2cba:b2b4:5ff4:6a0f,4,4,0.00,169.81,0.00,SJC
2606:4700:d1:873a:acf7:c119:8e6f:cef2,4,4,0.00,169.81,0.00,SJC
2606:4700:d:f7:24c4:5598:aa5:21eb,4,4,0.00,169.81,0.00,SJC
2606:4700:b:da58:c78:7044:b555:a2f2,4,4,0.00,169.82,0.00,SJC
2606:4700:d0:0:d4:7152:4a8c:fed0,4,4,0.00,169.82,0.00,SJC
2606:4700:d:1d:2b:daa3:54b9:af45,4,4,0.00,169.83,0.00,SJC
2606:4700:e:77b9:6470:f1e1:b7d6:e5e4,4,4,0.00,169.83,0.00,SJC
2606:4700:3000:9b92:23b:1384:f2c4:a5ec,4,4,0.00,169.83,0.00,SJC
2606:4700:3006:5f:ae04:228c:a354:3bef,4,4,0.00,169.83,0.00,SJC
2606:4700::ea5b:bfeb:fb39:7839,4,4,0.00,169.84,0.00,SJC
2606:4700:a1:d50b:b5a2:943d:49d:6cb6,4,4,0.00,169.84,0.00,SJC
2606:4700:d1:873a:734a:919:ae07:36df,4,4,0.00,169.84,0.00,SJC
2606:4700:a8:a6:d744:8a5:dca:7bd0,4,4,0.00,169.85,0.00,SJC
2606:4700:3009:0:fd46:d18b:fafb:32f4,4,4,0.00,169.86,0.00,SJC
2606:4700:3006:5f:ae04:7686:6917:77b2,4,4,0.00,169.86,0.00,SJC
2606:4700:3002:0:ae:dce4:ac1e:2d47,4,4,0.00,169.86,0.00,SJC
2606:4700:3002::29:a335:7243,4,4,0.00,169.86,0.00,SJC
2a06:98c1:58:8bba:f594:15c:1bc2:5899,4,4,0.00,169.87,0.00,SJC
2606:4700:3003:cd:9ae7:3635:3b7c:b0df,4,4,0.00,169.87,0.00,SJC
2606:4700:3004:5c:961e:fa:ffc6:167c,4,4,0.00,169.88,0.00,SJC
2606:4700:c:0:efda:3c6:2ab2:1f6,4,4,0.00,169.88,0.00,SJC
2606:4700:d0:1403:fb17:f36f:f741:6acd,4,4,0.00,169.89,0.00,SJC
2606:4700:0:d923:495c:6690:3cea:22f7,4,4,0.00,169.89,0.00,SJC
2606:4700:d1:873a:734a:919:df15:26db,4,4,0.00,169.89,0.00,SJC
2606:4700:d1:873a:ac41:6b82:a49:3250,4,4,0.00,169.90,0.00,SJC
2606:4700:a9:cf:a07:1108:1847:5e1d,4,4,0.00,169.90,0.00,SJC
2606:4700:3005:376f:1c48:946f:f9e6:14f9,4,4,0.00,169.90,0.00,SJC
2606:4700:0:88:5419:8bcb:4757:7f0f,4,4,0.00,169.90,0.00,SJC
2606:4700:3000:9b92:23b:13dc:ac22:48f3,4,4,0.00,169.91,0.00,SJC
2606:4700:c:0:efda:3c6:64f7:ead2,4,4,0.00,169.91,0.00,SJC
2606:4700:d:1936:847b:23c6:a702:7141,4,4,0.00,169.92,0.00,SJC
2606:4700:c:ce56:4c17:51e3:46d9:b9be,4,4,0.00,169.92,0.00,SJC
2606:4700:3008:f6:1ff4:6dad:d1c6:9324,4,4,0.00,169.92,0.00,SJC
2606:4700:f:8383:7a5:4d9d:9982:13e8,4,4,0.00,169.93,0.00,SJC
2606:4700:3004:5c:9683:3e92:839f:f0d5,4,4,0.00,169.94,0.00,SJC
2606:4700:a8:0:a64f:618b:5668:c184,4,4,0.00,169.95,0.00,SJC
2606:4700:c:3c32:35aa:35ba:38a1:7a58,4,4,0.00,169.95,0.00,SJC
2606:4700:a9:fa7d:5bf0:85e7:4ea5:77f8,4,4,0.00,169.95,0.00,SJC
2606:4700:130::ebea:79a:18b,4,4,0.00,169.96,0.00,SJC
2606:4700:c:3cae:c0c7:2c42:55aa:55e0,4,4,0.00,169.96,0.00,SJC
2a06:98c1:58:8b10:f6ff:ae65:fb4d:51b2,4,4,0.00,169.96,0.00,SJC
2606:4700:3006:5f:ae04:7686:1b11:671,4,4,0.00,169.97,0.00,SJC
2606:4700:a9:fa7d:5bf0:20aa:c602:5489,4,4,0.00,169.97,0.00,SJC
2606:4700:d:1996:dad9:93f6:c29d:34b,4,4,0.00,169.97,0.00,SJC
2606:4700::eab7:f9ef:62c:a205,4,4,0.00,169.97,0.00,SJC
2606:4700:3007:d3b6:de69:a679:66f2:d26a,4,4,0.00,169.97,0.00,SJC
2606:4700:3003:bad2:6f78:57e3:d5bb:ccf6,4,4,0.00,169.98,0.00,SJC
2606:4700:b:da58:c78:7044:13c3:2793,4,4,0.00,169.98,0.00,SJC
2606:4700:3005:ca:2054:afe2:4d4f:e8a6,4,4,0.00,169.98,0.00,SJC
2606:4700:3009:93e7:dc06:a80c:dbcd:bd20,4,4,0.00,169.98,0.00,SJC
2606:4700::ea25:b91a:7786:8854,4,4,0.00,170.00,0.00,SJC
2606:4700:3009::b5:7c84:d7de,4,4,0.00,170.00,0.00,SJC
2606:4700:e:21:309f:3e34:b90f:46e7,4,4,0.00,170.01,0.00,SJC
2606:4700:3004:cc58:6209:7fdd:409e:db88,4,4,0.00,170.01,0.00,SJC
2606:4700::4840:120b:68b3:1f0,4,4,0.00,170.01,0.00,SJC
2606:4700:3008:0:b5da:4dd3:fd01:e2b1,4,4,0.00,170.01,0.00,SJC
2606:4700:d:1d:8ea4:4848:f8dc:953e,4,4,0.00,170.01,0.00,SJC
2606:4700:a1::4f:1d69:517b,4,4,0.00,170.02,0.00,SJC
2606:4700:a9:cf:a7e:2570:5233:4cab,4,4,0.00,170.02,0.00,SJC
2606:4700:d0:56:7be4:a132:986b:5bb9,4,4,0.00,170.03,0.00,SJC
2606:4700::48ea:53a8:db35:fab9,4,4,0.00,170.04,0.00,SJC
2606:4700:d:1936:d562:26f:ff46:a2bf,4,4,0.00,170.04,0.00,SJC
2606:4700:f:0:5d40:ac5c:c83b:5cb7,4,4,0.00,170.05,0.00,SJC
2606:4700:f:0:f601:6108:bd34:ab34,4,4,0.00,170.05,0.00,SJC
2606:4700:a:8:6d4:d57e:214a:d438,4,4,0.00,170.05,0.00,SJC
2606:4700:f:8383:b180:75b5:9ab2:d5b,4,4,0.00,170.05,0.00,SJC
2606:4700:3006:9:d1e4:5696:6f71:828b,4,4,0.00,170.06,0.00,SJC
2606:4700:a:0:ae:de79:8dc2:4c76,4,4,0.00,170.06,0.00,SJC
2606:4700:3003:1329:f1a:2e0e:539e:4165,4,4,0.00,170.07,0.00,SJC
2606:4700:e:4d05:26f6:9846:da62:4da0,4,4,0.00,170.07,0.00,SJC
2606:4700::484c:c188:d7ff:ad7f,4,4,0.00,170.07,0.00,SJC
2606:4700:a1:d557:64a8:fb91:42ae:706c,4,4,0.00,170.07,0.00,SJC
2606:4700:a1:d557:df4f:33a2:b192:9e89,4,4,0.00,170.07,0.00,SJC
2606:4700:d0:56:6280:e1c2:cb58:5f9d,4,4,0.00,170.08,0.00,SJC
2606:4700:d1:fa76:3b50:96d1:9c7a:3563,4,4,0.00,170.08,0.00,SJC
2606:4700:e:21:d488:391e:3095:8037,4,4,0.00,170.09,0.00,SJC
2606:4700:a8:a6:7d2:67b0:70c7:8c33,4,4,0.00,170.09,0.00,SJC
2606:4700:3008:f6:1ff4:6dad:d115:bda8,4,4,0.00,170.09,0.00,SJC
2606:4700:a8:0:a554:2fa4:3a53:8e27,4,4,0.00,170.10,0.00,SJC
2606:4700:3002:0:ae:dc00:f8df:1d4b,4,4,0.00,170.10,0.00,SJC
2606:4700:d1:873a:ac41:6bd1:a4d3:340e,4,4,0.00,170.11,0.00,SJC
2606:4700:a1:74:ae94:7e30:1ca8:a036,4,4,0.00,170.12,0.00,SJC
2606:4700:e:57:5863:4a13:a4c9:2cc1,4,4,0.00,170.12,0.00,SJC
2606:4700::ea25:b91a:70f3:4dd5,4,4,0.00,170.13,0.00,SJC
2606:4700:3009::e9:6165:d43a,4,4,0.00,170.13,0.00,SJC
2606:4700:3009::1d5e:1d95:a607,4,4,0.00,170.14,0.00,SJC
2606:4700:e:777d:3aa9:cb74:7657:c10d,4,4,0.00,170.14,0.00,SJC
2606:4700:3002:0:b68e:d488:1143:cd95,4,4,0.00,170.14,0.00,SJC
2606:4700:d0:56:e2d8:1d56:6422:ada6,4,4,0.00,170.15,0.00,SJC
2606:4700:c:5b:6b79:ca0b:2d01:d366,4,4,0.00,170.15,0.00,SJC
2606:4700:3003:1329:58d3:90df:4c0d:c40b,4,4,0.00,170.16,0.00,SJC
2606:4700:d1:873a:acf7:c1d4:bd0c:d65d,4,4,0.00,170.16,0.00,SJC
2606:4700:a1:d557:6494:d259:2646:9fd0,4,4,0.00,170.17,0.00,SJC
2606:4700:d1:d9:5851:d7f7:33b9:75cd,4,4,0.00,170.17,0.00,SJC
2606:4700:3005:ca:2c89:2fac:96a7:8da7,4,4,0.00,170.17,0.00,SJC
2606:4700:3000::8591:8d85:2c6f,4,4,0.00,170.18,0.00,SJC
2606:4700:a1:d557:64a8:6a4d:345d:8d55,4,4,0.00,170.18,0.00,SJC
2606:4700:a8:5e:1e2d:1550:5ac5:e885,4,4,0.00,170.18,0.00,SJC
2606:4700:3005:0:d8e6:aaf3:bfaf:2cdb,4,4,0.00,170.19,0.00,SJC
2606:4700:d0:14e8:199d:48eb:3aa0:7ec5,4,4,0.00,170.20,0.00,SJC
2606:4700:3000:9b92:23b:13b8:5bc5:c736,4,4,0.00,170.21,0.00,SJC
2606:4700:3009:b966:e91c:d2bb:e15f:1510,4,4,0.00,170.22,0.00,SJC
2606:4700:3001:0:5bf3:d678:2c0d:f408,4,4,0.00,170.22,0.00,SJC
2606:4700:a1:d50b:3f59:6edf:506e:9732,4,4,0.00,170.22,0.00,SJC
2606:4700:a1:d557:df4f:33a2:b161:c69,4,4,0.00,170.23,0.00,SJC
2606:4700:3004:0:9b48:64cb:d973:26c7,4,4,0.00,170.23,0.00,SJC
2606:4700:3001:0:5bf3:ec91:1d7a:945a,4,4,0.00,170.24,0.00,SJC
2606:4700:3009:93b3:e942:4f56:4c27:a5cd,4,4,0.00,170.26,0.00,SJC
2606:4700:3007:d4:158c:79b6:4342:a73a,4,4,0.00,170.26,0.00,SJC
2606:4700:3001:ef60:ae7d:708c:fccb:5aad,4,4,0.00,170.26,0.00,SJC
2606:4700:3002::b888:18c5:613d,4,4,0.00,170.26,0.00,SJC
2606:4700:3006:9:d1e4:8ccb:d125:dec5,4,4,0.00,170.27,0.00,SJC
2606:4700:d:f7:245f:3041:bcfe:5438,4,4,0.00,170.27,0.00,SJC
2606:4700:f:0:39c7:772c:3d1a:e,4,4,0.00,170.28,0.00,SJC
2606:4700:3003:1329:58d3:90df:4cfc:7baf,4,4,0.00,170.28,0.00,SJC
2606:4700:d0:0:d5:ec30:6ad7:32aa,4,4,0.00,170.28,0.00,SJC
2606:4700:c:0:ef6e:71ca:9fbe:72e5,4,4,0.00,170.29,0.00,SJC
2606:4700:c:3cae:da32:f5d2:dbd9:35ac,4,4,0.00,170.29,0.00,SJC
2606:4700:d1:fa26:12d6:d686:4378:e0f3,4,4,0.00,170.30,0.00,SJC
2606:4700:d0:14e8:6eb1:34cf:70f5:9ce4,4,4,0.00,170.31,0.00,SJC
2606:4700:0:7129:de00:a239:c80e:c73b,4,4,0.00,170.31,0.00,SJC
2606:4700:3005:376f:586:f504:647d:1e7c,4,4,0.00,170.32,0.00,SJC
2606:4700:3001:ef60:ae3b:34b:55a7:e6d3,4,4,0.00,170.33,0.00,SJC
2606:4700:e:4df4:b402:43d5:24de:8fd5,4,4,0.00,170.33,0.00,SJC
2606:4700:d:0:5504:cc20:b395:43cb,4,4,0.00,170.33,0.00,SJC
2606:4700:a9:0:e3:932b:8df2:b43b,4,4,0.00,170.35,0.00,SJC
2606:4700:0:d923:c32a:5b68:deed:ea97,4,4,0.00,170.36,0.00,SJC
2606:4700:d0:56:68dc:2303:73b6:84d9,4,4,0.00,170.36,0.00,SJC
2606:4700:a8:bbaf:e562:8f7c:58b5:fe6,4,4,0.00,170.36,0.00,SJC
2606:4700:d0:1403:f10e:afd5:f88c:4cea,4,4,0.00,170.37,0.00,SJC
2606:4700:d0:56:7b16:29a6:7bc9:84b1,4,4,0.00,170.37,0.00,SJC
2606:4700:3004:cc58:f30b:4459:a812:17df,4,4,0.00,170.38,0.00,SJC
2606:4700:3004:5c:9683:3e92:83c6:1db3,4,4,0.00,170.38,0.00,SJC
2a06:98c1:58:8bba:2412:729f:dffe:2428,4,4,0.00,170.38,0.00,SJC
2606:4700:d0:0:d4:b7ad:3e67:12c2,4,4,0.00,170.39,0.00,SJC
2606:4700:d1:873a:734a:1dba:7710:729c,4,4,0.00,170.39,0.00,SJC
2606:4700:3003:0:e484:3655:466b:a844,4,4,0.00,170.39,0.00,SJC
2606:4700:d0:56:7be4:a154:3279:74d9,4,4,0.00,170.40,0.00,SJC
2606:4700:3000:9b92:fbd4:6229:1a7f:5f6,4,4,0.00,170.41,0.00,SJC
2606:4700:3002::29:6fc0:5569,4,4,0.00,170.41,0.00,SJC
2606:4700:3003:cd:2dd0:8fbf:7f63:370b,4,4,0.00,170.41,0.00,SJC
2606:4700:3007:0:853a:7a52:2b93:75ea,4,4,0.00,170.42,0.00,SJC
2606:4700:d1:873a:acf7:c12f:763d:250,4,4,0.00,170.42,0.00,SJC
2606:4700:d0:56:68dc:1078:2229:9b94,4,4,0.00,170.42,0.00,SJC
2606:4700:a:0:aff5:1efc:92cc:fae4,4,4,0.00,170.42,0.00,SJC
2606:4700:3005:88:9983:fc0d:aea2:865a,4,4,0.00,170.42,0.00,SJC
2606:4700:f:0:3903:96e6:5509:a1f0,4,4,0.00,170.43,0.00,SJC
2606:4700:f:0:c6:dbea:ec50:82e,4,4,0.00,170.43,0.00,SJC
2a06:98c1:58:8bba:9ab0:637e:773c:b1b3,4,4,0.00,170.43,0.00,SJC
2606:4700:d1:d9:e0bd:9cb9:9dd6:52e7,4,4,0.00,170.43,0.00,SJC
2606:4700::94d9:9836:d80b,4,4,0.00,170.44,0.00,SJC
2606:4700:3009:b966:e976:29b8:38e6:e97a,4,4,0.00,170.44,0.00,SJC
2606:4700:3008:71f2:18a4:171:df14:30f7,4,4,0.00,170.45,0.00,SJC
2606:4700:3005:ca:3a69:6ef9:c97e:3a87,4,4,0.00,170.46,0.00,SJC
2606:4700:d0:56:6280:e1c2:cb91:4320,4,4,0.00,170.46,0.00,SJC
2606:4700:3004:cc9f:ff19:d40c:9c1a:4758,4,4,0.00,170.46,0.00,SJC
2606:4700:a:c528:a5ff:9b3e:3921:b6cf,4,4,0.00,170.46,0.00,SJC
2606:4700:d1:fa76:a44d:8898:2e85:96bf,4,4,0.00,170.46,0.00,SJC
2606:4700:e:77b9:9890:b4e9:b58e:4b31,4,4,0.00,170.47,0.00,SJC
2606:4700:3002::9ab1:a1ab,4,4,0.00,170.47,0.00,SJC
2606:4700:3008:f6:165a:5121:c1d9:4f44,4,4,0.00,170.47,0.00,SJC
2606:4700:3008:f6:1fd4:bdf0:dd5e:afdb,4,4,0.00,170.48,0.00,SJC
2606:4700:d1:873a:ac41:6bd1:a48c:a50,4,4,0.00,170.49,0.00,SJC
2606:4700:3001:bb:70f1:a041:8166:d683,4,4,0.00,170.49,0.00,SJC
2606:4700:a:0:aff5:7e15:504a:703b,4,4,0.00,170.52,0.00,SJC
2606:4700::81e3:1f5c:d3e5:68d,4,4,0.00,170.52,0.00,SJC
2606:4700:3004:5c:9683:7ffb:ebea:c4d6,4,4,0.00,170.53,0.00,SJC
2606:4700:3009:b966:e91c:2080:4383:abb5,4,4,0.00,170.53,0.00,SJC
2606:4700:3008:0:b5da:4dd3:cc27:47f1,4,4,0.00,170.54,0.00,SJC
2606:4700:d:1d:8ea4:6f90:cade:1f89,4,4,0.00,170.54,0.00,SJC
2606:4700:c:ce56:4187:4b63:b330:15ac,4,4,0.00,170.54,0.00,SJC
2606:4700:b:0:c559:1ae0:a69:891b,4,4,0.00,170.54,0.00,SJC
2606:4700:d1:fa26:12e5:894a:26c5:6fcb,4,4,0.00,170.55,0.00,SJC
2606:4700:a8:a6:d750:2ac1:dec3:dc44,4,4,0.00,170.57,0.00,SJC
2606:4700:a1:d557:df83:34c5:b13b:b657,4,4,0.00,170.58,0.00,SJC
2606:4700:0:5ce0:d3b3:96c1:ce57:4e65,4,4,0.00,170.58,0.00,SJC
2606:4700::ea25:b91a:7063:ae60,4,4,0.00,170.59,0.00,SJC
2606:4700:a1:d557:6474:d9b8:f4b9:6c9f,4,4,0.00,170.59,0.00,SJC
2606:4700:d1:873a:734a:b936:f77b:49b6,4,4,0.00,170.61,0.00,SJC
2606:4700:a:a05a:5e9f:7d6a:ceed:4db5,4,4,0.00,170.61,0.00,SJC
2606:4700:0:5ce0:7241:7ebd:2db2:c2cd,4,4,0.00,170.62,0.00,SJC
2606:4700::ea5c:c676:62f5:12e0,4,4,0.00,170.62,0.00,SJC
2606:4700:d:f7:24c4:5598:4185:9b8,4,4,0.00,170.63,0.00,SJC
2606:4700:a:e4:185c:df65:7238:9377,4,4,0.00,170.64,0.00,SJC
2606:4700:d1:fa26:12d6:d686:f1f8:b218,4,4,0.00,170.64,0.00,SJC
2606:4700:e:21:d488:391e:8483:da92,4,4,0.00,170.66,0.00,SJC
2606:4700::eab7:f9ef:cb69:e0cc,4,4,0.00,170.66,0.00,SJC
2606:4700:d1:8795:5093:d6ef:fb51:8c8c,4,4,0.00,170.68,0.00,SJC
2606:4700:e:57:5863:561a:7f52:cd11,4,4,0.00,170.69,0.00,SJC
2606:4700:c:3c32:80e0:3b41:99da:938b,4,4,0.00,170.69,0.00,SJC
2606:4700:3002:fec3:8ae3:9ba7:2d94:25bb,4,4,0.00,170.69,0.00,SJC
2606:4700:3001:0:5bf3:d678:2c99:bf8e,4,4,0.00,170.69,0.00,SJC
2606:4700:c:cefc:6378:f2c5:3393:c02c,4,4,0.00,170.69,0.00,SJC
2606:4700:d0:14e8:6e5b:b7d:e8ba:6ddd,4,4,0.00,170.69,0.00,SJC
2606:4700:3009:b966:e976:ea7d:5cba:efe7,4,4,0.00,170.69,0.00,SJC
2606:4700:3006:9:d1e4:5696:9059:3bfb,4,4,0.00,170.70,0.00,SJC
2606:4700:c:3c32:35aa:f7fd:46a4:7e47,4,4,0.00,170.70,0.00,SJC
2606:4700:a8:bb96:1fef:c958:1529:b197,4,4,0.00,170.71,0.00,SJC
2606:4700:e:4dd9:aac:1c14:cef1:c13e,4,4,0.00,170.71,0.00,SJC
2606:4700:3005:ca:3a69:151a:9c38:fe85,4,4,0.00,170.71,0.00,SJC
2606:4700:e:4d05:a95e:bc2:b963:8db3,4,4,0.00,170.71,0.00,SJC
2606:4700:3001:d4:6702:1d76:d9c6:470f,4,4,0.00,170.71,0.00,SJC
2606:4700:c:3c32:80d1:3ea0:4c53:ab5a,4,4,0.00,170.72,0.00,SJC
2606:4700:a9:0:be3c:ab88:9421:cbb6,4,4,0.00,170.73,0.00,SJC
2606:4700:a1:0:c9:729d:f183:67e5,4,4,0.00,170.74,0.00,SJC
2a06:98c1:58:8b36:8b03:8f98:5133:e883,4,4,0.00,170.75,0.00,SJC
2606:4700:3009:3d:f39b:912c:2c2a:fc41,4,4,0.00,170.75,0.00,SJC
2606:4700:d1:873a:734a:1dba:771a:cc4f,4,4,0.00,170.76,0.00,SJC
2606:4700:a9:0:be3c:2419:571:48e4,4,4,0.00,170.76,0.00,SJC
2606:4700:d1:d9:5851:435a:84cd:5176,4,4,0.00,170.77,0.00,SJC
2606:4700:d1:873a:734a:b9c7:c9b3:44f3,4,4,0.00,170.78,0.00,SJC
2606:4700:3009:93b3:21a2:a74b:ba55:eec5,4,4,0.00,170.79,0.00,SJC
2606:4700:3002::b80b:c153:46fc,4,4,0.00,170.79,0.00,SJC
2606:4700:3003:cd:9ae7:bb72:5c88:a204,4,4,0.00,170.80,0.00,SJC
2606:4700:a9:fafc:ad81:a016:5ee5:9d55,4,4,0.00,170.81,0.00,SJC
2606:4700:0:5c07:fa3e:b6:4e30:7c4e,4,4,0.00,170.81,0.00,SJC
2606:4700:a9:cf:a07:47b2:ecc4:f15a,4,4,0.00,170.81,0.00,SJC
2606:4700:d:1996:8f35:b200:9ec9:2da,4,4,0.00,170.81,0.00,SJC
2606:4700:3003:1329:fa4:ce1d:ef73:e249,4,4,0.00,170.82,0.00,SJC
2606:4700:d0:56:7be4:53e3:3266:127,4,4,0.00,170.82,0.00,SJC
2606:4700:f:8383:b1c7:91ea:4249:7bf6,4,4,0.00,170.82,0.00,SJC
2606:4700:3005:88:9983:5a6f:7ac5:6dc9,4,4,0.00,170.82,0.00,SJC
2606:4700:d0:56:7be4:a132:988d:da4b,4,4,0.00,170.83,0.00,SJC
2606:4700:3003:1329:f1a:2e1e:aa80:f515,4,4,0.00,170.83,0.00,SJC
2606:4700:3005:376f:e7f4:b050:67d2:e731,4,4,0.00,170.83,0.00,SJC
2606:4700:d0:1473:d37b:62d0:3578:61fc,4,4,0.00,170.83,0.00,SJC
2606:4700:130:0:d0cd:2a6e:a413:edd0,4,4,0.00,170.83,0.00,SJC
2606:4700:a1:74:ae78:3017:e1e0:6903,4,4,0.00,170.83,0.00,SJC
2606:4700:a8:bbaf:e562:8f53:1ea5:cdcd,4,4,0.00,170.84,0.00,SJC
2606:4700::ae:368f:8a07:e183,4,4,0.00,170.86,0.00,SJC
2606:4700:b:0:c515:6a58:b1f9:c26b,4,4,0.00,170.88,0.00,SJC
2606:4700:3007:0:853a:ba79:4e76:cae7,4,4,0.00,170.88,0.00,SJC
2606:4700:3006:0:ea19:446:7ec6:2690,4,4,0.00,170.89,0.00,SJC
2606:4700:3006:760f:ac82:2284:7e49:843f,4,4,0.00,170.89,0.00,SJC
2606:4700:3003:1329:58d3:3e14:7133:188c,4,4,0.00,170.90,0.00,SJC
2606:4700:f:bd2f:97c5:39ba:bdb:f58b,4,4,0.00,170.90,0.00,SJC
2606:4700:a1:d50b:3f59:cd98:fba7:5f2f,4,4,0.00,170.91,0.00,SJC
2606:4700:a:8:632:f931:c00b:300,4,4,0.00,170.91,0.00,SJC
2606:4700:3002:28:f507:6039:3768:fde6,4,4,0.00,170.91,0.00,SJC
2606:4700:0:5c18:ccc0:5de:f84f:41f1,4,4,0.00,170.92,0.00,SJC
2606:4700:3000:ac:75bc:2d8a:bb1b:1e2a,4,4,0.00,170.92,0.00,SJC
2606:4700:d1:fa26:12e7:d162:e78e:855f,4,4,0.00,170.92,0.00,SJC
2606:4700:c:5b:58cf:a9cf:cbd1:a88c,4,4,0.00,170.93,0.00,SJC
2606:4700:0:5c07:fa3e:6b27:f5cb:40b8,4,4,0.00,170.93,0.00,SJC
2606:4700:3001:d4:678e:6236:4e9b:8407,4,4,0.00,170.95,0.00,SJC
2606:4700::484c:1244:51ea:e33c,4,4,0.00,170.95,0.00,SJC
2606:4700:a8:bb96:1fef:c972:10ee:ee8a,4,4,0.00,170.96,0.00,SJC
2606:4700::484c:c19d:19ba:3c40,4,4,0.00,170.97,0.00,SJC
2606:4700:130:f7:3221:cd7d:8ce3:1203,4,4,0.00,170.98,0.00,SJC
2606:4700:3004:0:c1:6886:b941:7966,4,4,0.00,170.98,0.00,SJC
2606:4700:3001:ef60:629d:8724:a4ae:b364,4,4,0.00,170.98,0.00,SJC
2a06:98c1:58:8b10:f6ff:def4:9ed1:6192,4,4,0.00,170.99,0.00,SJC
2606:4700:d1:873a:fbf4:83ba:13e0:dd83,4,4,0.00,171.00,0.00,SJC
2606:4700:f:0:f601:6108:fdc1:ed0d,4,4,0.00,171.00,0.00,SJC
2606:4700:3008:f6:1fd4:c52e:4c8a:3dbe,4,4,0.00,171.00,0.00,SJC
2606:4700:3008:0:a5:8b8f:f983:c9c0,4,4,0.00,171.01,0.00,SJC
2606:4700:3000:9b92:228:6bf:235d:92d2,4,4,0.00,171.01,0.00,SJC
2606:4700:0:5c07:fac3:324d:debd:e919,4,4,0.00,171.01,0.00,SJC
2606:4700:d1:fa76:a44d:2960:6952:8fc5,4,4,0.00,171.02,0.00,SJC
2606:4700:a:0:ae:87d2:6427:8159,4,4,0.00,171.03,0.00,SJC
2a06:98c1:58:8bba:2412:729f:df24:71a9,4,4,0.00,171.03,0.00,SJC
2606:4700:0:7129:de00:a2e8:1c59:c699,4,4,0.00,171.03,0.00,SJC
2606:4700:f:8383:b180:75de:953:a433,4,4,0.00,171.03,0.00,SJC
2606:4700:0:88:54ba:ed29:61e8:8662,4,4,0.00,171.04,0.00,SJC
2606:4700:e:77be:8649:d24d:f01c:ac9e,4,4,0.00,171.05,0.00,SJC
2606:4700:d1:d9:5851:d7c1:fa31:64a8,4,4,0.00,171.05,0.00,SJC
2606:4700:a:c5fa:f8ee:7712:c37c:67ac,4,4,0.00,171.06,0.00,SJC
2606:4700:e:0:ce95:7817:d530:f135,4,4,0.00,171.06,0.00,SJC
2606:4700:a1:0:98a9:2d31:bfe8:a185,4,4,0.00,171.07,0.00,SJC
2606:4700:c:5b:6bda:7f67:6cc7:67b5,4,4,0.00,171.08,0.00,SJC
2a06:98c1:58:8b36:8b03:3fa3:2fd9:2962,4,4,0.00,171.08,0.00,SJC
2606:4700:a9:fa7d:5bf0:20aa:62de:8b9b,4,4,0.00,171.08,0.00,SJC
2606:4700:d1:873a:73cd:d3a8:5c6a:75a4,4,4,0.00,171.09,0.00,SJC
2606:4700:d1:d9:588b:de0e:a582:66e3,4,4,0.00,171.11,0.00,SJC
2606:4700:a8:a6:7a7:d966:6554:78fc,4,4,0.00,171.11,0.00,SJC
2606:4700:e:21:3025:5a13:bb87:79b0,4,4,0.00,171.12,0.00,SJC
2606:4700:a9:cf:a49:eccb:e62d:b4e8,4,4,0.00,171.14,0.00,SJC
2606:4700:d1:0:1:917d:4e6c:540e,4,4,0.00,171.15,0.00,SJC
2606:4700:3001:d4:679f:b48a:3e8:1bb7,4,4,0.00,171.17,0.00,SJC
2606:4700:a9:cf:a07:11d6:c5b9:955b,4,4,0.00,171.17,0.00,SJC
2606:4700:e:777d:b636:b0a2:345f:9429,4,4,0.00,171.19,0.00,SJC
2606:4700:a8:a9:84cf:3ee3:88c5:8cce,4,4,0.00,171.20,0.00,SJC
2606:4700:3001:0:5bf3:ec72:3554:1d44,4,4,0.00,171.21,0.00,SJC
2606:4700:a1:d50b:3f59:cd98:c0b:5f70,4,4,0.00,171.22,0.00,SJC
2606:4700:f:8383:b1c7:e6a5:23dc:cf79,4,4,0.00,171.25,0.00,SJC
2606:4700:3003:1329:f1a:2114:f14:5695,4,4,0.00,171.26,0.00,SJC
2606:4700::ae:368f:8a6c:d782,4,4,0.00,171.26,0.00,SJC
2606:4700:a:e4:185c:c34:1e2b:c6ce,4,4,0.00,171.26,0.00,SJC
2606:4700:f:bdfe:55c4:41c2:ea8:8163,4,4,0.00,171.27,0.00,SJC
2606:4700:d1:fa76:3bf1:89a1:1bef:9d22,4,4,0.00,171.27,0.00,SJC
2606:4700:0:5c07:fa3e:ea2d:43a4:b55f,4,4,0.00,171.28,0.00,SJC
2606:4700:a1:74:5289:694e:4997:f2a3,4,4,0.00,171.28,0.00,SJC
2606:4700:d0::6b23:6515:df9f,4,4,0.00,171.28,0.00,SJC
2606:4700:3005:0:f7:f349:913b:422a,4,4,0.00,171.29,0.00,SJC
2606:4700:a:8:6d4:d57e:21af:8c3f,4,4,0.00,171.31,0.00,SJC
2606:4700:d1:d9:e0bd:234a:6bbf:d74,4,4,0.00,171.32,0.00,SJC
2606:4700:3006:9:d99b:8845:3cf:c3ec,4,4,0.00,171.33,0.00,SJC
2606:4700:e:4df4:b434:332e:32b9:c713,4,4,0.00,171.33,0.00,SJC
2606:4700:0:5c18:cc05:3ec3:5eb5:4b0d,4,4,0.00,171.33,0.00,SJC
2606:4700:3009:93e7:dc06:a80c:3f33:d7a4,4,4,0.00,171.33,0.00,SJC
2606:4700:d:f7:24c4:df03:722e:498,4,4,0.00,171.33,0.00,SJC
2606:4700:3004:0:9b48:645e:103a:8f2,4,4,0.00,171.34,0.00,SJC
2606:4700:3003:13ee:db5:5bed:9ee0:61b5,4,4,0.00,171.34,0.00,SJC
2606:4700:d:1d:2b:3ff9:1b60:94e2,4,4,0.00,171.35,0.00,SJC
2606:4700:d1:873a:fb03:8583:b2d6:e60d,4,4,0.00,171.36,0.00,SJC
2606:4700:3005::3c88:1172:934,4,4,0.00,171.36,0.00,SJC
2606:4700:0:d923:c357:bc:7128:1d92,4,4,0.00,171.37,0.00,SJC
2606:4700:a8:a6:7d3:ce5b:813d:bc69,4,4,0.00,171.37,0.00,SJC
2a06:98c1:58:8b10:f62b:cd02:2bbe:33ec,4,4,0.00,171.37,0.00,SJC
2606:4700:0:5ce0:7210:9ba3:b7e6:e995,4,4,0.00,171.38,0.00,SJC
2606:4700:3001:0:78:948a:6f14:993a,4,4,0.00,171.38,0.00,SJC
2606:4700:3002::b80b:de52:c1a,4,4,0.00,171.38,0.00,SJC
2606:4700:3009::1ea6:372:4850,4,4,0.00,171.40,0.00,SJC
2606:4700:a1:74:ae78:c269:4a49:a61c,4,4,0.00,171.42,0.00,SJC
2606:4700:3000:9b92:29c:1184:9912:d39c,4,4,0.00,171.43,0.00,SJC
2606:4700:d1:d9:5851:d7f7:8edb:378d,4,4,0.00,171.44,0.00,SJC
2606:4700:d1:fa26:1231:a31f:a10d:2654,4,4,0.00,171.46,0.00,SJC
2606:4700:d1:0:1:917d:a14a:29bf,4,4,0.00,171.46,0.00,SJC
2606:4700:d0:56:7bd7:92bf:d6c0:b0fd,4,4,0.00,171.46,0.00,SJC
2606:4700:a:8:2b85:8b27:bb2c:c515,4,4,0.00,171.47,0.00,SJC
2606:4700:f:8f:855a:7392:d91e:a84c,4,4,0.00,171.47,0.00,SJC
2606:4700:3001:0:5bf3:a9d6:11c1:f42f,4,4,0.00,171.48,0.00,SJC
2606:4700:3009:93e7:dc9d:5ced:d4db:8daf,4,4,0.00,171.49,0.00,SJC
2606:4700:3004:ac9d:a78f:2200:f2b1:ec57,4,4,0.00,171.49,0.00,SJC
2606:4700:d0:1473:a47c:70e3:9471:4d08,4,4,0.00,171.50,0.00,SJC
2606:4700:d1::4bcb:13de,4,4,0.00,171.51,0.00,SJC
2606:4700:3005:88:99a5:3e1f:ec89:f7bf,4,4,0.00,171.52,0.00,SJC
2606:4700:3005:0:f7:dc3f:aff7:3286,4,4,0.00,171.52,0.00,SJC
2606:4700:3003:cd:2d98:175:ee21:7663,4,4,0.00,171.54,0.00,SJC
2a06:98c1:58:8b10:e64:a4bf:a9a0:1071,4,4,0.00,171.54,0.00,SJC
2606:4700:a:0:ae:87d2:1136:2b21,4,4,0.00,171.55,0.00,SJC
2606:4700:3000:0:9368:9026:2ff:77f7,4,4,0.00,171.55,0.00,SJC
2606:4700:3003:13ee:8869:454c:6a64:3db2,4,4,0.00,171.57,0.00,SJC
2606:4700:130::3f25,4,4,0.00,171.57,0.00,SJC
2606:4700:d1:fa26:12e7:4c6c:c06b:227f,4,4,0.00,171.58,0.00,SJC
2606:4700:a9:fafc:ad81:a016:2e08:5bcd,4,4,0.00,171.58,0.00,SJC
2606:4700:3006:5f:ae4f:12d6:b9e:e5fc,4,4,0.00,171.59,0.00,SJC
2606:4700:3006:9:62ca:efed:4db:88d3,4,4,0.00,171.59,0.00,SJC
2606:4700:a8::ba9a:eda3:d035,4,4,0.00,171.60,0.00,SJC
2606:4700:a1:d50b:6952:d41a:f858:d647,4,4,0.00,171.60,0.00,SJC
2606:4700:a8:bbaf:2067:e296:c397:b87e,4,4,0.00,171.61,0.00,SJC
2606:4700:3005:ca:2c89:efa3:5581:4beb,4,4,0.00,171.62,0.00,SJC
2606:4700:3003:13ee:888f:3281:644b:c90f,4,4,0.00,171.62,0.00,SJC
2606:4700:a9:fa7d:fd45:efd9:8209:e919,4,4,0.00,171.62,0.00,SJC
2606:4700:0:d923:c357:b5:f092:687f,4,4,0.00,171.63,0.00,SJC
2606:4700:0:d923:c357:9638:d484:51e3,4,4,0.00,171.64,0.00,SJC
2606:4700:3000:ac:707d:688f:9dd7:afda,4,4,0.00,171.64,0.00,SJC
2606:4700::eab7:36e:8058:91b2,4,4,0.00,171.65,0.00,SJC
2606:4700:e:4df4:b402:43d5:bb7d:8228,4,4,0.00,171.65,0.00,SJC
2606:4700:d1:873a:ac41:6b82:3173:2c2f,4,4,0.00,171.67,0.00,SJC
2606:4700:3009:93b3:21a2:a7c8:9b6b:60c0,4,4,0.00,171.67,0.00,SJC
2606:4700:0:d9cd:4012:a3b9:72ad:a767,4,4,0.00,171.67,0.00,SJC
2606:4700:a:c528:4c54:4938:c8b:3222,4,4,0.00,171.71,0.00,SJC
2606:4700:130:9acb:7b5c:7b9a:5810:3ed3,4,4,0.00,171.71,0.00,SJC
2606:4700:a8:a6:7a7:26bb:2a65:38d3,4,4,0.00,171.74,0.00,SJC
2606:4700:d1:d9:e0b1:7b28:1d0a:9051,4,4,0.00,171.75,0.00,SJC
2a06:98c1:58:8b10:f6ff:1b37:cfb:1bd9,4,4,0.00,171.76,0.00,SJC
2606:4700:a1:d557:64a8:fb35:555b:d65f,4,4,0.00,171.76,0.00,SJC
2606:4700:d0:56:68dc:1078:aa11:3c61,4,4,0.00,171.76,0.00,SJC
2606:4700:f:0:39cf:bee6:eece:bf4d,4,4,0.00,171.77,0.00,SJC
2606:4700:a8:a6:759:2722:d017:544,4,4,0.00,171.77,0.00,SJC
2606:4700:3009:93b3:3822:911d:53be:ad10,4,4,0.00,171.78,0.00,SJC
2606:4700:3006:7690:9d77:c6be:9ec2:7b46,4,4,0.00,171.78,0.00,SJC
2606:4700:d0:1403:fb17:f36f:881d:48e2,4,4,0.00,171.80,0.00,SJC
2606:4700:e:4d05:a1d2:ca37:28f5:8881,4,4,0.00,171.81,0.00,SJC
2606:4700:a8:a6:7d2:67b0:e5ea:4c4a,4,4,0.00,171.81,0.00,SJC
2606:4700:0:7129:de00:a2e8:da30:22f,4,4,0.00,171.82,0.00,SJC
2606:4700:a:0:aff5:7eb0:6c11:40a6,4,4,0.00,171.83,0.00,SJC
2606:4700:f:0:f601:ce28:983:f2c1,4,4,0.00,171.84,0.00,SJC
2606:4700:3003:13ee:db5:64aa:6f6f:8e3a,4,4,0.00,171.84,0.00,SJC
2606:4700:3006:760f:ac36:752c:b6c0:b6d0,4,4,0.00,171.85,0.00,SJC
2606:4700:d1::4b6b:ef01,4,4,0.00,171.85,0.00,SJC
2606:4700:3003::ab:6b62:4202,4,4,0.00,171.88,0.00,SJC
2606:4700:3008:71f2:18c9:bfd9:c2fe:2fbe,4,4,0.00,171.88,0.00,SJC
2a06:98c1:58:0:95bb:ffe2:186c:a956,4,4,0.00,171.89,0.00,SJC
2606:4700:3009::1d5e:1549:f6b8,4,4,0.00,171.90,0.00,SJC
2a06:98c1:58:8b10:f6ff:1b37:bfed:39a9,4,4,0.00,171.90,0.00,SJC
2606:4700:a1::65ab:6030:8464,4,4,0.00,171.91,0.00,SJC
2606:4700:3009:3d:ae29:a260:416a:3972,4,4,0.00,171.92,0.00,SJC
2606:4700:3007:0:9ca7:6d5b:6f2c:82a1,4,4,0.00,171.92,0.00,SJC
2606:4700:d1:d9:e0bd:2309:f5d1:aa45,4,4,0.00,171.93,0.00,SJC
2606:4700:0:5c07:fa43:3b0e:6668:7371,4,4,0.00,171.94,0.00,SJC
2a06:98c1:58:8bba:24ce:2daa:44ff:b7f,4,4,0.00,171.95,0.00,SJC
2606:4700:0:d923:4945:197e:e2e1:487b,4,4,0.00,171.97,0.00,SJC
2606:4700:d1:d9:5cc1:5ea6:53eb:be47,4,4,0.00,171.97,0.00,SJC
2606:4700:d1:fa26:12d6:d686:436c:81fb,4,4,0.00,171.97,0.00,SJC
2606:4700:d0:14e8:6e5b:e70d:1031:8944,4,4,0.00,171.98,0.00,SJC
2606:4700:a:8:f27f:485:b2bd:68ab,4,4,0.00,171.98,0.00,SJC
2606:4700:f:0:c6:db20:f1f7:b933,4,4,0.00,171.99,0.00,SJC
2606:4700:d1:d9:6272:adbf:e69:aeb4,4,4,0.00,172.00,0.00,SJC
2606:4700:d:1996:dad9:93f6:e77d:f05,4,4,0.00,172.00,0.00,SJC
2606:4700:d1:873a:fbf4:e0f7:b0df:d06f,4,4,0.00,172.01,0.00,SJC
2606:4700:3005:0:cef8:bcd6:fc9a:5140,4,4,0.00,172.02,0.00,SJC
2606:4700:3009:93b3:2149:794e:cb2f:4de0,4,4,0.00,172.03,0.00,SJC
2606:4700:f:0:c6:dbea:ec04:a90a,4,4,0.00,172.03,0.00,SJC
2606:4700:a8:a6:d7a4:4ad:9979:22f1,4,4,0.00,172.04,0.00,SJC
2606:4700:c:3cae:c053:d227:21d0:90a3,4,4,0.00,172.05,0.00,SJC
2606:4700:b::94:a954:a9d4,4,4,0.00,172.08,0.00,SJC
2606:4700:3007:0:c2:b1e6:dec1:7227,4,4,0.00,172.08,0.00,SJC
2606:4700:c:3cae:c0c7:2c42:554b:456d,4,4,0.00,172.08,0.00,SJC
2606:4700::ae:368f:c1c8:4785,4,4,0.00,172.09,0.00,SJC
2606:4700:a:0:ae:2f7c:6c11:92d0,4,4,0.00,172.10,0.00,SJC
2606:4700:a8:bbaf:e526:ad35:3636:299f,4,4,0.00,172.10,0.00,SJC
2606:4700:3008:0:b5da:971f:e6e8:96aa,4,4,0.00,172.10,0.00,SJC
2606:4700:d:f7:24c4:2b11:7909:23a7,4,4,0.00,172.11,0.00,SJC
2606:4700:3005:376f:e7f4:f145:9ee:5d5e,4,4,0.00,172.13,0.00,SJC
2606:4700:a9:fa6e:56d8:687e:b8e7:4073,4,4,0.00,172.13,0.00,SJC
2606:4700:a9:fafc:ad81:a0b2:8bfa:2d34,4,4,0.00,172.15,0.00,SJC
2606:4700:3005:88:99a5:3e1f:2c4:1589,4,4,0.00,172.15,0.00,SJC
2606:4700:130:0:d00a:41aa:e7c8:fb4d,4,4,0.00,172.16,0.00,SJC
2606:4700:c:cefc:db5:3018:4672:6b89,4,4,0.00,172.16,0.00,SJC
2606:4700:e:0:ce95:78cf:d78e:97cd,4,4,0.00,172.17,0.00,SJC
2606:4700:e:77b9:9890:b40e:913f:ada9,4,4,0.00,172.18,0.00,SJC
2606:4700:3005:ca:2c89:2fc1:81d:c3ac,4,4,0.00,172.19,0.00,SJC
2606:4700:a1:d557:6474:d90b:52a8:1ead,4,4,0.00,172.19,0.00,SJC
2606:4700:3006:0:ea19:ad57:8f76:ca09,4,4,0.00,172.19,0.00,SJC
2606:4700:3007:0:c2:b14f:603:9484,4,4,0.00,172.19,0.00,SJC
2606:4700:a8::ba9a:edb8:e271,4,4,0.00,172.20,0.00,SJC
2606:4700:0:5ce0:d3b3:46d9:66ce:eed4,4,4,0.00,172.20,0.00,SJC
2a06:98c1:58:8b10:f6ff:ae65:84ba:e559,4,4,0.00,172.21,0.00,SJC
2606:4700:0:88:5448:c29e:3710:60ce,4,4,0.00,172.24,0.00,SJC
2606:4700:3003:0:e484:5948:3589:1fa7,4,4,0.00,172.25,0.00,SJC
2606:4700:c:0:efda:39e:3b2d:9d51,4,4,0.00,172.27,0.00,SJC
2606:4700:3003::2d:640c:3be2,4,4,0.00,172.27,0.00,SJC
2a06:98c1:58:0:95bb:ffe2:18fe:8e2e,4,4,0.00,172.29,0.00,SJC
2606:4700:f:8383:7a5:4d9d:c2ad:c2e,4,4,0.00,172.30,0.00,SJC
2606:4700:a9:fa7d:fd06:5472:1e01:cbd2,4,4,0.00,172.31,0.00,SJC
2a06:98c1:58:8b10:f62b:cd02:262a:421c,4,4,0.00,172.32,0.00,SJC
2606:4700:3003:13ee:bf90:657f:eeae:810,4,4,0.00,172.32,0.00,SJC
2606:4700::eab7:3d1:8561:355,4,4,0.00,172.33,0.00,SJC
2606:4700:b:da58:748e:20a:a878:349d,4,4,0.00,172.33,0.00,SJC
2606:4700:e:57:5863:561a:7fb4:99e6,4,4,0.00,172.34,0.00,SJC
2606:4700:b:da58:c78:a8f:6a26:572a,4,4,0.00,172.34,0.00,SJC
2606:4700:a1::e3:f491:441f,4,4,0.00,172.34,0.00,SJC
2606:4700:a:e4:185c:f849:bd26:d5cd,4,4,0.00,172.35,0.00,SJC
2606:4700:e:4df4:b4ed:8a86:d3a2:39c4,4,4,0.00,172.40,0.00,SJC
2606:4700:d:f7:24c4:df03:7187:6c4d,4,4,0.00,172.42,0.00,SJC
2606:4700:a8:a6:d7f1:6494:1543:3eeb,4,4,0.00,172.43,0.00,SJC
2606:4700:a1::de6e:c453:141,4,4,0.00,172.43,0.00,SJC
2606:4700::61:81fd:497f,4,4,0.00,172.43,0.00,SJC
2606:4700:d0:1473:a465:44c2:3b2:e296,4,4,0.00,172.45,0.00,SJC
2606:4700:a8::de:b781:a298,4,4,0.00,172.47,0.00,SJC
2606:4700:d0:56:7be4:9357:bf2:fbf8,4,4,0.00,172.47,0.00,SJC
2606:4700::61:2210:ed95,4,4,0.00,172.47,0.00,SJC
2606:4700:f:0:c6:db20:f1e9:2322,4,4,0.00,172.48,0.00,SJC
2606:4700:c:3cae:2db1:a921:4653:16a7,4,4,0.00,172.49,0.00,SJC
2606:4700:f:8f:855a:7392:d5d8:a0fc,4,4,0.00,172.50,0.00,SJC
2606:4700:d0:56:e2d8:1d2c:d3f1:60db,4,4,0.00,172.50,0.00,SJC
2606:4700:a:8:f27f:3e79:3ee:6f11,4,4,0.00,172.51,0.00,SJC
2606:4700:a9:fafc:ad81:a0b2:4c90:8f4f,4,4,0.00,172.51,0.00,SJC
2606:4700:3008:71f2:18a4:567e:e8e6:5289,4,4,0.00,172.52,0.00,SJC
2606:4700:a::f401:f0d8:be56,4,4,0.00,172.52,0.00,SJC
2606:4700:a:a05a:1cfc:6c3a:24aa:4a17,4,4,0.00,172.53,0.00,SJC
2606:4700:a9:997c:41f:360f:5140:9ad5,4,4,0.00,172.54,0.00,SJC
2606:4700:3001::6ea1:3fc:aa34,4,4,0.00,172.54,0.00,SJC
2606:4700:d0:1403:7c10:87ed:e7ad:1639,4,4,0.00,172.55,0.00,SJC
2606:4700:e:777d:b636:a210:6abb:dc46,4,4,0.00,172.55,0.00,SJC
2606:4700:3005:0:f7:dc3f:af10:ab17,4,4,0.00,172.58,0.00,SJC
2606:4700:3004:cc9f:ff19:d40c:9c9f:fcc,4,4,0.00,172.59,0.00,SJC
2606:4700:c:3c32:35aa:35ba:dd1:d8b2,4,4,0.00,172.59,0.00,SJC
2606:4700:d0:14e8:6e5b:e7a2:f502:5c3d,4,4,0.00,172.59,0.00,SJC
2606:4700:3003:13ee:bf90:8a7d:3c7f:8e9f,4,4,0.00,172.60,0.00,SJC
2606:4700::81e3:c6cc:4728:686f,4,4,0.00,172.60,0.00,SJC
2606:4700:3000:ac:707d:68f2:d5d2:aa25,4,4,0.00,172.63,0.00,SJC
2606:4700:3004:cc58:d522:9078:9e41:fd49,4,4,0.00,172.63,0.00,SJC
2606:4700:a:4267:8936:8b61:474a:1d6e,4,4,0.00,172.65,0.00,SJC
2606:4700:a1:0:ba:7314:98ca:1916,4,4,0.00,172.65,0.00,SJC
2606:4700:0:d923:495c:668d:5dd4:f6da,4,4,0.00,172.67,0.00,SJC
2606:4700:d1:fa26:12e5:89bb:54c8:8409,4,4,0.00,172.70,0.00,SJC
2606:4700:a::3b91:83ad:edea,4,4,0.00,172.70,0.00,SJC
2606:4700:3004:cc58:f30b:4459:153b:fa8e,4,4,0.00,172.72,0.00,SJC
2606:4700:f:0:f601:6108:760e:c91a,4,4,0.00,172.74,0.00,SJC
2606:4700:d:1936:d5ec:5b35:5b:97e1,4,4,0.00,172.75,0.00,SJC
2606:4700:0:5ce0:d3b3:4613:4fb0:fd7d,4,4,0.00,172.77,0.00,SJC
2606:4700:d0:56:6280:e14a:801c:6698,4,4,0.00,172.78,0.00,SJC
2606:4700:c:5b:6b6c:94e9:1f17:6eba,4,4,0.00,172.81,0.00,SJC
2606:4700:d1:fa76:3197:434f:758e:8f06,4,4,0.00,172.81,0.00,SJC
2606:4700:3006::3f:cfac:91f4,4,4,0.00,172.81,0.00,SJC
2606:4700:d0:56:6280:e1cb:ca52:e03e,4,4,0.00,172.83,0.00,SJC
2606:4700:3001:efe8:1b5b:7d55:ace7:dc04,4,4,0.00,172.85,0.00,SJC
2606:4700:3008:71f2:18c9:c2f7:f856:5a7b,4,4,0.00,172.90,0.00,SJC
2606:4700:b:0:c559:1ae0:b995:17a1,4,4,0.00,172.90,0.00,SJC
2606:4700:d1:fa26:12e7:d162:e79c:e55e,4,4,0.00,172.92,0.00,SJC
2606:4700:3000:9b92:29c:b95b:f42b:b2b5,4,4,0.00,172.92,0.00,SJC
2606:4700:3007:d3b6:de69:f68f:e756:70a4,4,4,0.00,172.92,0.00,SJC
2606:4700:3004:cc58:62e9:f7d6:5df9:a738,4,4,0.00,172.92,0.00,SJC
2606:4700::48ea:dd75:10a:df12,4,4,0.00,172.93,0.00,SJC
2606:4700:3003:bad2:6f78:57e3:20bd:c655,4,4,0.00,172.93,0.00,SJC
2606:4700:3004:5c:fa4b:1bae:379c:1178,4,4,0.00,172.93,0.00,SJC
2606:4700:3005:ca:2054:af67:3fac:8025,4,4,0.00,172.95,0.00,SJC
2606:4700:0:d923:495c:668d:9847:5b8b,4,4,0.00,172.96,0.00,SJC
2606:4700:a8:bbaf:e562:8f7c:580e:db80,4,4,0.00,172.98,0.00,SJC
2606:4700:d:1d:84:4219:24fa:ef12,4,4,0.00,172.99,0.00,SJC
2606:4700:d1:fa26:12e5:9153:8f6:3158,4,4,0.00,173.00,0.00,SJC
2606:4700:3003:cd:2d98:175:15dc:dd0f,4,4,0.00,173.00,0.00,SJC
2606:4700:c:0:83:4f3f:a6a:9fc2,4,4,0.00,173.01,0.00,SJC
2606:4700:3003:0:e484:5948:66d9:8af1,4,4,0.00,173.04,0.00,SJC
2606:4700:130:f7:3221:87c1:280:4fe9,4,4,0.00,173.06,0.00,SJC
2606:4700:3009:3d:f39b:91f8:a9e0:d63,4,4,0.00,173.08,0.00,SJC
2606:4700:f:0:c6:db20:f12b:1b1d,4,4,0.00,173.11,0.00,SJC
2606:4700::eab7:36e:4e95:679d,4,4,0.00,173.12,0.00,SJC
2606:4700:c:5b:6779:3b35:9508:c8c,4,4,0.00,173.14,0.00,SJC
2606:4700:d:1d:1eaf:af78:e297:b8b2,4,4,0.00,173.14,0.00,SJC
2606:4700:3007:0:c2:b14f:60e:e704,4,4,0.00,173.15,0.00,SJC
2606:4700:d0:1473:d33f:9e02:b5c7:108,4,4,0.00,173.15,0.00,SJC
2606:4700:a1:d557:64a8:6a4d:3490:a212,4,4,0.00,173.15,0.00,SJC
2606:4700:d0:1403:f179:e35a:66d6:c35,4,4,0.00,173.16,0.00,SJC
2606:4700:a8:5e:1ec4:2d1a:bace:e846,4,4,0.00,173.18,0.00,SJC
2606:4700:d0:14e8:6eb1:a4f9:609d:d911,4,4,0.00,173.20,0.00,SJC
2606:4700:3004:5c:9683:70c3:99c6:6e02,4,4,0.00,173.22,0.00,SJC
2606:4700:a9:fa7d:5b1c:2752:290e:d65f,4,4,0.00,173.23,0.00,SJC
2606:4700:130:0:59ee:600d:82b9:b8b2,4,4,0.00,173.24,0.00,SJC
2606:4700:a8:bbaf:2086:ae3a:20e9:aa87,4,4,0.00,173.26,0.00,SJC
2606:4700:d1:873a:acf7:c1d4:bd71:d69f,4,4,0.00,173.26,0.00,SJC
2606:4700:e:77be:8649:f126:d3ff:8199,4,4,0.00,173.27,0.00,SJC
2606:4700::94d9:893b:7555,4,4,0.00,173.27,0.00,SJC
2606:4700:3009:3d:f39b:91f8:27aa:2bcf,4,4,0.00,173.27,0.00,SJC
2606:4700:3004:ac9d:a78f:7f25:7343:f957,4,4,0.00,173.27,0.00,SJC
2606:4700:a::f483:6fb9:9d70,4,4,0.00,173.28,0.00,SJC
2606:4700:d0:0:d4:712f:20ea:3caa,4,4,0.00,173.28,0.00,SJC
2606:4700:c:5b:58cf:cfb5:99e5:a53a,4,4,0.00,173.31,0.00,SJC
2a06:98c1:58:8b36:8b03:8f98:51eb:36b6,4,4,0.00,173.32,0.00,SJC
2606:4700:3000:9b92:5def:afd8:56f7:93f9,4,4,0.00,173.34,0.00,SJC
2606:4700:d:1936:d562:272:8de9:ef,4,4,0.00,173.35,0.00,SJC
2606:4700:d1:fa26:127e:282e:5c79:a53e,4,4,0.00,173.37,0.00,SJC
2606:4700:d:f7:c893:4ea5:7cb2:60c7,4,4,0.00,173.40,0.00,SJC
2606:4700:d:1996:8f35:56d3:a1d8:f8b3,4,4,0.00,173.40,0.00,SJC
2606:4700:3000:0:2f:3294:341a:347f,4,4,0.00,173.41,0.00,SJC
2606:4700:a9:cf:a07:50d8:3805:85a5,4,4,0.00,173.43,0.00,SJC
2606:4700:3002:28:f530:dab8:56cf:c288,4,4,0.00,173.43,0.00,SJC
2606:4700:a:0:ae:9ac1:3a15:18e3,4,4,0.00,173.43,0.00,SJC
2606:4700:a8:bbaf:2067:1e99:9a10:7ecd,4,4,0.00,173.43,0.00,SJC
2606:4700:3009:5a:295d:98b3:1343:cb7c,4,4,0.00,173.45,0.00,SJC
2a06:98c1:58:8b10:e64:e5fc:b310:2dc3,4,4,0.00,173.46,0.00,SJC
2606:4700:d1:fa26:12e5:9153:85a:9b42,4,4,0.00,173.46,0.00,SJC
2606:4700:3006:7690:9d64:297c:f45b:11a7,4,4,0.00,173.47,0.00,SJC
2606:4700:3003:1329:f1a:ce59:17c5:598d,4,4,0.00,173.47,0.00,SJC
2606:4700:3008:0:b5da:4d0d:738f:f81,4,4,0.00,173.48,0.00,SJC
2606:4700:3009::1d5e:c784:38d2,4,4,0.00,173.48,0.00,SJC
2606:4700:3009:b966:7994:48fc:95bc:3c4c,4,4,0.00,173.50,0.00,SJC
2606:4700:e:777d:b636:4c28:61d5:d0b4,4,4,0.00,173.51,0.00,SJC
2606:4700:3004:ac9d:a78f:2200:dd71:df5b,4,4,0.00,173.52,0.00,SJC
2606:4700:3003:13ee:8869:d32e:c46b:e6ac,4,4,0.00,173.53,0.00,SJC
2606:4700:f:0:4352:f52c:1167:5c96,4,4,0.00,173.53,0.00,SJC
2606:4700:3003:cd:2dbc:b6f3:c91b:e0a8,4,4,0.00,173.54,0.00,SJC
2606:4700:3005:0:f9:e8e8:aa9b:9b6a,4,4,0.00,173.55,0.00,SJC
2606:4700:d0:1473:4e02:fa6:e793:b4a2,4,4,0.00,173.57,0.00,SJC
2606:4700:b:0:c559:1ae0:afe:2bc4,4,4,0.00,173.57,0.00,SJC
2606:4700:d0:1473:d37b:62e9:9836:ea14,4,4,0.00,173.58,0.00,SJC
2606:4700:a9:fa7d:fd1f:507b:662c:fc2a,4,4,0.00,173.60,0.00,SJC
2606:4700:3003:1329:f1a:2114:f06:f537,4,4,0.00,173.62,0.00,SJC
2606:4700:3004:cc58:62e9:f762:76c7:961,4,4,0.00,173.62,0.00,SJC
2606:4700:a9:0:e3:93bf:5aa3:111,4,4,0.00,173.64,0.00,SJC
2606:4700:3007:d3b6:ded9:af06:947a:d643,4,4,0.00,173.64,0.00,SJC
2606:4700:3009:0:8251:c69e:5cd7:502,4,4,0.00,173.65,0.00,SJC
2606:4700:3006:7690:9d77:61c9:c66b:97d9,4,4,0.00,173.66,0.00,SJC
2606:4700:0:5ce0:d3b3:46d9:f601:34f7,4,4,0.00,173.66,0.00,SJC
2606:4700:a9:cf:a49:d166:60b:adfb,4,4,0.00,173.69,0.00,SJC
2606:4700:3003:cd:9a7c:6db0:1ce4:c159,4,4,0.00,173.69,0.00,SJC
2606:4700:0:5c18:ccc0:bf94:10fd:e003,4,4,0.00,173.74,0.00,SJC
2606:4700:3008:0:b586:7196:45e0:42fe,4,4,0.00,173.74,0.00,SJC
2606:4700:3005:0:d8e6:64ae:c331:5f2c,4,4,0.00,173.76,0.00,SJC
2606:4700:d1:d9:5cc1:5e1a:fb33:5f21,4,4,0.00,173.79,0.00,SJC
2606:4700:d0:56:e2d8:1d2c:d375:ee65,4,4,0.00,173.82,0.00,SJC
2606:4700:3007:d4:158c:7900:a103:6502,4,4,0.00,173.82,0.00,SJC
2606:4700:d0::6b23:6565:a92e,4,4,0.00,173.85,0.00,SJC
2606:4700:3007:0:9ca7:6db2:4174:fd8d,4,4,0.00,173.87,0.00,SJC
2606:4700:3009:a8:69db:d65a:2cd3:437,4,4,0.00,173.87,0.00,SJC
2606:4700:a9:fa7d:fd1f:503c:6b5:84b0,4,4,0.00,173.90,0.00,SJC
2606:4700:c:0:efda:3c6:b432:cc9d,4,4,0.00,173.93,0.00,SJC
2606:4700:f:8383:b180:75b5:80ee:6d83,4,4,0.00,173.93,0.00,SJC
2606:4700:a8:bb96:e6e2:b16f:19b7:c83a,4,4,0.00,173.96,0.00,SJC
2606:4700:3007:0:853a:54c6:4d7d:b209,4,4,0.00,174.00,0.00,SJC
2606:4700:3002:0:b68e:8f3b:2229:a3d5,4,4,0.00,174.01,0.00,SJC
2606:4700:d1:0:15:6a53:f43d:d3e0,4,4,0.00,174.03,0.00,SJC
2606:4700:3002:2a:ea2a:d297:1bdb:cdda,4,4,0.00,174.04,0.00,SJC
2606:4700:f:0:c6:db20:cba8:3ff8,4,4,0.00,174.04,0.00,SJC
2606:4700:a1:d5be:a581:9692:fbbb:d73b,4,4,0.00,174.05,0.00,SJC
2606:4700:a1:d5be:a581:1ce8:3302:580,4,4,0.00,174.07,0.00,SJC
2606:4700:d:1936:d562:f108:f538:5613,4,4,0.00,174.13,0.00,SJC
2606:4700:d1:fa26:12e7:d162:e7ca:d794,4,4,0.00,174.14,0.00,SJC
2606:4700:a8:0:a6d6:a2b6:a459:d83c,4,4,0.00,174.14,0.00,SJC
2606:4700:a:e4:185c:f849:ea78:854f,4,4,0.00,174.16,0.00,SJC
2606:4700:3006:7690:9d64:1068:136e:4ad7,4,4,0.00,174.17,0.00,SJC
2606:4700:d1:d9:5c61:dc43:bb75:739f,4,4,0.00,174.18,0.00,SJC
2606:4700:c:0:efdb:d158:9c4e:e01e,4,4,0.00,174.19,0.00,SJC
2606:4700::4840:120b:ca8f:9111,4,4,0.00,174.24,0.00,SJC
2606:4700:3004:0:c1:6886:4545:1d20,4,4,0.00,174.24,0.00,SJC
2606:4700:3003:1329:f1a:2e3e:976:877c,4,4,0.00,174.24,0.00,SJC
2606:4700::4840:120b:b439:9655,4,4,0.00,174.26,0.00,SJC
2606:4700:3003::9add:c8f0:24b4,4,4,0.00,174.26,0.00,SJC
2606:4700:c:3c32:35aa:f726:d5b2:95ab,4,4,0.00,174.27,0.00,SJC
2606:4700:3004:cc58:f3ad:1f6b:4fd8:9242,4,4,0.00,174.28,0.00,SJC
2606:4700:c:ce56:4c17:51ac:48aa:22e8,4,4,0.00,174.31,0.00,SJC
2606:4700::484c:c19d:7260:4996,4,4,0.00,174.39,0.00,SJC
2606:4700:3007:d3b6:de69:1791:b69c:d5c9,4,4,0.00,174.40,0.00,SJC
2606:4700:3009:b966:e91c:d2bb:8e06:1ad1,4,4,0.00,174.41,0.00,SJC
2606:4700:3003:0:e484:3655:537e:81f,4,4,0.00,174.41,0.00,SJC
2606:4700:3004:0:c1:6886:b9f4:b5dd,4,4,0.00,174.42,0.00,SJC
2606:4700:f:bd2f:97c5:35a:9422:c1db,4,4,0.00,174.43,0.00,SJC
2606:4700::61:81bb:a920,4,4,0.00,174.46,0.00,SJC
2606:4700::61:2250:9ac5,4,4,0.00,174.46,0.00,SJC
2606:4700:a9:fafc:ad12:3ce6:1a5c:2974,4,4,0.00,174.48,0.00,SJC
2606:4700:a:8:f2c1:5a13:360a:d181,4,4,0.00,174.49,0.00,SJC
2606:4700:a:c528:a50d:a6e2:c3c:5041,4,4,0.00,174.55,0.00,SJC
2606:4700:3002::29:6d78:da92,4,4,0.00,174.60,0.00,SJC
2606:4700:a:8:f27f:40b:a914:381f,4,4,0.00,174.63,0.00,SJC
2606:4700:0:7129:de00:a2e8:da24:e8f7,4,4,0.00,174.67,0.00,SJC
2606:4700:3004:b9:dc32:5e5c:84a7:d5f6,4,4,0.00,174.74,0.00,SJC
2606:4700:130:0:59ee:600d:3c4b:bf5,4,4,0.00,174.75,0.00,SJC
2606:4700:a9:cf:a07:f6b0:94b7:b81,4,4,0.00,174.78,0.00,SJC
2606:4700::484c:c18b:278b:fa21,4,4,0.00,174.82,0.00,SJC
2606:4700:3001:0:5b49:c2dd:188f:ebf,4,4,0.00,174.85,0.00,SJC
2606:4700:f:0:c6:db20:cb93:9b63,4,4,0.00,174.95,0.00,SJC
2606:4700:3007:d4:158c:73ec:9871:8a02,4,4,0.00,174.99,0.00,SJC
2606:4700:3009:b966:e976:293c:362d:1b13,4,4,0.00,175.02,0.00,SJC
2606:4700:a:8:f27f:3e79:393:678f,4,4,0.00,175.05,0.00,SJC
2606:4700:3009:93e7:dc06:8c2d:1440:7de9,4,4,0.00,175.05,0.00,SJC
2606:4700:3004:cc58:d522:cd5:c8a1:3865,4,4,0.00,175.07,0.00,SJC
2606:4700:d0:1473:a47c:308d:5178:4825,4,4,0.00,175.12,0.00,SJC
2606:4700:d0:1473:4e02:ff2:a8f5:1551,4,4,0.00,175.15,0.00,SJC
2606:4700:b:0:fb:dd5b:b977:ef86,4,4,0.00,175.16,0.00,SJC
2606:4700:3004:cc58:3357:1a6f:f761:4502,4,4,0.00,175.22,0.00,SJC
2606:4700:3004:0:3023:55d0:6d7c:987f,4,4,0.00,175.25,0.00,SJC
2606:4700:d1:d9:588b:f2f5:a88c:74d0,4,4,0.00,175.28,0.00,SJC
2606:4700:d1:fa76:a44d:8800:c8c8:31be,4,4,0.00,175.34,0.00,SJC
2606:4700:e:0:32:e58e:5b1d:a650,4,4,0.00,175.36,0.00,SJC
2606:4700:0:d923:c357:bb:9845:f140,4,4,0.00,175.37,0.00,SJC
2606:4700:a:c528:a5ff:9bef:ba86:ab15,4,4,0.00,175.37,0.00,SJC
2606:4700:f:bd2f:97c5:35a:9440:2982,4,4,0.00,175.42,0.00,SJC
2606:4700:130:0:d00a:41b1:8455:9300,4,4,0.00,175.44,0.00,SJC
2a06:98c1:58:8bba:2412:3a43:cbe:9e4f,4,4,0.00,175.46,0.00,SJC
2606:4700:d:1936:d5ab:c3e4:eae:1324,4,4,0.00,175.46,0.00,SJC
2606:4700:d0:14e8:6e5b:4de1:b44a:da11,4,4,0.00,175.47,0.00,SJC
2606:4700:a9:fa7d:5bf0:20ed:a18c:829e,4,4,0.00,175.48,0.00,SJC
2606:4700:d0:56:e2d8:1d56:6490:b12e,4,4,0.00,175.52,0.00,SJC
2606:4700:a9:fa7d:fd70:d08c:4141:299b,4,4,0.00,175.53,0.00,SJC
2606:4700:3003:bad2:6f78:57c2:62ef:d2b3,4,4,0.00,175.55,0.00,SJC
2606:4700:d0:1403:fb17:f351:7f9c:591c,4,4,0.00,175.56,0.00,SJC
2606:4700:d0:0:d5:ecd8:b140:a7fb,4,4,0.00,175.63,0.00,SJC
2606:4700:3004:5c:9683:e73:4a4e:9b28,4,4,0.00,175.64,0.00,SJC
2606:4700:d0:0:e0a9:b416:ba6d:e5ad,4,4,0.00,175.65,0.00,SJC
2606:4700:0:d923:49e4:e7f7:6054:5e29,4,4,0.00,175.67,0.00,SJC
2606:4700:d1:fa26:1235:6594:792c:d56b,4,4,0.00,175.77,0.00,SJC
2606:4700:3009:0:fd46:689:f2f4:6b26,4,4,0.00,175.92,0.00,SJC
2606:4700:3009:a8:691d:248:6cc5:46fe,4,4,0.00,175.95,0.00,SJC
2606:4700:e:0:32:e50b:2c99:bc4f,4,4,0.00,175.99,0.00,SJC
2606:4700:3003:0:e484:6899:c5f3:27cd,4,4,0.00,176.04,0.00,SJC
2606:4700:0:d9cd:40c3:4269:151e:76ab,4,4,0.00,176.10,0.00,SJC
2606:4700:3003:13ee:bf90:6518:84ea:2026,4,4,0.00,176.18,0.00,SJC
2606:4700:3006:9:d1e4:8ccb:37cf:eb1b,4,4,0.00,176.20,0.00,SJC
2606:4700:b:e836:b773:a055:7b86:3f5a,4,4,0.00,176.23,0.00,SJC
2606:4700:f::85:4df8,4,4,0.00,176.24,0.00,SJC
2606:4700:3002:0:b68e:8f3b:e71b:6882,4,4,0.00,176.28,0.00,SJC
2606:4700:f::ffec:e3e5:79c0,4,4,0.00,176.32,0.00,SJC
2606:4700:d:1d:1e07:3911:985b:96f9,4,4,0.00,176.36,0.00,SJC
2606:4700:f:0:c6:db20:cb0a:5c0c,4,4,0.00,176.43,0.00,SJC
2606:4700:3008:71f2:810d:938d:ed46:2a3f,4,4,0.00,176.74,0.00,SJC
2606:4700:a9:fa6e:5617:cf1a:24f2:d386,4,4,0.00,176.79,0.00,SJC
2606:4700:3004:cc9f:617e:9a8c:71a7:b08f,4,4,0.00,176.83,0.00,SJC
2606:4700:a9:fa7d:5bf0:85e7:f032:769c,4,4,0.00,176.91,0.00,SJC
2606:4700:a:c528:9b75:d664:b117:fa10,4,4,0.00,176.98,0.00,SJC
2606:4700:3009:b966:7969:e9a7:6d59:c881,4,4,0.00,177.08,0.00,SJC
2606:4700:d0:1403:fb17:f3fb:cab9:9a7a,4,4,0.00,177.15,0.00,SJC
2606:4700:3003:1329:584c:b504:7810:f53a,4,4,0.00,178.17,0.00,SJC
2606:4700:3002:2a:ea2a:d2a1:a09e:b8d,4,4,0.00,179.60,0.00,SJC
2606:4700::b5:a24d:e465,4,4,0.00,179.68,0.00,SJC
2606:4700:d1:873a:ac41:6bd1:b609:618d,4,4,0.00,179.77,0.00,SJC
2606:4700:3009:a8:69bb:43d8:520a:2e12,4,4,0.00,182.11,0.00,SJC
2606:4700:3008:71f2:18a4:416f:c06:7594,4,4,0.00,182.17,0.00,SJC
2606:4700:3003:cd:9a7c:b277:4c4f:c0a7,4,4,0.00,182.62,0.00,SJC
