IP 地址,已发送,已接收,丢包率,平均延迟,下载速度(MB/s),地区码
2400:cb00:2049::f8:174d:37bf,4,4,0.00,51.39,0.00,SIN
2803:f800:51:67e1:5abc:1c48:6d6:666a,4,4,0.00,51.39,0.00,SIN
2a06:98c1:3100:7d14:928b:8012:63c7:9128,4,4,0.00,51.52,0.00,SIN
2400:cb00:2049:29e6:1c93:a50c:88f0:e0c7,4,4,0.00,51.53,0.00,SIN
2400:cb00:2049:b2a5:f128:a90e:df6a:66db,4,4,0.00,51.57,0.00,SIN
2400:cb00:2049:b200:6167:b092:4a3e:8574,4,4,0.00,51.64,0.00,SIN
2a06:98c1:3105:8523:aafb:4f08:b7f8:d130,4,4,0.00,51.75,0.00,SIN
2a06:98c1:3100:0:a1:bebf:976b:1109,4,4,0.00,51.75,0.00,SIN
2400:cb00:2049:29e6:f2be:b29e:dee1:d47a,4,4,0.00,51.76,0.00,SIN
2a06:98c1:3104:ce0b:a2ff:6762:55f1:2690,4,4,0.00,51.79,0.00,SIN
2a06:98c1:50:4f1e:20c8:8998:5b54:e393,4,4,0.00,51.81,0.00,SIN
2a06:98c1:3105:85a9:8619:c40f:6ef9:9788,4,4,0.00,51.82,0.00,SIN
2a06:98c1:51:ae55:2d58:a211:8fc4:4357,4,4,0.00,51.82,0.00,SIN
2a06:98c1:51:aece:fdcf:f84a:c7ab:fe55,4,4,0.00,51.85,0.00,SIN
2a06:98c1:310f:0:69ac:a2ee:b72c:2ccd,4,4,0.00,51.86,0.00,SIN
2a06:98c1:3108:759c:201e:555:5c9b:a93a,4,4,0.00,51.88,0.00,SIN
2a06:98c1:310f:0:69ac:a211:ad99:69ed,4,4,0.00,51.89,0.00,SIN
2a06:98c1:310d:0:cd8:784f:9e02:11a1,4,4,0.00,51.90,0.00,SIN
2a06:98c1:310d:0:b4:6e10:4fc0:3db5,4,4,0.00,51.91,0.00,SIN
2a06:98c1:3106:6c:655f:1457:e131:6fda,4,4,0.00,51.92,0.00,SIN
2a06:98c1:50::e3:2c28:3162,4,4,0.00,51.95,0.00,SIN
2a06:98c1:3106:6c:655f:ea5a:af17:a8ce,4,4,0.00,51.97,0.00,SIN
2a06:98c1:310d:0:b4:6ecf:6ffd:64a5,4,4,0.00,51.99,0.00,SIN
2a06:98c1:310c:eb:dfaa:4024:51ac:4c3b,4,4,0.00,51.99,0.00,SIN
2400:cb00:2049:2978:38b3:4e7f:e656:c0f3,4,4,0.00,52.05,0.00,SIN
2a06:98c1:3108:759c:3a94:bd13:3e8c:2409,4,4,0.00,52.06,0.00,SIN
2a06:98c1:310f:0:d5f2:6c80:7abd:615,4,4,0.00,52.07,0.00,SIN
2400:cb00:2049:82:1a8d:7e4:5f58:7145,4,4,0.00,52.08,0.00,SIN
2a06:98c1:50:6b31:c8ea:7bd0:dc1d:6582,4,4,0.00,52.08,0.00,SIN
2803:f800:51:0:88c2:5e96:e0f5:805f,4,4,0.00,52.08,0.00,SIN
2a06:98c1:50:6b76:649c:6507:1840:dd1b,4,4,0.00,52.10,0.00,SIN
2a06:98c1:3105:0:53ff:e4bc:c87e:f944,4,4,0.00,52.11,0.00,SIN
2a06:98c1:3101:f322:d27:8920:7d6d:4e12,4,4,0.00,52.12,0.00,SIN
2a06:98c1:3105:85a9:8619:c40f:6e9f:7da5,4,4,0.00,52.17,0.00,SIN
2a06:98c1:3104:8b:a44f:5ad9:3efd:f87f,4,4,0.00,52.17,0.00,SIN
2400:cb00:2049:82:3cb6:d385:dd6d:8b1d,4,4,0.00,52.20,0.00,SIN
2a06:98c1:310d:e8:5e6a:d467:adde:7316,4,4,0.00,52.20,0.00,SIN
2803:f800:51:0:88c2:5e96:e076:969c,4,4,0.00,52.23,0.00,SIN
2a06:98c1:3100::93:689d,4,4,0.00,52.23,0.00,SIN
2a06:98c1:3108:759c:209e:9e5c:494:c0b0,4,4,0.00,52.24,0.00,SIN
2400:cb00:2049:b2a5:f128:165a:7694:6a9a,4,4,0.00,52.25,0.00,SIN
2a06:98c1:3103:c627:c6d4:4ef5:ba76:4d3f,4,4,0.00,52.26,0.00,SIN
2a06:98c1:3103:c627:278b:c:460f:bf75,4,4,0.00,52.26,0.00,SIN
2400:cb00:2049::e68d:587:ea35,4,4,0.00,52.28,0.00,SIN
2a06:98c1:50:4f1e:2008:6f97:a4a8:ad49,4,4,0.00,52.29,0.00,SIN
2400:cb00:2049:b200:48f9:6cef:acf2:4578,4,4,0.00,52.30,0.00,SIN
2400:cb00:2049:b2a5:17fd:8131:a72a:b705,4,4,0.00,52.31,0.00,SIN
2400:cb00:2049:82:3cb6:a0e4:eee4:3a3,4,4,0.00,52.32,0.00,SIN
2803:f800:51:731b:a962:b663:4ef3:f490,4,4,0.00,52.33,0.00,SIN
2a06:98c1:3108:3a23:83e0:b0d8:6ec4:74c6,4,4,0.00,52.33,0.00,SIN
2a06:98c1:3106:86ad:afc4:a18:f687:ad10,4,4,0.00,52.34,0.00,SIN
2400:cb00:2049:82:3cb6:d385:2dbf:4a98,4,4,0.00,52.34,0.00,SIN
2a06:98c1:310c:eb:df51:a1e6:30e9:6ac2,4,4,0.00,52.35,0.00,SIN
2a06:98c1:3109:84ab:6116:cdb4:ce17:cf1f,4,4,0.00,52.35,0.00,SIN
2a06:98c1:3101:f322:d54:c880:2cfe:61a3,4,4,0.00,52.38,0.00,SIN
2a06:98c1:310d:f0c3:ad57:ca70:e649:e843,4,4,0.00,52.38,0.00,SIN
2a06:98c1:3108:7568:417d:9880:a61:e702,4,4,0.00,52.38,0.00,SIN
2a06:98c1:310e:c8:efc5:d6a6:d416:31df,4,4,0.00,52.39,0.00,SIN
2a06:98c1:51:7b:55d8:7f47:a047:829e,4,4,0.00,52.39,0.00,SIN
2a06:98c1:50:6b31:116a:348a:981a:dce6,4,4,0.00,52.40,0.00,SIN
2a06:98c1:310e:c9e4:3469:9b75:498:3749,4,4,0.00,52.41,0.00,SIN
2803:f800:51:0:7f:812:501f:60eb,4,4,0.00,52.41,0.00,SIN
2803:f800:50:f049:b3e6:37ce:60f2:a8d8,4,4,0.00,52.42,0.00,SIN
2a06:98c1:3106:0:98:ad79:d1a5:9d54,4,4,0.00,52.42,0.00,SIN
2a06:98c1:3100:7d40:8436:8a9:5459:598f,4,4,0.00,52.43,0.00,SIN
2400:cb00:2049:b2a5:1700:773e:5e0a:5d0d,4,4,0.00,52.44,0.00,SIN
2a06:98c1:3108::5ed2:b000,4,4,0.00,52.44,0.00,SIN
2400:cb00:2049:b200:48f9:dea5:48f8:1882,4,4,0.00,52.44,0.00,SIN
2a06:98c1:310e:0:fa3c:bebe:3afc:b0e2,4,4,0.00,52.44,0.00,SIN
2a06:98c1:310d:0:cd8:77b:2436:3500,4,4,0.00,52.44,0.00,SIN
2400:cb00:2049:0:4b2a:3159:7add:acc6,4,4,0.00,52.45,0.00,SIN
2a06:98c1:3103:97b3:efa:6dbb:a19a:9f76,4,4,0.00,52.45,0.00,SIN
2a06:98c1:310b:f3:d042:a2b:695:79c1,4,4,0.00,52.45,0.00,SIN
2a06:98c1:310e:c9e4:2170:1fe5:9cbe:3b37,4,4,0.00,52.46,0.00,SIN
2a06:98c1:3102:4e68:d314:1a1a:34bd:5028,4,4,0.00,52.46,0.00,SIN
2a06:98c1:310d:f04e:fb9e:84cd:5cec:6769,4,4,0.00,52.47,0.00,SIN
2400:cb00:2049:29e6:88da:290c:7249:ac41,4,4,0.00,52.47,0.00,SIN
2a06:98c1:51:aece:fdcf:f8d0:538:7127,4,4,0.00,52.48,0.00,SIN
2a06:98c1:50:0:915e:78f3:225e:f953,4,4,0.00,52.48,0.00,SIN
2400:cb00:2049:2929:9ec7:1435:7827:5d20,4,4,0.00,52.49,0.00,SIN
2a06:98c1:3108:7568:41cb:6c92:73d:ed0e,4,4,0.00,52.50,0.00,SIN
2a06:98c1:3102:4e68:6d60:9fee:9ec0:4e33,4,4,0.00,52.50,0.00,SIN
2a06:98c1:310a:ca56:cd07:8e8e:8f8:601e,4,4,0.00,52.50,0.00,SIN
2a06:98c1:310a:0:ed:31a9:3060:1808,4,4,0.00,52.50,0.00,SIN
2a06:98c1:310d:f04e:d8a5:4fac:b7fa:6103,4,4,0.00,52.51,0.00,SIN
2a06:98c1:310c:14:1c83:38f9:1f3a:fa5b,4,4,0.00,52.51,0.00,SIN
2a06:98c1:3104:0:7:6d5a:9738:616a,4,4,0.00,52.51,0.00,SIN
2400:cb00:2049:29e6:f288:f5f4:50f0:2f7e,4,4,0.00,52.52,0.00,SIN
2400:cb00:2049:b200:6167:b092:1ecd:fb31,4,4,0.00,52.52,0.00,SIN
2a06:98c1:3104:ce0b:d740:c265:f5b4:6d25,4,4,0.00,52.53,0.00,SIN
2a06:98c1:310a:36:414d:c4ed:f034:610d,4,4,0.00,52.53,0.00,SIN
2a06:98c1:3100:7d40:b225:b851:cdcc:2069,4,4,0.00,52.53,0.00,SIN
2a06:98c1:3102:0:f1ca:71d9:a9c3:d8b3,4,4,0.00,52.54,0.00,SIN
2a06:98c1:3108:759c:209e:833e:c634:2e04,4,4,0.00,52.55,0.00,SIN
2a06:98c1:3106:0:98:f0e8:1ae7:89e1,4,4,0.00,52.55,0.00,SIN
2a06:98c1:3103:0:c08f:b439:545a:7ab9,4,4,0.00,52.56,0.00,SIN
2a06:98c1:3102:0:f523:433d:56eb:39fb,4,4,0.00,52.58,0.00,SIN
2a06:98c1:310a:8d:d428:e07c:1b7:493a,4,4,0.00,52.59,0.00,SIN
2a06:98c1:310f:fa9f:7c29:b85b:de4a:c686,4,4,0.00,52.63,0.00,SIN
2a06:98c1:310e:c949:6cd9:64b7:44b5:659b,4,4,0.00,52.64,0.00,SIN
2a06:98c1:3103:e577:2ffa:7b0b:19bf:8016,4,4,0.00,52.64,0.00,SIN
2a06:98c1:3101:0:bcad:4621:8306:4acf,4,4,0.00,52.64,0.00,SIN
2a06:98c1:3106:8688:6307:a91a:838:bd8c,4,4,0.00,52.64,0.00,SIN
2a06:98c1:3101::5e1c:9db5:2b5f,4,4,0.00,52.65,0.00,SIN
2a06:98c1:310e:c8:5dc2:aec7:b37c:f87c,4,4,0.00,52.65,0.00,SIN
2a06:98c1:50:fd1d:4c41:cad9:4d37:d816,4,4,0.00,52.66,0.00,SIN
2803:f800:50:0:e77b:dd77:6ddc:f824,4,4,0.00,52.66,0.00,SIN
2803:f800:51:676a:7d0b:9201:6c8b:eb77,4,4,0.00,52.67,0.00,SIN
2803:f800:51:379b:e55c:cf53:2fca:f448,4,4,0.00,52.67,0.00,SIN
2a06:98c1:50:0:bc76:b400:c850:4061,4,4,0.00,52.68,0.00,SIN
2a06:98c1:310e:c949:6c24:f1bb:76a8:8c04,4,4,0.00,52.69,0.00,SIN
2a06:98c1:3100::d91b:1c33:10c7,4,4,0.00,52.71,0.00,SIN
2a06:98c1:3101::5e1c:9de9:8823,4,4,0.00,52.71,0.00,SIN
2400:cb00:2049:0:c2:4a:3e35:8529,4,4,0.00,52.71,0.00,SIN
2a06:98c1:3103:9728:f49b:cbef:5821:8d72,4,4,0.00,52.71,0.00,SIN
2a06:98c1:3108:3a23:83e0:654d:ada7:2756,4,4,0.00,52.72,0.00,SIN
2a06:98c1:3102:0:de:80a1:9fa4:a5fa,4,4,0.00,52.72,0.00,SIN
2a06:98c1:310c::e0:4f1e:dfde,4,4,0.00,52.72,0.00,SIN
2a06:98c1:3100:7ded:866b:592:e759:9da0,4,4,0.00,52.72,0.00,SIN
2a06:98c1:3101:0:9ae7:c7c:d9a2:3eb0,4,4,0.00,52.73,0.00,SIN
2a06:98c1:3101:f322:cb25:29e1:e8bb:1c4f,4,4,0.00,52.73,0.00,SIN
2a06:98c1:3108:759c:209e:8b7c:c97:a855,4,4,0.00,52.73,0.00,SIN
2a06:98c1:310b:c4:7f0f:36c2:ec8:ab06,4,4,0.00,52.73,0.00,SIN
2a06:98c1:3109::9d93:3f7f:671e,4,4,0.00,52.73,0.00,SIN
2a06:98c1:3100:e7:85ee:3924:3f43:1af3,4,4,0.00,52.76,0.00,SIN
2a06:98c1:3108:759c:3ab2:a2c8:de74:bfa5,4,4,0.00,52.76,0.00,SIN
2a06:98c1:3104::d4ac:94a8:92b7,4,4,0.00,52.77,0.00,SIN
2400:cb00:2049:2929:4609:525e:f240:c26e,4,4,0.00,52.77,0.00,SIN
2803:f800:51:d3:62bb:25d0:47b:df57,4,4,0.00,52.78,0.00,SIN
2a06:98c1:3102:4e68:39ab:fd24:b45:5b6c,4,4,0.00,52.79,0.00,SIN
2a06:98c1:3109:8481:5f9f:d578:e6a1:6ced,4,4,0.00,52.79,0.00,SIN
2400:cb00:2049:29e6:1c93:21e1:b414:854c,4,4,0.00,52.80,0.00,SIN
2a06:98c1:3100:7d1b:8653:2d51:1f6c:4aaf,4,4,0.00,52.81,0.00,SIN
2a06:98c1:3101:f322:d27:8944:bbea:a378,4,4,0.00,52.81,0.00,SIN
2a06:98c1:310f::29:8507:ae33,4,4,0.00,52.83,0.00,SIN
2a06:98c1:310f:a8:b4d2:1750:7129:10,4,4,0.00,52.83,0.00,SIN
2a06:98c1:50:f:8cdb:1b54:6d73:6994,4,4,0.00,52.83,0.00,SIN
2a06:98c1:3100:7ded:86f1:b7d7:2874:56b3,4,4,0.00,52.83,0.00,SIN
2a06:98c1:310c:0:7f3e:2de3:1386:bdea,4,4,0.00,52.84,0.00,SIN
2a06:98c1:3107:ae97:429e:eee3:f247:449f,4,4,0.00,52.86,0.00,SIN
2400:cb00:2049:ab:fd08:386:3cc7:ef0c,4,4,0.00,52.86,0.00,SIN
2a06:98c1:3104:8b:810b:9c4e:878f:3ae,4,4,0.00,52.87,0.00,SIN
2400:cb00:2049:29e6:f2be:b616:bfb4:8150,4,4,0.00,52.87,0.00,SIN
2a06:98c1:3101:f322:cb6d:c88a:8306:cf7b,4,4,0.00,52.87,0.00,SIN
2a06:98c1:3107:0:2e:7310:632e:d7a3,4,4,0.00,52.88,0.00,SIN
2a06:98c1:3107:aee4:c37e:e177:d18c:634,4,4,0.00,52.88,0.00,SIN
2400:cb00:2049:b200:61f6:845:7c67:5c3c,4,4,0.00,52.88,0.00,SIN
2a06:98c1:3106:ca:5f98:698b:393f:63fd,4,4,0.00,52.88,0.00,SIN
2400:cb00:2049:0:4b25:5322:11be:6e0e,4,4,0.00,52.88,0.00,SIN
2400:cb00:2049:0:4bb4:1e1d:5c2b:df42,4,4,0.00,52.88,0.00,SIN
2a06:98c1:3104::8a:409a:2ef4,4,4,0.00,52.89,0.00,SIN
2a06:98c1:3109:84ab:6113:3b77:ee58:7432,4,4,0.00,52.89,0.00,SIN
2a06:98c1:3104:de5f:5f42:fe5a:f93e:7af5,4,4,0.00,52.89,0.00,SIN
2a06:98c1:3101:f3af:743f:d7e9:36dc:5326,4,4,0.00,52.89,0.00,SIN
2a06:98c1:3101:f3af:ed6e:dd35:85be:823c,4,4,0.00,52.90,0.00,SIN
2a06:98c1:51:0:e5bd:355b:aca6:f50a,4,4,0.00,52.90,0.00,SIN
2a06:98c1:51:ae55:a472:8ad9:d2f8:31ba,4,4,0.00,52.90,0.00,SIN
2a06:98c1:310d:f04e:d8a5:4fac:3a94:3065,4,4,0.00,52.90,0.00,SIN
2a06:98c1:3109:84ab:6113:e809:8ed1:8b46,4,4,0.00,52.91,0.00,SIN
2a06:98c1:3100:e7:85ee:5a20:1927:477e,4,4,0.00,52.91,0.00,SIN
2a06:98c1:3108:6a:b7e3:2af0:cc4f:4b83,4,4,0.00,52.92,0.00,SIN
2a06:98c1:3101:0:9ae7:cae:ca41:8a10,4,4,0.00,52.92,0.00,SIN
2a06:98c1:3106:ca:5f84:775b:61e9:f5b,4,4,0.00,52.92,0.00,SIN
2a06:98c1:310e:883d:c991:dbba:ce3:bfcd,4,4,0.00,52.92,0.00,SIN
2a06:98c1:50:fd1d:4d65:2ce4:274:da47,4,4,0.00,52.93,0.00,SIN
2a06:98c1:3100:7d1b:8653:3c71:2b9e:ed3a,4,4,0.00,52.93,0.00,SIN
2a06:98c1:3107:0:7edf:548f:bc2c:4157,4,4,0.00,52.93,0.00,SIN
2a06:98c1:51:ae55:2d83:1e5:7583:cc52,4,4,0.00,52.94,0.00,SIN
2a06:98c1:3108::591a:bd35:21e4,4,4,0.00,52.95,0.00,SIN
2400:cb00:2049:2978:38b3:4e7f:2e82:9951,4,4,0.00,52.95,0.00,SIN
2a06:98c1:310e:c8:5dc2:6d6f:e51f:838d,4,4,0.00,52.95,0.00,SIN
2a06:98c1:310d::ed:edc1,4,4,0.00,52.95,0.00,SIN
2a06:98c1:3103:9715:120b:5f86:3223:e103,4,4,0.00,52.95,0.00,SIN
2a06:98c1:310f:0:d01d:103c:3613:c6c3,4,4,0.00,52.96,0.00,SIN
2a06:98c1:310f:0:d5f2:6cab:4ff2:ab9b,4,4,0.00,52.96,0.00,SIN
2803:f800:51:731b:625a:c043:64d1:c174,4,4,0.00,52.96,0.00,SIN
2a06:98c1:310f:a8:b4d2:e9bf:ab78:9e69,4,4,0.00,52.96,0.00,SIN
2a06:98c1:50:6b31:c8d3:348c:1664:8a98,4,4,0.00,52.96,0.00,SIN
2400:cb00:2049:b200:61f6:21dc:47d7:161f,4,4,0.00,52.97,0.00,SIN
2a06:98c1:310d:0:d3d2:4ebe:c24d:322a,4,4,0.00,52.97,0.00,SIN
2400:cb00:2049:82:3cb6:a0e4:ee09:6561,4,4,0.00,52.98,0.00,SIN
2a06:98c1:50::e3:e2c4:efb2,4,4,0.00,52.98,0.00,SIN
2a06:98c1:310a:0:7cb0:f2e9:fccd:1986,4,4,0.00,52.98,0.00,SIN
2a06:98c1:50:fd1d:4c41:2174:c62c:674e,4,4,0.00,52.99,0.00,SIN
2a06:98c1:3103:7d22:28cd:a8f8:8eac:e0f6,4,4,0.00,53.00,0.00,SIN
2400:cb00:2049:29e6:1c93:a451:9e3f:300f,4,4,0.00,53.00,0.00,SIN
2a06:98c1:310e:c949:6cd9:8be7:3f0d:d37c,4,4,0.00,53.00,0.00,SIN
2a06:98c1:3103:9715:1281:8b8f:4469:42cd,4,4,0.00,53.01,0.00,SIN
2a06:98c1:3100:0:9f:5b4e:54b4:b621,4,4,0.00,53.01,0.00,SIN
2a06:98c1:310e:c949:6c24:bd87:12ef:9b0a,4,4,0.00,53.01,0.00,SIN
2a06:98c1:310b:0:c0fa:4444:1344:34e0,4,4,0.00,53.01,0.00,SIN
2a06:98c1:50:0:915e:78f3:ee69:2adc,4,4,0.00,53.01,0.00,SIN
2a06:98c1:310b:6c:bdab:4920:deeb:1d62,4,4,0.00,53.01,0.00,SIN
2a06:98c1:310c:0:7f3e:2d87:3412:5840,4,4,0.00,53.02,0.00,SIN
2a06:98c1:3100:7d14:9232:98ca:d896:6687,4,4,0.00,53.02,0.00,SIN
2a06:98c1:3103:e577:3997:9fa5:c87b:bdd4,4,4,0.00,53.03,0.00,SIN
2a06:98c1:3107:ae97:183a:87d5:a81c:641f,4,4,0.00,53.03,0.00,SIN
2a06:98c1:3105:854d:ee44:42fc:184e:d991,4,4,0.00,53.03,0.00,SIN
2a06:98c1:3108:3a6e:9a57:245:3649:38b9,4,4,0.00,53.03,0.00,SIN
2a06:98c1:50:74:4ed1:9caa:294f:dc6e,4,4,0.00,53.04,0.00,SIN
2a06:98c1:50:6b76:649c:65f7:4b29:6b7,4,4,0.00,53.05,0.00,SIN
2400:cb00:2049:b200:6167:b092:d732:e40f,4,4,0.00,53.06,0.00,SIN
2a06:98c1:3100:7d1b:8653:2d34:fce5:5bce,4,4,0.00,53.07,0.00,SIN
2a06:98c1:3103:183b:c03a:c59c:ec8d:dbd6,4,4,0.00,53.07,0.00,SIN
2a06:98c1:3107:b7b8:a084:c89b:9da3:7881,4,4,0.00,53.08,0.00,SIN
2a06:98c1:3101:0:9ae7:c33:fbe6:7c03,4,4,0.00,53.09,0.00,SIN
2a06:98c1:3103:9715:1212:6842:aed4:84c7,4,4,0.00,53.09,0.00,SIN
2a06:98c1:310b:c4:7f0f:2ffc:5e6e:31b1,4,4,0.00,53.09,0.00,SIN
2a06:98c1:310b:0:365f:a75:be25:88e6,4,4,0.00,53.09,0.00,SIN
2a06:98c1:50:4f1e:a4a0:5c1e:9525:84ab,4,4,0.00,53.10,0.00,SIN
2a06:98c1:3100:0:c632:1ed9:e918:377f,4,4,0.00,53.10,0.00,SIN
2a06:98c1:50:fd1d:4c41:2174:1c7f:b857,4,4,0.00,53.10,0.00,SIN
2a06:98c1:3106:ca:9a85:c591:600e:56bc,4,4,0.00,53.11,0.00,SIN
2a06:98c1:50:4fc1:2a6a:f6c8:35da:445c,4,4,0.00,53.11,0.00,SIN
2a06:98c1:50:6b31:c8ea:14e9:6655:d982,4,4,0.00,53.12,0.00,SIN
2a06:98c1:3103:b862:c39:9e94:32e3:9881,4,4,0.00,53.14,0.00,SIN
2a06:98c1:310a:36:ec4b:612d:dd4:bc7a,4,4,0.00,53.14,0.00,SIN
2a06:98c1:3107:ae97:183a:87a8:11b8:b4eb,4,4,0.00,53.15,0.00,SIN
2a06:98c1:310c:d4:309e:cbea:fca6:895e,4,4,0.00,53.15,0.00,SIN
2a06:98c1:50:6b31:c13e:1f65:420f:196d,4,4,0.00,53.16,0.00,SIN
2400:cb00:2049:2929:9eaa:a647:7f1e:787d,4,4,0.00,53.16,0.00,SIN
2a06:98c1:3100:0:63:69de:bd09:6bb9,4,4,0.00,53.17,0.00,SIN
2a06:98c1:310e:c8:84b1:ac39:eb82:ac1d,4,4,0.00,53.18,0.00,SIN
2a06:98c1:3100:0:c632:78f9:6af7:6acc,4,4,0.00,53.18,0.00,SIN
2a06:98c1:3106:8688:f6af:c3d7:e6e7:82df,4,4,0.00,53.20,0.00,SIN
2a06:98c1:3108:759c:201e:5ae:1de1:5b45,4,4,0.00,53.20,0.00,SIN
2a06:98c1:51:ae55:2d58:a211:869f:a45c,4,4,0.00,53.21,0.00,SIN
2a06:98c1:310c:d4:309e:fcf6:238c:1f4b,4,4,0.00,53.21,0.00,SIN
2400:cb00:2049:b2a5:1ab4:28c2:6f92:afed,4,4,0.00,53.22,0.00,SIN
2803:f800:51:0:8034:b41d:fa44:3d6d,4,4,0.00,53.22,0.00,SIN
2a06:98c1:310c:f49c:71fc:e003:2be6:5d4f,4,4,0.00,53.22,0.00,SIN
2a06:98c1:3109:e1:dbc7:8310:48b:4189,4,4,0.00,53.22,0.00,SIN
2a06:98c1:3103:e577:343b:f629:883e:df0e,4,4,0.00,53.22,0.00,SIN
2a06:98c1:3104:de5f:5f42:1551:1be6:5033,4,4,0.00,53.23,0.00,SIN
2803:f800:50:f049:2608:7292:fbc2:da86,4,4,0.00,53.24,0.00,SIN
2a06:98c1:310f:0:d9:6b76:4a4e:a8e0,4,4,0.00,53.25,0.00,SIN
2a06:98c1:50:6b31:c8ea:1419:ce2:cc0c,4,4,0.00,53.26,0.00,SIN
2a06:98c1:3108:759c:201e:7a8c:5f52:fd26,4,4,0.00,53.26,0.00,SIN
2400:cb00:2049:29e6:1c93:21df:74c9:b06b,4,4,0.00,53.27,0.00,SIN
2a06:98c1:3102::dd07:86e5:5215,4,4,0.00,53.28,0.00,SIN
2a06:98c1:3107:ae97:429e:eee3:4c86:8b1c,4,4,0.00,53.28,0.00,SIN
2a06:98c1:3104:64:cafb:42b4:8b29:6eed,4,4,0.00,53.28,0.00,SIN
2a06:98c1:3109:0:1c72:8730:4576:35e4,4,4,0.00,53.29,0.00,SIN
2a06:98c1:310b:f3:fe68:7a80:a765:dbc8,4,4,0.00,53.29,0.00,SIN
2a06:98c1:3108:0:4f76:dea0:556e:1cd,4,4,0.00,53.29,0.00,SIN
2a06:98c1:3107:aee4:6f92:2f21:109d:5814,4,4,0.00,53.30,0.00,SIN
2400:cb00:2049:2929:9ec7:1435:57d5:dfbe,4,4,0.00,53.30,0.00,SIN
2a06:98c1:3107:0:2e:768f:329a:8706,4,4,0.00,53.30,0.00,SIN
2a06:98c1:310b:c4:7f1f:74df:51c:39d5,4,4,0.00,53.31,0.00,SIN
2a06:98c1:3106:0:2288:4895:ae2:1bae,4,4,0.00,53.32,0.00,SIN
2a06:98c1:3100:7d40:8436:ab2e:ab3e:7952,4,4,0.00,53.33,0.00,SIN
2a06:98c1:50:d5:5928:8097:282c:596f,4,4,0.00,53.33,0.00,SIN
2a06:98c1:3104:de5f:5fdb:ec37:ab72:a9d6,4,4,0.00,53.33,0.00,SIN
2400:cb00:2049:b2a5:f1b8:83a6:5208:5f76,4,4,0.00,53.33,0.00,SIN
2a06:98c1:3101:f322:d54:6af8:6b1c:77b8,4,4,0.00,53.33,0.00,SIN
2a06:98c1:310a:8d:d456:caad:5a44:75cb,4,4,0.00,53.34,0.00,SIN
2a06:98c1:310d:0:b4:8a0c:5c4:15cd,4,4,0.00,53.34,0.00,SIN
2a06:98c1:50:6b31:c14f:abc6:9f3e:d563,4,4,0.00,53.34,0.00,SIN
2a06:98c1:3100:3525:ba13:6fba:69b5:6d1b,4,4,0.00,53.34,0.00,SIN
2a06:98c1:51:aece:fd54:ccee:58b7:77bf,4,4,0.00,53.35,0.00,SIN
2a06:98c1:3104:deb8:dccc:e6ad:21b7:d78a,4,4,0.00,53.35,0.00,SIN
2a06:98c1:3101:f322:d27:8944:340a:6da8,4,4,0.00,53.35,0.00,SIN
2a06:98c1:310c:0:7fca:ea52:ec56:3d0a,4,4,0.00,53.36,0.00,SIN
2a06:98c1:50:4f1e:205c:9d79:be64:baa6,4,4,0.00,53.36,0.00,SIN
2a06:98c1:310d:0:cd8:780d:85d8:48a0,4,4,0.00,53.36,0.00,SIN
2a06:98c1:310b:c4:7f0f:36c2:8352:66f7,4,4,0.00,53.37,0.00,SIN
2a06:98c1:50:6b31:c14f:ab6d:cecf:57c,4,4,0.00,53.37,0.00,SIN
2a06:98c1:310b:0:77:9840:77e7:264c,4,4,0.00,53.37,0.00,SIN
2803:f800:50:f049:b339:93d3:77df:da54,4,4,0.00,53.37,0.00,SIN
2a06:98c1:3100:7d40:b2bd:3713:2904:f186,4,4,0.00,53.39,0.00,SIN
2a06:98c1:3100:7d14:9232:98ca:a355:6934,4,4,0.00,53.40,0.00,SIN
2803:f800:51:73fa:a342:95f1:16fe:2c13,4,4,0.00,53.40,0.00,SIN
2a06:98c1:3104:64:caa1:8405:df3a:f01d,4,4,0.00,53.40,0.00,SIN
2a06:98c1:310d:f04e:d8a5:cbbf:bd03:14cc,4,4,0.00,53.40,0.00,SIN
2a06:98c1:3103:9715:120b:5f73:7481:79cf,4,4,0.00,53.41,0.00,SIN
2a06:98c1:310c:f49c:711d:4f21:5681:2c1d,4,4,0.00,53.41,0.00,SIN
2803:f800:50:f049:b3e6:37ce:fdcb:643f,4,4,0.00,53.42,0.00,SIN
2a06:98c1:310d:f04e:a54f:396d:7c03:dfb,4,4,0.00,53.42,0.00,SIN
2a06:98c1:310c:f49c:7120:342f:11b0:54e6,4,4,0.00,53.42,0.00,SIN
2400:cb00:2049:0:4bb4:e928:71cc:7683,4,4,0.00,53.42,0.00,SIN
2a06:98c1:50:4fc1:2a70:444f:cf0d:1dae,4,4,0.00,53.42,0.00,SIN
2a06:98c1:310b:f3:ddff:507a:cd86:69d5,4,4,0.00,53.42,0.00,SIN
2a06:98c1:3104:de5f:5fdb:ecf6:798c:924f,4,4,0.00,53.43,0.00,SIN
2a06:98c1:310c:5c:7e38:aa74:2b02:14ca,4,4,0.00,53.43,0.00,SIN
2a06:98c1:50:0:91b6:4a51:6352:13e2,4,4,0.00,53.43,0.00,SIN
2a06:98c1:310b:0:c00a:1a3d:c94b:ce22,4,4,0.00,53.43,0.00,SIN
2a06:98c1:310d:f04e:3b25:f7f:1101:7a84,4,4,0.00,53.44,0.00,SIN
2a06:98c1:3104:f9:af33:e462:289d:f1a1,4,4,0.00,53.45,0.00,SIN
2a06:98c1:3104:deb8:dc36:77b6:9d76:a1b9,4,4,0.00,53.45,0.00,SIN
2a06:98c1:3106:0:9:69d4:22b8:5afe,4,4,0.00,53.45,0.00,SIN
2a06:98c1:50:0:913b:c0a:1a2e:d38d,4,4,0.00,53.45,0.00,SIN
2a06:98c1:51:ae55:2d58:a211:35d:f8eb,4,4,0.00,53.45,0.00,SIN
2a06:98c1:50:fd1d:4d65:2cbb:6509:f9cb,4,4,0.00,53.45,0.00,SIN
2a06:98c1:3104:f9:2dc4:34fd:5c5b:4ede,4,4,0.00,53.45,0.00,SIN
2a06:98c1:3100:e7:85ee:a472:b412:f422,4,4,0.00,53.46,0.00,SIN
2a06:98c1:50:4f1e:a4a0:cd46:3f14:f2b1,4,4,0.00,53.46,0.00,SIN
2803:f800:51:d3:62bb:1df8:8189:d63d,4,4,0.00,53.46,0.00,SIN
2a06:98c1:3105:85a9:8619:7f8f:5e25:9ad2,4,4,0.00,53.47,0.00,SIN
2803:f800:51:73fa:bf17:7255:553e:236c,4,4,0.00,53.47,0.00,SIN
2400:cb00:2049:b200:61f6:e75a:55db:1e20,4,4,0.00,53.48,0.00,SIN
2400:cb00:2049:b2a5:17dd:e969:6942:e748,4,4,0.00,53.49,0.00,SIN
2a06:98c1:51:aece:fdcf:2f8a:d986:7211,4,4,0.00,53.49,0.00,SIN
2400:cb00:2049:0:c2:f65f:6870:e077,4,4,0.00,53.49,0.00,SIN
2a06:98c1:310c:d4:309e:fcf6:1137:8e5f,4,4,0.00,53.49,0.00,SIN
2a06:98c1:3104:f9:2d16:5068:915e:1fb6,4,4,0.00,53.50,0.00,SIN
2a06:98c1:3104:ce0b:a2ac:aa8c:ec18:b2fc,4,4,0.00,53.50,0.00,SIN
2400:cb00:2049:82:1ac1:4f2d:eb1a:6e94,4,4,0.00,53.50,0.00,SIN
2400:cb00:2049:29e6:1c93:86a:e14c:200d,4,4,0.00,53.50,0.00,SIN
2400:cb00:2049:0:4bb4:e928:1cf4:e685,4,4,0.00,53.51,0.00,SIN
2a06:98c1:3100:7d40:b2bd:37d3:5964:c375,4,4,0.00,53.51,0.00,SIN
2a06:98c1:51:aece:8ac0:5a65:713a:d01c,4,4,0.00,53.51,0.00,SIN
2a06:98c1:3100:7d1b:1b81:3199:8fb:3891,4,4,0.00,53.51,0.00,SIN
2a06:98c1:310b:6c:bdab:49b9:95a2:8627,4,4,0.00,53.51,0.00,SIN
2a06:98c1:310c:5c:7e38:aaa5:22c6:bce7,4,4,0.00,53.52,0.00,SIN
2a06:98c1:3103:e577:3997:7d26:44bc:14b4,4,4,0.00,53.52,0.00,SIN
2a06:98c1:310c:14:1c83:7c89:2bee:ac3a,4,4,0.00,53.52,0.00,SIN
2400:cb00:2049:b2a5:f1b8:b967:20a1:1e42,4,4,0.00,53.52,0.00,SIN
2a06:98c1:3107:0:7e64:8b3b:a72c:c9ba,4,4,0.00,53.52,0.00,SIN
2a06:98c1:3103:e577:343b:f629:8807:9705,4,4,0.00,53.52,0.00,SIN
2a06:98c1:310d:f04e:d8a5:cb84:9ba1:ec2f,4,4,0.00,53.53,0.00,SIN
2a06:98c1:51:aece:8ab9:81c0:396e:ed03,4,4,0.00,53.53,0.00,SIN
2a06:98c1:3102:ee60:d044:750c:556d:9025,4,4,0.00,53.53,0.00,SIN
2a06:98c1:3108:0:f9c7:497a:2b2f:7c2d,4,4,0.00,53.54,0.00,SIN
2a06:98c1:310a:36:c28f:42c9:1119:e35a,4,4,0.00,53.54,0.00,SIN
2a06:98c1:3100:e7:8534:88e9:8d74:275,4,4,0.00,53.55,0.00,SIN
2a06:98c1:3106:86ad:f6f1:4740:1235:485c,4,4,0.00,53.55,0.00,SIN
2a06:98c1:3103:0:9e:a6c1:3736:68f0,4,4,0.00,53.55,0.00,SIN
2a06:98c1:310e:0:fa5b:f851:8cb6:b8d3,4,4,0.00,53.56,0.00,SIN
2a06:98c1:3100:0:c6c4:afcf:ae45:e8e,4,4,0.00,53.56,0.00,SIN
2a06:98c1:50:d5:5928:80da:9dc6:650b,4,4,0.00,53.56,0.00,SIN
2a06:98c1:310d:0:b4:3123:8696:3748,4,4,0.00,53.56,0.00,SIN
2a06:98c1:3107:ae97:183a:874b:8ccc:6b66,4,4,0.00,53.56,0.00,SIN
2a06:98c1:3105:85a9:8619:34dc:1945:975,4,4,0.00,53.56,0.00,SIN
2a06:98c1:3100::d9ca:eca1:e407,4,4,0.00,53.57,0.00,SIN
2a06:98c1:3100::d9ca:70ca:afd4,4,4,0.00,53.57,0.00,SIN
2a06:98c1:3103:c627:2788:43d9:e0ad:bc0b,4,4,0.00,53.57,0.00,SIN
2803:f800:51:67e1:5adf:1acc:e956:a077,4,4,0.00,53.58,0.00,SIN
2a06:98c1:50:4f1e:20c8:89e4:b8f8:c13,4,4,0.00,53.58,0.00,SIN
2a06:98c1:3106:0:227b:60c8:3ab9:ca15,4,4,0.00,53.58,0.00,SIN
2a06:98c1:310a::6796:6b16:7c68,4,4,0.00,53.58,0.00,SIN
2a06:98c1:3104:f9:af98:c62e:7ac3:f489,4,4,0.00,53.58,0.00,SIN
2a06:98c1:3107:b7b8:a0b9:19d2:6b71:8c38,4,4,0.00,53.59,0.00,SIN
2a06:98c1:3105:0:95:2f00:9917:2982,4,4,0.00,53.59,0.00,SIN
2a06:98c1:3100:7d14:9232:98ca:d864:6cc7,4,4,0.00,53.60,0.00,SIN
2a06:98c1:310d::e1d3:e7f:a94,4,4,0.00,53.60,0.00,SIN
2a06:98c1:3104:cef7:cd60:de93:303b:8ac7,4,4,0.00,53.61,0.00,SIN
2a06:98c1:310d:0:cd8:784f:9e95:23a8,4,4,0.00,53.61,0.00,SIN
2a06:98c1:3104:deb8:dccc:e6ad:2108:d836,4,4,0.00,53.61,0.00,SIN
2a06:98c1:3103:18fc:3e2e:2bd3:a72:585d,4,4,0.00,53.62,0.00,SIN
2803:f800:51:379b:e55c:15c8:a6fe:1312,4,4,0.00,53.62,0.00,SIN
2a06:98c1:310a:8d:d428:6aa6:6ee:4ccb,4,4,0.00,53.62,0.00,SIN
2a06:98c1:310d:e8:5e16:661c:f949:e16f,4,4,0.00,53.62,0.00,SIN
2a06:98c1:3101:f322:cb6d:c88a:83da:1fd9,4,4,0.00,53.62,0.00,SIN
2a06:98c1:3107:ae97:18a9:8f26:512f:8394,4,4,0.00,53.62,0.00,SIN
2a06:98c1:3103:e577:343b:799d:8475:53ad,4,4,0.00,53.62,0.00,SIN
2a06:98c1:3100:7d40:8436:ab61:8d7a:a56b,4,4,0.00,53.63,0.00,SIN
2a06:98c1:3100:7d1b:8653:3cd4:b3fc:d5f5,4,4,0.00,53.63,0.00,SIN
2a06:98c1:3103:0:c0df:4f68:789d:bc8f,4,4,0.00,53.64,0.00,SIN
2a06:98c1:3103:e577:343b:7972:fd39:b53,4,4,0.00,53.64,0.00,SIN
2400:cb00:2049:ab:1e85:f39a:cdbe:f893,4,4,0.00,53.64,0.00,SIN
2400:cb00:2049:ab:fd08:708d:cd97:5801,4,4,0.00,53.64,0.00,SIN
2400:cb00:2049:ab:1e85:f39a:6a39:9a4e,4,4,0.00,53.65,0.00,SIN
2803:f800:51:379b:e50c:8c41:1db9:83a4,4,4,0.00,53.65,0.00,SIN
2a06:98c1:51:aece:296c:23bb:a6be:48f9,4,4,0.00,53.65,0.00,SIN
2a06:98c1:3103:e577:3997:7dee:5304:8044,4,4,0.00,53.65,0.00,SIN
2a06:98c1:3106:ca:5f98:8f2d:f5:bfc9,4,4,0.00,53.65,0.00,SIN
2a06:98c1:3104:f9:af98:e796:e055:d2c0,4,4,0.00,53.66,0.00,SIN
2400:cb00:2049:b2a5:f434:2a70:c5da:a9a7,4,4,0.00,53.66,0.00,SIN
2a06:98c1:3104:de5f:5f42:15b6:f507:2d38,4,4,0.00,53.67,0.00,SIN
2400:cb00:2049:ab:fd26:2c6:89ad:6cbd,4,4,0.00,53.67,0.00,SIN
2a06:98c1:3100:7d1b:8653:3085:7c8c:c8bc,4,4,0.00,53.68,0.00,SIN
2a06:98c1:3104::8a:d2d0:7d53,4,4,0.00,53.69,0.00,SIN
2a06:98c1:3101:f322:cb25:f3d2:dd10:6250,4,4,0.00,53.69,0.00,SIN
2a06:98c1:3104:0:b2:98a3:c979:c5c2,4,4,0.00,53.69,0.00,SIN
2a06:98c1:3107:aee4:4fd5:413d:ca82:3144,4,4,0.00,53.69,0.00,SIN
2803:f800:51:67e1:d3d7:c283:658:2da,4,4,0.00,53.69,0.00,SIN
2a06:98c1:310d:0:b4:8a0c:f3e1:3068,4,4,0.00,53.69,0.00,SIN
2a06:98c1:3107:ae97:183a:87a8:c92a:4c00,4,4,0.00,53.70,0.00,SIN
2a06:98c1:3103:e5b4:15bb:78b3:3cf8:57aa,4,4,0.00,53.70,0.00,SIN
2a06:98c1:3103:e5b4:ff7b:13df:ea7a:8a60,4,4,0.00,53.70,0.00,SIN
2a06:98c1:3109:8481:5f9f:d594:5570:38f7,4,4,0.00,53.71,0.00,SIN
2a06:98c1:310d:f04e:a59a:27a2:d009:2ba5,4,4,0.00,53.71,0.00,SIN
2a06:98c1:3100::a0d7:5576,4,4,0.00,53.72,0.00,SIN
2a06:98c1:310a:17:b383:b62d:3197:7b45,4,4,0.00,53.72,0.00,SIN
2a06:98c1:3107:90:d491:9532:95c3:2c1c,4,4,0.00,53.72,0.00,SIN
2a06:98c1:50:6b31:9775:3015:d1b8:71f5,4,4,0.00,53.72,0.00,SIN
2a06:98c1:3108:7568:41cb:6c92:9abb:1403,4,4,0.00,53.72,0.00,SIN
2a06:98c1:310c:d4:94d9:d2da:9db3:1d37,4,4,0.00,53.73,0.00,SIN
2a06:98c1:310d:f04e:3b25:f7f:1143:e9a4,4,4,0.00,53.74,0.00,SIN
2400:cb00:2049:b200:61f6:e7ff:1a8f:281f,4,4,0.00,53.74,0.00,SIN
2a06:98c1:3107:0:7edf:27db:93c0:6457,4,4,0.00,53.75,0.00,SIN
2a06:98c1:310e:c9e4:211f:c19f:53b5:eef1,4,4,0.00,53.75,0.00,SIN
2803:f800:50:f049:b3e6:37ce:a285:7d7b,4,4,0.00,53.75,0.00,SIN
2a06:98c1:3107:aee4:c37e:e164:b9d3:e11d,4,4,0.00,53.75,0.00,SIN
2a06:98c1:310c:14:1c83:3835:21bd:c3fa,4,4,0.00,53.75,0.00,SIN
2a06:98c1:3104:cef7:cd54:488f:329a:b8f,4,4,0.00,53.75,0.00,SIN
2803:f800:51:0:8823:d571:fa4a:4143,4,4,0.00,53.75,0.00,SIN
2400:cb00:2049:0:4b25:5322:e358:5e25,4,4,0.00,53.76,0.00,SIN
2a06:98c1:310a:8d:d456:ca5d:f61f:bd94,4,4,0.00,53.76,0.00,SIN
2a06:98c1:3100:7d1b:1bd8:5b5:9bc3:dd55,4,4,0.00,53.76,0.00,SIN
2a06:98c1:3100:e7:8597:109e:3d66:6e01,4,4,0.00,53.76,0.00,SIN
2a06:98c1:3108:0:f9fd:5a42:4bd9:7b86,4,4,0.00,53.76,0.00,SIN
2a06:98c1:50:4f1e:a4a0:44cf:954a:b4d,4,4,0.00,53.76,0.00,SIN
2a06:98c1:3106:0:6f:1fc4:10be:6362,4,4,0.00,53.76,0.00,SIN
2a06:98c1:3102:4e68:397d:ed76:c901:b6f2,4,4,0.00,53.76,0.00,SIN
2a06:98c1:3103:e577:343b:f6b8:f2a3:c615,4,4,0.00,53.76,0.00,SIN
2400:cb00:2049:ab:fd26:2c6:89f7:755f,4,4,0.00,53.76,0.00,SIN
2a06:98c1:310a:17:1ad8:c88d:7823:28ca,4,4,0.00,53.77,0.00,SIN
2a06:98c1:310f:fa9f:7c29:e201:8608:559d,4,4,0.00,53.77,0.00,SIN
2a06:98c1:50:0:bcf0:69bb:b1c3:4456,4,4,0.00,53.78,0.00,SIN
2a06:98c1:50:f:8cdb:1bee:b587:1064,4,4,0.00,53.78,0.00,SIN
2a06:98c1:310e:0:fa3c:21ee:cd80:5a,4,4,0.00,53.78,0.00,SIN
2a06:98c1:310e:c8:efc5:25a8:1f57:9fa,4,4,0.00,53.78,0.00,SIN
2a06:98c1:3108:0:f9fd:4f80:3bcf:1647,4,4,0.00,53.78,0.00,SIN
2a06:98c1:3103:c627:2721:a826:fad8:c4f6,4,4,0.00,53.79,0.00,SIN
2a06:98c1:3103:9728:baa2:1919:109e:b0cb,4,4,0.00,53.79,0.00,SIN
2a06:98c1:3103:e577:343b:f629:889f:d32e,4,4,0.00,53.80,0.00,SIN
2a06:98c1:3103:e5b4:15bb:7866:1a0a:3500,4,4,0.00,53.80,0.00,SIN
2a06:98c1:3105:0:53ff:e43b:3948:8946,4,4,0.00,53.80,0.00,SIN
2a06:98c1:3109:8481:5f9f:73c2:b6e1:96a3,4,4,0.00,53.80,0.00,SIN
2803:f800:51:67e1:5abc:1ce4:c27b:b2bc,4,4,0.00,53.80,0.00,SIN
2a06:98c1:3106:ca:17d9:5970:dd61:eb7f,4,4,0.00,53.81,0.00,SIN
2400:cb00:2049:29e6:f288:f515:ad85:8bdb,4,4,0.00,53.81,0.00,SIN
2a06:98c1:3100:3525:ba2b:8048:432c:696a,4,4,0.00,53.81,0.00,SIN
2a06:98c1:50:4fa8:58f3:f124:e9a6:cbe0,4,4,0.00,53.81,0.00,SIN
2a06:98c1:3108::77:7cd6:b69c,4,4,0.00,53.82,0.00,SIN
2a06:98c1:3108::5978:89d1:6d0b,4,4,0.00,53.82,0.00,SIN
2a06:98c1:310b:f3:d05e:b438:6884:c8e7,4,4,0.00,53.82,0.00,SIN
2a06:98c1:3103:c627:2788:43d9:bc24:57bd,4,4,0.00,53.83,0.00,SIN
2a06:98c1:310d:0:cd8:2b79:2a14:87b2,4,4,0.00,53.83,0.00,SIN
2a06:98c1:3102::821f:7090,4,4,0.00,53.84,0.00,SIN
2a06:98c1:3100:7d40:b2bd:37d3:595d:d886,4,4,0.00,53.84,0.00,SIN
2803:f800:50:0:e77b:b5ef:3907:5dec,4,4,0.00,53.84,0.00,SIN
2a06:98c1:3109::9d93:c20e:b99e,4,4,0.00,53.85,0.00,SIN
2a06:98c1:3103:c627:278b:4fda:9a13:e1d6,4,4,0.00,53.85,0.00,SIN
2803:f800:50:f049:b256:d977:e152:773,4,4,0.00,53.85,0.00,SIN
2a06:98c1:310e:c949:6c24:e8c6:2e6f:c5c1,4,4,0.00,53.86,0.00,SIN
2a06:98c1:3100:e7:8534:88ad:268:f3a4,4,4,0.00,53.86,0.00,SIN
2a06:98c1:310e:c9e4:3469:9b75:403:fa7c,4,4,0.00,53.86,0.00,SIN
2a06:98c1:3103:c627:c644:6559:5264:5b2c,4,4,0.00,53.86,0.00,SIN
2a06:98c1:3104:0:7:6d5a:976e:1b16,4,4,0.00,53.86,0.00,SIN
2a06:98c1:3105:854d:ee44:953a:6195:7f65,4,4,0.00,53.88,0.00,SIN
2a06:98c1:310c:14:1c83:3858:15dd:adbf,4,4,0.00,53.88,0.00,SIN
2a06:98c1:51:ae55:a472:8ad9:d225:13fd,4,4,0.00,53.89,0.00,SIN
2a06:98c1:3106:8688:6307:a949:59e8:e492,4,4,0.00,53.89,0.00,SIN
2a06:98c1:310a:36:c2f5:c830:c68c:bf49,4,4,0.00,53.89,0.00,SIN
2a06:98c1:310b:c4:7f0f:36c2:a827:cc38,4,4,0.00,53.89,0.00,SIN
2a06:98c1:3103:e577:343b:f6d7:a296:3d65,4,4,0.00,53.90,0.00,SIN
2a06:98c1:3108:759c:e0e8:cf65:bc43:f11f,4,4,0.00,53.90,0.00,SIN
2a06:98c1:3104:f9:8f79:cf67:be5a:fdfb,4,4,0.00,53.90,0.00,SIN
2a06:98c1:3103:b862:43a3:9e05:58f0:b09f,4,4,0.00,53.90,0.00,SIN
2a06:98c1:310c:eb:4a53:4d8a:7a7b:322f,4,4,0.00,53.91,0.00,SIN
2a06:98c1:3108:0:4f76:5e3b:34a4:49c1,4,4,0.00,53.91,0.00,SIN
2a06:98c1:3100:7ded:866b:564:27e9:2f8b,4,4,0.00,53.91,0.00,SIN
2a06:98c1:3103:e577:397b:bb79:f197:86c0,4,4,0.00,53.91,0.00,SIN
2a06:98c1:310c:14:4ae8:a2b0:2140:b7c6,4,4,0.00,53.91,0.00,SIN
2a06:98c1:310a:36:ec4b:6133:6df0:b67d,4,4,0.00,53.91,0.00,SIN
2a06:98c1:310a:17:b383:b683:7f94:72b6,4,4,0.00,53.92,0.00,SIN
2a06:98c1:310e:c8:5d12:3a32:aaa5:8b75,4,4,0.00,53.92,0.00,SIN
2400:cb00:2049:b200:61f6:2108:4917:7a09,4,4,0.00,53.92,0.00,SIN
2400:cb00:2049:ab:fd08:70b9:e6ae:7b1b,4,4,0.00,53.92,0.00,SIN
2400:cb00:2049:82:1a8d:8cb5:316:2584,4,4,0.00,53.92,0.00,SIN
2a06:98c1:51:aece:fdcf:f8fc:6ba1:ddef,4,4,0.00,53.92,0.00,SIN
2803:f800:51:0:8036:b447:b477:7188,4,4,0.00,53.92,0.00,SIN
2a06:98c1:50:fdfe:203c:740d:93d9:7652,4,4,0.00,53.92,0.00,SIN
2a06:98c1:3102::95:b456:c0ab,4,4,0.00,53.93,0.00,SIN
2a06:98c1:3106::afc0:bf90:6b35,4,4,0.00,53.93,0.00,SIN
2803:f800:50:85:28ac:a636:f3e8:f58b,4,4,0.00,53.94,0.00,SIN
2a06:98c1:310c:f49c:711d:4f84:25b8:d350,4,4,0.00,53.94,0.00,SIN
2a06:98c1:3101:f3af:ed6e:dd35:857f:5bbd,4,4,0.00,53.95,0.00,SIN
2a06:98c1:310e::b037:8210:335a,4,4,0.00,53.95,0.00,SIN
2a06:98c1:3109:8481:d220:ab90:ec5e:1591,4,4,0.00,53.95,0.00,SIN
2a06:98c1:310e:c949:c27:3af0:3840:7e46,4,4,0.00,53.95,0.00,SIN
2a06:98c1:3103:e577:390b:8122:d982:9ca4,4,4,0.00,53.96,0.00,SIN
2a06:98c1:310b:0:d3:fc76:27d2:5926,4,4,0.00,53.96,0.00,SIN
2a06:98c1:3108::ee:2f28,4,4,0.00,53.97,0.00,SIN
2a06:98c1:310d:f04e:a54f:63ae:58e7:1d63,4,4,0.00,53.97,0.00,SIN
2a06:98c1:310b:f3:fe68:5445:821e:907a,4,4,0.00,53.97,0.00,SIN
2400:cb00:2049::7f19:a3f0:42a2,4,4,0.00,53.97,0.00,SIN
2a06:98c1:3103:9728:f49b:9aea:6ab5:e376,4,4,0.00,53.97,0.00,SIN
2a06:98c1:310e:c8:efc5:25a8:9cb6:2079,4,4,0.00,53.97,0.00,SIN
2a06:98c1:310f:0:69ac:a2ee:83a0:6806,4,4,0.00,53.97,0.00,SIN
2a06:98c1:51:ae55:2d83:7445:e01a:ac87,4,4,0.00,53.97,0.00,SIN
2a06:98c1:310f:a8:b4d2:17dc:e710:e2d0,4,4,0.00,53.98,0.00,SIN
2a06:98c1:3104:f9:af33:e462:e8fe:c3f0,4,4,0.00,53.98,0.00,SIN
2803:f800:50:85:28ac:a6dd:bf60:2e4e,4,4,0.00,53.98,0.00,SIN
2a06:98c1:310c:d4:309e:fcf6:2317:c513,4,4,0.00,53.98,0.00,SIN
2a06:98c1:3103:b862:c39:62a0:94f1:d9,4,4,0.00,53.98,0.00,SIN
2a06:98c1:310d:f04e:a59a:27a2:77cf:4d,4,4,0.00,53.98,0.00,SIN
2a06:98c1:310c:14:1c83:38f9:1fc7:cba8,4,4,0.00,53.98,0.00,SIN
2a06:98c1:310e:c8:84d9:3503:d684:1d26,4,4,0.00,53.98,0.00,SIN
2a06:98c1:50:fd1d:6e03:cc22:3ae1:57d9,4,4,0.00,53.99,0.00,SIN
2a06:98c1:310d:0:d3d2:d552:f69e:8390,4,4,0.00,53.99,0.00,SIN
2a06:98c1:3104:0:7:b212:4a17:f503,4,4,0.00,53.99,0.00,SIN
2a06:98c1:310a:17:1ad8:1fe9:8ca9:617a,4,4,0.00,53.99,0.00,SIN
2400:cb00:2049::f2:9cfb:605e,4,4,0.00,53.99,0.00,SIN
2a06:98c1:310d::e1d3:7af4:f70c,4,4,0.00,54.00,0.00,SIN
2a06:98c1:3100::13fd,4,4,0.00,54.00,0.00,SIN
2a06:98c1:3103:c627:c644:f1ba:a032:c879,4,4,0.00,54.00,0.00,SIN
2400:cb00:2049:b200:61f6:9ecd:e6fc:3dd3,4,4,0.00,54.00,0.00,SIN
2400:cb00:2049:b200:61f6:e75a:a252:d58e,4,4,0.00,54.00,0.00,SIN
2a06:98c1:3107:aee4:c53e:9a02:40ac:b739,4,4,0.00,54.00,0.00,SIN
2803:f800:51:d3:62bb:3591:b6ca:15cb,4,4,0.00,54.01,0.00,SIN
2a06:98c1:50:fd1d:4ce6:b7fb:bd7a:a48,4,4,0.00,54.01,0.00,SIN
2a06:98c1:3109:e1:12f5:fe62:81f9:53bc,4,4,0.00,54.01,0.00,SIN
2a06:98c1:3100:3525:ba2b:8013:dbb4:4cbe,4,4,0.00,54.01,0.00,SIN
2a06:98c1:3103:9728:ba04:6e65:3dcb:65e9,4,4,0.00,54.02,0.00,SIN
2a06:98c1:3108:0:f9fd:ddb7:8dbb:1173,4,4,0.00,54.02,0.00,SIN
2a06:98c1:3108::9c4e:665e:267,4,4,0.00,54.02,0.00,SIN
2a06:98c1:310f:fa9f:7c29:e2b1:7f46:8ce4,4,4,0.00,54.02,0.00,SIN
2a06:98c1:3108::ebbb:78f7:e27,4,4,0.00,54.02,0.00,SIN
2a06:98c1:310a:17:1ad8:1fe9:ba80:e78f,4,4,0.00,54.03,0.00,SIN
2a06:98c1:3103:0:c0df:5cdd:4f08:7683,4,4,0.00,54.03,0.00,SIN
2400:cb00:2049:0:4b2a:323f:6520:bd96,4,4,0.00,54.03,0.00,SIN
2a06:98c1:3104:de5f:fdd4:cf54:ae0e:a480,4,4,0.00,54.03,0.00,SIN
2a06:98c1:51:aece:29f1:be8:abca:2ef6,4,4,0.00,54.03,0.00,SIN
2a06:98c1:3100:7ded:e0e1:152f:6415:8a8e,4,4,0.00,54.03,0.00,SIN
2a06:98c1:3100:7d14:9232:983b:c042:d8b9,4,4,0.00,54.04,0.00,SIN
2a06:98c1:3102:4e68:39ab:997b:6f75:1a98,4,4,0.00,54.04,0.00,SIN
2a06:98c1:3108:759c:3a94:1737:9712:f567,4,4,0.00,54.04,0.00,SIN
2a06:98c1:3105:854d:eede:2e9e:20f8:418c,4,4,0.00,54.04,0.00,SIN
2a06:98c1:3101::5e45:704:aa3f,4,4,0.00,54.05,0.00,SIN
2a06:98c1:3103:7d22:28cd:a8d6:326b:be84,4,4,0.00,54.05,0.00,SIN
2a06:98c1:50:4f1e:205c:9d32:a252:27ea,4,4,0.00,54.05,0.00,SIN
2a06:98c1:3107:aee4:6f92:2fa7:2f14:470b,4,4,0.00,54.05,0.00,SIN
2a06:98c1:3103:9728:4a8:5b02:893a:2fdd,4,4,0.00,54.06,0.00,SIN
2a06:98c1:50:6b31:116a:348a:e1ba:fcd9,4,4,0.00,54.06,0.00,SIN
2a06:98c1:310b::eb:1f51:2837,4,4,0.00,54.06,0.00,SIN
2a06:98c1:310b:6c:bd54:f4a3:8bb8:fafd,4,4,0.00,54.06,0.00,SIN
2a06:98c1:3108:0:4f76:dea0:4eb1:52d3,4,4,0.00,54.06,0.00,SIN
2a06:98c1:3107:aee4:c37e:e1f8:e8c5:71c4,4,4,0.00,54.06,0.00,SIN
2803:f800:51:d3:62bb:25d0:5864:4fb7,4,4,0.00,54.06,0.00,SIN
2a06:98c1:310d:f04e:a54f:36b3:db74:42e0,4,4,0.00,54.06,0.00,SIN
2a06:98c1:3106:6c:655f:147d:6c60:c41d,4,4,0.00,54.07,0.00,SIN
2a06:98c1:50:0:91b6:a99:af40:7dfa,4,4,0.00,54.07,0.00,SIN
2a06:98c1:310f:0:d5f2:6c80:7a0f:773c,4,4,0.00,54.07,0.00,SIN
2a06:98c1:3104:cef7:cd60:de93:e5b9:87b6,4,4,0.00,54.07,0.00,SIN
2a06:98c1:310c:eb:df51:35c5:a32a:e62b,4,4,0.00,54.07,0.00,SIN
2a06:98c1:310c:5c:7e38:bd99:db70:f234,4,4,0.00,54.07,0.00,SIN
2a06:98c1:3100:e7:ce47:4347:47bc:3fdd,4,4,0.00,54.07,0.00,SIN
2a06:98c1:50:0:9147:cc3d:57df:f1b,4,4,0.00,54.08,0.00,SIN
2a06:98c1:310d:f04e:3b25:875c:5aac:3483,4,4,0.00,54.08,0.00,SIN
2400:cb00:2049:29e6:f2be:b29e:b68c:de38,4,4,0.00,54.08,0.00,SIN
2a06:98c1:3100:7d1b:8653:2d81:9516:6795,4,4,0.00,54.08,0.00,SIN
2a06:98c1:3103::95a6:1781,4,4,0.00,54.08,0.00,SIN
2a06:98c1:3101:f3af:ed6e:2e96:4c0a:e114,4,4,0.00,54.08,0.00,SIN
2a06:98c1:3100:e7:ce47:7550:2ce0:239c,4,4,0.00,54.09,0.00,SIN
2a06:98c1:310e:0:fa3c:11e8:6e7d:a1a2,4,4,0.00,54.09,0.00,SIN
2a06:98c1:3107:ae51:4248:9526:fc5b:ece9,4,4,0.00,54.09,0.00,SIN
2a06:98c1:310b:f3:d065:acfb:bf40:e428,4,4,0.00,54.09,0.00,SIN
2a06:98c1:50:4fc1:2a70:444f:cffb:f07c,4,4,0.00,54.10,0.00,SIN
2a06:98c1:3103:b862:c39:9e8e:5786:308a,4,4,0.00,54.10,0.00,SIN
2a06:98c1:3107:ae97:18a9:8f26:807e:c05b,4,4,0.00,54.10,0.00,SIN
2a06:98c1:310e:c949:6c24:e8c6:c60f:717d,4,4,0.00,54.10,0.00,SIN
2a06:98c1:3108:3a6e:1266:3c76:4cb9:16f1,4,4,0.00,54.10,0.00,SIN
2a06:98c1:3104:deb8:dccc:e62d:2524:e2ec,4,4,0.00,54.10,0.00,SIN
2a06:98c1:3103:b862:43f9:e163:6bb2:b29f,4,4,0.00,54.10,0.00,SIN
2803:f800:50:0:e77b:b5ef:e114:1899,4,4,0.00,54.11,0.00,SIN
2a06:98c1:3105:854d:eede:e692:7606:e2c5,4,4,0.00,54.11,0.00,SIN
2a06:98c1:310a:36:414d:5e9b:14a5:4aaa,4,4,0.00,54.11,0.00,SIN
2400:cb00:2049:b2a5:f1b8:b967:20cf:cf02,4,4,0.00,54.11,0.00,SIN
2a06:98c1:310a:17:b383:b6a1:30fd:3a04,4,4,0.00,54.11,0.00,SIN
2a06:98c1:50:4f1e:a4a0:cd46:d464:843c,4,4,0.00,54.12,0.00,SIN
2a06:98c1:50:4f1e:e868:607:ea13:2fee,4,4,0.00,54.12,0.00,SIN
2a06:98c1:310d:f04e:a59a:27a2:223d:c0c2,4,4,0.00,54.12,0.00,SIN
2803:f800:50:f049:26f8:372e:38fd:496b,4,4,0.00,54.13,0.00,SIN
2a06:98c1:3100:3525:ba13:6fba:4c88:f3cc,4,4,0.00,54.13,0.00,SIN
2a06:98c1:3107:aee4:6f92:2f21:5c6d:3db8,4,4,0.00,54.13,0.00,SIN
2400:cb00:2049:2929:9ec7:fd05:28e1:4c7,4,4,0.00,54.14,0.00,SIN
2a06:98c1:310e:c9e4:3469:9b75:f866:b31a,4,4,0.00,54.14,0.00,SIN
2a06:98c1:310c:d4:94d9:d26a:717:f924,4,4,0.00,54.15,0.00,SIN
2a06:98c1:51:aece:50a:b9f7:c82f:b3d7,4,4,0.00,54.15,0.00,SIN
2a06:98c1:3103:c627:c6d4:65a3:163e:ccb3,4,4,0.00,54.15,0.00,SIN
2a06:98c1:3103:e5b4:15bb:c6c0:40ef:3e5c,4,4,0.00,54.15,0.00,SIN
2a06:98c1:3102:0:f523:cd5a:972e:638e,4,4,0.00,54.15,0.00,SIN
2a06:98c1:3101:f322:d54:6a05:7210:9549,4,4,0.00,54.15,0.00,SIN
2a06:98c1:50:d5:5928:806c:1996:6405,4,4,0.00,54.15,0.00,SIN
2a06:98c1:50:6b31:c8ea:14dd:897:7f9d,4,4,0.00,54.15,0.00,SIN
2400:cb00:2049:2929:4609:ba99:170b:1174,4,4,0.00,54.16,0.00,SIN
2a06:98c1:3104:de5f:5fdb:2532:b928:468d,4,4,0.00,54.16,0.00,SIN
2a06:98c1:50:d5:5928:8097:6c5b:5033,4,4,0.00,54.16,0.00,SIN
2a06:98c1:3104:64:caa1:84da:7624:c716,4,4,0.00,54.16,0.00,SIN
2a06:98c1:3108:7568:41cb:6c92:e1ed:e6ee,4,4,0.00,54.17,0.00,SIN
2a06:98c1:3101:f3af:ed6e:2e66:e6c5:fa43,4,4,0.00,54.17,0.00,SIN
2a06:98c1:3101:f322:e9db:c7d2:484a:de2d,4,4,0.00,54.18,0.00,SIN
2a06:98c1:310b:c4:7f1f:d598:47ef:a3ce,4,4,0.00,54.18,0.00,SIN
2400:cb00:2049:ab:fd08:3a5:7b0:d5b8,4,4,0.00,54.18,0.00,SIN
2a06:98c1:50:4f1e:a47f:74e3:bc5e:c3d2,4,4,0.00,54.18,0.00,SIN
2a06:98c1:310d:f04e:d8a5:4fac:b724:3f3,4,4,0.00,54.19,0.00,SIN
2400:cb00:2049:2978:38b3:4ed0:dee9:e319,4,4,0.00,54.20,0.00,SIN
2a06:98c1:50:4f1e:a47f:74e3:bc46:958,4,4,0.00,54.20,0.00,SIN
2a06:98c1:310f:0:d9:6b76:c2c4:fb75,4,4,0.00,54.20,0.00,SIN
2a06:98c1:3103::4f69:6680:e110,4,4,0.00,54.20,0.00,SIN
2a06:98c1:3103:183b:c03a:c59c:984:3f11,4,4,0.00,54.21,0.00,SIN
2803:f800:51:67e1:5adf:1acc:e930:f093,4,4,0.00,54.21,0.00,SIN
2a06:98c1:310f:0:d503:b48c:14cf:4fc6,4,4,0.00,54.22,0.00,SIN
2a06:98c1:3106:ca:9a85:52d9:d8aa:b2fd,4,4,0.00,54.22,0.00,SIN
2a06:98c1:3101:f322:cb25:f3d2:4921:5f87,4,4,0.00,54.22,0.00,SIN
2a06:98c1:310e:0:fa3c:217a:bde1:b78a,4,4,0.00,54.22,0.00,SIN
2803:f800:51::5b:a6a4:2220,4,4,0.00,54.22,0.00,SIN
2a06:98c1:310d:f04e:3bef:871d:36a0:1f1e,4,4,0.00,54.22,0.00,SIN
2a06:98c1:50:4f1e:2008:6ffb:20da:db89,4,4,0.00,54.22,0.00,SIN
2a06:98c1:3103:9715:120b:5f86:fe15:1385,4,4,0.00,54.22,0.00,SIN
2a06:98c1:3100:7ded:866b:f7db:8fae:e727,4,4,0.00,54.22,0.00,SIN
2a06:98c1:3104:0:b63e:5cfe:6544:6539,4,4,0.00,54.22,0.00,SIN
2a06:98c1:3100:7ded:86f1:b7d7:2898:1033,4,4,0.00,54.22,0.00,SIN
2a06:98c1:3100:0:63:6936:6951:25b5,4,4,0.00,54.22,0.00,SIN
2a06:98c1:3108:3a23:83e0:b0d8:a687:8985,4,4,0.00,54.22,0.00,SIN
2a06:98c1:310a:8d:d428:e07c:fc9d:6c1d,4,4,0.00,54.23,0.00,SIN
2a06:98c1:3103::fc1a:81d0:9311,4,4,0.00,54.23,0.00,SIN
2a06:98c1:3104:f9:afe3:b652:2e62:f609,4,4,0.00,54.23,0.00,SIN
2400:cb00:2049:ab:1e85:e5b0:aeed:e27c,4,4,0.00,54.23,0.00,SIN
2a06:98c1:50:4f1e:205c:9d79:bf12:372b,4,4,0.00,54.23,0.00,SIN
2a06:98c1:3100:7ded:866b:564:69b6:c165,4,4,0.00,54.23,0.00,SIN
2a06:98c1:3109:8481:c37f:5e2f:d9ca:372e,4,4,0.00,54.24,0.00,SIN
2a06:98c1:50:fdfe:95d:d131:bb49:c8b7,4,4,0.00,54.24,0.00,SIN
2a06:98c1:310b:6c:bd54:f0a8:9538:8bb3,4,4,0.00,54.24,0.00,SIN
2a06:98c1:3107:ae51:1377:1ce3:3fae:ef11,4,4,0.00,54.25,0.00,SIN
2a06:98c1:310e:883d:c95c:ded4:d159:4e87,4,4,0.00,54.25,0.00,SIN
2a06:98c1:3109:0:84:23d2:216b:9e07,4,4,0.00,54.25,0.00,SIN
2a06:98c1:50:4f1e:205c:9d79:f358:2090,4,4,0.00,54.26,0.00,SIN
2400:cb00:2049:0:4b2a:323f:65ee:1a90,4,4,0.00,54.26,0.00,SIN
2400:cb00:2049:2978:38b3:4e0c:977e:51d3,4,4,0.00,54.26,0.00,SIN
2a06:98c1:310c:ed:b24a:efe2:3208:c4c0,4,4,0.00,54.27,0.00,SIN
2a06:98c1:310b:0:3607:78d5:4c74:1a82,4,4,0.00,54.27,0.00,SIN
2a06:98c1:51:ae55:a453:aa17:101c:1be4,4,4,0.00,54.27,0.00,SIN
2a06:98c1:310b:c4:7fb6:5b6a:4bf8:8dd1,4,4,0.00,54.27,0.00,SIN
2a06:98c1:310c:14:4ae8:a23f:41c0:2d54,4,4,0.00,54.28,0.00,SIN
2a06:98c1:3105:8523:2e11:a9a2:fb40:3634,4,4,0.00,54.28,0.00,SIN
2a06:98c1:310c:f49c:7120:e5b2:c09b:82b1,4,4,0.00,54.28,0.00,SIN
2400:cb00:2049::e600:1809:5476,4,4,0.00,54.28,0.00,SIN
2400:cb00:2049::e68d:67a5:8a,4,4,0.00,54.28,0.00,SIN
2a06:98c1:3100:3525:ba2b:8048:66e:da94,4,4,0.00,54.28,0.00,SIN
2a06:98c1:51:ae55:2d58:6843:4710:8893,4,4,0.00,54.28,0.00,SIN
2a06:98c1:3103:c627:c6d3:9053:d01e:5e1f,4,4,0.00,54.28,0.00,SIN
2a06:98c1:50:0:bcf0:d1e0:c4ce:90de,4,4,0.00,54.29,0.00,SIN
2a06:98c1:3100:0:63:69d7:e836:69b7,4,4,0.00,54.29,0.00,SIN
2a06:98c1:310b:f3:ddff:507a:37de:22c1,4,4,0.00,54.29,0.00,SIN
2400:cb00:2049:2978:38b3:4ed0:94f9:9e3,4,4,0.00,54.29,0.00,SIN
2a06:98c1:3103:e577:343b:25ab:ea74:bfa2,4,4,0.00,54.29,0.00,SIN
2a06:98c1:3106:ca:5f84:cef3:7d7e:c1aa,4,4,0.00,54.30,0.00,SIN
2a06:98c1:3106:ca:5f84:ce4b:ef84:8af6,4,4,0.00,54.30,0.00,SIN
2803:f800:51:379b:e50c:8ca4:ca8b:7d92,4,4,0.00,54.30,0.00,SIN
2a06:98c1:3103:18fc:3e06:ade3:1973:d813,4,4,0.00,54.30,0.00,SIN
2a06:98c1:310e:c9e4:2170:fae1:6c8b:b21,4,4,0.00,54.30,0.00,SIN
2400:cb00:2049:29e6:f288:f515:27c2:82a0,4,4,0.00,54.30,0.00,SIN
2400:cb00:2049:2978:3861:bf70:f9ee:8fab,4,4,0.00,54.30,0.00,SIN
2a06:98c1:50:d5:5928:4ef:3c2d:2b7e,4,4,0.00,54.30,0.00,SIN
2400:cb00:2049:b2a5:f4a0:c70:d6aa:9498,4,4,0.00,54.31,0.00,SIN
2a06:98c1:3109:8481:c30d:a331:7492:cb95,4,4,0.00,54.31,0.00,SIN
2a06:98c1:50:0:bc76:b4d7:f58:b110,4,4,0.00,54.31,0.00,SIN
2a06:98c1:310f:0:d503:b41a:5ddb:4bbe,4,4,0.00,54.31,0.00,SIN
2a06:98c1:310d:f04e:a59a:9187:9326:3a01,4,4,0.00,54.31,0.00,SIN
2a06:98c1:3100:7d1b:1b74:24d0:9ff6:7af1,4,4,0.00,54.31,0.00,SIN
2a06:98c1:3100:7d14:9232:a3fc:2684:553a,4,4,0.00,54.31,0.00,SIN
2a06:98c1:3100:7d14:9232:a3fc:6160:545b,4,4,0.00,54.31,0.00,SIN
2a06:98c1:50:0:bc76:b49e:2701:51b,4,4,0.00,54.31,0.00,SIN
2803:f800:51:676a:7da3:29e:4cc:84d2,4,4,0.00,54.31,0.00,SIN
2a06:98c1:3103:c627:2788:43d9:bc2e:76b2,4,4,0.00,54.31,0.00,SIN
2400:cb00:2049:29e6:f2be:b26d:d807:f47,4,4,0.00,54.32,0.00,SIN
2a06:98c1:3102::dd07:cea0:c223,4,4,0.00,54.32,0.00,SIN
2a06:98c1:310d:f04e:3bef:8e1e:2870:4a07,4,4,0.00,54.32,0.00,SIN
2a06:98c1:3106:ca:234c:b345:ecf5:4f5c,4,4,0.00,54.32,0.00,SIN
2a06:98c1:3100:0:c632:1ee3:c72c:12b0,4,4,0.00,54.32,0.00,SIN
2400:cb00:2049:29e6:1c93:2130:7fc6:2305,4,4,0.00,54.32,0.00,SIN
2a06:98c1:50:0:bcf0:6939:ba93:4a0e,4,4,0.00,54.32,0.00,SIN
2a06:98c1:3102:0:f1ca:12fc:ad32:e079,4,4,0.00,54.33,0.00,SIN
2a06:98c1:3100:7d1b:8653:2d81:95e8:5eeb,4,4,0.00,54.33,0.00,SIN
2a06:98c1:3102::75:d6e5:c413,4,4,0.00,54.33,0.00,SIN
2a06:98c1:3106:86ad:f637:621:c54b:94f5,4,4,0.00,54.33,0.00,SIN
2a06:98c1:3108:759c:e0e8:f54f:78e:40e3,4,4,0.00,54.33,0.00,SIN
2a06:98c1:50:d5:5928:80da:fb26:4363,4,4,0.00,54.34,0.00,SIN
2a06:98c1:3100:7d1b:8653:3c71:5217:a1ce,4,4,0.00,54.34,0.00,SIN
2803:f800:51:d3:f328:16d3:7946:1ebb,4,4,0.00,54.34,0.00,SIN
2a06:98c1:3105:0:533f:a2a4:2c1f:59c7,4,4,0.00,54.34,0.00,SIN
2400:cb00:2049:ab:1e85:f39e:edd8:4f37,4,4,0.00,54.34,0.00,SIN
2a06:98c1:310d::97:98a1:d6cc,4,4,0.00,54.34,0.00,SIN
2a06:98c1:3103:e577:343b:799d:253b:4f3d,4,4,0.00,54.35,0.00,SIN
2a06:98c1:310d:f04e:d8a5:4fc2:b748:6f09,4,4,0.00,54.35,0.00,SIN
2a06:98c1:3104:0:b2:98a3:e03c:49fb,4,4,0.00,54.35,0.00,SIN
2a06:98c1:3103:183b:c03a:c510:979d:f383,4,4,0.00,54.35,0.00,SIN
2400:cb00:2049:b200:48f9:dea5:474e:3781,4,4,0.00,54.36,0.00,SIN
2a06:98c1:3104:64:578f:eca3:2795:47b2,4,4,0.00,54.36,0.00,SIN
2400:cb00:2049::5772:67d9:b5e0,4,4,0.00,54.36,0.00,SIN
2a06:98c1:3100:0:fa45:4d2b:c5ea:1ac0,4,4,0.00,54.37,0.00,SIN
2a06:98c1:3104:cef7:5430:861b:a03f:71a2,4,4,0.00,54.37,0.00,SIN
2803:f800:51:0:8823:d571:5c6e:3a01,4,4,0.00,54.37,0.00,SIN
2a06:98c1:3106:ca:5f84:cef3:bdfc:f053,4,4,0.00,54.37,0.00,SIN
2a06:98c1:3103:e577:343b:25ab:35d7:8ac6,4,4,0.00,54.38,0.00,SIN
2a06:98c1:3106:8688:6307:a97e:3bf5:cb32,4,4,0.00,54.38,0.00,SIN
2a06:98c1:3106:0:98:f0e8:1aff:da5d,4,4,0.00,54.38,0.00,SIN
2a06:98c1:51:aece:fdcf:f8d0:5ac:f6cf,4,4,0.00,54.38,0.00,SIN
2a06:98c1:3109:e1:dbc7:8310:e185:2e8d,4,4,0.00,54.39,0.00,SIN
2a06:98c1:51:2d:a794:cacc:931a:18f7,4,4,0.00,54.39,0.00,SIN
2a06:98c1:3108:759c:3a94:1754:9115:4009,4,4,0.00,54.39,0.00,SIN
2a06:98c1:50:0:b0a5:df52:e700:a064,4,4,0.00,54.39,0.00,SIN
2a06:98c1:50:fd1d:4d65:ddd4:f332:3be7,4,4,0.00,54.39,0.00,SIN
2a06:98c1:3102::95:9c7c:e875,4,4,0.00,54.39,0.00,SIN
2a06:98c1:310e:c9e4:3469:9b32:1b21:9a77,4,4,0.00,54.40,0.00,SIN
2400:cb00:2049:29e6:f2be:c0b6:e90d:3f21,4,4,0.00,54.40,0.00,SIN
2a06:98c1:3108:0:f9fd:dd25:d771:2ddd,4,4,0.00,54.40,0.00,SIN
2a06:98c1:3104:64:578f:ecbf:8dea:e79b,4,4,0.00,54.40,0.00,SIN
2a06:98c1:3108:759c:3ab2:a20d:17a3:d2cb,4,4,0.00,54.40,0.00,SIN
2a06:98c1:3104:cef7:cd54:488f:f84d:3d0,4,4,0.00,54.41,0.00,SIN
2400:cb00:2049:82:3cb6:f92b:4233:6d2c,4,4,0.00,54.41,0.00,SIN
2a06:98c1:310d:0:c94:4268:58a:3553,4,4,0.00,54.41,0.00,SIN
2a06:98c1:3100:e7:ce47:4340:45a1:7995,4,4,0.00,54.42,0.00,SIN
2a06:98c1:3106:ca:1748:f8ea:9202:c37f,4,4,0.00,54.42,0.00,SIN
2a06:98c1:310d:f04e:a54f:6313:3ccc:2145,4,4,0.00,54.42,0.00,SIN
2a06:98c1:3107:aee4:4f1e:bceb:487c:33b5,4,4,0.00,54.42,0.00,SIN
2a06:98c1:3101::d369:8b29,4,4,0.00,54.42,0.00,SIN
2a06:98c1:3104:f9:afe3:b6b3:25c6:a71a,4,4,0.00,54.42,0.00,SIN
2a06:98c1:3103:18fc:3e06:baaf:7e7b:8491,4,4,0.00,54.43,0.00,SIN
2a06:98c1:3108::4d4b:57e:e488,4,4,0.00,54.43,0.00,SIN
2a06:98c1:51:0:c5:aa25:ac26:8078,4,4,0.00,54.43,0.00,SIN
2a06:98c1:3103:e5b4:ffd0:38d1:9bcc:b7a7,4,4,0.00,54.43,0.00,SIN
2a06:98c1:3103:b862:43f9:2eec:9544:9f57,4,4,0.00,54.44,0.00,SIN
2a06:98c1:50:6b76:649c:36b6:a95d:b65d,4,4,0.00,54.44,0.00,SIN
2a06:98c1:3107:0:2e:73b5:d886:4c72,4,4,0.00,54.44,0.00,SIN
2a06:98c1:310b:c4:7f0f:7dcf:e68:d516,4,4,0.00,54.44,0.00,SIN
2a06:98c1:310e:c949:c27:3a64:9a3d:1c21,4,4,0.00,54.44,0.00,SIN
2400:cb00:2049:b2a5:1700:773e:49d9:95c,4,4,0.00,54.45,0.00,SIN
2a06:98c1:3107:aee4:c53e:9a81:3c7a:930f,4,4,0.00,54.45,0.00,SIN
2400:cb00:2049:0:c2:f633:171e:9608,4,4,0.00,54.45,0.00,SIN
2a06:98c1:3102::22f2,4,4,0.00,54.45,0.00,SIN
2a06:98c1:3104:cef7:cd60:3482:e50b:2931,4,4,0.00,54.45,0.00,SIN
2400:cb00:2049:2978:3861:bf70:b7c0:bc26,4,4,0.00,54.45,0.00,SIN
2a06:98c1:310b:6c:bd54:f04b:67d4:42f5,4,4,0.00,54.45,0.00,SIN
2a06:98c1:3100:3525:6fa9:f005:f71f:feea,4,4,0.00,54.46,0.00,SIN
2a06:98c1:3108:6a:b7e3:2a75:9d4e:2a11,4,4,0.00,54.46,0.00,SIN
2a06:98c1:3100:7d40:8436:8a9:a989:c0f2,4,4,0.00,54.46,0.00,SIN
2a06:98c1:310a:36:c2f5:2bbc:ecba:61e8,4,4,0.00,54.46,0.00,SIN
2a06:98c1:51:aece:8ac0:5a65:71ee:9f48,4,4,0.00,54.46,0.00,SIN
2a06:98c1:50::e3:e264:b878,4,4,0.00,54.46,0.00,SIN
2a06:98c1:51:aece:296c:a7fb:7ae1:e097,4,4,0.00,54.46,0.00,SIN
2400:cb00:2049:b2a5:f1b8:b9a6:f11a:91c8,4,4,0.00,54.47,0.00,SIN
2a06:98c1:310a:ca56:cd07:8e8e:f24b:44ba,4,4,0.00,54.47,0.00,SIN
2a06:98c1:310c:f49c:7120:342f:be22:3d7e,4,4,0.00,54.47,0.00,SIN
2a06:98c1:3102:ee60:d0fd:5188:fad5:1b7d,4,4,0.00,54.47,0.00,SIN
2a06:98c1:3105:0:53ff:e43b:bd1d:fbf2,4,4,0.00,54.47,0.00,SIN
2a06:98c1:3104:64:5769:a145:40b6:ef6c,4,4,0.00,54.47,0.00,SIN
2a06:98c1:3109:0:84:23d2:f68d:cc3,4,4,0.00,54.48,0.00,SIN
2a06:98c1:3108::5978:74bf:12f3,4,4,0.00,54.48,0.00,SIN
2a06:98c1:310a:17:1ad8:c808:ffd0:1964,4,4,0.00,54.48,0.00,SIN
2a06:98c1:50:4f1e:205c:9d79:be91:e662,4,4,0.00,54.48,0.00,SIN
2a06:98c1:3108:759c:3ab2:a2c8:99bd:9943,4,4,0.00,54.48,0.00,SIN
2a06:98c1:3101:f322:cb25:f3d2:dd10:a254,4,4,0.00,54.49,0.00,SIN
2a06:98c1:3100:7d1b:1b81:31b4:9289:e401,4,4,0.00,54.50,0.00,SIN
2a06:98c1:3106:ca:239a:b89b:cdb2:c1d1,4,4,0.00,54.50,0.00,SIN
2a06:98c1:3104:f9:afe3:b6b3:38ff:a64f,4,4,0.00,54.50,0.00,SIN
2a06:98c1:3107::a6fa:e38d:1d0e,4,4,0.00,54.50,0.00,SIN
2a06:98c1:3108:7568:4178:746b:d9f3:1a29,4,4,0.00,54.51,0.00,SIN
2a06:98c1:310d:e8:5e16:f1c1:f10a:db97,4,4,0.00,54.51,0.00,SIN
2803:f800:51:0:8034:b4d7:ee37:7dc9,4,4,0.00,54.51,0.00,SIN
2a06:98c1:310f:a8:b4d2:1750:446f:bc09,4,4,0.00,54.52,0.00,SIN
2a06:98c1:51:ae55:2d83:8e75:3a7b:55b3,4,4,0.00,54.52,0.00,SIN
2400:cb00:2049:b2a5:1700:771f:cf4:6ab5,4,4,0.00,54.52,0.00,SIN
2a06:98c1:3104:f9:2d16:4825:34b4:cd06,4,4,0.00,54.52,0.00,SIN
2a06:98c1:50:fd1d:4c41:2174:c685:2440,4,4,0.00,54.52,0.00,SIN
2400:cb00:2049:b200:61f6:e75a:5501:4ad,4,4,0.00,54.52,0.00,SIN
2a06:98c1:3104:64:caa1:841b:59ae:21b5,4,4,0.00,54.52,0.00,SIN
2a06:98c1:3105:854d:ee44:42bf:1ead:8a92,4,4,0.00,54.52,0.00,SIN
2400:cb00:2049:2929:9eaa:a647:6355:5232,4,4,0.00,54.52,0.00,SIN
2a06:98c1:310e:c949:cfa:c182:4b3d:1731,4,4,0.00,54.53,0.00,SIN
2a06:98c1:3100:7d40:8436:cb15:5798:589a,4,4,0.00,54.53,0.00,SIN
2a06:98c1:310c:14:1cfb:dc53:85a4:84cb,4,4,0.00,54.53,0.00,SIN
2a06:98c1:3109:e1:12f5:1a5a:77e4:9d50,4,4,0.00,54.53,0.00,SIN
2a06:98c1:50:f:8cdb:1b54:dde4:2c6f,4,4,0.00,54.54,0.00,SIN
2a06:98c1:3106:ca:9a85:c5aa:e132:62af,4,4,0.00,54.54,0.00,SIN
2a06:98c1:3103:c627:278b:ca86:ad2b:9058,4,4,0.00,54.54,0.00,SIN
2a06:98c1:310b:f3:6682:dda:e830:ab20,4,4,0.00,54.54,0.00,SIN
2a06:98c1:3105:854d:ee44:9515:24c5:b7a4,4,4,0.00,54.54,0.00,SIN
2a06:98c1:50:0:b0a5:2524:aeff:c966,4,4,0.00,54.54,0.00,SIN
2a06:98c1:3103:c627:278b:ca8d:e3af:73ce,4,4,0.00,54.54,0.00,SIN
2400:cb00:2049:82:1ac1:f7db:917f:87ba,4,4,0.00,54.54,0.00,SIN
2a06:98c1:51:aece:8ab9:c921:fa85:caba,4,4,0.00,54.55,0.00,SIN
2a06:98c1:50:fd1d:4ce6:b760:2234:9d0,4,4,0.00,54.55,0.00,SIN
2a06:98c1:3107:90:17b7:889c:7137:1ae6,4,4,0.00,54.56,0.00,SIN
2a06:98c1:3100:7d1b:8653:d0fc:d9c1:39a6,4,4,0.00,54.56,0.00,SIN
2a06:98c1:310e:c8:5dc2:6d6f:6ca5:837a,4,4,0.00,54.56,0.00,SIN
2803:f800:51:0:3a:6619:93c2:f4cf,4,4,0.00,54.56,0.00,SIN
2a06:98c1:50:6b31:c8ea:1419:f3d7:61d6,4,4,0.00,54.56,0.00,SIN
2a06:98c1:3103:9728:bac7:c74:7376:2a00,4,4,0.00,54.56,0.00,SIN
2a06:98c1:3104:f9:af33:6e37:ea6f:4a5d,4,4,0.00,54.56,0.00,SIN
2a06:98c1:51:ae55:a453:aa57:5044:45f,4,4,0.00,54.57,0.00,SIN
2a06:98c1:3104:0:7:6d3e:4abe:e222,4,4,0.00,54.57,0.00,SIN
2a06:98c1:50:4f1e:20be:20d9:183c:87fe,4,4,0.00,54.57,0.00,SIN
2a06:98c1:3102:ee60:d0a9:d9c9:bcdd:536c,4,4,0.00,54.57,0.00,SIN
2a06:98c1:3104:de5f:5f42:1551:1b4a:7e0e,4,4,0.00,54.57,0.00,SIN
2a06:98c1:310d:0:b4:8a0c:f388:21b3,4,4,0.00,54.57,0.00,SIN
2a06:98c1:310b:0:36c7:25f0:4179:2f2d,4,4,0.00,54.57,0.00,SIN
2a06:98c1:3103:9728:baa2:151d:7b1c:163d,4,4,0.00,54.58,0.00,SIN
2a06:98c1:51:7b:55d8:7f53:5bc5:6b0e,4,4,0.00,54.58,0.00,SIN
2a06:98c1:3104:cef7:cd60:3482:e511:bdef,4,4,0.00,54.59,0.00,SIN
2a06:98c1:310a:8d:d456:caad:5ae5:65b0,4,4,0.00,54.59,0.00,SIN
2a06:98c1:310b:7e91:9501:3f3c:aa19:847e,4,4,0.00,54.59,0.00,SIN
2a06:98c1:3102:ee60:11f6:1b9b:1cf0:fdef,4,4,0.00,54.59,0.00,SIN
2a06:98c1:3103:c627:c6c4:9375:74e:687e,4,4,0.00,54.59,0.00,SIN
2803:f800:51::d802:ceb9,4,4,0.00,54.60,0.00,SIN
2a06:98c1:310c:14:4ae8:a2af:1974:2b87,4,4,0.00,54.60,0.00,SIN
2a06:98c1:3108:0:4f24:3c24:5217:e1fa,4,4,0.00,54.60,0.00,SIN
2a06:98c1:310b:f3:6682:dda:e8f9:fa97,4,4,0.00,54.60,0.00,SIN
2a06:98c1:50:4f1e:e8d0:c753:65e4:5850,4,4,0.00,54.60,0.00,SIN
2a06:98c1:3104:64:5718:7cae:f277:b9be,4,4,0.00,54.60,0.00,SIN
2400:cb00:2049:29e6:1ce4:ae7b:75bc:c58c,4,4,0.00,54.61,0.00,SIN
2a06:98c1:50:0:915e:78f3:eef8:d6,4,4,0.00,54.61,0.00,SIN
2a06:98c1:3101::c9:1d29,4,4,0.00,54.61,0.00,SIN
2a06:98c1:3104:ce0b:a2ff:6762:5544:f268,4,4,0.00,54.61,0.00,SIN
2a06:98c1:51:aece:296c:23c8:dcbf:7566,4,4,0.00,54.61,0.00,SIN
2a06:98c1:310e:c8:5d12:9627:1abe:1770,4,4,0.00,54.61,0.00,SIN
2a06:98c1:310b:f3:dd3d:54a6:72d1:b422,4,4,0.00,54.61,0.00,SIN
2a06:98c1:3105:85a9:8619:c40f:90f9:62b2,4,4,0.00,54.62,0.00,SIN
2a06:98c1:3102:ee60:1104:4adf:5372:2553,4,4,0.00,54.62,0.00,SIN
2a06:98c1:3104:0:b63e:5c0b:b963:16aa,4,4,0.00,54.62,0.00,SIN
2a06:98c1:3102:ee60:d0a9:9611:cdb8:c64e,4,4,0.00,54.62,0.00,SIN
2a06:98c1:310c:14:4ae8:a2b0:2fee:66a9,4,4,0.00,54.62,0.00,SIN
2a06:98c1:3108:0:4f76:db5d:eec5:4bfa,4,4,0.00,54.62,0.00,SIN
2a06:98c1:3100:7d40:841d:40ae:34d6:3c5b,4,4,0.00,54.62,0.00,SIN
2a06:98c1:3103:e525:6032:3894:c64e:5b4c,4,4,0.00,54.62,0.00,SIN
2a06:98c1:3105::d791:99fe:dbc2,4,4,0.00,54.63,0.00,SIN
2a06:98c1:310c:5c:7ede:6e7:141e:60e3,4,4,0.00,54.63,0.00,SIN
2803:f800:50:f049:b3e6:320d:da19:76a4,4,4,0.00,54.63,0.00,SIN
2a06:98c1:310e:c8:5d12:3ac6:aeb8:2ecb,4,4,0.00,54.63,0.00,SIN
2400:cb00:2049:ab:1e85:443e:88fd:58aa,4,4,0.00,54.64,0.00,SIN
2a06:98c1:310b:0:77:dec:1091:da9b,4,4,0.00,54.64,0.00,SIN
2a06:98c1:3102:ee60:1104:b62:b28:eb27,4,4,0.00,54.64,0.00,SIN
2a06:98c1:3109:84ab:6113:e809:6ae4:46ce,4,4,0.00,54.64,0.00,SIN
2400:cb00:2049:b2a5:f128:165a:24cb:c3e1,4,4,0.00,54.64,0.00,SIN
2a06:98c1:310c:f49c:711d:4f84:2562:d8e7,4,4,0.00,54.64,0.00,SIN
2a06:98c1:3102:ee60:d0a9:f959:dcc8:6a6b,4,4,0.00,54.64,0.00,SIN
2a06:98c1:3104:8b:81e2:dffa:633e:20e6,4,4,0.00,54.65,0.00,SIN
2a06:98c1:310b:0:c190:d4f6:8551:ed5e,4,4,0.00,54.65,0.00,SIN
2a06:98c1:310d:f04e:d852:356b:2769:fa6b,4,4,0.00,54.65,0.00,SIN
2a06:98c1:50:6b31:116a:8baf:173b:b951,4,4,0.00,54.65,0.00,SIN
2a06:98c1:3100:7d40:8436:ab2e:ab91:2827,4,4,0.00,54.66,0.00,SIN
2a06:98c1:3107:0:7e64:2b08:ff25:16bb,4,4,0.00,54.66,0.00,SIN
2803:f800:51:d3:62bb:1df8:fb72:4cb7,4,4,0.00,54.66,0.00,SIN
2400:cb00:2049:29e6:1c93:2130:7fe4:2cba,4,4,0.00,54.66,0.00,SIN
2400:cb00:2049:82:3cb6:3e22:4d51:19c6,4,4,0.00,54.66,0.00,SIN
2a06:98c1:310c:14:1cfb:dc9d:434b:2816,4,4,0.00,54.67,0.00,SIN
2a06:98c1:3103:c627:c6d3:9053:d0b0:cb9d,4,4,0.00,54.67,0.00,SIN
2a06:98c1:3106:ca:5f84:772e:8bc3:cc5a,4,4,0.00,54.67,0.00,SIN
2a06:98c1:3103:9715:120b:5f86:fe8d:2dac,4,4,0.00,54.67,0.00,SIN
2a06:98c1:310e:0:e2:58ef:96e2:d74a,4,4,0.00,54.67,0.00,SIN
2a06:98c1:50:0:c5:31ae:8129:572c,4,4,0.00,54.67,0.00,SIN
2400:cb00:2049:b2a5:f1b8:7255:c5a2:3e90,4,4,0.00,54.67,0.00,SIN
2803:f800:51:67e1:d3d7:c283:6fe:cc65,4,4,0.00,54.67,0.00,SIN
2a06:98c1:310b:f3:d05e:42a0:e791:2e8f,4,4,0.00,54.68,0.00,SIN
2a06:98c1:310e:0:fa3c:11e8:4f68:c38f,4,4,0.00,54.68,0.00,SIN
2400:cb00:2049:2978:3861:dcfe:4468:c071,4,4,0.00,54.68,0.00,SIN
2a06:98c1:310c:d4:9478:5fa6:bb89:93b5,4,4,0.00,54.68,0.00,SIN
2400:cb00:2049:2978:3861:dcfe:39a3:7d33,4,4,0.00,54.68,0.00,SIN
2a06:98c1:310d:0:b4:8a9b:6fa4:4870,4,4,0.00,54.68,0.00,SIN
2400:cb00:2049:b2a5:f4a0:349f:a843:7e,4,4,0.00,54.69,0.00,SIN
2400:cb00:2049:b2a5:f4a0:349f:a8c5:8ceb,4,4,0.00,54.69,0.00,SIN
2a06:98c1:310b:7e91:9501:3f3c:d179:6b4e,4,4,0.00,54.69,0.00,SIN
2a06:98c1:310d:f0c3:ad7d:ba61:4cf8:d0c4,4,4,0.00,54.69,0.00,SIN
2a06:98c1:310d::13:e9f4,4,4,0.00,54.69,0.00,SIN
2a06:98c1:310b:f3:d05e:7bd4:cbbb:481,4,4,0.00,54.69,0.00,SIN
2a06:98c1:3100:0:63:6936:6943:58d,4,4,0.00,54.69,0.00,SIN
2a06:98c1:3100:3525:6fa9:f073:faa3:5155,4,4,0.00,54.69,0.00,SIN
2a06:98c1:50:6b31:c8aa:51bc:5e14:4d1b,4,4,0.00,54.70,0.00,SIN
2a06:98c1:3105:854d:ee1f:54fa:c2a:1b1b,4,4,0.00,54.70,0.00,SIN
2a06:98c1:310d:0:d3d2:b994:59f4:c085,4,4,0.00,54.70,0.00,SIN
2a06:98c1:3101:f322:d82:f625:1e16:c763,4,4,0.00,54.70,0.00,SIN
2a06:98c1:310f::ed:436d,4,4,0.00,54.70,0.00,SIN
2a06:98c1:310e:c8:84d9:35d0:5b7f:8f0b,4,4,0.00,54.70,0.00,SIN
2a06:98c1:3106:0:2288:8533:ba8c:99a4,4,4,0.00,54.70,0.00,SIN
2400:cb00:2049:ab:fd26:294:3fdd:2c0e,4,4,0.00,54.71,0.00,SIN
2a06:98c1:3104:ce0b:a2ff:738e:5bf0:44b9,4,4,0.00,54.71,0.00,SIN
2a06:98c1:3108:0:f9c7:49fa:f592:7652,4,4,0.00,54.71,0.00,SIN
2a06:98c1:310e:c949:6cd9:8be7:8e0a:1278,4,4,0.00,54.71,0.00,SIN
2a06:98c1:310b:7e91:95df:a1d3:4e48:fd52,4,4,0.00,54.71,0.00,SIN
2a06:98c1:3100:7d1b:2b3c:db0e:d11e:e15c,4,4,0.00,54.71,0.00,SIN
2a06:98c1:3103:c627:c644:f1fd:1fd6:7408,4,4,0.00,54.71,0.00,SIN
2a06:98c1:50:0:9164:fe7b:b062:81c7,4,4,0.00,54.71,0.00,SIN
2a06:98c1:3108:3a6e:9ac2:f069:8372:d756,4,4,0.00,54.72,0.00,SIN
2a06:98c1:3105:854d:3bb1:d188:99a7:7235,4,4,0.00,54.72,0.00,SIN
2a06:98c1:3105:85a9:8619:c40f:d109:1e2a,4,4,0.00,54.72,0.00,SIN
2400:cb00:2049:29e6:f2be:b29e:b6b7:8a3a,4,4,0.00,54.72,0.00,SIN
2a06:98c1:310c:f49c:71fc:369c:1515:f3e7,4,4,0.00,54.72,0.00,SIN
2400:cb00:2049:b200:6167:b0d9:8450:3db,4,4,0.00,54.72,0.00,SIN
2400:cb00:2049:ab:fd08:708d:4c3b:1931,4,4,0.00,54.72,0.00,SIN
2a06:98c1:3104:8b:a44f:7b5a:2353:afdd,4,4,0.00,54.72,0.00,SIN
2a06:98c1:310d:f0c3:ad57:4663:1cc6:ce03,4,4,0.00,54.72,0.00,SIN
2803:f800:51:379b:e50c:8ca4:52b8:8f11,4,4,0.00,54.72,0.00,SIN
2a06:98c1:3107:0:1510:fc1d:aa7:e28b,4,4,0.00,54.73,0.00,SIN
2a06:98c1:3105:0:533f:a285:7b9b:79a7,4,4,0.00,54.73,0.00,SIN
2a06:98c1:3100:7d14:928b:8012:b98f:5ccb,4,4,0.00,54.73,0.00,SIN
2400:cb00:2049:82:1a8d:754:37f1:1c30,4,4,0.00,54.73,0.00,SIN
2803:f800:51:676a:7de2:4c40:266e:105d,4,4,0.00,54.73,0.00,SIN
2a06:98c1:3108:6a:b7e3:2af0:730:608d,4,4,0.00,54.73,0.00,SIN
2a06:98c1:3108:0:f9c7:497a:5593:2a2f,4,4,0.00,54.73,0.00,SIN
2a06:98c1:3106:ca:9a85:8fe:4c6c:a6a1,4,4,0.00,54.73,0.00,SIN
2a06:98c1:3100:7d14:928b:8012:63e1:cd76,4,4,0.00,54.74,0.00,SIN
2a06:98c1:310e:c8:efc5:2f05:9248:2b6a,4,4,0.00,54.74,0.00,SIN
2803:f800:51:73fa:a342:bdc2:dd4d:4312,4,4,0.00,54.74,0.00,SIN
2a06:98c1:3103::4f69:1097:196d,4,4,0.00,54.74,0.00,SIN
2a06:98c1:3101:f3af:743f:d7e9:7c8:bb3f,4,4,0.00,54.74,0.00,SIN
2a06:98c1:3106:ca:1748:f8ea:5e0a:3281,4,4,0.00,54.74,0.00,SIN
2400:cb00:2049:b200:61f6:21dc:402b:8a24,4,4,0.00,54.74,0.00,SIN
2a06:98c1:3104:cef7:cd54:4837:86b2:b666,4,4,0.00,54.74,0.00,SIN
2400:cb00:2049:b2a5:f128:a90e:df19:5cfe,4,4,0.00,54.74,0.00,SIN
2a06:98c1:3103:9715:63e5:16d0:979:7069,4,4,0.00,54.74,0.00,SIN
2a06:98c1:50:0:bcf0:e3ea:997b:2d52,4,4,0.00,54.74,0.00,SIN
2a06:98c1:3104::d4d7:6123:1dbe,4,4,0.00,54.74,0.00,SIN
2a06:98c1:3103:c627:c645:8813:8127:c6ab,4,4,0.00,54.75,0.00,SIN
2a06:98c1:3106:8688:6307:a91a:810:92ec,4,4,0.00,54.75,0.00,SIN
2a06:98c1:3108:759c:201e:7a97:c252:bb92,4,4,0.00,54.75,0.00,SIN
2a06:98c1:310a:36:ec4b:6129:f84:2ec,4,4,0.00,54.75,0.00,SIN
2a06:98c1:50:6b31:c8ea:c101:92a9:e184,4,4,0.00,54.76,0.00,SIN
2a06:98c1:3104:deb8:dccc:4688:ba5b:76b,4,4,0.00,54.76,0.00,SIN
2a06:98c1:310c:f49c:71fc:3618:6179:99bb,4,4,0.00,54.76,0.00,SIN
2a06:98c1:310e:c949:6cd9:8be7:3ffa:5ab9,4,4,0.00,54.76,0.00,SIN
2803:f800:51:379b:e50c:a6f:5cb:4e4a,4,4,0.00,54.76,0.00,SIN
2a06:98c1:3107:ae97:429e:4f78:c9f1:df2c,4,4,0.00,54.76,0.00,SIN
2a06:98c1:50:4fa8:58f3:ff9b:1bce:b162,4,4,0.00,54.76,0.00,SIN
2a06:98c1:310d:f04e:d8a5:4fac:3ac0:fe06,4,4,0.00,54.77,0.00,SIN
2a06:98c1:3100:7d1b:8653:2d34:44e5:508e,4,4,0.00,54.77,0.00,SIN
2a06:98c1:3103:e577:34eb:bd61:2aca:ab9f,4,4,0.00,54.77,0.00,SIN
2a06:98c1:51:aece:fd54:b67b:76a6:4ef2,4,4,0.00,54.77,0.00,SIN
2a06:98c1:3104:64:caa1:af95:4440:1c5d,4,4,0.00,54.77,0.00,SIN
2a06:98c1:3100:7ded:aa50:a38a:e4e5:2f1,4,4,0.00,54.77,0.00,SIN
2a06:98c1:310e:883d:c991:db06:171e:1055,4,4,0.00,54.77,0.00,SIN
2a06:98c1:3105:85a9:8619:c452:aa6f:db0,4,4,0.00,54.77,0.00,SIN
2a06:98c1:3108:3a6e:9ac2:f069:8389:1c1,4,4,0.00,54.78,0.00,SIN
2a06:98c1:50:4f1e:a4a0:cd46:d452:1bb8,4,4,0.00,54.78,0.00,SIN
2a06:98c1:3106:0:9:edc:1898:97c6,4,4,0.00,54.78,0.00,SIN
2a06:98c1:3104:0:b63e:a8fd:d114:af4c,4,4,0.00,54.79,0.00,SIN
2a06:98c1:310d:0:b4:6ecf:6f54:9629,4,4,0.00,54.79,0.00,SIN
2a06:98c1:310a:36:ec4b:6155:42b6:7c2,4,4,0.00,54.79,0.00,SIN
2a06:98c1:3109:e1:12f5:3618:b105:b77f,4,4,0.00,54.79,0.00,SIN
2a06:98c1:310b:f3:6682:dda:c7ce:ae8f,4,4,0.00,54.80,0.00,SIN
2a06:98c1:3108:0:d3:cc73:5bca:798,4,4,0.00,54.80,0.00,SIN
2a06:98c1:3102:4e68:d375:8136:e999:cae2,4,4,0.00,54.80,0.00,SIN
2a06:98c1:310d:f04e:3b41:bd59:dcb2:25aa,4,4,0.00,54.80,0.00,SIN
2a06:98c1:3104:8b:a44f:7bf0:1fc6:2ab2,4,4,0.00,54.80,0.00,SIN
2a06:98c1:3102:ee60:1104:4adf:53d3:d2ef,4,4,0.00,54.80,0.00,SIN
2a06:98c1:3103:e577:39a2:5020:75a9:6ae8,4,4,0.00,54.80,0.00,SIN
2a06:98c1:310c:14:4ae8:a213:c26a:f293,4,4,0.00,54.80,0.00,SIN
2a06:98c1:3102:4e68:d314:b1be:3bd1:d359,4,4,0.00,54.81,0.00,SIN
2803:f800:50:0:e77b:5193:9768:abfe,4,4,0.00,54.81,0.00,SIN
2a06:98c1:51:ae55:2d58:6843:7ac0:90c1,4,4,0.00,54.81,0.00,SIN
2803:f800:51:379b:e55c:cfa8:cd2b:cb99,4,4,0.00,54.81,0.00,SIN
2a06:98c1:50:0:b0a5:2524:aee4:3713,4,4,0.00,54.81,0.00,SIN
2a06:98c1:3100:0:fa45:4dd5:90f4:cfc2,4,4,0.00,54.81,0.00,SIN
2a06:98c1:310b:0:3607:7866:6130:1faa,4,4,0.00,54.81,0.00,SIN
2a06:98c1:50:74:4ed1:8bc:f85b:e24c,4,4,0.00,54.82,0.00,SIN
2a06:98c1:3107:b7b8:a084:4742:91a3:3c4,4,4,0.00,54.82,0.00,SIN
2a06:98c1:310d::e1d3:7a60:83a4,4,4,0.00,54.82,0.00,SIN
2a06:98c1:3100:0:9f:6331:1cfd:833d,4,4,0.00,54.82,0.00,SIN
2a06:98c1:51:0:c5:aa25:b5e4:1348,4,4,0.00,54.82,0.00,SIN
2a06:98c1:3103:9715:1212:efca:b085:cffd,4,4,0.00,54.82,0.00,SIN
2a06:98c1:3104:64:578f:2e5f:d7f0:fc5b,4,4,0.00,54.82,0.00,SIN
2a06:98c1:3104:64:578f:ec20:3ded:da1b,4,4,0.00,54.82,0.00,SIN
2a06:98c1:3103:b862:c39:9e94:7be9:4b7f,4,4,0.00,54.83,0.00,SIN
2a06:98c1:3101:f322:d54:c880:6dbe:d978,4,4,0.00,54.83,0.00,SIN
2400:cb00:2049:ab:1e85:f39a:6ae5:50a9,4,4,0.00,54.83,0.00,SIN
2a06:98c1:3103:e577:34eb:bd61:e3be:93a0,4,4,0.00,54.83,0.00,SIN
2a06:98c1:3109:84ab:6113:e809:6a68:525f,4,4,0.00,54.83,0.00,SIN
2a06:98c1:3106:8688:7a:e649:c333:2636,4,4,0.00,54.83,0.00,SIN
2a06:98c1:310e:c949:6c24:e85c:adb9:fe86,4,4,0.00,54.84,0.00,SIN
2a06:98c1:51:aece:fdcf:2f8a:b20c:a790,4,4,0.00,54.84,0.00,SIN
2a06:98c1:3108:3a6e:9ac2:f069:fd13:69e2,4,4,0.00,54.84,0.00,SIN
2a06:98c1:50:6b31:c8aa:5156:9244:8466,4,4,0.00,54.84,0.00,SIN
2a06:98c1:310a:36:ecdf:aec3:1489:2a58,4,4,0.00,54.84,0.00,SIN
2a06:98c1:310a:36:ecdf:ae5f:6f1a:abb8,4,4,0.00,54.84,0.00,SIN
2803:f800:50:f049:b256:d94b:8315:681a,4,4,0.00,54.84,0.00,SIN
2a06:98c1:51:aece:fd54:1cd6:8a94:3f0,4,4,0.00,54.84,0.00,SIN
2a06:98c1:310e:8876:a784:8be8:714c:2c93,4,4,0.00,54.84,0.00,SIN
2400:cb00:2049:b2a5:1700:773e:a9c4:3ce9,4,4,0.00,54.84,0.00,SIN
2a06:98c1:3101:f322:d82:f625:8992:52ef,4,4,0.00,54.84,0.00,SIN
2a06:98c1:3101:f322:d54:6af8:6b1e:cdd0,4,4,0.00,54.84,0.00,SIN
2a06:98c1:3108::9cba:5f85:8ae3,4,4,0.00,54.85,0.00,SIN
2400:cb00:2049:b200:6167:b092:d7a5:6c9,4,4,0.00,54.85,0.00,SIN
2a06:98c1:3100:3525:6f42:7d8c:bbeb:d64,4,4,0.00,54.85,0.00,SIN
2a06:98c1:50:4f1e:e868:6eb:40ed:d4dc,4,4,0.00,54.85,0.00,SIN
2a06:98c1:3103:9728:4a8:5be2:5a24:22cf,4,4,0.00,54.85,0.00,SIN
2a06:98c1:50:6b31:116a:1eb3:d31:2d47,4,4,0.00,54.85,0.00,SIN
2a06:98c1:3105:8523:2e11:a9a2:fbb5:5860,4,4,0.00,54.86,0.00,SIN
2a06:98c1:3108:3a6e:9a57:24e:e033:56b5,4,4,0.00,54.86,0.00,SIN
2a06:98c1:310b:f3:d05e:b438:68e5:29d5,4,4,0.00,54.86,0.00,SIN
2a06:98c1:51:aece:fd54:cc39:5c89:9502,4,4,0.00,54.86,0.00,SIN
2a06:98c1:3106:0:2288:4895:e2a0:4032,4,4,0.00,54.87,0.00,SIN
2a06:98c1:310a:36:c2f5:2bbc:7d3:75c8,4,4,0.00,54.87,0.00,SIN
2a06:98c1:3103:9715:63e5:16d0:911:4121,4,4,0.00,54.87,0.00,SIN
2a06:98c1:3103::4f69:d864:e9c,4,4,0.00,54.87,0.00,SIN
2a06:98c1:3103:7d22:cecd:f32f:9825:aee6,4,4,0.00,54.87,0.00,SIN
2a06:98c1:50:4f1e:20be:ce00:5585:bbc1,4,4,0.00,54.87,0.00,SIN
2803:f800:51:73fa:a342:bd9c:2bb8:d62b,4,4,0.00,54.87,0.00,SIN
2a06:98c1:3108:3a23:83e0:b0d8:6e12:8979,4,4,0.00,54.88,0.00,SIN
2a06:98c1:3100:7d1b:8653:3c71:2b85:995a,4,4,0.00,54.88,0.00,SIN
2a06:98c1:310d:f04e:3bef:871d:a53e:c344,4,4,0.00,54.88,0.00,SIN
2a06:98c1:310c:d4:309e:fcf6:23a6:6b92,4,4,0.00,54.88,0.00,SIN
2a06:98c1:3104:ce0b:a2ff:738e:ff9c:72a3,4,4,0.00,54.88,0.00,SIN
2400:cb00:2049:29e6:f2be:b29e:dea4:57f0,4,4,0.00,54.88,0.00,SIN
2a06:98c1:3103:e577:34eb:bd61:2a65:95a5,4,4,0.00,54.88,0.00,SIN
2a06:98c1:310d:0:c94:426a:d3ab:1331,4,4,0.00,54.89,0.00,SIN
2a06:98c1:3100:e7:8597:543f:4380:8f5f,4,4,0.00,54.89,0.00,SIN
2a06:98c1:50:4fa8:58f3:f1d0:5688:af2c,4,4,0.00,54.89,0.00,SIN
2a06:98c1:3103:b862:43f9:7181:7cd0:dbf0,4,4,0.00,54.89,0.00,SIN
2a06:98c1:310d:f04e:3b25:f7f:fbb1:431b,4,4,0.00,54.89,0.00,SIN
2803:f800:51:d3:f328:16d3:79b0:cb96,4,4,0.00,54.89,0.00,SIN
2400:cb00:2049:ab:1e85:e5b0:188f:3f5e,4,4,0.00,54.89,0.00,SIN
2a06:98c1:310b:6c:bd54:f04b:6708:2261,4,4,0.00,54.90,0.00,SIN
2a06:98c1:3102:ee60:11f6:c961:8677:15a5,4,4,0.00,54.90,0.00,SIN
2a06:98c1:3107:aee4:4f1e:bcdf:9988:9857,4,4,0.00,54.91,0.00,SIN
2a06:98c1:3107:ae97:429e:4f91:762b:d686,4,4,0.00,54.91,0.00,SIN
2a06:98c1:3109:e1:12f5:1a71:b63d:a992,4,4,0.00,54.91,0.00,SIN
2a06:98c1:3109:e1:12e9:3ad3:91ad:6266,4,4,0.00,54.92,0.00,SIN
2400:cb00:2049::5772:4a4:4368,4,4,0.00,54.92,0.00,SIN
2a06:98c1:3100::a05c:7012,4,4,0.00,54.92,0.00,SIN
2a06:98c1:3109:8481:c37f:fa71:7391:60f8,4,4,0.00,54.92,0.00,SIN
2a06:98c1:3104:de5f:5fdb:ece7:2399:1a47,4,4,0.00,54.92,0.00,SIN
2400:cb00:2049:29e6:1c93:a53b:f936:fdef,4,4,0.00,54.93,0.00,SIN
2a06:98c1:310e:c9e4:2170:3ae:ab11:9a3e,4,4,0.00,54.93,0.00,SIN
2a06:98c1:50:fdfe:95d:ca06:f4e8:643f,4,4,0.00,54.93,0.00,SIN
2a06:98c1:50:6b31:116a:8baf:17af:e9d4,4,4,0.00,54.93,0.00,SIN
2a06:98c1:3106:ca:9a85:86cc:b467:ea79,4,4,0.00,54.93,0.00,SIN
2a06:98c1:310b:7e91:730a:999d:f126:ad9c,4,4,0.00,54.93,0.00,SIN
2a06:98c1:3108:3a23:83e0:b0e1:f834:d25,4,4,0.00,54.94,0.00,SIN
2803:f800:50:0:e71c:71f6:66a:fea5,4,4,0.00,54.94,0.00,SIN
2a06:98c1:3108:0:4f24:3cb1:6abf:2f30,4,4,0.00,54.94,0.00,SIN
2a06:98c1:50:0:913b:c7a:d707:5efc,4,4,0.00,54.94,0.00,SIN
2a06:98c1:3105:85a9:8619:7f8f:4030:8774,4,4,0.00,54.94,0.00,SIN
2a06:98c1:3101:f322:cb6d:c8b1:f085:e93d,4,4,0.00,54.94,0.00,SIN
2a06:98c1:3104:de5f:5fdb:2532:b9f2:18c5,4,4,0.00,54.95,0.00,SIN
2a06:98c1:3104:cef7:cd60:de93:60f6:b6f9,4,4,0.00,54.95,0.00,SIN
2a06:98c1:3107::a615:e1a8:c73,4,4,0.00,54.95,0.00,SIN
2a06:98c1:50:6b31:c14f:ab6d:faa8:2ae7,4,4,0.00,54.95,0.00,SIN
2a06:98c1:50:fd1d:4c41:1f2f:955e:383b,4,4,0.00,54.95,0.00,SIN
2400:cb00:2049:b200:6167:b092:4ae9:2cfd,4,4,0.00,54.96,0.00,SIN
2a06:98c1:3108:759c:209e:8b7c:b9f0:4639,4,4,0.00,54.96,0.00,SIN
2a06:98c1:3101:0:bcad:4621:feaa:d06,4,4,0.00,54.96,0.00,SIN
2a06:98c1:3108::5978:f3c0:580d,4,4,0.00,54.96,0.00,SIN
2a06:98c1:310d:f04e:a536:8391:df27:1c0e,4,4,0.00,54.96,0.00,SIN
2a06:98c1:3101:f322:d82:f625:531e:f1f8,4,4,0.00,54.96,0.00,SIN
2a06:98c1:3103:b862:4302:13b5:78bb:6a80,4,4,0.00,54.96,0.00,SIN
2a06:98c1:3103:b862:c39:9e94:d947:c237,4,4,0.00,54.96,0.00,SIN
2a06:98c1:50:4f1e:a4a0:44cf:959b:246e,4,4,0.00,54.97,0.00,SIN
2a06:98c1:3103:e577:343b:799d:e30b:a567,4,4,0.00,54.97,0.00,SIN
2a06:98c1:310a:36:ecdf:ae5f:6fda:5258,4,4,0.00,54.97,0.00,SIN
2a06:98c1:3100:7ded:aaa3:5248:92ef:2201,4,4,0.00,54.97,0.00,SIN
2400:cb00:2049:29e6:1c93:2130:7fa6:5b46,4,4,0.00,54.97,0.00,SIN
2a06:98c1:3109:8481:5f9f:d585:6da6:d955,4,4,0.00,54.97,0.00,SIN
2400:cb00:2049:2978:3861:dc17:8ca:b12b,4,4,0.00,54.98,0.00,SIN
2400:cb00:2049:2978:3861:dc17:8ccc:b473,4,4,0.00,54.98,0.00,SIN
2a06:98c1:3104:f9:8f79:21ba:1daf:f062,4,4,0.00,54.98,0.00,SIN
2a06:98c1:50:0:b0a5:dea7:7f45:f883,4,4,0.00,54.98,0.00,SIN
2a06:98c1:3101:0:bcad:ca6c:1f40:6857,4,4,0.00,54.98,0.00,SIN
2a06:98c1:310c:0:78:4fef:ce2a:e04f,4,4,0.00,54.98,0.00,SIN
2400:cb00:2049:29e6:1c9b:e58a:38a4:a73b,4,4,0.00,54.99,0.00,SIN
2a06:98c1:50:0:bcf0:6939:9a6:8a90,4,4,0.00,54.99,0.00,SIN
2a06:98c1:3103:e5b4:ff7b:13df:ea20:b1f2,4,4,0.00,54.99,0.00,SIN
2a06:98c1:310c:f49c:71fc:e0d8:c603:a0fc,4,4,0.00,54.99,0.00,SIN
2a06:98c1:3100:0:c6c4:4e9f:82bc:63b5,4,4,0.00,54.99,0.00,SIN
2a06:98c1:50:0:b0a5:51fe:a8:9802,4,4,0.00,54.99,0.00,SIN
2a06:98c1:310b:f3:d05e:7bd4:372f:9f4a,4,4,0.00,54.99,0.00,SIN
2400:cb00:2049:ab:1e85:f39e:ed02:35a5,4,4,0.00,55.00,0.00,SIN
2a06:98c1:310d:0:b4:2812:998a:f074,4,4,0.00,55.00,0.00,SIN
2a06:98c1:310d:e8:5e6a:4817:f76c:1338,4,4,0.00,55.00,0.00,SIN
2a06:98c1:50:6b76:649c:36b6:3600:f35f,4,4,0.00,55.00,0.00,SIN
2400:cb00:2049:ab:fd26:28b4:a0cf:6bbb,4,4,0.00,55.00,0.00,SIN
2400:cb00:2049:b2a5:f1b8:b967:205b:7aac,4,4,0.00,55.00,0.00,SIN
2803:f800:50:85:2838:d591:6780:f2ea,4,4,0.00,55.01,0.00,SIN
2a06:98c1:51:ae55:2d83:8e75:3a89:8bd2,4,4,0.00,55.01,0.00,SIN
2a06:98c1:3106:0:98:f0bb:49be:efd8,4,4,0.00,55.01,0.00,SIN
2a06:98c1:3105:854d:eede:e692:d266:a7d,4,4,0.00,55.01,0.00,SIN
2a06:98c1:51:aece:8ac0:5a65:711d:3f83,4,4,0.00,55.01,0.00,SIN
2a06:98c1:3104:de5f:5f42:15b6:426a:8501,4,4,0.00,55.01,0.00,SIN
2400:cb00:2049:29e6:f2be:b6e6:8e56:9fc5,4,4,0.00,55.01,0.00,SIN
2a06:98c1:51:aece:fd54:cc39:5ce7:6c71,4,4,0.00,55.01,0.00,SIN
2a06:98c1:50:6b31:c8ea:14e9:e10c:3c09,4,4,0.00,55.02,0.00,SIN
2a06:98c1:3100:7d40:b2bd:68d3:74fa:292b,4,4,0.00,55.02,0.00,SIN
2a06:98c1:310d:e8:5e16:f177:cb2c:ca1b,4,4,0.00,55.02,0.00,SIN
2a06:98c1:310a:17:1a6b:4aa2:1db0:387c,4,4,0.00,55.02,0.00,SIN
2a06:98c1:310c:eb:4a53:4d45:f1d:569d,4,4,0.00,55.02,0.00,SIN
2a06:98c1:310f:0:69ac:a211:14ba:a6ee,4,4,0.00,55.02,0.00,SIN
2a06:98c1:3105:0:53ff:e4a0:beab:1cfd,4,4,0.00,55.02,0.00,SIN
2a06:98c1:310e:c8:84d9:3503:e0da:e21e,4,4,0.00,55.02,0.00,SIN
2a06:98c1:310e:c8:5d12:6f37:8079:33b0,4,4,0.00,55.02,0.00,SIN
2a06:98c1:3107:ae97:426a:301f:f1a1:7582,4,4,0.00,55.03,0.00,SIN
2a06:98c1:310b:f3:dd3d:5479:745e:d30b,4,4,0.00,55.03,0.00,SIN
2a06:98c1:3108:759c:3ab2:3497:379f:5c3d,4,4,0.00,55.03,0.00,SIN
2a06:98c1:3100:7d1b:8653:3c71:52ac:9788,4,4,0.00,55.03,0.00,SIN
2a06:98c1:3104:64:578f:ecbf:2488:4715,4,4,0.00,55.03,0.00,SIN
2a06:98c1:310d:f0c3:ad57:b843:d46b:e201,4,4,0.00,55.03,0.00,SIN
2400:cb00:2049:b200:48f9:6c36:f1a1:15a5,4,4,0.00,55.03,0.00,SIN
2803:f800:51:0:3a:669c:40c:de16,4,4,0.00,55.03,0.00,SIN
2a06:98c1:3103:7d40:b43e:a6e9:b91e:43ae,4,4,0.00,55.03,0.00,SIN
2a06:98c1:310b:7e91:9501:3f3c:aa84:925f,4,4,0.00,55.03,0.00,SIN
2a06:98c1:3103:b862:c39:62a0:947f:ba2f,4,4,0.00,55.04,0.00,SIN
2803:f800:51:731b:a90e:5e47:22ba:6681,4,4,0.00,55.04,0.00,SIN
2a06:98c1:310c:5c:7e38:bd99:2414:852,4,4,0.00,55.04,0.00,SIN
2a06:98c1:3100:0:fa45:b259:59d0:94e4,4,4,0.00,55.04,0.00,SIN
2803:f800:50:0:e77b:b538:bb26:9011,4,4,0.00,55.04,0.00,SIN
2a06:98c1:3103:9728:baa2:151a:1772:74ef,4,4,0.00,55.05,0.00,SIN
2400:cb00:2049:b200:6167:b03a:2c1b:1a,4,4,0.00,55.05,0.00,SIN
2a06:98c1:310b:f3:d042:d633:9d89:b04d,4,4,0.00,55.05,0.00,SIN
2a06:98c1:3103:e5b4:ff7b:2fc5:2fd6:2d2d,4,4,0.00,55.05,0.00,SIN
2a06:98c1:51:ae55:2d58:a229:9852:7010,4,4,0.00,55.05,0.00,SIN
2803:f800:51:73fa:a342:bdc2:dd72:6188,4,4,0.00,55.06,0.00,SIN
2400:cb00:2049:2978:38b3:4e7f:e65d:ca49,4,4,0.00,55.06,0.00,SIN
2a06:98c1:3103:e577:3997:7dee:97ca:e415,4,4,0.00,55.06,0.00,SIN
2a06:98c1:310e:0:e2:58ef:a916:92d9,4,4,0.00,55.06,0.00,SIN
2a06:98c1:310a::4e26,4,4,0.00,55.07,0.00,SIN
2803:f800:51:0:7f:812:50ef:8f3e,4,4,0.00,55.07,0.00,SIN
2a06:98c1:310b:c4:7fb6:5b6a:a270:3af2,4,4,0.00,55.07,0.00,SIN
2a06:98c1:3108:6a:b7e3:2af0:ccf2:ec72,4,4,0.00,55.07,0.00,SIN
2a06:98c1:3104:f9:2d16:22e1:1a9b:7bb2,4,4,0.00,55.07,0.00,SIN
2a06:98c1:3103:e5b4:15bb:c6c0:4002:50fa,4,4,0.00,55.07,0.00,SIN
2a06:98c1:3108:0:4f76:5e3b:d2db:2527,4,4,0.00,55.08,0.00,SIN
2803:f800:51::cd5e:1412:8c9c,4,4,0.00,55.08,0.00,SIN
2a06:98c1:310c:f49c:7120:3797:93c1:89ea,4,4,0.00,55.08,0.00,SIN
2400:cb00:2049:29e6:88da:290c:e5d0:1f57,4,4,0.00,55.08,0.00,SIN
2a06:98c1:310b:0:3607:7866:c2d1:bc6,4,4,0.00,55.08,0.00,SIN
2a06:98c1:3108:0:f9fd:4f48:a5ee:9ac9,4,4,0.00,55.08,0.00,SIN
2400:cb00:2049:29e6:f288:f5ee:811f:3dfa,4,4,0.00,55.08,0.00,SIN
2803:f800:51:73fa:bf17:7255:bf07:83d4,4,4,0.00,55.08,0.00,SIN
2a06:98c1:310a::85:1263,4,4,0.00,55.08,0.00,SIN
2a06:98c1:3105:85a9:71c:b5d1:9607:6042,4,4,0.00,55.08,0.00,SIN
2a06:98c1:310d:0:c94:42bc:2582:b99c,4,4,0.00,55.09,0.00,SIN
2a06:98c1:310e:c949:6cd9:8be7:8eb2:69ac,4,4,0.00,55.09,0.00,SIN
2a06:98c1:50:0:bcf0:6939:9d6:605c,4,4,0.00,55.09,0.00,SIN
2a06:98c1:50:74:9d4b:25fc:63cc:d6b4,4,4,0.00,55.09,0.00,SIN
2a06:98c1:3102:ee60:d044:75a4:1243:a5be,4,4,0.00,55.10,0.00,SIN
2a06:98c1:310a:36:c2f5:c830:3e97:ac83,4,4,0.00,55.10,0.00,SIN
2a06:98c1:310c:eb:df51:35c6:b60:b906,4,4,0.00,55.10,0.00,SIN
2a06:98c1:3106:86ad:af47:a38a:3000:d17a,4,4,0.00,55.10,0.00,SIN
2a06:98c1:3105:0:fb:1998:1394:d99f,4,4,0.00,55.10,0.00,SIN
2a06:98c1:3103:18fc:3e2e:2bd3:a87:2220,4,4,0.00,55.10,0.00,SIN
2a06:98c1:3106:86ad:f637:621:c5e8:396d,4,4,0.00,55.10,0.00,SIN
2a06:98c1:50:4f1e:205c:9d79:be53:d92a,4,4,0.00,55.10,0.00,SIN
2a06:98c1:3107:aee4:4f1e:bc5e:dcd1:cf7e,4,4,0.00,55.10,0.00,SIN
2a06:98c1:310c:f49c:7120:3797:3e43:8541,4,4,0.00,55.10,0.00,SIN
2a06:98c1:50:0:bcf0:69d5:9577:62cb,4,4,0.00,55.10,0.00,SIN
2a06:98c1:3102:0:f1ca:71d9:a935:8b90,4,4,0.00,55.10,0.00,SIN
2a06:98c1:3109:8481:5f9f:d578:e6b1:3067,4,4,0.00,55.10,0.00,SIN
2803:f800:51:379b:e55c:15c8:6bfe:3088,4,4,0.00,55.10,0.00,SIN
2a06:98c1:310b:0:c0fa:4444:1351:9f3a,4,4,0.00,55.10,0.00,SIN
2a06:98c1:3108:6a:b7e3:2a75:c8b5:44bc,4,4,0.00,55.11,0.00,SIN
2a06:98c1:3105:0:533f:d37:b83a:d3a1,4,4,0.00,55.11,0.00,SIN
2a06:98c1:310d:0:c94:42bc:5466:bfac,4,4,0.00,55.11,0.00,SIN
2a06:98c1:3104:64:caa1:84b2:1299:6cb7,4,4,0.00,55.11,0.00,SIN
2a06:98c1:3100:7ded:aa50:a382:f0a6:7fb,4,4,0.00,55.11,0.00,SIN
2a06:98c1:3100:0:9f:63fb:d864:4cd1,4,4,0.00,55.11,0.00,SIN
2a06:98c1:3100:7d1b:1bd8:572e:6a7e:a74d,4,4,0.00,55.11,0.00,SIN
2a06:98c1:3103:9728:f49b:cb7d:9efd:18c1,4,4,0.00,55.11,0.00,SIN
2a06:98c1:310c:5c:326e:19df:b2be:fb5f,4,4,0.00,55.11,0.00,SIN
2400:cb00:2049:b200:61f6:21dc:4001:7c10,4,4,0.00,55.12,0.00,SIN
2a06:98c1:310a:0:ed:81c0:7975:c456,4,4,0.00,55.12,0.00,SIN
2a06:98c1:3103:c627:2788:43c5:d546:ef82,4,4,0.00,55.12,0.00,SIN
2a06:98c1:3103:9728:f49b:cbef:ec4d:65c4,4,4,0.00,55.13,0.00,SIN
2a06:98c1:3103:9728:f49b:cbef:ece5:1fa,4,4,0.00,55.13,0.00,SIN
2a06:98c1:310b:f3:d065:aca5:8ab4:1ab0,4,4,0.00,55.13,0.00,SIN
2400:cb00:2049:b2a5:f128:165a:54d4:969f,4,4,0.00,55.13,0.00,SIN
2803:f800:51:379b:e55c:15c8:a6e4:86c0,4,4,0.00,55.13,0.00,SIN
2a06:98c1:50:0:91b6:4af3:c4bb:2b1b,4,4,0.00,55.13,0.00,SIN
2a06:98c1:3108:759c:3ab2:a2c8:de62:6f,4,4,0.00,55.13,0.00,SIN
2400:cb00:2049:ab:fd26:28b4:fe7e:acf2,4,4,0.00,55.13,0.00,SIN
2a06:98c1:3101:0:9ae7:e459:a21a:de3a,4,4,0.00,55.13,0.00,SIN
2803:f800:51:379b:e50c:8c41:1d24:1982,4,4,0.00,55.13,0.00,SIN
2a06:98c1:3105:854d:3bb1:3ec5:1d7d:30a1,4,4,0.00,55.13,0.00,SIN
2a06:98c1:3100:0:41:b5b5:922a:6a48,4,4,0.00,55.13,0.00,SIN
2400:cb00:2049:b2a5:f128:7342:d23f:c1d9,4,4,0.00,55.13,0.00,SIN
2a06:98c1:50:6b31:116a:1eb3:ee70:5002,4,4,0.00,55.13,0.00,SIN
2a06:98c1:3106:8688:63d2:5b31:cfcb:8bb9,4,4,0.00,55.13,0.00,SIN
2a06:98c1:50:74:4ed1:8bc:f812:8c41,4,4,0.00,55.13,0.00,SIN
2a06:98c1:310a:36:c28f:42e6:925c:c5f0,4,4,0.00,55.13,0.00,SIN
2a06:98c1:310c:14:ee71:1f3:aecf:b739,4,4,0.00,55.13,0.00,SIN
2a06:98c1:310b:0:365f:aa7:95:a46f,4,4,0.00,55.13,0.00,SIN
2a06:98c1:3108:0:f917:2029:df0d:2909,4,4,0.00,55.13,0.00,SIN
2a06:98c1:310b:f3:d06a:e40d:6f51:f7a3,4,4,0.00,55.13,0.00,SIN
2a06:98c1:3105:b1:501a:d7be:f0f1:aef,4,4,0.00,55.13,0.00,SIN
2400:cb00:2049:b200:61f6:21dc:4e79:58c7,4,4,0.00,55.13,0.00,SIN
2a06:98c1:310e:c9e4:2170:3ae:2b80:472b,4,4,0.00,55.14,0.00,SIN
2400:cb00:2049:82:1a8d:8cc5:50fb:5211,4,4,0.00,55.14,0.00,SIN
2a06:98c1:50:4fa8:58f3:f1d0:7b0f:8e41,4,4,0.00,55.14,0.00,SIN
2a06:98c1:50:fd1d:4d65:ddd4:a7c7:6334,4,4,0.00,55.14,0.00,SIN
2a06:98c1:3107::a6fa:821d:c5a5,4,4,0.00,55.14,0.00,SIN
2a06:98c1:3106:0:6f:1fc4:108a:4237,4,4,0.00,55.14,0.00,SIN
2a06:98c1:50:d5:5928:85a3:9f4c:3bb3,4,4,0.00,55.14,0.00,SIN
2a06:98c1:3109:8481:c37f:5e40:60fe:bcdc,4,4,0.00,55.14,0.00,SIN
2803:f800:50:f049:b256:e85d:438d:51b9,4,4,0.00,55.14,0.00,SIN
2400:cb00:2049:b2a5:f4a0:cb8:9ad7:7bc3,4,4,0.00,55.14,0.00,SIN
2a06:98c1:3103:c627:278b:ca8d:7535:d8a4,4,4,0.00,55.14,0.00,SIN
2a06:98c1:310e:c9e4:2107:1134:8619:5314,4,4,0.00,55.14,0.00,SIN
2a06:98c1:3101:f3af:743f:6ec:9296:4631,4,4,0.00,55.14,0.00,SIN
2a06:98c1:3103:9715:63e5:1661:c1d5:930e,4,4,0.00,55.14,0.00,SIN
2a06:98c1:50:6b76:649c:65f7:4be6:dddd,4,4,0.00,55.14,0.00,SIN
2a06:98c1:3100:7d40:8436:cb7e:2b16:96d7,4,4,0.00,55.15,0.00,SIN
2a06:98c1:51:7b:557f:eba5:df6d:3c3,4,4,0.00,55.15,0.00,SIN
2a06:98c1:3104:0:7:6d3e:f184:db8b,4,4,0.00,55.15,0.00,SIN
2a06:98c1:310a:36:414d:5e49:3d1d:29b3,4,4,0.00,55.15,0.00,SIN
2a06:98c1:310d:f04e:fb9e:143e:eca4:84d5,4,4,0.00,55.15,0.00,SIN
2a06:98c1:310f:0:d503:b41a:5d34:72a2,4,4,0.00,55.15,0.00,SIN
2400:cb00:2049::e600:18ab:e80e,4,4,0.00,55.15,0.00,SIN
2400:cb00:2049:82:3cb6:f92b:ad5d:a43b,4,4,0.00,55.15,0.00,SIN
2a06:98c1:3103:9715:120b:aea9:65d:743,4,4,0.00,55.15,0.00,SIN
2a06:98c1:310a:36:ecce:712:5d2b:2f,4,4,0.00,55.16,0.00,SIN
2a06:98c1:3107:ae97:426a:30ce:8c67:5f11,4,4,0.00,55.16,0.00,SIN
2a06:98c1:310f::29:854c:16ca,4,4,0.00,55.16,0.00,SIN
2803:f800:50:f049:b339:935d:10de:42be,4,4,0.00,55.16,0.00,SIN
2a06:98c1:3105:8523:aa19:9168:bf3e:7ae6,4,4,0.00,55.16,0.00,SIN
2a06:98c1:50:0:bcf0:e33c:c58:d0b0,4,4,0.00,55.16,0.00,SIN
2a06:98c1:3106:6c:c7b:45ff:7fe4:f0f7,4,4,0.00,55.16,0.00,SIN
2a06:98c1:3103:e577:2ffa:7b50:f498:163c,4,4,0.00,55.16,0.00,SIN
2a06:98c1:3102:0:de:ae3b:9dab:2a0a,4,4,0.00,55.16,0.00,SIN
2a06:98c1:310d:0:cd8:784f:9e57:e695,4,4,0.00,55.17,0.00,SIN
2a06:98c1:3102:4e68:60d9:23a5:2dfc:6961,4,4,0.00,55.17,0.00,SIN
2a06:98c1:3108:7568:4178:746b:a3ff:9624,4,4,0.00,55.17,0.00,SIN
2a06:98c1:3104:ce0b:a2ac:aaa8:a8b7:9121,4,4,0.00,55.17,0.00,SIN
2a06:98c1:50:6b76:649c:6507:d70d:9037,4,4,0.00,55.17,0.00,SIN
2400:cb00:2049:29e6:1c9b:e58a:d2a6:9d42,4,4,0.00,55.17,0.00,SIN
2400:cb00:2049::40:19a1,4,4,0.00,55.17,0.00,SIN
2a06:98c1:3104:ce0b:d740:c2e2:6337:610d,4,4,0.00,55.17,0.00,SIN
2a06:98c1:310c:5c:7ede:c435:15b4:f40c,4,4,0.00,55.17,0.00,SIN
2a06:98c1:3107:aee4:6f92:2f21:5cfc:6765,4,4,0.00,55.17,0.00,SIN
2803:f800:50::ed:15c1:6cef,4,4,0.00,55.17,0.00,SIN
2a06:98c1:3109:0:1c91:603e:242d:990,4,4,0.00,55.17,0.00,SIN
2a06:98c1:3100:7d1b:1b81:3199:82c:beac,4,4,0.00,55.17,0.00,SIN
2a06:98c1:310e:c949:cfa:c191:4e36:95ee,4,4,0.00,55.18,0.00,SIN
2a06:98c1:310f:0:d01d:6ff5:607d:2756,4,4,0.00,55.18,0.00,SIN
2a06:98c1:310c:eb:4a53:4d8a:7aee:3d9f,4,4,0.00,55.18,0.00,SIN
2a06:98c1:3103:e577:397b:bb00:4d66:9af0,4,4,0.00,55.18,0.00,SIN
2a06:98c1:310a:17:b383:b621:7aad:e341,4,4,0.00,55.18,0.00,SIN
2a06:98c1:3102:4e68:39ab:99b4:4940:9e3a,4,4,0.00,55.18,0.00,SIN
2400:cb00:2049:b2a5:1700:77e3:9a00:9141,4,4,0.00,55.18,0.00,SIN
2a06:98c1:50:4fa8:58f3:f10f:f3e:6e6a,4,4,0.00,55.18,0.00,SIN
2a06:98c1:3103:c627:c6d3:90e7:d2b:1111,4,4,0.00,55.19,0.00,SIN
2a06:98c1:3109::b7a3:7db,4,4,0.00,55.19,0.00,SIN
2a06:98c1:3108::9cba:5f46:663f,4,4,0.00,55.19,0.00,SIN
2a06:98c1:3102:ee60:d0fd:5134:c47e:1de9,4,4,0.00,55.19,0.00,SIN
2a06:98c1:3109:0:84:23be:14e7:3e5b,4,4,0.00,55.19,0.00,SIN
2a06:98c1:310b:0:c00a:1a3d:fcd:4438,4,4,0.00,55.19,0.00,SIN
2400:cb00:2049:0:4bb4:e928:7047:a2ba,4,4,0.00,55.19,0.00,SIN
2a06:98c1:50:fd1d:6e03:b54b:3c12:e2a2,4,4,0.00,55.19,0.00,SIN
2a06:98c1:310b:f3:dd17:3e8b:535a:b795,4,4,0.00,55.19,0.00,SIN
2a06:98c1:50:6b76:649c:a419:568a:9e3a,4,4,0.00,55.20,0.00,SIN
2400:cb00:2049:82:1ac1:4f2d:eb54:4c37,4,4,0.00,55.20,0.00,SIN
2a06:98c1:3100:7d1b:8653:3c71:2bc5:6e53,4,4,0.00,55.20,0.00,SIN
2a06:98c1:3108:759c:209e:37f4:9938:feb0,4,4,0.00,55.20,0.00,SIN
2a06:98c1:3106:8688:7dad:bd5d:8e7d:ea32,4,4,0.00,55.20,0.00,SIN
2a06:98c1:310b:f3:d05e:55e4:6e57:7c04,4,4,0.00,55.20,0.00,SIN
2400:cb00:2049:b2a5:f4a0:34fb:abb7:6cf,4,4,0.00,55.20,0.00,SIN
2a06:98c1:50:4fa8:58f3:f124:e956:65b6,4,4,0.00,55.20,0.00,SIN
2a06:98c1:310e:0:fa3c:58a8:805b:d374,4,4,0.00,55.21,0.00,SIN
2a06:98c1:3107:aee4:c387:841e:c53b:7616,4,4,0.00,55.21,0.00,SIN
2400:cb00:2049:b200:61f6:21dc:4eeb:5593,4,4,0.00,55.21,0.00,SIN
2a06:98c1:3103::fc1a:81ef:2846,4,4,0.00,55.21,0.00,SIN
2a06:98c1:3103:e577:34eb:bdbf:5d73:9f44,4,4,0.00,55.21,0.00,SIN
2400:cb00:2049:29e6:f288:11b2:6f3f:e171,4,4,0.00,55.21,0.00,SIN
2a06:98c1:310a:36:ec4b:6129:faf:7034,4,4,0.00,55.21,0.00,SIN
2a06:98c1:3100:7d40:8436:8a9:7787:1ea7,4,4,0.00,55.21,0.00,SIN
2a06:98c1:3100:7d1b:2b84:8066:e2b2:540c,4,4,0.00,55.21,0.00,SIN
2400:cb00:2049:b2a5:1700:773e:4935:c23f,4,4,0.00,55.21,0.00,SIN
2a06:98c1:310e:0:fa5b:5aa6:a329:286,4,4,0.00,55.22,0.00,SIN
2803:f800:50:0:e77b:dd77:6d4a:aa07,4,4,0.00,55.22,0.00,SIN
2a06:98c1:50:0:913b:2e71:49b1:e444,4,4,0.00,55.22,0.00,SIN
2a06:98c1:50:4f1e:2008:6ffb:202f:1479,4,4,0.00,55.22,0.00,SIN
2a06:98c1:3108:7568:41cb:6c92:9ac9:f8cc,4,4,0.00,55.23,0.00,SIN
2a06:98c1:50:fdfe:99c:92d5:1b3e:a5b,4,4,0.00,55.23,0.00,SIN
2a06:98c1:3103:9728:ba04:416b:e90f:f5a0,4,4,0.00,55.23,0.00,SIN
2a06:98c1:310d:0:b4:8a2f:75d1:8d51,4,4,0.00,55.23,0.00,SIN
2a06:98c1:3102:0:de:80a1:1ddd:576a,4,4,0.00,55.23,0.00,SIN
2a06:98c1:310c:5c:7ede:784c:4904:3811,4,4,0.00,55.23,0.00,SIN
2a06:98c1:310f::29:85d5:3d9a,4,4,0.00,55.23,0.00,SIN
2a06:98c1:3105:854d:eede:e644:35ee:d9c7,4,4,0.00,55.23,0.00,SIN
2a06:98c1:3108:759c:e0e8:f5c5:fdd8:5b18,4,4,0.00,55.23,0.00,SIN
2a06:98c1:3104:64:cafb:4264:b5db:b32d,4,4,0.00,55.23,0.00,SIN
2a06:98c1:310b:0:36c7:979b:34f:6b33,4,4,0.00,55.23,0.00,SIN
2a06:98c1:3108:0:f9fd:4f80:880e:6ade,4,4,0.00,55.23,0.00,SIN
2a06:98c1:3106:8688:f6af:c33b:b70a:fcbc,4,4,0.00,55.24,0.00,SIN
2a06:98c1:51:7b:5592:b1e6:6128:2bb8,4,4,0.00,55.24,0.00,SIN
2a06:98c1:3106::d5:54d9:a070,4,4,0.00,55.24,0.00,SIN
2a06:98c1:3105:85a9:71c:b5d1:96fc:9b70,4,4,0.00,55.24,0.00,SIN
2400:cb00:2049:b200:61f6:2141:344d:6956,4,4,0.00,55.24,0.00,SIN
2a06:98c1:3101:f3af:743f:d7e9:36f2:ae5d,4,4,0.00,55.24,0.00,SIN
2a06:98c1:3100:7d1b:867f:63ba:cbbc:d008,4,4,0.00,55.25,0.00,SIN
2a06:98c1:310d:f0c3:ad57:6c9:67b4:d855,4,4,0.00,55.25,0.00,SIN
2a06:98c1:3103:e5b4:15d8:a83e:722:184c,4,4,0.00,55.25,0.00,SIN
2a06:98c1:310b:6c:bd54:c644:f175:5d6a,4,4,0.00,55.25,0.00,SIN
2a06:98c1:51:aece:29f1:f646:d6c1:6207,4,4,0.00,55.25,0.00,SIN
2a06:98c1:51:aece:fdcf:f84a:2936:3c34,4,4,0.00,55.25,0.00,SIN
2400:cb00:2049:82:3cb6:a0bc:e8e7:235d,4,4,0.00,55.25,0.00,SIN
2a06:98c1:310c:14:4a8e:e653:bec2:386f,4,4,0.00,55.26,0.00,SIN
2a06:98c1:50:fd1d:6e03:cc22:3a1d:b8c3,4,4,0.00,55.26,0.00,SIN
2a06:98c1:3108:0:4f76:dea0:7f92:1b51,4,4,0.00,55.26,0.00,SIN
2a06:98c1:51:aece:8ab9:c9f2:c783:ddfa,4,4,0.00,55.26,0.00,SIN
2a06:98c1:310a:36:c2f5:2bbc:774:65c3,4,4,0.00,55.26,0.00,SIN
2a06:98c1:3100:7d1b:867f:6370:8d65:acb3,4,4,0.00,55.26,0.00,SIN
2803:f800:51:731b:a962:b663:4ee6:b3b7,4,4,0.00,55.26,0.00,SIN
2a06:98c1:3100:7d14:928b:8012:584b:eae0,4,4,0.00,55.26,0.00,SIN
2a06:98c1:3108:3a6e:9ac2:93f1:42ff:e06f,4,4,0.00,55.27,0.00,SIN
2a06:98c1:310e:c8:efc5:2f05:abf5:4b6a,4,4,0.00,55.27,0.00,SIN
2a06:98c1:310b:0:365f:aa7:aa70:6cf9,4,4,0.00,55.27,0.00,SIN
2a06:98c1:3106:8688:6307:a91a:ebeb:2eb2,4,4,0.00,55.27,0.00,SIN
2a06:98c1:3109:8481:d220:ab90:2388:26b8,4,4,0.00,55.27,0.00,SIN
2a06:98c1:310d:0:b4:28ca:db45:17f4,4,4,0.00,55.27,0.00,SIN
2400:cb00:2049:ab:fd26:22e:7935:326f,4,4,0.00,55.27,0.00,SIN
2a06:98c1:310c:d4:94d9:d26a:7103:f598,4,4,0.00,55.27,0.00,SIN
2400:cb00:2049:b2a5:1ab4:28c2:3b09:973b,4,4,0.00,55.28,0.00,SIN
2a06:98c1:3100:0:c6c4:4eec:118b:8059,4,4,0.00,55.28,0.00,SIN
2a06:98c1:3106:8688:63d2:6870:89a9:7b63,4,4,0.00,55.28,0.00,SIN
2a06:98c1:3107:ae51:1377:1c82:880b:bac9,4,4,0.00,55.28,0.00,SIN
2a06:98c1:3104:f9:af98:c6bb:5aaa:693a,4,4,0.00,55.28,0.00,SIN
2a06:98c1:50:74:9d4b:25fc:a892:aa1c,4,4,0.00,55.28,0.00,SIN
2a06:98c1:51:7b:557f:b20f:70f7:b98e,4,4,0.00,55.28,0.00,SIN
2803:f800:50::ed:23c3,4,4,0.00,55.28,0.00,SIN
2a06:98c1:3108:3a23:83e0:b048:6757:25c6,4,4,0.00,55.28,0.00,SIN
2400:cb00:2049:b2a5:f1b8:b9a6:4493:5110,4,4,0.00,55.29,0.00,SIN
2a06:98c1:3107:0:7edf:bf41:7c64:d541,4,4,0.00,55.29,0.00,SIN
2a06:98c1:51:aece:fd54:ccee:5810:3de1,4,4,0.00,55.29,0.00,SIN
2803:f800:50:0:dd:1338:537e:1b4f,4,4,0.00,55.29,0.00,SIN
2a06:98c1:3103:7d22:cecd:797b:994:da81,4,4,0.00,55.30,0.00,SIN
2a06:98c1:310a:36:ec4b:6133:6d31:6230,4,4,0.00,55.30,0.00,SIN
2a06:98c1:310a::9e:29d0:55a9,4,4,0.00,55.30,0.00,SIN
2a06:98c1:51:0:e5:1431:2944:4c3b,4,4,0.00,55.30,0.00,SIN
2a06:98c1:3108:3a6e:9a57:25c:f92:843e,4,4,0.00,55.30,0.00,SIN
2a06:98c1:3107:b7b8:a084:ec:35b2:290c,4,4,0.00,55.30,0.00,SIN
2a06:98c1:3103:7d22:cecd:4f72:625b:d71b,4,4,0.00,55.31,0.00,SIN
2a06:98c1:310b:f3:d05e:b438:e704:4b20,4,4,0.00,55.31,0.00,SIN
2a06:98c1:3106:8688:7dad:bdd5:7a23:8006,4,4,0.00,55.31,0.00,SIN
2a06:98c1:310d:f04e:3b25:8765:7961:ca13,4,4,0.00,55.31,0.00,SIN
2a06:98c1:50:0:913b:2e58:6b18:943c,4,4,0.00,55.31,0.00,SIN
2a06:98c1:310e:c949:c27:3a64:9aeb:891d,4,4,0.00,55.31,0.00,SIN
2a06:98c1:3103:b862:c39:623d:b342:462e,4,4,0.00,55.31,0.00,SIN
2a06:98c1:310b:c4:7fb6:5b6a:9cd4:c86d,4,4,0.00,55.31,0.00,SIN
2a06:98c1:310e:c949:6c24:bd13:2147:d526,4,4,0.00,55.31,0.00,SIN
2a06:98c1:3103:e577:34eb:bdbf:eb25:f8b3,4,4,0.00,55.31,0.00,SIN
2a06:98c1:3102:ee60:d0fd:5188:2a48:4adc,4,4,0.00,55.31,0.00,SIN
2a06:98c1:3108:0:4961:6426:dcdb:6817,4,4,0.00,55.31,0.00,SIN
2803:f800:51:73fa:a342:bd9c:f848:e06c,4,4,0.00,55.31,0.00,SIN
2a06:98c1:3101:f322:2869:a86c:49a3:9682,4,4,0.00,55.32,0.00,SIN
2a06:98c1:310d:f04e:3bef:8ea2:ed7f:2292,4,4,0.00,55.32,0.00,SIN
2400:cb00:2049:ab:fd08:708d:f691:b2ef,4,4,0.00,55.32,0.00,SIN
2a06:98c1:3107:0:2e:73b5:5588:18fb,4,4,0.00,55.32,0.00,SIN
2a06:98c1:50:6b31:c8aa:5156:622d:d2a4,4,4,0.00,55.32,0.00,SIN
2a06:98c1:3103:9715:120b:ae9e:adec:3f55,4,4,0.00,55.32,0.00,SIN
2a06:98c1:3102:ee60:d0a9:9658:d839:3c11,4,4,0.00,55.32,0.00,SIN
2a06:98c1:50:fd1d:4d65:ddd4:412d:da0b,4,4,0.00,55.32,0.00,SIN
2a06:98c1:50:fd1d:4d65:ddd4:4192:5778,4,4,0.00,55.32,0.00,SIN
2a06:98c1:3107:90:17b7:db5e:f3ca:caa3,4,4,0.00,55.32,0.00,SIN
2a06:98c1:3102:ee60:d08d:b676:fb81:b84e,4,4,0.00,55.32,0.00,SIN
2a06:98c1:3100:3525:ba2b:8013:19f0:d42e,4,4,0.00,55.33,0.00,SIN
2a06:98c1:3100:7d14:928b:cf55:8595:834b,4,4,0.00,55.33,0.00,SIN
2a06:98c1:310d:e8:5e16:661c:571c:9078,4,4,0.00,55.33,0.00,SIN
2803:f800:50:f049:b339:108b:4ec2:64a4,4,4,0.00,55.33,0.00,SIN
2a06:98c1:310b:c4:7f1f:d5af:8b0c:69d,4,4,0.00,55.33,0.00,SIN
2a06:98c1:310f:a8:b4d2:1750:fa2c:c32c,4,4,0.00,55.33,0.00,SIN
2a06:98c1:3102:ee60:d0a9:9611:68e9:7b21,4,4,0.00,55.33,0.00,SIN
2a06:98c1:310e:883d:c95c:a0fd:468d:9d6e,4,4,0.00,55.33,0.00,SIN
2a06:98c1:3103:e577:343b:f629:88f2:595,4,4,0.00,55.33,0.00,SIN
2a06:98c1:3103:e577:343b:f6b8:5716:dec1,4,4,0.00,55.33,0.00,SIN
2a06:98c1:3103:9715:1212:ef22:77b9:18b1,4,4,0.00,55.33,0.00,SIN
2a06:98c1:3103:c627:2788:4337:c109:77d9,4,4,0.00,55.34,0.00,SIN
2a06:98c1:3102:4e68:d375:8136:2e01:7ea,4,4,0.00,55.34,0.00,SIN
2a06:98c1:3103:0:9e:a6c1:379a:18ad,4,4,0.00,55.34,0.00,SIN
2a06:98c1:3103:7d22:cecd:f3df:7d1f:d9d7,4,4,0.00,55.34,0.00,SIN
2a06:98c1:50:4fa8:58f3:f1d0:3e5c:cecf,4,4,0.00,55.34,0.00,SIN
2a06:98c1:310d:0:d3d2:d552:f68d:8641,4,4,0.00,55.34,0.00,SIN
2a06:98c1:3102:0:f523:43c5:e278:9cba,4,4,0.00,55.34,0.00,SIN
2a06:98c1:310a:0:ed:73e8:3539:f30b,4,4,0.00,55.34,0.00,SIN
2a06:98c1:3106::af55:b6d5:99d1,4,4,0.00,55.35,0.00,SIN
2a06:98c1:3103:9715:6361:7ef5:beb4:b189,4,4,0.00,55.35,0.00,SIN
2a06:98c1:3104:64:caa1:84da:764a:84d4,4,4,0.00,55.35,0.00,SIN
2a06:98c1:3109:84ab:6113:3b63:8a25:270f,4,4,0.00,55.35,0.00,SIN
2803:f800:50:85:4f13:814e:8806:2935,4,4,0.00,55.35,0.00,SIN
2a06:98c1:3104:cef7:54b6:750a:c12:8153,4,4,0.00,55.36,0.00,SIN
2a06:98c1:310d:f04e:a59a:27a2:caab:c920,4,4,0.00,55.36,0.00,SIN
2a06:98c1:310c:eb:4a53:4d45:e7f6:3c23,4,4,0.00,55.36,0.00,SIN
2a06:98c1:310c:14:1c83:7c15:9c0:fa75,4,4,0.00,55.36,0.00,SIN
2a06:98c1:3105:854d:ee1f:54fa:c2b:1931,4,4,0.00,55.36,0.00,SIN
2a06:98c1:310c:5c:7ede:65d:59ab:dcdc,4,4,0.00,55.36,0.00,SIN
2a06:98c1:50:fd1d:6e03:cccc:cbb6:47b3,4,4,0.00,55.36,0.00,SIN
2a06:98c1:3107:aee4:c53e:7b0c:5360:e17a,4,4,0.00,55.36,0.00,SIN
2a06:98c1:3107:aee4:c5bf:54a2:523d:9e9a,4,4,0.00,55.36,0.00,SIN
2a06:98c1:3100:7d40:b2bd:4b55:e21d:d1ad,4,4,0.00,55.36,0.00,SIN
2400:cb00:2049:ab:1e85:e5b0:ae0f:64a1,4,4,0.00,55.36,0.00,SIN
2400:cb00:2049:0:4b25:5322:1132:2594,4,4,0.00,55.37,0.00,SIN
2400:cb00:2049:ab:fd26:28b4:a0ad:5366,4,4,0.00,55.37,0.00,SIN
2a06:98c1:3108:7568:41cb:6c92:9a4c:892a,4,4,0.00,55.37,0.00,SIN
2a06:98c1:3103:b862:43f9:2e97:b0e6:f3dd,4,4,0.00,55.37,0.00,SIN
2a06:98c1:3100:7d40:b2bd:3713:296a:fc2d,4,4,0.00,55.37,0.00,SIN
2803:f800:50::65:f67d:cc19,4,4,0.00,55.37,0.00,SIN
2a06:98c1:3103:c627:c6c4:935e:d103:b0ae,4,4,0.00,55.37,0.00,SIN
2a06:98c1:310b:c4:7f1f:74df:9a89:b635,4,4,0.00,55.38,0.00,SIN
2803:f800:50:85:2838:d52f:fa92:26bf,4,4,0.00,55.38,0.00,SIN
2a06:98c1:3104:64:caa1:841b:5962:f9ae,4,4,0.00,55.38,0.00,SIN
2a06:98c1:310c:14:1c83:7c89:1573:2538,4,4,0.00,55.38,0.00,SIN
2a06:98c1:3100:7d1b:8653:2d34:fcdf:acc6,4,4,0.00,55.38,0.00,SIN
2a06:98c1:310f:0:d5f2:c441:659a:f518,4,4,0.00,55.38,0.00,SIN
2803:f800:50:f049:26f8:372e:c88e:d3bb,4,4,0.00,55.38,0.00,SIN
2803:f800:50:85:4f13:d390:52b:852a,4,4,0.00,55.38,0.00,SIN
2a06:98c1:310b:c4:7f0f:36c2:833d:4c6e,4,4,0.00,55.38,0.00,SIN
2a06:98c1:310e:0:e2:581e:93fa:274e,4,4,0.00,55.39,0.00,SIN
2a06:98c1:3101:f3af:edc0:9927:ebcc:d771,4,4,0.00,55.39,0.00,SIN
2a06:98c1:3104:f9:8f79:cf39:f8a2:a143,4,4,0.00,55.39,0.00,SIN
2a06:98c1:3100:e7:ce47:386b:abed:eac9,4,4,0.00,55.39,0.00,SIN
2a06:98c1:310d:0:cd8:780d:85c8:3b86,4,4,0.00,55.39,0.00,SIN
2400:cb00:2049:29e6:1c9b:53b1:669:f84d,4,4,0.00,55.39,0.00,SIN
2a06:98c1:50:fdfe:99c:9222:48d1:7bb1,4,4,0.00,55.39,0.00,SIN
2a06:98c1:3108::5978:8986:2b0d,4,4,0.00,55.40,0.00,SIN
2803:f800:50:f049:26f8:372e:97e4:ce6d,4,4,0.00,55.40,0.00,SIN
2803:f800:50:f049:b339:935d:107a:f74a,4,4,0.00,55.40,0.00,SIN
2803:f800:51:0:8036:8195:d828:5995,4,4,0.00,55.40,0.00,SIN
2a06:98c1:50:4f1e:205c:9d2f:766d:6b16,4,4,0.00,55.40,0.00,SIN
2a06:98c1:310b:f3:fe68:54d5:cb7f:ddcf,4,4,0.00,55.40,0.00,SIN
2a06:98c1:3103:9715:63e5:1661:c174:43af,4,4,0.00,55.40,0.00,SIN
2a06:98c1:3103:0:c0df:4f02:5024:892b,4,4,0.00,55.41,0.00,SIN
2a06:98c1:310b:f3:d05e:42a0:e7f3:86e4,4,4,0.00,55.41,0.00,SIN
2a06:98c1:3100:e7:ce47:7550:2ca3:ea6a,4,4,0.00,55.41,0.00,SIN
2a06:98c1:310e:c949:6cd9:8b59:1f64:e11a,4,4,0.00,55.41,0.00,SIN
2a06:98c1:310e:c949:6cd9:8b59:a54f:2a4,4,4,0.00,55.41,0.00,SIN
2a06:98c1:3106:6c:655f:ea5a:1d98:68d4,4,4,0.00,55.41,0.00,SIN
2a06:98c1:3100:7ded:866b:5e7:d375:6a5d,4,4,0.00,55.41,0.00,SIN
2a06:98c1:310c:14:4a8e:e625:be4a:4fc0,4,4,0.00,55.41,0.00,SIN
2a06:98c1:310f:0:d5f2:c425:5c16:38f9,4,4,0.00,55.41,0.00,SIN
2a06:98c1:50:fd1d:4ce6:fed1:f31a:7a16,4,4,0.00,55.41,0.00,SIN
2a06:98c1:310b:f3:dd22:9aed:7cfe:c53a,4,4,0.00,55.41,0.00,SIN
2a06:98c1:3107:ae97:183a:87a8:e1c3:e858,4,4,0.00,55.42,0.00,SIN
2a06:98c1:3104:ce0b:a2ff:7373:230c:d183,4,4,0.00,55.42,0.00,SIN
2a06:98c1:3103:f1:bbb0:fc1b:977f:9ab8,4,4,0.00,55.42,0.00,SIN
2a06:98c1:3106:ca:5f84:775b:6131:368f,4,4,0.00,55.42,0.00,SIN
2a06:98c1:310a:36:c2f5:6015:a67e:bfb1,4,4,0.00,55.42,0.00,SIN
2a06:98c1:310b:0:365f:489a:95af:cbf9,4,4,0.00,55.42,0.00,SIN
2a06:98c1:3103:e577:39a2:5020:7509:11b5,4,4,0.00,55.42,0.00,SIN
2a06:98c1:3107:aee4:c53e:9a02:4058:f837,4,4,0.00,55.42,0.00,SIN
2a06:98c1:310d:f04e:fb9e:143e:ec12:3964,4,4,0.00,55.42,0.00,SIN
2400:cb00:2049:29e6:1c93:a53b:f9de:83a2,4,4,0.00,55.42,0.00,SIN
2a06:98c1:3109:8481:c30d:a331:39ce:aef7,4,4,0.00,55.42,0.00,SIN
2a06:98c1:310e:c9e4:2170:3ae:4115:e756,4,4,0.00,55.43,0.00,SIN
2a06:98c1:310d:f0c3:ad57:4663:98ab:fcd7,4,4,0.00,55.43,0.00,SIN
2a06:98c1:310d:f0c3:ad57:b843:200d:97cc,4,4,0.00,55.43,0.00,SIN
2a06:98c1:310b:f3:d042:a2b:6c8:963a,4,4,0.00,55.43,0.00,SIN
2400:cb00:2049:0:4bb4:e928:1c28:56b1,4,4,0.00,55.43,0.00,SIN
2a06:98c1:3100:0:41:b5ea:f8a4:35d0,4,4,0.00,55.43,0.00,SIN
2a06:98c1:310e:c9e4:2170:3ae:c7fd:ac2c,4,4,0.00,55.43,0.00,SIN
2a06:98c1:3108:7568:417d:9880:303b:8a1b,4,4,0.00,55.43,0.00,SIN
2a06:98c1:3103:18fc:3e06:ad97:c68c:69ab,4,4,0.00,55.43,0.00,SIN
2a06:98c1:50:4f1e:a47f:74e3:bc11:f73c,4,4,0.00,55.43,0.00,SIN
2a06:98c1:310b:0:77:9840:a239:bf46,4,4,0.00,55.43,0.00,SIN
2803:f800:51:d3:62bb:1df8:4514:dbf1,4,4,0.00,55.43,0.00,SIN
2400:cb00:2049:ab:1e85:dedf:45a4:2aa1,4,4,0.00,55.43,0.00,SIN
2a06:98c1:3104:cef7:cd54:488f:31b4:8b47,4,4,0.00,55.43,0.00,SIN
2400:cb00:2049:29e6:f288:11b2:6f35:1142,4,4,0.00,55.43,0.00,SIN
2400:cb00:2049:29e6:f2be:b29e:b626:c086,4,4,0.00,55.43,0.00,SIN
2a06:98c1:3101:f3af:ed6e:b6e:2552:ea34,4,4,0.00,55.43,0.00,SIN
2a06:98c1:310a:17:b383:b6a1:306b:1584,4,4,0.00,55.43,0.00,SIN
2a06:98c1:3100:e7:85ee:5a88:32c7:d3,4,4,0.00,55.44,0.00,SIN
2a06:98c1:3107:0:7edf:bf93:3ef1:d7ef,4,4,0.00,55.44,0.00,SIN
2400:cb00:2049:0:c2:f65f:c22d:9cdd,4,4,0.00,55.44,0.00,SIN
2a06:98c1:3100:0:fa45:4dd5:9035:ab60,4,4,0.00,55.44,0.00,SIN
2a06:98c1:50:4f1e:20be:cef7:5c88:a437,4,4,0.00,55.44,0.00,SIN
2a06:98c1:310b:0:c00a:1ad0:c56b:6ba4,4,4,0.00,55.44,0.00,SIN
2a06:98c1:310b:0:c0fa:dd4a:e4eb:ca17,4,4,0.00,55.44,0.00,SIN
2a06:98c1:3100:0:9f:5b4e:c5d0:bf3d,4,4,0.00,55.44,0.00,SIN
2a06:98c1:3106:ca:1748:f8ea:5edc:8c79,4,4,0.00,55.44,0.00,SIN
2400:cb00:2049:b200:48f9:6c36:6330:cbf2,4,4,0.00,55.45,0.00,SIN
2a06:98c1:310b:0:c0fa:abac:9533:4352,4,4,0.00,55.45,0.00,SIN
2a06:98c1:3107::60:9c2:91dd,4,4,0.00,55.45,0.00,SIN
2a06:98c1:3109:e1:dbc7:ae5c:d091:54f0,4,4,0.00,55.45,0.00,SIN
2a06:98c1:3100:e7:ce3b:a3cf:a0cd:2a64,4,4,0.00,55.45,0.00,SIN
2a06:98c1:50:6b76:649c:65f7:4b86:fe19,4,4,0.00,55.45,0.00,SIN
2a06:98c1:3107:aee4:c37e:e164:45a7:e52e,4,4,0.00,55.45,0.00,SIN
2400:cb00:2049:b200:6167:b092:1ef1:9b98,4,4,0.00,55.46,0.00,SIN
2a06:98c1:310c:0:78:2b5a:9304:9560,4,4,0.00,55.46,0.00,SIN
2a06:98c1:3101:f322:cb6d:c810:f148:596b,4,4,0.00,55.46,0.00,SIN
2400:cb00:2049:0:c2:f8:a992:4f9e,4,4,0.00,55.46,0.00,SIN
2a06:98c1:3100:3525:ba13:6fba:69d0:608a,4,4,0.00,55.46,0.00,SIN
2a06:98c1:3103:e577:39a2:5020:36fb:bb78,4,4,0.00,55.46,0.00,SIN
2a06:98c1:3109:8481:5f9f:73c2:a826:b2e8,4,4,0.00,55.46,0.00,SIN
2a06:98c1:310f:0:69ac:a211:b4ca:a03e,4,4,0.00,55.47,0.00,SIN
2a06:98c1:310e:883d:c912:ddac:5317:f040,4,4,0.00,55.47,0.00,SIN
2803:f800:51:379b:e55c:15c4:9d7a:b3cf,4,4,0.00,55.47,0.00,SIN
2a06:98c1:3103:7d22:28f8:fd4e:433b:f2f5,4,4,0.00,55.47,0.00,SIN
2a06:98c1:3107:b7b8:a084:3361:97b0:6b20,4,4,0.00,55.47,0.00,SIN
2a06:98c1:3103:e5b4:ff7b:13df:962b:9ea0,4,4,0.00,55.47,0.00,SIN
2a06:98c1:3101:0:bcad:465a:3f9c:b88b,4,4,0.00,55.47,0.00,SIN
2a06:98c1:50:fd1d:4d8a:601b:4682:fcb2,4,4,0.00,55.47,0.00,SIN
2a06:98c1:50:6b31:c8aa:5166:5cd9:a0ee,4,4,0.00,55.47,0.00,SIN
2a06:98c1:50:4f1e:e868:e581:82e4:3db4,4,4,0.00,55.47,0.00,SIN
2a06:98c1:310e:0:e2:581e:93fa:b4eb,4,4,0.00,55.47,0.00,SIN
2a06:98c1:310b:0:3607:787a:6658:deb1,4,4,0.00,55.47,0.00,SIN
2a06:98c1:310b:f3:6682:dda:e843:dd25,4,4,0.00,55.47,0.00,SIN
2a06:98c1:310b::de:4db0:a73b,4,4,0.00,55.47,0.00,SIN
2a06:98c1:3103:c627:c6d4:6576:7d51:d6d,4,4,0.00,55.47,0.00,SIN
2a06:98c1:310f:0:d01d:103c:36e6:75db,4,4,0.00,55.48,0.00,SIN
2a06:98c1:3100:7d40:b2bd:4be0:164a:9600,4,4,0.00,55.48,0.00,SIN
2a06:98c1:3108:6a:b7e3:2af0:759:b8c,4,4,0.00,55.48,0.00,SIN
2803:f800:51:0:8823:d571:5c6a:86d9,4,4,0.00,55.48,0.00,SIN
2400:cb00:2049:2929:4609:525e:f006:f4a3,4,4,0.00,55.48,0.00,SIN
2a06:98c1:310e:0:fa5b:f851:8ce9:6bef,4,4,0.00,55.48,0.00,SIN
2a06:98c1:3100:7ded:aaa3:52f8:d716:f46d,4,4,0.00,55.48,0.00,SIN
2a06:98c1:310c:14:4a8e:683d:7092:ebc0,4,4,0.00,55.48,0.00,SIN
2400:cb00:2049:2978:3861:fe16:fc83:db79,4,4,0.00,55.48,0.00,SIN
2a06:98c1:3103:0:c08f:b439:e88a:2f07,4,4,0.00,55.48,0.00,SIN
2a06:98c1:50:6b76:649c:6507:d768:eb34,4,4,0.00,55.48,0.00,SIN
2803:f800:50:f049:26f8:37ce:979b:f93d,4,4,0.00,55.48,0.00,SIN
2a06:98c1:3106:8688:f6af:c3d7:11f:d8f,4,4,0.00,55.48,0.00,SIN
2803:f800:51:0:8823:15f:68b2:cff5,4,4,0.00,55.48,0.00,SIN
2a06:98c1:310b:f3:d05e:b415:a2d3:3fe9,4,4,0.00,55.48,0.00,SIN
2a06:98c1:3103:c627:c6d3:90e7:9795:2a97,4,4,0.00,55.49,0.00,SIN
2a06:98c1:3107:0:2e:768f:d950:8a58,4,4,0.00,55.49,0.00,SIN
2a06:98c1:310e:0:fa3c:21a6:2c4b:b62,4,4,0.00,55.49,0.00,SIN
2a06:98c1:310d:e8:5e5b:dcad:6ce6:5737,4,4,0.00,55.49,0.00,SIN
2a06:98c1:3109:e1:1242:3c0a:dee0:a9eb,4,4,0.00,55.49,0.00,SIN
2400:cb00:2049:29e6:f288:f5ee:816d:751e,4,4,0.00,55.49,0.00,SIN
2a06:98c1:50:0:bcf0:69bb:b1d6:b753,4,4,0.00,55.49,0.00,SIN
2a06:98c1:50:6b31:c1cf:c22b:5e4:87c6,4,4,0.00,55.49,0.00,SIN
2a06:98c1:3108:3a6e:9a57:25c:f71a:59b8,4,4,0.00,55.49,0.00,SIN
2a06:98c1:310a:0:ed:31a9:30a5:516a,4,4,0.00,55.49,0.00,SIN
2400:cb00:2049:b2a5:1700:77e3:9a86:72f7,4,4,0.00,55.49,0.00,SIN
2a06:98c1:3107:ae97:189f:ca43:73ae:62fa,4,4,0.00,55.49,0.00,SIN
2803:f800:51:0:8034:1e4f:6a3e:8ddb,4,4,0.00,55.50,0.00,SIN
2a06:98c1:310b:0:36c7:979b:6f1a:e10a,4,4,0.00,55.50,0.00,SIN
2a06:98c1:310c:5c:7e38:aa74:a7fb:99f3,4,4,0.00,55.50,0.00,SIN
2a06:98c1:3107:aee4:c5bf:21d5:6d53:8033,4,4,0.00,55.50,0.00,SIN
2a06:98c1:3106:ca:239a:5d37:25dd:62,4,4,0.00,55.50,0.00,SIN
2a06:98c1:310c:14:1cfb:dc53:501e:3ba1,4,4,0.00,55.50,0.00,SIN
2a06:98c1:3104:f9:8f79:cf39:826a:5330,4,4,0.00,55.50,0.00,SIN
2a06:98c1:3101:f3af:743f:d7e9:36ff:ddf0,4,4,0.00,55.51,0.00,SIN
2a06:98c1:3107:aee4:c53e:5593:6710:4fed,4,4,0.00,55.51,0.00,SIN
2a06:98c1:3101:f322:d82:f625:53de:e82d,4,4,0.00,55.51,0.00,SIN
2803:f800:50:0:e77b:5193:97d6:aa0,4,4,0.00,55.51,0.00,SIN
2a06:98c1:3103:e577:343b:1be3:d17e:1438,4,4,0.00,55.51,0.00,SIN
2a06:98c1:3108:7568:417d:9880:a41:e76c,4,4,0.00,55.51,0.00,SIN
2a06:98c1:310e:c949:6c24:f1bb:4181:3514,4,4,0.00,55.51,0.00,SIN
2a06:98c1:50:0:913b:2e58:1685:628a,4,4,0.00,55.51,0.00,SIN
2a06:98c1:50:4fc1:2a70:44ff:3cf0:fc3a,4,4,0.00,55.51,0.00,SIN
2a06:98c1:50:fd1d:4c41:1f2f:8d63:ae9a,4,4,0.00,55.51,0.00,SIN
2a06:98c1:50:4f1e:a47f:7470:c114:e492,4,4,0.00,55.51,0.00,SIN
2a06:98c1:310d:f04e:fb9e:84cd:a1b7:aca6,4,4,0.00,55.51,0.00,SIN
2a06:98c1:50:0:b0a5:51fe:8:a48f,4,4,0.00,55.51,0.00,SIN
2a06:98c1:310a:17:1ad8:1fe9:ba9a:28fd,4,4,0.00,55.51,0.00,SIN
2803:f800:51:0:3a:72fd:c83:57af,4,4,0.00,55.52,0.00,SIN
2a06:98c1:50:74:4ed9:bac8:c46c:2314,4,4,0.00,55.52,0.00,SIN
2a06:98c1:310b:6c:bd54:f0a8:9575:e936,4,4,0.00,55.52,0.00,SIN
2a06:98c1:310a:0:7cb0:f211:24ee:aee3,4,4,0.00,55.52,0.00,SIN
2a06:98c1:51:aece:29f1:f646:1cdd:dadd,4,4,0.00,55.52,0.00,SIN
2a06:98c1:50:fdfe:203c:740d:7847:4b5d,4,4,0.00,55.52,0.00,SIN
2a06:98c1:3106:0:98:75a:5811:b2f3,4,4,0.00,55.52,0.00,SIN
2a06:98c1:310b::fd9d:ce07:7e88,4,4,0.00,55.52,0.00,SIN
2a06:98c1:3107:0:156f:edce:56:1535,4,4,0.00,55.52,0.00,SIN
2a06:98c1:3103:c627:278b:eb:1367:4b6c,4,4,0.00,55.53,0.00,SIN
2a06:98c1:3102:4e68:39ab:99b4:6def:93a6,4,4,0.00,55.53,0.00,SIN
2a06:98c1:310d:f04e:d8a5:4fac:d068:6a46,4,4,0.00,55.53,0.00,SIN
2a06:98c1:3106::afc0:23da:1f97,4,4,0.00,55.53,0.00,SIN
2a06:98c1:3107:ae97:426a:301f:75cc:2e14,4,4,0.00,55.53,0.00,SIN
2a06:98c1:3103:9715:6361:7ef5:3075:f5a6,4,4,0.00,55.53,0.00,SIN
2a06:98c1:50:0:913b:f265:30ef:9f57,4,4,0.00,55.53,0.00,SIN
2a06:98c1:3104:f9:af98:e754:8164:2a35,4,4,0.00,55.53,0.00,SIN
2400:cb00:2049:29e6:f288:11b2:6fdb:e9c,4,4,0.00,55.53,0.00,SIN
2a06:98c1:3104:cef7:cd54:488f:e05:e64a,4,4,0.00,55.53,0.00,SIN
2a06:98c1:310d:f0c3:ad7d:ba61:9e82:1285,4,4,0.00,55.53,0.00,SIN
2a06:98c1:3101:f322:cb25:6854:481e:68b8,4,4,0.00,55.54,0.00,SIN
2a06:98c1:3109:8481:c37f:5e40:6002:74ae,4,4,0.00,55.54,0.00,SIN
2a06:98c1:310a::67c2:c6db:5cfc,4,4,0.00,55.54,0.00,SIN
2803:f800:50::421b,4,4,0.00,55.54,0.00,SIN
2400:cb00:2049:0:c2:f676:a49c:c82d,4,4,0.00,55.54,0.00,SIN
2a06:98c1:310c:14:7fd9:108c:df8e:4e9b,4,4,0.00,55.54,0.00,SIN
2a06:98c1:310d:f04e:d8a5:4fdd:3031:cdfd,4,4,0.00,55.54,0.00,SIN
2a06:98c1:310c:f49c:7120:e5b2:de2f:a11a,4,4,0.00,55.54,0.00,SIN
2400:cb00:2049:0:c2:f8:b0:f718,4,4,0.00,55.54,0.00,SIN
2a06:98c1:310a::86e6:9649,4,4,0.00,55.54,0.00,SIN
2a06:98c1:310e:c8:5dc2:6d6f:e5f3:1b3,4,4,0.00,55.55,0.00,SIN
2a06:98c1:310c:14:4ae8:a2af:3b9f:3c02,4,4,0.00,55.55,0.00,SIN
2a06:98c1:310b::de:8245:d231,4,4,0.00,55.55,0.00,SIN
2a06:98c1:50:4f1e:20be:2023:8b7f:26be,4,4,0.00,55.55,0.00,SIN
2a06:98c1:310e:0:fa3c:be4e:690f:40f7,4,4,0.00,55.55,0.00,SIN
2a06:98c1:310a:36:c2f5:c830:3ee8:a6b0,4,4,0.00,55.55,0.00,SIN
2a06:98c1:310b::de:89ac:754d,4,4,0.00,55.55,0.00,SIN
2803:f800:51:67e1:5adf:1acc:e97d:3817,4,4,0.00,55.55,0.00,SIN
2a06:98c1:3102:4e68:6d60:9fee:a65d:13bb,4,4,0.00,55.55,0.00,SIN
2a06:98c1:310c:f49c:7120:e5b2:2c0b:4166,4,4,0.00,55.55,0.00,SIN
2a06:98c1:3107:0:7edf:27b0:1d04:7d37,4,4,0.00,55.55,0.00,SIN
2a06:98c1:3109:84ab:6113:3b77:ee65:298e,4,4,0.00,55.56,0.00,SIN
2803:f800:50:0:dd:1338:c83:2b07,4,4,0.00,55.56,0.00,SIN
2803:f800:50:f049:26f8:374f:6e0c:bc01,4,4,0.00,55.56,0.00,SIN
2a06:98c1:3106:86ad:afc4:af3:3f57:ef91,4,4,0.00,55.56,0.00,SIN
2a06:98c1:3104:de5f:fdd4:cf54:ae54:72a3,4,4,0.00,55.56,0.00,SIN
2803:f800:51:d3:f328:1624:70ae:9ee4,4,4,0.00,55.56,0.00,SIN
2803:f800:50:f049:b38a:520e:5cee:27dc,4,4,0.00,55.56,0.00,SIN
2a06:98c1:3108:3a6e:1266:3c30:5a06:2a3a,4,4,0.00,55.56,0.00,SIN
2a06:98c1:50:4fa8:58f3:f10f:6fcf:aa2a,4,4,0.00,55.56,0.00,SIN
2803:f800:51:0:8823:d571:3bf5:f3ef,4,4,0.00,55.56,0.00,SIN
2400:cb00:2049:b200:6167:b092:1e0f:343c,4,4,0.00,55.57,0.00,SIN
2a06:98c1:50:0:91b6:4a51:e3d7:35ce,4,4,0.00,55.57,0.00,SIN
2a06:98c1:51:aece:fdcf:2f8a:b2fc:433d,4,4,0.00,55.57,0.00,SIN
2400:cb00:2049:82:3cb6:d385:c18d:495a,4,4,0.00,55.57,0.00,SIN
2a06:98c1:3106:8688:7a:e649:c3f1:64f1,4,4,0.00,55.57,0.00,SIN
2a06:98c1:3108:6a:b7e3:fa30:5fe0:7ecb,4,4,0.00,55.57,0.00,SIN
2a06:98c1:3100:e7:85ee:5a88:32b8:156a,4,4,0.00,55.57,0.00,SIN
2a06:98c1:310a:17:b383:b683:7f72:698f,4,4,0.00,55.57,0.00,SIN
2a06:98c1:3108:3a23:83e0:b0d8:3d09:e472,4,4,0.00,55.57,0.00,SIN
2a06:98c1:310c:5c:7e38:bd99:6db1:b2f2,4,4,0.00,55.57,0.00,SIN
2a06:98c1:3100:7d1b:8653:d0fc:ac19:2c17,4,4,0.00,55.57,0.00,SIN
2803:f800:51:d3:62bb:1df8:a46a:3e94,4,4,0.00,55.57,0.00,SIN
2a06:98c1:50:fd1d:997c:f8c4:4390:51e6,4,4,0.00,55.57,0.00,SIN
2a06:98c1:3104:8b:81e2:dffa:637e:9150,4,4,0.00,55.58,0.00,SIN
2a06:98c1:3100::d3:552b:f983,4,4,0.00,55.58,0.00,SIN
2a06:98c1:3109:e1:dbc7:ae5c:d0da:6a06,4,4,0.00,55.58,0.00,SIN
2a06:98c1:310c:f49c:711d:543f:4f0a:3e59,4,4,0.00,55.58,0.00,SIN
2a06:98c1:3105::d73a:ceb1:74f4,4,4,0.00,55.58,0.00,SIN
2a06:98c1:51:ae55:2d58:6843:2aa6:d9d7,4,4,0.00,55.58,0.00,SIN
2400:cb00:2049:82:3cb6:3e22:4d37:5965,4,4,0.00,55.58,0.00,SIN
2a06:98c1:3103:9715:120b:5fa5:c504:92e1,4,4,0.00,55.58,0.00,SIN
2a06:98c1:3106:8688:7a:8432:10e:6fd1,4,4,0.00,55.59,0.00,SIN
2a06:98c1:3106:86ad:af47:a38a:3073:dba1,4,4,0.00,55.59,0.00,SIN
2a06:98c1:50:6b31:c13e:d249:697b:fdd,4,4,0.00,55.59,0.00,SIN
2a06:98c1:3100:7ded:866b:f7db:8f28:6816,4,4,0.00,55.59,0.00,SIN
2a06:98c1:3107:90:17b7:db5e:f3be:68c1,4,4,0.00,55.59,0.00,SIN
2a06:98c1:3100:e7:ce3b:a3cf:a09d:9272,4,4,0.00,55.59,0.00,SIN
2a06:98c1:3106:86ad:afc4:a8c:f996:b136,4,4,0.00,55.59,0.00,SIN
2a06:98c1:3107:0:83:4c1f:d4dc:9020,4,4,0.00,55.59,0.00,SIN
2a06:98c1:50:fd1d:4ce6:fefb:13b:5f6c,4,4,0.00,55.59,0.00,SIN
2803:f800:51:67e1:d3d7:c283:660:6cfb,4,4,0.00,55.59,0.00,SIN
2a06:98c1:51:aece:296c:23bb:8a35:86fa,4,4,0.00,55.59,0.00,SIN
2a06:98c1:310c:ed:b2aa:f465:6c9a:edb9,4,4,0.00,55.59,0.00,SIN
2a06:98c1:50:6b76:649c:65c5:b83b:cdfa,4,4,0.00,55.59,0.00,SIN
2a06:98c1:3104:64:caa1:84da:bf89:fb64,4,4,0.00,55.60,0.00,SIN
2400:cb00:2049:ab:fd08:702b:91d8:306a,4,4,0.00,55.60,0.00,SIN
2a06:98c1:50:4f1e:20be:ce00:7490:9bf,4,4,0.00,55.60,0.00,SIN
2a06:98c1:3105:854d:eede:e692:779:d865,4,4,0.00,55.60,0.00,SIN
2803:f800:50:f049:26ba:451d:b097:80a,4,4,0.00,55.60,0.00,SIN
2a06:98c1:3100:3525:ba13:6f6f:2f53:4ed8,4,4,0.00,55.60,0.00,SIN
2a06:98c1:3108:0:d3:466:65f:6bb,4,4,0.00,55.60,0.00,SIN
2a06:98c1:3103:9715:6361:5cc0:2ac0:89f3,4,4,0.00,55.60,0.00,SIN
2a06:98c1:3100:3525:ba13:6fea:b8ee:23ed,4,4,0.00,55.60,0.00,SIN
2a06:98c1:3103:9728:baa2:1592:ffd:1146,4,4,0.00,55.60,0.00,SIN
2a06:98c1:3103:9715:6361:7efd:383e:e054,4,4,0.00,55.60,0.00,SIN
2400:cb00:2049::57ed:4678:866a,4,4,0.00,55.60,0.00,SIN
2a06:98c1:3104:f9:af98:e796:10a5:c751,4,4,0.00,55.61,0.00,SIN
2a06:98c1:310d:0:b4:31f2:69cc:9b9e,4,4,0.00,55.61,0.00,SIN
2a06:98c1:3103:c627:c643:a484:6976:1277,4,4,0.00,55.61,0.00,SIN
2a06:98c1:3104:f9:af98:e754:b23a:8ad9,4,4,0.00,55.61,0.00,SIN
2400:cb00:2049:82:1a8d:7e4:5fc6:3895,4,4,0.00,55.61,0.00,SIN
2a06:98c1:310e:c8:5dc2:1e79:82c5:74ee,4,4,0.00,55.61,0.00,SIN
2a06:98c1:3109::9d05:a4e6:b8c3,4,4,0.00,55.61,0.00,SIN
2a06:98c1:3106:6c:655f:1461:7db:ab24,4,4,0.00,55.61,0.00,SIN
2a06:98c1:50:0:b0a5:25ca:1f62:47a,4,4,0.00,55.61,0.00,SIN
2a06:98c1:310a:36:ec4b:612d:bcc1:6fe7,4,4,0.00,55.61,0.00,SIN
2a06:98c1:51:aece:8ac0:5a65:7159:ca87,4,4,0.00,55.61,0.00,SIN
2a06:98c1:310e:0:fa3c:21ee:cd24:6ccb,4,4,0.00,55.62,0.00,SIN
2a06:98c1:310a:0:ed:73f8:9277:ef7a,4,4,0.00,55.62,0.00,SIN
2a06:98c1:3101:f322:cb99:2e8d:649a:1db4,4,4,0.00,55.62,0.00,SIN
2a06:98c1:310f:0:69ac:a2ee:b79d:515,4,4,0.00,55.62,0.00,SIN
2a06:98c1:310b:0:c0fa:4444:c29b:6f6e,4,4,0.00,55.62,0.00,SIN
2a06:98c1:50:6b31:c1cf:c22b:eb44:c130,4,4,0.00,55.62,0.00,SIN
2a06:98c1:310d:0:d3d2:b994:5950:539,4,4,0.00,55.62,0.00,SIN
2a06:98c1:3102:4e68:d375:8190:d16b:c3fe,4,4,0.00,55.62,0.00,SIN
2a06:98c1:3103:c627:2788:4337:3ce3:f27d,4,4,0.00,55.62,0.00,SIN
2a06:98c1:50:4f1e:e868:6eb:401f:119d,4,4,0.00,55.62,0.00,SIN
2a06:98c1:3106:8688:63d2:5b5a:125f:a9fc,4,4,0.00,55.62,0.00,SIN
2a06:98c1:3107:aee4:c5bf:54a2:88d1:4fbc,4,4,0.00,55.63,0.00,SIN
2400:cb00:2049:29e6:f288:11b2:6ff6:1466,4,4,0.00,55.63,0.00,SIN
2a06:98c1:3103:b862:43f9:e163:2886:a770,4,4,0.00,55.63,0.00,SIN
2a06:98c1:3104:de5f:fdd4:dc2c:b81b:f65d,4,4,0.00,55.63,0.00,SIN
2a06:98c1:3106:6c:655f:1461:728:d48,4,4,0.00,55.63,0.00,SIN
2a06:98c1:3106:0:227b:60c8:d77f:71bc,4,4,0.00,55.63,0.00,SIN
2a06:98c1:3101:0:c9:175e:c4a8:8905,4,4,0.00,55.63,0.00,SIN
2a06:98c1:3101:0:c9:1760:ae29:7565,4,4,0.00,55.63,0.00,SIN
2a06:98c1:310e:c8:84d9:35cb:a7b2:7b37,4,4,0.00,55.63,0.00,SIN
2400:cb00:2049:ab:1e85:443e:88d1:cf3b,4,4,0.00,55.63,0.00,SIN
2a06:98c1:50:0:b0a5:df6b:ec25:a3a0,4,4,0.00,55.64,0.00,SIN
2a06:98c1:50:0:bcf0:6939:ba5a:ca49,4,4,0.00,55.64,0.00,SIN
2a06:98c1:50:fd1d:4ce6:b7fb:c4a7:250a,4,4,0.00,55.64,0.00,SIN
2a06:98c1:3107:b7b8:a0b9:5864:5cda:4160,4,4,0.00,55.64,0.00,SIN
2a06:98c1:50:6b76:649c:a442:4a62:61bc,4,4,0.00,55.64,0.00,SIN
2a06:98c1:310e:8876:a784:8b63:7eea:5d74,4,4,0.00,55.64,0.00,SIN
2a06:98c1:3107:aee4:c3f3:e91:1c37:88a9,4,4,0.00,55.64,0.00,SIN
2a06:98c1:310e:c949:6c24:e85c:cf8c:a9af,4,4,0.00,55.65,0.00,SIN
2803:f800:50:0:e77b:af0f:61bf:2556,4,4,0.00,55.65,0.00,SIN
2a06:98c1:3105:85a9:8619:c428:cda8:2f49,4,4,0.00,55.65,0.00,SIN
2a06:98c1:51:ae55:a453:aa57:2d79:341b,4,4,0.00,55.65,0.00,SIN
2a06:98c1:3100:7d40:b2bd:4be0:5a56:39be,4,4,0.00,55.65,0.00,SIN
2a06:98c1:3103:e577:2ffa:7b50:2801:190f,4,4,0.00,55.65,0.00,SIN
2400:cb00:2049:ab:fd08:708d:f64e:801e,4,4,0.00,55.65,0.00,SIN
2a06:98c1:50:d5:5928:80da:fb65:9d05,4,4,0.00,55.65,0.00,SIN
2a06:98c1:3106:8688:6307:a91a:e4fd:3ed,4,4,0.00,55.65,0.00,SIN
2803:f800:51:379b:e50c:a6f:b7e8:46bd,4,4,0.00,55.65,0.00,SIN
2400:cb00:2049:2929:4609:525e:6d44:bf0f,4,4,0.00,55.65,0.00,SIN
2a06:98c1:3103:0:cf8b:4a0a:1095:ebd2,4,4,0.00,55.65,0.00,SIN
2803:f800:50:f049:b3e6:320d:1dfb:7613,4,4,0.00,55.65,0.00,SIN
2a06:98c1:310a:17:1ad8:c88d:e14f:a95c,4,4,0.00,55.65,0.00,SIN
2a06:98c1:3106:ca:234c:534f:ec0a:c265,4,4,0.00,55.65,0.00,SIN
2a06:98c1:3103:9728:ba04:6e65:5a9:3039,4,4,0.00,55.66,0.00,SIN
2a06:98c1:3109:8481:5f9f:73c2:b60f:e45a,4,4,0.00,55.66,0.00,SIN
2a06:98c1:3106:86ad:afc4:a8c:a681:32eb,4,4,0.00,55.66,0.00,SIN
2a06:98c1:310b:0:5eb7:7893:5c98:a9f,4,4,0.00,55.66,0.00,SIN
2a06:98c1:3101:f322:cb99:ab9a:1e1a:4fc6,4,4,0.00,55.66,0.00,SIN
2a06:98c1:3102:ee60:11f6:1b9b:1ce8:6e52,4,4,0.00,55.67,0.00,SIN
2a06:98c1:3103:9728:bac7:bd71:ce5c:e788,4,4,0.00,55.67,0.00,SIN
2a06:98c1:310a::67c2:c617:c6e3,4,4,0.00,55.67,0.00,SIN
2a06:98c1:310c:d4:309e:85a7:2adf:67c4,4,4,0.00,55.67,0.00,SIN
2a06:98c1:50:fd1d:4d65:dd1b:56ea:8e27,4,4,0.00,55.67,0.00,SIN
2400:cb00:2049:0:c2:4a:b5c1:3328,4,4,0.00,55.67,0.00,SIN
2a06:98c1:3103:c627:278b:ca48:cd6:40f8,4,4,0.00,55.67,0.00,SIN
2a06:98c1:3101:f322:cb25:f318:aaf1:29a2,4,4,0.00,55.67,0.00,SIN
2a06:98c1:50:0:913b:f265:ad0c:65ce,4,4,0.00,55.67,0.00,SIN
2a06:98c1:3107:0:2e:7310:f6e1:573,4,4,0.00,55.67,0.00,SIN
2a06:98c1:3103:e577:397b:e10:310:4de1,4,4,0.00,55.67,0.00,SIN
2803:f800:50:f049:26f8:3728:93fe:f115,4,4,0.00,55.67,0.00,SIN
2a06:98c1:3108:759c:3a94:bd45:6e02:6d8e,4,4,0.00,55.67,0.00,SIN
2803:f800:51:0:88c2:5e96:4176:d9f9,4,4,0.00,55.67,0.00,SIN
2a06:98c1:3102::95:81ec:93be,4,4,0.00,55.67,0.00,SIN
2a06:98c1:310d:f04e:d8a5:4fdd:306d:e9f6,4,4,0.00,55.68,0.00,SIN
2400:cb00:2049:82:1a8d:754:37ef:876d,4,4,0.00,55.68,0.00,SIN
2a06:98c1:310c:0:78:2bf8:8bbe:d87b,4,4,0.00,55.68,0.00,SIN
2a06:98c1:3106:6c:655f:147d:270f:4a4a,4,4,0.00,55.68,0.00,SIN
2803:f800:51:731b:625a:c07b:83c4:cef,4,4,0.00,55.68,0.00,SIN
2a06:98c1:3108:6a:b7e3:faa8:e92c:5050,4,4,0.00,55.68,0.00,SIN
2a06:98c1:50:fdfe:95d:d164:8e36:2a31,4,4,0.00,55.68,0.00,SIN
2803:f800:51:d3:62bb:1d8d:c9ba:4205,4,4,0.00,55.68,0.00,SIN
2a06:98c1:310a:36:c2f5:605c:5984:fa78,4,4,0.00,55.68,0.00,SIN
2a06:98c1:310a:36:ec4b:6133:b200:bb02,4,4,0.00,55.68,0.00,SIN
2a06:98c1:310a:36:ec4b:6155:4255:1c8c,4,4,0.00,55.68,0.00,SIN
2a06:98c1:310b::de:82af:eda5,4,4,0.00,55.68,0.00,SIN
2400:cb00:2049:29e6:1c93:21df:74a2:da4e,4,4,0.00,55.68,0.00,SIN
2400:cb00:2049:29e6:1c93:21df:cda0:48a3,4,4,0.00,55.68,0.00,SIN
2a06:98c1:3100:e7:ce3b:a3cf:dd7b:b4c2,4,4,0.00,55.68,0.00,SIN
2a06:98c1:3100:7d1b:8653:3037:d6d0:dda1,4,4,0.00,55.68,0.00,SIN
2a06:98c1:310c:f49c:7120:d6c7:afb5:b7c6,4,4,0.00,55.68,0.00,SIN
2a06:98c1:3100:7ded:866b:f7db:8fa9:6389,4,4,0.00,55.69,0.00,SIN
2a06:98c1:310e:0:fa3c:be4e:69a6:ad72,4,4,0.00,55.69,0.00,SIN
2a06:98c1:310c:0:78:4fef:436b:dbd2,4,4,0.00,55.69,0.00,SIN
2a06:98c1:310c:14:4a8e:e625:beda:43d3,4,4,0.00,55.69,0.00,SIN
2a06:98c1:3107:0:7e64:8bef:4785:94e8,4,4,0.00,55.69,0.00,SIN
2a06:98c1:3106:8688:7a:e67b:70ec:329a,4,4,0.00,55.69,0.00,SIN
2a06:98c1:3103:7d22:28cd:a8f8:c89e:6abf,4,4,0.00,55.69,0.00,SIN
2a06:98c1:310c:eb:df51:35c6:dd7c:e096,4,4,0.00,55.69,0.00,SIN
2a06:98c1:3104:8b:81e2:5112:967b:e464,4,4,0.00,55.69,0.00,SIN
2a06:98c1:310f:0:d5f2:c4a0:3f2f:1543,4,4,0.00,55.70,0.00,SIN
2a06:98c1:310c:eb:df51:a1e6:300e:f642,4,4,0.00,55.70,0.00,SIN
2a06:98c1:3107:aee4:c53e:5547:9c61:e5c4,4,4,0.00,55.70,0.00,SIN
2a06:98c1:3104:64:caa1:84da:bf6f:cd04,4,4,0.00,55.70,0.00,SIN
2a06:98c1:3107::2514:392:7da4,4,4,0.00,55.70,0.00,SIN
2a06:98c1:50:4f1e:20be:2023:1d99:b7b3,4,4,0.00,55.70,0.00,SIN
2a06:98c1:310e:c9e4:2170:312:cb53:3079,4,4,0.00,55.70,0.00,SIN
2a06:98c1:3102:ee60:d044:ca90:3282:bf67,4,4,0.00,55.70,0.00,SIN
2400:cb00:2049:29e6:88da:29bb:a813:fbe7,4,4,0.00,55.70,0.00,SIN
2a06:98c1:310d:0:cd8:77b:3d88:920f,4,4,0.00,55.70,0.00,SIN
2a06:98c1:3107:b7b8:a0b9:19fa:9a38:5f01,4,4,0.00,55.70,0.00,SIN
2a06:98c1:3107:ae97:964b:f681:586a:4462,4,4,0.00,55.70,0.00,SIN
2400:cb00:2049:b2a5:1700:771f:c0f:5216,4,4,0.00,55.70,0.00,SIN
2803:f800:51:73fa:a342:12fc:2274:c4be,4,4,0.00,55.70,0.00,SIN
2a06:98c1:3100:7d1b:8653:d0fc:d990:fb7a,4,4,0.00,55.70,0.00,SIN
2a06:98c1:3101:f322:d82:f625:5379:49d5,4,4,0.00,55.70,0.00,SIN
2a06:98c1:310e:0:fa3c:be5b:631e:a3a6,4,4,0.00,55.70,0.00,SIN
2a06:98c1:310c:eb:dfaa:f984:b2aa:c420,4,4,0.00,55.71,0.00,SIN
2400:cb00:2049:29e6:88da:29bb:a83e:8c57,4,4,0.00,55.71,0.00,SIN
2a06:98c1:3100:7d14:928b:cf55:54cd:5463,4,4,0.00,55.71,0.00,SIN
2400:cb00:2049::1d91:d34b,4,4,0.00,55.71,0.00,SIN
2a06:98c1:3100:7d1b:1bd8:5b5:4711:85e4,4,4,0.00,55.71,0.00,SIN
2803:f800:51:d3:62bb:1df8:45f3:9b5d,4,4,0.00,55.71,0.00,SIN
2a06:98c1:3103:18fc:3e2e:2b89:8f93:80a7,4,4,0.00,55.71,0.00,SIN
2a06:98c1:3107:0:2e:6135:eb7:606a,4,4,0.00,55.71,0.00,SIN
2a06:98c1:3108:0:4f76:5e66:5080:d643,4,4,0.00,55.71,0.00,SIN
2a06:98c1:310b:f3:d05e:fbd1:1199:d19,4,4,0.00,55.71,0.00,SIN
2400:cb00:2049:b200:61f6:e7ff:1a01:e407,4,4,0.00,55.71,0.00,SIN
2a06:98c1:3102:ee60:d044:ca05:4431:c14c,4,4,0.00,55.72,0.00,SIN
2a06:98c1:50:fd1d:6e03:cccc:2f5c:2f4c,4,4,0.00,55.72,0.00,SIN
2a06:98c1:3107:0:7e64:2b08:6848:179b,4,4,0.00,55.72,0.00,SIN
2a06:98c1:51:aece:296c:23c8:2971:438c,4,4,0.00,55.72,0.00,SIN
2a06:98c1:3107::a61e:8847:d4c4,4,4,0.00,55.72,0.00,SIN
2a06:98c1:3104:f9:af33:e462:e89b:2757,4,4,0.00,55.72,0.00,SIN
2a06:98c1:3100:3525:6fa9:f073:52fc:c5c7,4,4,0.00,55.72,0.00,SIN
2a06:98c1:3101:f322:cb6d:c810:28a7:8108,4,4,0.00,55.72,0.00,SIN
2a06:98c1:3100:7d1b:8653:2d81:957d:c6f,4,4,0.00,55.72,0.00,SIN
2a06:98c1:310b:0:d3:fc16:6da1:b177,4,4,0.00,55.73,0.00,SIN
2a06:98c1:3100:7d1b:8653:d050:8de4:3d86,4,4,0.00,55.73,0.00,SIN
2a06:98c1:51:aece:296c:a70c:81e3:5690,4,4,0.00,55.73,0.00,SIN
2a06:98c1:3105:854d:eede:e644:947b:9fd8,4,4,0.00,55.73,0.00,SIN
2a06:98c1:3100:3525:ba13:6fea:8a34:8f21,4,4,0.00,55.73,0.00,SIN
2a06:98c1:3107:ae51:4248:3703:94f1:21ae,4,4,0.00,55.73,0.00,SIN
2803:f800:50:f049:26f8:3728:3551:c5fb,4,4,0.00,55.74,0.00,SIN
2a06:98c1:50:4fa8:58f3:ff07:4e11:1ae0,4,4,0.00,55.74,0.00,SIN
2a06:98c1:310b:0:c0fa:dd89:d1b9:4cba,4,4,0.00,55.74,0.00,SIN
2a06:98c1:310a:0:e7a6:93dd:a891:6e92,4,4,0.00,55.74,0.00,SIN
2a06:98c1:310b:0:c0fa:44cc:878e:8e7c,4,4,0.00,55.74,0.00,SIN
2a06:98c1:3104:f9:af98:e796:1007:e966,4,4,0.00,55.74,0.00,SIN
2a06:98c1:3106:0:2288:ea29:9aeb:40fa,4,4,0.00,55.74,0.00,SIN
2a06:98c1:3105:854d:eede:e644:35c4:4ae8,4,4,0.00,55.74,0.00,SIN
2a06:98c1:3101:f322:e9db:204f:34cc:485c,4,4,0.00,55.75,0.00,SIN
2a06:98c1:310e:0:fa3c:5816:e9d2:93b3,4,4,0.00,55.75,0.00,SIN
2a06:98c1:3103:0:c08f:b439:e2ad:d46b,4,4,0.00,55.75,0.00,SIN
2a06:98c1:310b:0:c190:d4f6:8041:e1cb,4,4,0.00,55.75,0.00,SIN
2a06:98c1:310a:36:ecce:7fa:56f6:1e96,4,4,0.00,55.75,0.00,SIN
2a06:98c1:50:4f1e:20be:2023:8b60:7c20,4,4,0.00,55.75,0.00,SIN
2400:cb00:2049:b2a5:1700:f691:ccf0:cb41,4,4,0.00,55.75,0.00,SIN
2a06:98c1:310c:f49c:7120:3702:8e5b:297,4,4,0.00,55.75,0.00,SIN
2a06:98c1:310a:0:e7a6:31f8:be3f:7047,4,4,0.00,55.75,0.00,SIN
2a06:98c1:3100:3525:6f42:a173:884c:a17f,4,4,0.00,55.75,0.00,SIN
2400:cb00:2049:2978:3861:dcfe:448d:2122,4,4,0.00,55.76,0.00,SIN
2a06:98c1:3107:aee4:c3f3:71:971:cf3b,4,4,0.00,55.76,0.00,SIN
2a06:98c1:3106:ca:9a85:8f6:84a5:8af1,4,4,0.00,55.76,0.00,SIN
2a06:98c1:3108:6a:b7e3:e953:c390:52ad,4,4,0.00,55.76,0.00,SIN
2400:cb00:2049:29e6:1c93:86a:14ad:e413,4,4,0.00,55.76,0.00,SIN
2a06:98c1:3105:85a9:8619:c45e:55bf:1cf2,4,4,0.00,55.76,0.00,SIN
2a06:98c1:3105:85a9:8619:c473:840:3094,4,4,0.00,55.76,0.00,SIN
2a06:98c1:50:d5:5928:4ef:3cd3:5019,4,4,0.00,55.76,0.00,SIN
2a06:98c1:3101:0:bcad:46ef:90ef:a150,4,4,0.00,55.77,0.00,SIN
2a06:98c1:310e:c9e4:2107:f352:37d9:2cdc,4,4,0.00,55.77,0.00,SIN
2a06:98c1:50:4f1e:a4a0:cd46:d4d5:9666,4,4,0.00,55.77,0.00,SIN
2a06:98c1:3104:cef7:cd60:de93:6414:d0b3,4,4,0.00,55.77,0.00,SIN
2a06:98c1:310e:c8:84d9:35cb:a77a:cc66,4,4,0.00,55.77,0.00,SIN
2a06:98c1:310c:d4:94e9:7326:62fd:65cc,4,4,0.00,55.77,0.00,SIN
2a06:98c1:50:d5:5928:4ef:90a:c734,4,4,0.00,55.77,0.00,SIN
2a06:98c1:310c:14:4ae8:a2af:3bf5:94d4,4,4,0.00,55.77,0.00,SIN
2a06:98c1:3108:7568:41cb:6c92:e182:294a,4,4,0.00,55.78,0.00,SIN
2a06:98c1:310d:f0c3:ad57:ca70:890e:8eda,4,4,0.00,55.78,0.00,SIN
2a06:98c1:310d:f04e:3b25:fa4:6194:d82c,4,4,0.00,55.78,0.00,SIN
2a06:98c1:3109:e1:1242:3c0a:de89:57d8,4,4,0.00,55.78,0.00,SIN
2a06:98c1:3104:de5f:5f42:159f:2230:e7c,4,4,0.00,55.78,0.00,SIN
2a06:98c1:3100:7d40:8436:ab2e:8b79:c575,4,4,0.00,55.78,0.00,SIN
2a06:98c1:3100:0:a1:48bd:5c5e:837e,4,4,0.00,55.78,0.00,SIN
2a06:98c1:3100:3525:ba13:6fea:8a37:8755,4,4,0.00,55.78,0.00,SIN
2a06:98c1:310f:fa9f:7c29:e201:86f2:7b2e,4,4,0.00,55.78,0.00,SIN
2a06:98c1:3107:0:7edf:27db:9331:70f8,4,4,0.00,55.78,0.00,SIN
2a06:98c1:310b:0:365f:a41:cdd8:75a5,4,4,0.00,55.78,0.00,SIN
2a06:98c1:310b:f3:d05e:b43f:7b01:6451,4,4,0.00,55.78,0.00,SIN
2400:cb00:2049:29e6:1c9b:e58a:38eb:8290,4,4,0.00,55.78,0.00,SIN
2a06:98c1:310e:c949:6c24:e85c:cf70:d62e,4,4,0.00,55.78,0.00,SIN
2803:f800:51:379b:e50c:a6f:2aaf:7e74,4,4,0.00,55.79,0.00,SIN
2a06:98c1:50:d5:5928:80da:2855:1a22,4,4,0.00,55.79,0.00,SIN
2a06:98c1:310d:f04e:d852:7413:789d:8ddc,4,4,0.00,55.79,0.00,SIN
2a06:98c1:3104:8b:a44f:7b5a:2300:b3ba,4,4,0.00,55.79,0.00,SIN
2a06:98c1:310f:fa9f:7c29:b85b:2995:1673,4,4,0.00,55.79,0.00,SIN
2a06:98c1:3103:9715:6361:5cef:aac5:dd93,4,4,0.00,55.79,0.00,SIN
2a06:98c1:310e:c9e4:2170:fa37:77a6:2106,4,4,0.00,55.79,0.00,SIN
2a06:98c1:3103:18fc:3e06:ad21:18:79d2,4,4,0.00,55.79,0.00,SIN
2a06:98c1:3108:0:4f76:de71:317b:6158,4,4,0.00,55.79,0.00,SIN
2a06:98c1:50:4f1e:20be:2025:6123:114d,4,4,0.00,55.79,0.00,SIN
2a06:98c1:3106:86ad:afc4:a8f:446b:2904,4,4,0.00,55.79,0.00,SIN
2a06:98c1:51:ae55:a472:8a45:95bf:b86,4,4,0.00,55.80,0.00,SIN
2a06:98c1:3101:f322:e9db:c74b:6670:69c3,4,4,0.00,55.80,0.00,SIN
2400:cb00:2049:b200:61f6:21dc:4722:f2b2,4,4,0.00,55.80,0.00,SIN
2a06:98c1:3104:8b:810b:9cac:f89:cc57,4,4,0.00,55.80,0.00,SIN
2a06:98c1:3104:cef7:cd54:4807:c166:629f,4,4,0.00,55.80,0.00,SIN
2a06:98c1:3108:0:f9fd:dd58:f37:8e4d,4,4,0.00,55.80,0.00,SIN
2a06:98c1:3103:183b:c02e:6f2e:ddc8:c043,4,4,0.00,55.80,0.00,SIN
2400:cb00:2049:29e6:1c9b:1789:1a36:8822,4,4,0.00,55.80,0.00,SIN
2a06:98c1:310a:8d:d456:ca5d:f612:8bcf,4,4,0.00,55.80,0.00,SIN
2a06:98c1:51:0:c5:abf7:34ea:f679,4,4,0.00,55.80,0.00,SIN
2400:cb00:2049:2929:9ec7:fd05:aeaa:dc3c,4,4,0.00,55.80,0.00,SIN
2a06:98c1:3102:ee60:11f6:1b9b:2f6:83f7,4,4,0.00,55.80,0.00,SIN
2a06:98c1:3104:cef7:cd54:488f:eb1:cccd,4,4,0.00,55.80,0.00,SIN
2400:cb00:2049:b2a5:f4a0:349f:1196:cd2d,4,4,0.00,55.81,0.00,SIN
2a06:98c1:3100:7d1b:1bd8:575f:44b3:491f,4,4,0.00,55.81,0.00,SIN
2a06:98c1:3100:7d1b:8653:3c71:523d:c6e7,4,4,0.00,55.81,0.00,SIN
2a06:98c1:310a:36:414d:5e9b:2ec4:87c1,4,4,0.00,55.81,0.00,SIN
2a06:98c1:3101:f322:cb25:f318:244d:9a56,4,4,0.00,55.81,0.00,SIN
2a06:98c1:3105:854d:3bb1:3ec5:1d2f:debc,4,4,0.00,55.81,0.00,SIN
2803:f800:50:f049:b339:1002:3f0:923d,4,4,0.00,55.81,0.00,SIN
2a06:98c1:3103:b862:4302:13b5:a065:c976,4,4,0.00,55.81,0.00,SIN
2a06:98c1:310b::b28b:ea4a,4,4,0.00,55.81,0.00,SIN
2a06:98c1:3101:f322:d27:3772:ebf7:6f7c,4,4,0.00,55.81,0.00,SIN
2a06:98c1:50:6b31:c8ea:7bd0:dc45:6791,4,4,0.00,55.81,0.00,SIN
2400:cb00:2049:29e6:1c93:2130:7f5b:e742,4,4,0.00,55.82,0.00,SIN
2a06:98c1:51:aece:fdcf:2f8a:d93c:755e,4,4,0.00,55.82,0.00,SIN
2a06:98c1:3100:7d40:b2bd:6834:7f08:9ca8,4,4,0.00,55.82,0.00,SIN
2a06:98c1:3100:7d14:9232:983b:c0f0:2fd3,4,4,0.00,55.82,0.00,SIN
2a06:98c1:50:0:9147:cc3d:c130:21c1,4,4,0.00,55.82,0.00,SIN
2a06:98c1:3107::2514:3c3:d2cb,4,4,0.00,55.82,0.00,SIN
2a06:98c1:310d:f04e:3bef:8e1e:c3b9:83be,4,4,0.00,55.82,0.00,SIN
2a06:98c1:310c:5c:7e38:aad5:66bc:db15,4,4,0.00,55.82,0.00,SIN
2a06:98c1:3103:7d22:28f8:fd4e:ba0a:db0d,4,4,0.00,55.82,0.00,SIN
2a06:98c1:310a:8d:d428:6aa6:5af9:b30c,4,4,0.00,55.83,0.00,SIN
2a06:98c1:3103:e577:390b:819a:38f4:ba99,4,4,0.00,55.83,0.00,SIN
2803:f800:51:676a:7d0b:9201:b9eb:c23f,4,4,0.00,55.83,0.00,SIN
2a06:98c1:3102:4e68:6033:81a3:db21:75e0,4,4,0.00,55.83,0.00,SIN
2a06:98c1:3104:de5f:5fdb:d07b:c9d1:293e,4,4,0.00,55.83,0.00,SIN
2a06:98c1:51:aece:fdcf:2f8a:d96d:5b56,4,4,0.00,55.83,0.00,SIN
2a06:98c1:3105:854d:432c:a0f6:2e62:f53e,4,4,0.00,55.83,0.00,SIN
2a06:98c1:3105:854d:432c:64fa:8c4b:3bf0,4,4,0.00,55.83,0.00,SIN
2803:f800:51:d3:f328:1624:fe83:a3cb,4,4,0.00,55.83,0.00,SIN
2a06:98c1:50:0:b0a5:51fe:a5d3:c3ee,4,4,0.00,55.83,0.00,SIN
2a06:98c1:3105:b1:501a:d7f1:95e6:a3dd,4,4,0.00,55.83,0.00,SIN
2a06:98c1:50:6b31:c13e:d244:a4e6:46c1,4,4,0.00,55.84,0.00,SIN
2a06:98c1:310f:0:69ac:2d38:41c5:2917,4,4,0.00,55.84,0.00,SIN
2a06:98c1:3107:ae97:429e:4f91:760e:1e76,4,4,0.00,55.84,0.00,SIN
2a06:98c1:3103:c627:c6c4:a6a:2579:67fa,4,4,0.00,55.84,0.00,SIN
2a06:98c1:50:74:9d4b:25fc:1091:44d2,4,4,0.00,55.84,0.00,SIN
2a06:98c1:310b:6c:bd54:c67d:2466:bb45,4,4,0.00,55.85,0.00,SIN
2a06:98c1:3108:3a23:83e0:65b1:5c72:95ea,4,4,0.00,55.85,0.00,SIN
2a06:98c1:3104:8b:810b:9cac:ce28:7d26,4,4,0.00,55.85,0.00,SIN
2400:cb00:2049:82:1ac1:4f2d:49b2:784,4,4,0.00,55.85,0.00,SIN
2a06:98c1:310d:e8:5e16:f1c1:2eea:3ea3,4,4,0.00,55.85,0.00,SIN
2a06:98c1:3107:0:7e64:2b08:68e6:1af6,4,4,0.00,55.85,0.00,SIN
2a06:98c1:310d:0:c94:4268:563:4f9c,4,4,0.00,55.85,0.00,SIN
2a06:98c1:3100:e7:8534:88ad:a082:f8ec,4,4,0.00,55.85,0.00,SIN
2a06:98c1:310d:f04e:d852:7413:2dc9:e11e,4,4,0.00,55.85,0.00,SIN
2a06:98c1:3103:9715:6361:a4c8:1f49:2dd7,4,4,0.00,55.85,0.00,SIN
2a06:98c1:3103:e5b4:ffd0:3887:89d0:e70b,4,4,0.00,55.85,0.00,SIN
2a06:98c1:3109:e1:12e9:3ad3:7e93:a33a,4,4,0.00,55.85,0.00,SIN
2a06:98c1:3103:c627:c644:6559:52b4:61c4,4,4,0.00,55.85,0.00,SIN
2a06:98c1:3103:e577:343b:79d5:7ad9:78ef,4,4,0.00,55.86,0.00,SIN
2a06:98c1:3103:7d22:cecd:8c46:318c:2575,4,4,0.00,55.86,0.00,SIN
2a06:98c1:3102::95:815e:6565,4,4,0.00,55.86,0.00,SIN
2a06:98c1:3107:ae51:4248:951a:17df:69b6,4,4,0.00,55.86,0.00,SIN
2a06:98c1:3103:9715:6361:7ef5:be62:7575,4,4,0.00,55.86,0.00,SIN
2803:f800:51:0:3a:6619:93ad:957a,4,4,0.00,55.86,0.00,SIN
2a06:98c1:3107::a6fa:82b9:dc66,4,4,0.00,55.86,0.00,SIN
2a06:98c1:3100:3525:ba13:6fea:8a64:ee7d,4,4,0.00,55.86,0.00,SIN
2a06:98c1:50:4f1e:205c:9d32:269c:2e3a,4,4,0.00,55.86,0.00,SIN
2a06:98c1:3103:9715:1212:6842:ae95:a121,4,4,0.00,55.87,0.00,SIN
2a06:98c1:3101:0:c9:175e:1afe:4a3c,4,4,0.00,55.87,0.00,SIN
2400:cb00:2049:2929:9ec7:fd05:aed5:55c1,4,4,0.00,55.87,0.00,SIN
2a06:98c1:310e:c9e4:2170:fae1:2ab:c2ae,4,4,0.00,55.87,0.00,SIN
2400:cb00:2049:b200:61f6:e7ff:436a:7da3,4,4,0.00,55.87,0.00,SIN
2a06:98c1:50:6b31:c8aa:3321:a78:df7f,4,4,0.00,55.87,0.00,SIN
2a06:98c1:310d::92d7:4fdc,4,4,0.00,55.87,0.00,SIN
2a06:98c1:310e:c9e4:3469:9b61:bc40:f8f1,4,4,0.00,55.87,0.00,SIN
2a06:98c1:3103:9728:baa2:151a:8665:4fc1,4,4,0.00,55.87,0.00,SIN
2a06:98c1:3101:f322:d27:aa85:b6c:9e42,4,4,0.00,55.87,0.00,SIN
2a06:98c1:3100:7ded:aa50:63e3:50eb:e0b2,4,4,0.00,55.87,0.00,SIN
2a06:98c1:3101:0:c9:175e:c47f:8b5e,4,4,0.00,55.87,0.00,SIN
2400:cb00:2049:b200:48f9:6cef:a7a:53a1,4,4,0.00,55.88,0.00,SIN
2a06:98c1:310e:0:fa3c:58a8:8044:f32e,4,4,0.00,55.88,0.00,SIN
2a06:98c1:3101:f322:cb99:4626:6ac:7f7a,4,4,0.00,55.88,0.00,SIN
2a06:98c1:3104:8b:a44f:5a85:1128:312f,4,4,0.00,55.88,0.00,SIN
2a06:98c1:3100:7d1b:867f:63ba:cb1e:9ae8,4,4,0.00,55.88,0.00,SIN
2400:cb00:2049:2929:9ec7:14fb:574c:eaf7,4,4,0.00,55.88,0.00,SIN
2a06:98c1:3100:0:fa45:b2e7:17aa:1203,4,4,0.00,55.88,0.00,SIN
2a06:98c1:310c:f49c:711d:543f:4f89:200b,4,4,0.00,55.88,0.00,SIN
2a06:98c1:3104:ce0b:a2ac:aa01:bf0d:fa0a,4,4,0.00,55.88,0.00,SIN
2400:cb00:2049:b200:61f6:2141:3457:8846,4,4,0.00,55.88,0.00,SIN
2a06:98c1:310c:d4:9478:5fc3:da7c:ef51,4,4,0.00,55.88,0.00,SIN
2a06:98c1:3102:ee60:d044:75a4:df50:ab08,4,4,0.00,55.88,0.00,SIN
2a06:98c1:3107:aee4:c53e:7bcb:da29:347a,4,4,0.00,55.89,0.00,SIN
2a06:98c1:310a:36:c238:bd85:e38f:2711,4,4,0.00,55.89,0.00,SIN
2803:f800:51:379b:e55c:15c4:efd0:7984,4,4,0.00,55.89,0.00,SIN
2a06:98c1:3106:8688:f6af:c33b:e99a:6bd2,4,4,0.00,55.89,0.00,SIN
2a06:98c1:3105::9fc2:4c69:da2c,4,4,0.00,55.89,0.00,SIN
2a06:98c1:3100:7ded:86f1:b7d7:2886:b915,4,4,0.00,55.89,0.00,SIN
2a06:98c1:310c:f49c:71fc:6756:56bc:776f,4,4,0.00,55.89,0.00,SIN
2a06:98c1:3101:f322:d27:3772:b0f9:96b3,4,4,0.00,55.89,0.00,SIN
2a06:98c1:3102:4e68:d314:1adf:ab90:7ff2,4,4,0.00,55.89,0.00,SIN
2a06:98c1:3103:e5b4:1543:a75f:f4e4:d9e0,4,4,0.00,55.89,0.00,SIN
2a06:98c1:310b:0:365f:489a:862d:d478,4,4,0.00,55.89,0.00,SIN
2a06:98c1:310f:0:69ac:2d38:4109:6dbd,4,4,0.00,55.89,0.00,SIN
2a06:98c1:310e:0:fa3c:5816:1eed:1012,4,4,0.00,55.89,0.00,SIN
2a06:98c1:310e::45:33c3:a398,4,4,0.00,55.89,0.00,SIN
2a06:98c1:3108:0:4f76:5e21:1d15:b73e,4,4,0.00,55.89,0.00,SIN
2a06:98c1:3108:0:4f48:ef51:ce96:66da,4,4,0.00,55.89,0.00,SIN
2a06:98c1:3103:9728:f49b:1562:c447:a2f0,4,4,0.00,55.90,0.00,SIN
2a06:98c1:3107:b7b8:a0b9:5864:5cf8:e9ee,4,4,0.00,55.90,0.00,SIN
2a06:98c1:3104::d4d7:61ac:5961,4,4,0.00,55.90,0.00,SIN
2a06:98c1:3101:f3af:ed6e:2e38:6e31:ebae,4,4,0.00,55.90,0.00,SIN
2a06:98c1:3109::9d05:a4cf:c53b,4,4,0.00,55.90,0.00,SIN
2a06:98c1:310d::e1d3:e07:4111,4,4,0.00,55.90,0.00,SIN
2a06:98c1:3106:8688:6307:a91a:5a7:8367,4,4,0.00,55.90,0.00,SIN
2803:f800:51:d3:62bb:1d8d:fc1d:750c,4,4,0.00,55.90,0.00,SIN
2803:f800:51:379b:e55c:cfa8:cded:754a,4,4,0.00,55.90,0.00,SIN
2803:f800:51:379b:e55c:cfa8:207b:a432,4,4,0.00,55.90,0.00,SIN
2a06:98c1:310a:17:b383:b6a1:ffce:2bda,4,4,0.00,55.90,0.00,SIN
2a06:98c1:3108:0:f9fd:4f01:b675:20f5,4,4,0.00,55.91,0.00,SIN
2a06:98c1:3106::afde:51f1:482a,4,4,0.00,55.91,0.00,SIN
2a06:98c1:3108:0:4f76:dea0:55de:7db0,4,4,0.00,55.91,0.00,SIN
2a06:98c1:3101:0:bcad:465a:44d5:da5,4,4,0.00,55.91,0.00,SIN
2a06:98c1:3106:86ad:f6f1:40cb:7e7d:ed1c,4,4,0.00,55.91,0.00,SIN
2a06:98c1:3100:7d40:b2bd:4bd8:1a96:7cb,4,4,0.00,55.91,0.00,SIN
2a06:98c1:3106:0:98:ad79:9d0:e1b2,4,4,0.00,55.91,0.00,SIN
2a06:98c1:3100:3525:ba2b:8013:1967:400d,4,4,0.00,55.91,0.00,SIN
2a06:98c1:51:7b:557f:b2c1:6f1a:fbf6,4,4,0.00,55.91,0.00,SIN
2a06:98c1:3107:aee4:c3f3:e4f:d3ed:36f6,4,4,0.00,55.91,0.00,SIN
2803:f800:50:0:e77b:af63:632c:47c6,4,4,0.00,55.92,0.00,SIN
2a06:98c1:310b:f3:dd22:9ace:c3f7:e12d,4,4,0.00,55.92,0.00,SIN
2a06:98c1:3106:86ad:f637:6b1:bde8:e05c,4,4,0.00,55.92,0.00,SIN
2a06:98c1:3106:86ad:f637:6b1:ae77:3536,4,4,0.00,55.92,0.00,SIN
2a06:98c1:3108:6a:b7e3:faa8:1823:52d4,4,4,0.00,55.92,0.00,SIN
2a06:98c1:3103:9728:baa2:1919:8947:43aa,4,4,0.00,55.92,0.00,SIN
2a06:98c1:3103:9728:baa2:1919:89ee:54bd,4,4,0.00,55.92,0.00,SIN
2a06:98c1:3103:c627:c6d3:90e7:d81:dce4,4,4,0.00,55.92,0.00,SIN
2a06:98c1:3103:7d22:cecd:4f72:622e:eb84,4,4,0.00,55.92,0.00,SIN
2a06:98c1:3100:7d1b:8653:2d81:6c19:379f,4,4,0.00,55.92,0.00,SIN
2a06:98c1:50:4fc1:2a6a:a8f5:512e:5691,4,4,0.00,55.92,0.00,SIN
2a06:98c1:3109:e1:dbc7:aebe:32ab:d1be,4,4,0.00,55.92,0.00,SIN
2a06:98c1:310a:36:c2f5:2bbc:730:511e,4,4,0.00,55.92,0.00,SIN
2a06:98c1:310c:d4:309e:cb1b:74d9:4e95,4,4,0.00,55.92,0.00,SIN
2a06:98c1:3107:ae51:4248:9540:a4fb:584f,4,4,0.00,55.92,0.00,SIN
2a06:98c1:3108:0:f9c7:497a:b43:a90e,4,4,0.00,55.93,0.00,SIN
2400:cb00:2049:ab:1e85:443e:8872:515f,4,4,0.00,55.93,0.00,SIN
2a06:98c1:3103::ce:2ca1:1d91,4,4,0.00,55.93,0.00,SIN
2a06:98c1:3107:0:83:a9cf:5c04:c62f,4,4,0.00,55.93,0.00,SIN
2803:f800:51:379b:e50c:8c41:f5d6:7ae4,4,4,0.00,55.93,0.00,SIN
2a06:98c1:3106::4c:44f4,4,4,0.00,55.93,0.00,SIN
2a06:98c1:310c:f49c:7120:d6e7:7f1b:353c,4,4,0.00,55.93,0.00,SIN
2a06:98c1:310e:0:fa3c:1177:360a:29c6,4,4,0.00,55.93,0.00,SIN
2a06:98c1:310c:14:4a8e:e625:be06:def6,4,4,0.00,55.93,0.00,SIN
2a06:98c1:310d:0:d3d2:b989:440f:40a9,4,4,0.00,55.93,0.00,SIN
2a06:98c1:3102:4e68:6d60:efb3:3ada:a7a,4,4,0.00,55.93,0.00,SIN
2a06:98c1:3102:0:de:a8bf:2437:8bc4,4,4,0.00,55.93,0.00,SIN
2a06:98c1:310d:0:cd8:780d:85a6:1236,4,4,0.00,55.93,0.00,SIN
2a06:98c1:3104:cef7:54b6:750a:e3bd:c473,4,4,0.00,55.93,0.00,SIN
2a06:98c1:3104:f9:af98:e754:8184:bcc7,4,4,0.00,55.94,0.00,SIN
2a06:98c1:3107:0:1510:6f77:5da2:db1e,4,4,0.00,55.94,0.00,SIN
2a06:98c1:3104:cef7:cd54:4807:c1d2:9280,4,4,0.00,55.94,0.00,SIN
2a06:98c1:310d::97:9885:1e63,4,4,0.00,55.94,0.00,SIN
2a06:98c1:3100:0:41:b522:c5be:fa0f,4,4,0.00,55.94,0.00,SIN
2a06:98c1:310d:f04e:d8a5:cb84:3d66:e2f8,4,4,0.00,55.94,0.00,SIN
2a06:98c1:310d:f04e:d8a5:cb84:197e:aa3d,4,4,0.00,55.94,0.00,SIN
2a06:98c1:50:74:4ed9:356e:417b:60ab,4,4,0.00,55.94,0.00,SIN
2a06:98c1:3106:8688:f648:10e1:6863:2b5e,4,4,0.00,55.94,0.00,SIN
2a06:98c1:50:6b76:649c:65f7:d078:98c9,4,4,0.00,55.95,0.00,SIN
2a06:98c1:310d:f04e:3bef:871d:a58b:68a5,4,4,0.00,55.95,0.00,SIN
2a06:98c1:3102:ee60:1104:4adf:53d5:1439,4,4,0.00,55.95,0.00,SIN
2a06:98c1:3100:7d40:b2bd:37d3:59b8:761,4,4,0.00,55.95,0.00,SIN
2a06:98c1:3100:7d40:b2bd:37d3:a483:f1bf,4,4,0.00,55.95,0.00,SIN
2a06:98c1:3108:3a23:83e0:b045:1dfc:38f,4,4,0.00,55.95,0.00,SIN
2a06:98c1:310b:f3:d05e:7bd4:794:68bb,4,4,0.00,55.95,0.00,SIN
2a06:98c1:50:6b31:116a:34d0:1f19:bd44,4,4,0.00,55.95,0.00,SIN
2a06:98c1:51:aece:29f1:b35:ef3a:b920,4,4,0.00,55.95,0.00,SIN
2803:f800:50:f049:26f8:37ce:45b3:2f3a,4,4,0.00,55.95,0.00,SIN
2a06:98c1:310b:f3:d042:d6f6:47c8:425e,4,4,0.00,55.95,0.00,SIN
2a06:98c1:310a:8d:d456:ca6d:9637:631f,4,4,0.00,55.95,0.00,SIN
2400:cb00:2049:29e6:1c93:a449:baf3:34bd,4,4,0.00,55.95,0.00,SIN
2a06:98c1:3100:0:41:b5ea:11c0:16b4,4,4,0.00,55.95,0.00,SIN
2a06:98c1:310a:17:b383:b621:7a1d:b8b3,4,4,0.00,55.95,0.00,SIN
2a06:98c1:3105:0:53ff:e43b:398d:35d9,4,4,0.00,55.95,0.00,SIN
2a06:98c1:3101:da:a589:fc9d:64ed:959a,4,4,0.00,55.95,0.00,SIN
2a06:98c1:310e:c8:5d12:96ad:a623:5739,4,4,0.00,55.95,0.00,SIN
2a06:98c1:310f:0:d5f2:c441:33ec:f3bb,4,4,0.00,55.96,0.00,SIN
2a06:98c1:310f:0:d5f2:c441:3304:74e1,4,4,0.00,55.96,0.00,SIN
2803:f800:51:676a:7da3:b570:3caf:7db8,4,4,0.00,55.96,0.00,SIN
2a06:98c1:3103:7d22:28cd:a824:8f82:d183,4,4,0.00,55.96,0.00,SIN
2400:cb00:2049:b200:6167:b092:1e02:afea,4,4,0.00,55.96,0.00,SIN
2a06:98c1:310e:c949:6cd9:8b59:a5d5:58ad,4,4,0.00,55.96,0.00,SIN
2a06:98c1:310c:eb:df6c:197a:50bc:7d57,4,4,0.00,55.96,0.00,SIN
2a06:98c1:3104:de5f:fdd4:dc2c:473f:a92b,4,4,0.00,55.96,0.00,SIN
2a06:98c1:3103:e5b4:1543:2f8c:9941:9169,4,4,0.00,55.96,0.00,SIN
2400:cb00:2049:b2a5:f4a0:cb8:9a63:9f1b,4,4,0.00,55.96,0.00,SIN
2400:cb00:2049:b2a5:f4a0:cb8:9a62:a09,4,4,0.00,55.96,0.00,SIN
2a06:98c1:3100:3525:bafc:a72f:d795:8022,4,4,0.00,55.96,0.00,SIN
2a06:98c1:50:4f1e:a4a0:5c1e:9579:222,4,4,0.00,55.96,0.00,SIN
2a06:98c1:3108:3a23:83e0:f080:7cac:9fd0,4,4,0.00,55.97,0.00,SIN
2a06:98c1:50:4f1e:205c:9d79:9561:a97f,4,4,0.00,55.97,0.00,SIN
2a06:98c1:3103:c627:c644:f1fd:9348:9edc,4,4,0.00,55.97,0.00,SIN
2a06:98c1:310c:14:1c83:38f9:283e:79d3,4,4,0.00,55.97,0.00,SIN
2a06:98c1:3104:0:b2:93ba:2cfc:d884,4,4,0.00,55.97,0.00,SIN
2a06:98c1:310c:5c:326e:3b0b:bd23:49ca,4,4,0.00,55.97,0.00,SIN
2a06:98c1:3103:e5b4:15bb:78b3:3c81:4e,4,4,0.00,55.97,0.00,SIN
2a06:98c1:3107:ae51:4248:9540:3449:5c63,4,4,0.00,55.97,0.00,SIN
2a06:98c1:310a:36:ecce:e584:724e:6a9f,4,4,0.00,55.97,0.00,SIN
2a06:98c1:3106:6c:655f:147d:a868:4883,4,4,0.00,55.98,0.00,SIN
2a06:98c1:51:0:c5:aa25:901d:ef89,4,4,0.00,55.98,0.00,SIN
2a06:98c1:3100:7d14:9232:a3fc:617b:e4f8,4,4,0.00,55.98,0.00,SIN
2a06:98c1:3107:b7b8:a084:ec:eb4e:deb9,4,4,0.00,55.98,0.00,SIN
2a06:98c1:51::fe:f9c1:4eb3,4,4,0.00,55.98,0.00,SIN
2a06:98c1:50:fd1d:6e03:cccc:38c4:2246,4,4,0.00,55.98,0.00,SIN
2a06:98c1:310b:6c:bd54:c67d:24d1:e19f,4,4,0.00,55.98,0.00,SIN
2a06:98c1:50:6b76:649c:36e1:c72a:a0b7,4,4,0.00,55.98,0.00,SIN
2a06:98c1:3100:3525:ba2b:8013:3abf:6282,4,4,0.00,55.98,0.00,SIN
2a06:98c1:3104:8b:810b:9c06:ed0c:8b5c,4,4,0.00,55.98,0.00,SIN
2a06:98c1:3103:b862:43f9:e163:285f:f981,4,4,0.00,55.98,0.00,SIN
2a06:98c1:3104:0:b2:98a3:e0c3:76b5,4,4,0.00,55.99,0.00,SIN
2803:f800:51:0:8823:d571:da60:191a,4,4,0.00,55.99,0.00,SIN
2a06:98c1:3101:f3af:743f:d710:773:258a,4,4,0.00,55.99,0.00,SIN
2a06:98c1:310d:f04e:a59a:27a2:7730:48a6,4,4,0.00,55.99,0.00,SIN
2a06:98c1:3100::d91b:552f:51f6,4,4,0.00,55.99,0.00,SIN
2803:f800:50:f049:b256:225a:80a2:9d29,4,4,0.00,55.99,0.00,SIN
2a06:98c1:3104:64:caa1:8405:dfea:390,4,4,0.00,55.99,0.00,SIN
2a06:98c1:3100:0:c632:1ed9:dc70:5931,4,4,0.00,55.99,0.00,SIN
2a06:98c1:3103:e577:343b:79bb:498f:7dbe,4,4,0.00,55.99,0.00,SIN
2a06:98c1:310e:c8:5d12:3a32:eb68:1e5d,4,4,0.00,55.99,0.00,SIN
2a06:98c1:3103:e577:397b:bbd7:b50b:7cfd,4,4,0.00,55.99,0.00,SIN
2a06:98c1:310d::97:ef28:4a06,4,4,0.00,55.99,0.00,SIN
2a06:98c1:3102:0:de:a8bf:dfea:8449,4,4,0.00,55.99,0.00,SIN
2a06:98c1:3108:3a23:83e0:65f0:cfaa:6bd0,4,4,0.00,55.99,0.00,SIN
2a06:98c1:3100:7d1b:8653:3085:7c70:f82f,4,4,0.00,55.99,0.00,SIN
2400:cb00:2049:2978:3861:bf70:b7a8:aa70,4,4,0.00,56.00,0.00,SIN
2a06:98c1:3106:86ad:af47:a38a:3002:18e4,4,4,0.00,56.00,0.00,SIN
2a06:98c1:310c:f49c:71fc:369c:15fc:d0db,4,4,0.00,56.00,0.00,SIN
2a06:98c1:310a:0:e7a6:9387:c445:d9e5,4,4,0.00,56.00,0.00,SIN
2a06:98c1:50:6b31:c8ea:c15d:b7e6:4df9,4,4,0.00,56.00,0.00,SIN
2a06:98c1:51:ae55:2d58:a229:167d:baeb,4,4,0.00,56.00,0.00,SIN
2a06:98c1:50:6b31:c8ea:c15d:b710:e7ee,4,4,0.00,56.00,0.00,SIN
2a06:98c1:3108:3a6e:9a57:24e:8f03:3971,4,4,0.00,56.00,0.00,SIN
2a06:98c1:3106:ca:9a85:c591:4f13:77b3,4,4,0.00,56.00,0.00,SIN
2a06:98c1:310c:eb:dfaa:40a6:be78:cd51,4,4,0.00,56.00,0.00,SIN
2a06:98c1:3103:18fc:3e06:ad21:e8:4cf0,4,4,0.00,56.00,0.00,SIN
2803:f800:50:f049:b3e6:37ce:60eb:79f8,4,4,0.00,56.00,0.00,SIN
2a06:98c1:3101:f322:cb6d:c8b1:f020:41f1,4,4,0.00,56.01,0.00,SIN
2a06:98c1:3101:f322:e902:9061:1e7d:7182,4,4,0.00,56.01,0.00,SIN
2a06:98c1:310c:eb:dfaa:4024:5109:45b9,4,4,0.00,56.01,0.00,SIN
2a06:98c1:3101:f322:d27:aa85:8660:f14,4,4,0.00,56.01,0.00,SIN
2a06:98c1:3100:0:63:6936:1130:2688,4,4,0.00,56.01,0.00,SIN
2a06:98c1:3106:8688:7a:e6c1:8c2b:d539,4,4,0.00,56.01,0.00,SIN
2a06:98c1:50:0:913b:2e58:b7d9:3c4a,4,4,0.00,56.01,0.00,SIN
2a06:98c1:3108:0:4f24:3cb1:6a10:af6d,4,4,0.00,56.01,0.00,SIN
2a06:98c1:3100:0:ed98:665c:4cca:4e88,4,4,0.00,56.01,0.00,SIN
2a06:98c1:3104:ce0b:d740:c265:f53d:cbd6,4,4,0.00,56.01,0.00,SIN
2a06:98c1:3100:7d1b:8653:2dfe:2fef:9265,4,4,0.00,56.01,0.00,SIN
2400:cb00:2049::7f19:590d:33a2,4,4,0.00,56.01,0.00,SIN
2a06:98c1:3102::ddd4:704a:4132,4,4,0.00,56.01,0.00,SIN
2a06:98c1:3103:b862:c39:9e57:ae00:6ef4,4,4,0.00,56.01,0.00,SIN
2a06:98c1:3107:aee4:c37e:150d:c71d:4f86,4,4,0.00,56.02,0.00,SIN
2803:f800:51:0:3a:66d8:9129:c201,4,4,0.00,56.02,0.00,SIN
2a06:98c1:3103:18fc:3e2e:8d8c:7908:24ba,4,4,0.00,56.02,0.00,SIN
2a06:98c1:3103:18fc:3e2e:8d8c:7904:7d14,4,4,0.00,56.02,0.00,SIN
2400:cb00:2049:2978:3861:bf70:f9d1:ef9b,4,4,0.00,56.02,0.00,SIN
2a06:98c1:310c:14:1c83:387d:93b8:72d9,4,4,0.00,56.02,0.00,SIN
2803:f800:51:0:8034:1e4f:a732:38e7,4,4,0.00,56.02,0.00,SIN
2a06:98c1:3108:7568:417d:98af:1e1f:4cc0,4,4,0.00,56.02,0.00,SIN
2a06:98c1:3107:ae51:1377:ec5b:c136:8ec5,4,4,0.00,56.02,0.00,SIN
2a06:98c1:3108::5978:8d5b:b7b1,4,4,0.00,56.02,0.00,SIN
2803:f800:51:0:3a:72df:f5c1:9908,4,4,0.00,56.02,0.00,SIN
2a06:98c1:50:fd1d:4d65:2c19:39d4:3a92,4,4,0.00,56.02,0.00,SIN
2a06:98c1:3105:85a9:8619:c452:aad0:5e74,4,4,0.00,56.02,0.00,SIN
2a06:98c1:50:fd1d:4c41:cad9:8b62:b489,4,4,0.00,56.02,0.00,SIN
2a06:98c1:3105:0:53ff:1630:a12b:ee81,4,4,0.00,56.03,0.00,SIN
2400:cb00:2049:b2a5:f4a0:341f:53a7:5975,4,4,0.00,56.03,0.00,SIN
2a06:98c1:50:4f1e:20c8:89e4:96a7:5e9f,4,4,0.00,56.03,0.00,SIN
2a06:98c1:50:6b31:c8aa:3321:9cb9:75fb,4,4,0.00,56.03,0.00,SIN
2a06:98c1:3102:ee60:1104:ba3:9135:bcf,4,4,0.00,56.03,0.00,SIN
2803:f800:50:0:e77b:af0f:61b3:1796,4,4,0.00,56.03,0.00,SIN
2a06:98c1:50:fd1d:6e98:9d16:b872:e30,4,4,0.00,56.03,0.00,SIN
2a06:98c1:3102:ee60:d0a9:f90f:aa89:9fa8,4,4,0.00,56.03,0.00,SIN
2a06:98c1:3100:7d1b:1bd8:575f:cd1e:55c9,4,4,0.00,56.03,0.00,SIN
2a06:98c1:3103:9728:f49b:cb7d:2eb6:e4a7,4,4,0.00,56.03,0.00,SIN
2803:f800:51:676a:7d0b:9201:b940:dde7,4,4,0.00,56.03,0.00,SIN
2a06:98c1:3107:aee4:c5bf:54f4:45cb:c4b4,4,4,0.00,56.04,0.00,SIN
2a06:98c1:310b:0:36c7:25f0:985:20ce,4,4,0.00,56.04,0.00,SIN
2a06:98c1:50:0:9164:9f5f:241e:50f7,4,4,0.00,56.04,0.00,SIN
2a06:98c1:3106:8688:6307:a97e:1fea:9857,4,4,0.00,56.04,0.00,SIN
2a06:98c1:3103:18fc:3e2e:8da9:a8eb:b93b,4,4,0.00,56.04,0.00,SIN
2a06:98c1:310e:c949:6c24:e8d0:758a:6959,4,4,0.00,56.04,0.00,SIN
2803:f800:50:0:e77b:5193:e4f9:7f1d,4,4,0.00,56.04,0.00,SIN
2a06:98c1:3100:7d1b:1bd8:5b5:47e9:3b2b,4,4,0.00,56.04,0.00,SIN
2a06:98c1:3100:3525:ba2b:8013:1909:5fa5,4,4,0.00,56.04,0.00,SIN
2a06:98c1:3106:8688:7a:846a:9e34:b050,4,4,0.00,56.04,0.00,SIN
2a06:98c1:3108:759c:e0e8:cf04:41fb:3a89,4,4,0.00,56.05,0.00,SIN
2a06:98c1:3103:9728:ba04:6e65:505:4207,4,4,0.00,56.05,0.00,SIN
2a06:98c1:3109:0:1c91:603e:db1b:4632,4,4,0.00,56.05,0.00,SIN
2a06:98c1:3102:ee60:1104:4adf:5377:5d98,4,4,0.00,56.05,0.00,SIN
2a06:98c1:50:4fc1:2a70:444f:2ddd:3b17,4,4,0.00,56.05,0.00,SIN
2a06:98c1:3106:ca:5f84:772e:8b0e:bc9,4,4,0.00,56.05,0.00,SIN
2a06:98c1:3100:e7:ce47:386b:219a:f73a,4,4,0.00,56.05,0.00,SIN
2a06:98c1:3104:64:caa1:af95:e815:3e47,4,4,0.00,56.06,0.00,SIN
2a06:98c1:310a:36:414d:5e9b:2e28:9aaa,4,4,0.00,56.06,0.00,SIN
2a06:98c1:3106:86ad:f69f:64e3:cd9:6730,4,4,0.00,56.06,0.00,SIN
2a06:98c1:3107:aee4:c53e:5547:5a06:5449,4,4,0.00,56.06,0.00,SIN
2400:cb00:2049:b2a5:1700:773e:5ede:2972,4,4,0.00,56.06,0.00,SIN
2a06:98c1:3102:4e68:60d9:525e:9863:ad80,4,4,0.00,56.06,0.00,SIN
2a06:98c1:51:0:c5:aa25:ace4:e9ba,4,4,0.00,56.06,0.00,SIN
2a06:98c1:50:6b31:116a:34d0:bbcf:3bd1,4,4,0.00,56.06,0.00,SIN
2a06:98c1:310d:f04e:a54f:396d:7c8f:3d4d,4,4,0.00,56.06,0.00,SIN
2a06:98c1:50:74:9d4b:25b5:b369:756,4,4,0.00,56.06,0.00,SIN
2a06:98c1:51:aece:8ac0:3a1a:240e:df76,4,4,0.00,56.06,0.00,SIN
2a06:98c1:3101:f322:e902:90c2:40fe:cc79,4,4,0.00,56.06,0.00,SIN
2a06:98c1:3103:e577:390b:8122:4f20:7863,4,4,0.00,56.06,0.00,SIN
2803:f800:50:f049:2608:7275:b1e9:a8d,4,4,0.00,56.06,0.00,SIN
2a06:98c1:51:aece:fdcf:2f8a:682e:be88,4,4,0.00,56.06,0.00,SIN
2a06:98c1:3108:0:f9fd:5a95:24d5:77ab,4,4,0.00,56.06,0.00,SIN
2a06:98c1:50:0:918a:7067:5a12:8688,4,4,0.00,56.07,0.00,SIN
2a06:98c1:3106:ca:1748:6f2f:80c5:bbf1,4,4,0.00,56.07,0.00,SIN
2a06:98c1:3106:0:9:697b:4871:3c8d,4,4,0.00,56.07,0.00,SIN
2a06:98c1:310a:36:ec4b:6133:6d1d:6e62,4,4,0.00,56.07,0.00,SIN
2a06:98c1:3107:ae97:964b:c997:ab86:d07f,4,4,0.00,56.07,0.00,SIN
2a06:98c1:310a:0:7cb0:57a3:b2f2:17d1,4,4,0.00,56.07,0.00,SIN
2a06:98c1:310e:883d:c95c:a07c:4790:90e7,4,4,0.00,56.07,0.00,SIN
2a06:98c1:3103:7d22:cedf:2d3:99d2:b56b,4,4,0.00,56.07,0.00,SIN
2a06:98c1:3107:0:2e:6193:a384:6c70,4,4,0.00,56.07,0.00,SIN
2a06:98c1:3103:9728:baa2:19a5:e2dd:668c,4,4,0.00,56.07,0.00,SIN
2a06:98c1:310b:f3:d06a:e41d:fe45:9610,4,4,0.00,56.07,0.00,SIN
2400:cb00:2049:ab:fd26:28b4:4e1b:172e,4,4,0.00,56.07,0.00,SIN
2400:cb00:2049:29e6:1c93:21e1:b486:f34f,4,4,0.00,56.07,0.00,SIN
2400:cb00:2049:29e6:1c93:21e1:e46e:842c,4,4,0.00,56.07,0.00,SIN
2a06:98c1:310e:0:fa3c:217a:b735:969d,4,4,0.00,56.08,0.00,SIN
2a06:98c1:3100:e7:ce3b:a3cf:dd20:32d2,4,4,0.00,56.08,0.00,SIN
2a06:98c1:3103:e577:39a2:5020:f3db:340a,4,4,0.00,56.08,0.00,SIN
2a06:98c1:310d:f04e:3b41:2620:64fb:6fe,4,4,0.00,56.08,0.00,SIN
2400:cb00:2049:82:1ac1:f73a:9abf:1dc0,4,4,0.00,56.08,0.00,SIN
2a06:98c1:51:0:c5:abf7:8405:bc24,4,4,0.00,56.08,0.00,SIN
2a06:98c1:50:4f1e:a4a0:44cf:95da:1f7d,4,4,0.00,56.08,0.00,SIN
2a06:98c1:310b:0:77:9840:4669:7167,4,4,0.00,56.08,0.00,SIN
2a06:98c1:51:7b:557f:b20f:d301:874d,4,4,0.00,56.08,0.00,SIN
2a06:98c1:51:7b:557f:b20f:d3f5:5355,4,4,0.00,56.08,0.00,SIN
2a06:98c1:310a:36:ecce:7fa:4b86:afe7,4,4,0.00,56.08,0.00,SIN
2a06:98c1:3100:e7:ce47:4347:d225:25bb,4,4,0.00,56.08,0.00,SIN
2a06:98c1:3100:7d1b:1bd8:572e:ae8f:1dc5,4,4,0.00,56.08,0.00,SIN
2a06:98c1:3101:da:a589:4fd3:83b9:1e2a,4,4,0.00,56.08,0.00,SIN
2a06:98c1:3101:da:a589:fc9d:6494:43a4,4,4,0.00,56.08,0.00,SIN
2a06:98c1:3101:da:a589:c2a7:7493:279e,4,4,0.00,56.08,0.00,SIN
2a06:98c1:3107:90:d491:9532:9514:7a61,4,4,0.00,56.09,0.00,SIN
2a06:98c1:310a:17:1ad8:da8a:b92a:915f,4,4,0.00,56.09,0.00,SIN
2a06:98c1:310b:c4:7f0f:e387:e936:a674,4,4,0.00,56.09,0.00,SIN
2a06:98c1:3103:18fc:3e2e:8d8c:e78a:bb80,4,4,0.00,56.09,0.00,SIN
2a06:98c1:50:0:bcf0:d1e0:c404:7c5,4,4,0.00,56.09,0.00,SIN
2a06:98c1:310b:f3:d042:d633:9d95:7e59,4,4,0.00,56.09,0.00,SIN
2a06:98c1:310d:0:b4:2812:99f7:e80c,4,4,0.00,56.09,0.00,SIN
2a06:98c1:310d:0:b4:2812:731b:122c,4,4,0.00,56.09,0.00,SIN
2a06:98c1:3106:ca:239a:5d22:ea2f:dfa6,4,4,0.00,56.09,0.00,SIN
2a06:98c1:3104:ce0b:a2ff:4288:148a:f4dc,4,4,0.00,56.09,0.00,SIN
2a06:98c1:310b:f3:d05e:42a0:e7de:f31d,4,4,0.00,56.09,0.00,SIN
2a06:98c1:3105:85a9:8619:c40f:904d:b330,4,4,0.00,56.09,0.00,SIN
2a06:98c1:3108:6a:b7e3:2a75:9dbe:ba26,4,4,0.00,56.09,0.00,SIN
2a06:98c1:51:ae55:2d83:7445:e0d9:7e7e,4,4,0.00,56.09,0.00,SIN
2a06:98c1:3109:84ab:6179:dab9:3a7c:1947,4,4,0.00,56.09,0.00,SIN
2a06:98c1:310d:0:d3d2:d599:da13:1f8e,4,4,0.00,56.10,0.00,SIN
2a06:98c1:310c:5c:326e:3b0b:bdd8:c38f,4,4,0.00,56.10,0.00,SIN
2a06:98c1:3109:e1:dbc7:ae1d:3f25:5ad8,4,4,0.00,56.10,0.00,SIN
2a06:98c1:3100:e7:8534:88e9:5709:9250,4,4,0.00,56.10,0.00,SIN
2a06:98c1:50:0:91b6:4a51:3c14:d98e,4,4,0.00,56.10,0.00,SIN
2a06:98c1:3103:18fc:3e2e:8da9:6a21:4537,4,4,0.00,56.10,0.00,SIN
2a06:98c1:3102:ee60:1104:ba3:bc8e:fee,4,4,0.00,56.10,0.00,SIN
2a06:98c1:310c:ed:b24a:efe2:329c:d002,4,4,0.00,56.10,0.00,SIN
2a06:98c1:3105:854d:3bb1:3ee0:9c41:24f9,4,4,0.00,56.11,0.00,SIN
2a06:98c1:310f:0:d5f2:6ce1:197b:6dc1,4,4,0.00,56.11,0.00,SIN
2a06:98c1:3104:8b:81e2:dfbb:82d:bd35,4,4,0.00,56.11,0.00,SIN
2a06:98c1:3107:aee4:4f1e:bc5e:dcb1:7c,4,4,0.00,56.11,0.00,SIN
2a06:98c1:3103:9728:ba04:416b:f0bc:e3e3,4,4,0.00,56.11,0.00,SIN
2a06:98c1:310c:0:7fca:ea52:4f2b:ba29,4,4,0.00,56.11,0.00,SIN
2a06:98c1:50:6b31:c1cf:56c6:1f1:2828,4,4,0.00,56.12,0.00,SIN
2400:cb00:2049:b2a5:f4a0:f8c6:7179:1d19,4,4,0.00,56.12,0.00,SIN
2a06:98c1:3105:0:53ff:e4bc:3efe:ea14,4,4,0.00,56.12,0.00,SIN
2a06:98c1:310b:f3:dd17:ea51:e376:32ed,4,4,0.00,56.12,0.00,SIN
2400:cb00:2049:b200:61f6:845:1ad:8fd3,4,4,0.00,56.12,0.00,SIN
2a06:98c1:3106:8688:f6af:c33b:481f:3687,4,4,0.00,56.12,0.00,SIN
2400:cb00:2049:ab:fd26:22e:7975:93b4,4,4,0.00,56.12,0.00,SIN
2a06:98c1:3100:0:63:69de:bde8:86f6,4,4,0.00,56.12,0.00,SIN
2a06:98c1:3100:7ded:866b:5e7:7ea5:4659,4,4,0.00,56.12,0.00,SIN
2a06:98c1:50:0:913b:2e58:6b3f:c5cf,4,4,0.00,56.12,0.00,SIN
2a06:98c1:310e:0:fa3c:d7c0:1c06:e3fd,4,4,0.00,56.12,0.00,SIN
2a06:98c1:310c:d4:94d9:d26a:f1f0:215,4,4,0.00,56.13,0.00,SIN
2a06:98c1:3104:f9:af33:3371:4f1e:f1ea,4,4,0.00,56.13,0.00,SIN
2a06:98c1:3101:f322:2869:e908:e850:7a2f,4,4,0.00,56.13,0.00,SIN
2a06:98c1:3103:9715:6361:7efd:38fc:6178,4,4,0.00,56.13,0.00,SIN
2a06:98c1:310c:eb:df6c:1912:ebde:beea,4,4,0.00,56.13,0.00,SIN
2a06:98c1:3100:7ded:866b:592:4509:c4f3,4,4,0.00,56.13,0.00,SIN
2a06:98c1:310d:f04e:3b41:2620:3045:3d23,4,4,0.00,56.13,0.00,SIN
2400:cb00:2049:ab:fd26:28b4:48a2:98bf,4,4,0.00,56.13,0.00,SIN
2a06:98c1:310e:c9e4:3469:9b75:ab6d:499a,4,4,0.00,56.13,0.00,SIN
2a06:98c1:3101:f322:d54:6a05:3137:8023,4,4,0.00,56.13,0.00,SIN
2a06:98c1:310e:c949:6cd9:8b7e:799e:51ea,4,4,0.00,56.14,0.00,SIN
2a06:98c1:310d:e8:5e16:f1c1:9ea7:20df,4,4,0.00,56.14,0.00,SIN
2a06:98c1:50:0:9164:9fd6:51f:c271,4,4,0.00,56.14,0.00,SIN
2a06:98c1:310e:0:fa3c:5816:1e68:c5da,4,4,0.00,56.14,0.00,SIN
2a06:98c1:310d:f0c3:ad57:4663:9832:d00,4,4,0.00,56.14,0.00,SIN
2a06:98c1:3106:8688:63d2:5b31:cf12:4c77,4,4,0.00,56.14,0.00,SIN
2a06:98c1:310e::e0cd:daac,4,4,0.00,56.14,0.00,SIN
2400:cb00:2049:b200:61f6:21dc:4733:ae21,4,4,0.00,56.14,0.00,SIN
2400:cb00:2049:b200:61f6:21dc:a6fe:9010,4,4,0.00,56.14,0.00,SIN
2a06:98c1:3103:e577:2f2e:28:7912:8e14,4,4,0.00,56.14,0.00,SIN
2a06:98c1:3103:e577:2f2e:28:1c61:f4d6,4,4,0.00,56.14,0.00,SIN
2a06:98c1:50:f:8cdb:1bee:6aea:5ba8,4,4,0.00,56.14,0.00,SIN
2a06:98c1:310e:c8:5dc2:1e92:4df9:62ee,4,4,0.00,56.14,0.00,SIN
2a06:98c1:310d:f04e:3b25:875c:5a71:f7ad,4,4,0.00,56.14,0.00,SIN
2a06:98c1:3108:0:f9fd:ded7:e001:3af4,4,4,0.00,56.14,0.00,SIN
2a06:98c1:310e:c949:6c24:f1bb:7609:2904,4,4,0.00,56.14,0.00,SIN
2803:f800:50:0:e77b:af8b:4d09:3ca5,4,4,0.00,56.14,0.00,SIN
2a06:98c1:3101:f322:cb6d:c8b1:f0b5:d2e3,4,4,0.00,56.14,0.00,SIN
2a06:98c1:50:6b31:c8ea:c101:922a:3b09,4,4,0.00,56.14,0.00,SIN
2a06:98c1:310c:eb:df51:a1be:9623:8901,4,4,0.00,56.14,0.00,SIN
2a06:98c1:50:0:c5:3121:aca0:53a5,4,4,0.00,56.15,0.00,SIN
2a06:98c1:3100:7d40:841d:40ae:34a2:7d51,4,4,0.00,56.15,0.00,SIN
2a06:98c1:3107:90:17b7:884c:3c2f:4744,4,4,0.00,56.15,0.00,SIN
2803:f800:51:73fa:a342:bdc2:b090:7cca,4,4,0.00,56.15,0.00,SIN
2a06:98c1:310a:36:ec4b:6133:6db0:a0d9,4,4,0.00,56.15,0.00,SIN
2a06:98c1:3103:c627:2788:4372:f630:808f,4,4,0.00,56.15,0.00,SIN
2a06:98c1:3103:b862:c39:9e57:ae53:ed72,4,4,0.00,56.15,0.00,SIN
2803:f800:50:0:e77b:af0f:3a38:58f9,4,4,0.00,56.15,0.00,SIN
2a06:98c1:3100:7ded:866b:592:45d2:6026,4,4,0.00,56.15,0.00,SIN
2a06:98c1:50:0:b0a5:511c:d3ee:bced,4,4,0.00,56.15,0.00,SIN
2400:cb00:2049:b2a5:f4a0:cb8:c6ea:7732,4,4,0.00,56.15,0.00,SIN
2400:cb00:2049:b2a5:f4a0:341f:ce6b:ae90,4,4,0.00,56.15,0.00,SIN
2a06:98c1:310f::986f:d5ec:f754,4,4,0.00,56.15,0.00,SIN
2a06:98c1:310e::3d14,4,4,0.00,56.15,0.00,SIN
2a06:98c1:3101:0:bcad:465a:3f16:ae45,4,4,0.00,56.15,0.00,SIN
2a06:98c1:3105::d73a:ce6c:95d3,4,4,0.00,56.16,0.00,SIN
2a06:98c1:3103:97b3:efa:6dbb:a14c:e313,4,4,0.00,56.16,0.00,SIN
2a06:98c1:310d:e8:5e16:661c:fbdf:b858,4,4,0.00,56.16,0.00,SIN
2a06:98c1:310e:c949:cfa:c161:9d8a:2aa4,4,4,0.00,56.16,0.00,SIN
2a06:98c1:3103:7d22:cedf:95b9:53de:c0f0,4,4,0.00,56.16,0.00,SIN
2a06:98c1:3106:ca:5f98:696c:5d18:6747,4,4,0.00,56.16,0.00,SIN
2803:f800:50:0:e77b:afc9:1d9f:ac94,4,4,0.00,56.16,0.00,SIN
2400:cb00:2049:82:1a8d:8cc5:5070:bc1c,4,4,0.00,56.16,0.00,SIN
2a06:98c1:3104:8b:81e2:dfbb:aea7:9481,4,4,0.00,56.16,0.00,SIN
2a06:98c1:3104:64:578f:ecbf:247c:868e,4,4,0.00,56.16,0.00,SIN
2a06:98c1:310e:c949:6c24:e85c:a7f:5ee4,4,4,0.00,56.16,0.00,SIN
2a06:98c1:3105:0:53ff:1630:a11e:8d2e,4,4,0.00,56.16,0.00,SIN
2a06:98c1:3107:ae97:426a:a3b4:5b3a:255,4,4,0.00,56.16,0.00,SIN
2a06:98c1:310d:0:d3d2:d552:f652:195a,4,4,0.00,56.16,0.00,SIN
2400:cb00:2049:82:3cb6:d385:ddc8:5a7f,4,4,0.00,56.16,0.00,SIN
2a06:98c1:50:6b31:c8aa:5104:c7b8:26a7,4,4,0.00,56.16,0.00,SIN
2a06:98c1:3104:ce0b:d77f:a558:ca6:d088,4,4,0.00,56.16,0.00,SIN
2400:cb00:2049:b200:61f6:2141:f8da:e92c,4,4,0.00,56.16,0.00,SIN
2a06:98c1:50:4f1e:e8d0:c753:65dc:398b,4,4,0.00,56.17,0.00,SIN
2a06:98c1:310b:c4:7f0f:36c2:a83e:9b18,4,4,0.00,56.17,0.00,SIN
2a06:98c1:310b:7e91:95df:3b4:8dbc:81eb,4,4,0.00,56.17,0.00,SIN
2a06:98c1:50:4fc1:2a6a:a8f5:51f0:71ea,4,4,0.00,56.17,0.00,SIN
2a06:98c1:3109:e1:1242:3c0a:ded5:654f,4,4,0.00,56.17,0.00,SIN
2a06:98c1:3109:e1:1242:3c0a:decd:8c9f,4,4,0.00,56.17,0.00,SIN
2a06:98c1:3108:759c:209e:83da:8fe6:bc7c,4,4,0.00,56.17,0.00,SIN
2a06:98c1:3107:b7b8:a084:33cf:7620:1c9d,4,4,0.00,56.17,0.00,SIN
2a06:98c1:310c:0:78:4fef:c0d6:c559,4,4,0.00,56.17,0.00,SIN
2a06:98c1:3108::5978:2b7d:f2a1,4,4,0.00,56.17,0.00,SIN
2a06:98c1:51:aece:fdcf:f84a:29a7:1b65,4,4,0.00,56.17,0.00,SIN
2a06:98c1:3103:b862:43f9:2eec:95a1:6aec,4,4,0.00,56.17,0.00,SIN
2400:cb00:2049::a6:f765,4,4,0.00,56.17,0.00,SIN
2a06:98c1:310e:c949:6cd9:8b59:a50e:a4ce,4,4,0.00,56.17,0.00,SIN
2a06:98c1:310b:f3:dd22:9aed:7c01:5804,4,4,0.00,56.17,0.00,SIN
2a06:98c1:3106:8688:f648:10e1:6295:3e36,4,4,0.00,56.17,0.00,SIN
2a06:98c1:3104:de5f:5fdb:d0e0:580a:47f9,4,4,0.00,56.17,0.00,SIN
2a06:98c1:50:fd1d:4d65:2cfc:349b:96c3,4,4,0.00,56.17,0.00,SIN
2a06:98c1:3104:64:cafb:42b4:8b5c:2147,4,4,0.00,56.18,0.00,SIN
2a06:98c1:310c:eb:df6c:bc4c:6718:8f8,4,4,0.00,56.18,0.00,SIN
2a06:98c1:310e:c949:6c24:f1bb:425a:8c26,4,4,0.00,56.18,0.00,SIN
2a06:98c1:3107:b7b8:a0b9:5819:90bf:1d55,4,4,0.00,56.18,0.00,SIN
2a06:98c1:310d:f04e:a54f:6313:3c8b:f0c6,4,4,0.00,56.18,0.00,SIN
2a06:98c1:3106:ca:9a85:86cc:ab51:fc6,4,4,0.00,56.18,0.00,SIN
2a06:98c1:310b:7e91:95df:3b4:9045:404c,4,4,0.00,56.18,0.00,SIN
2a06:98c1:310d:0:b4:8a9b:aad:c847,4,4,0.00,56.18,0.00,SIN
2a06:98c1:3100:7d40:b2bd:3713:8398:757d,4,4,0.00,56.18,0.00,SIN
2a06:98c1:310a:36:ecce:e566:ad49:15fa,4,4,0.00,56.18,0.00,SIN
2a06:98c1:3109:0:84:c8c6:9312:5f06,4,4,0.00,56.18,0.00,SIN
2a06:98c1:3101:f3af:743f:d710:7e7:6f45,4,4,0.00,56.18,0.00,SIN
2a06:98c1:3102:0:f5e4:667a:f5ef:2dac,4,4,0.00,56.18,0.00,SIN
2400:cb00:2049:29e6:f2be:b26d:d8b9:bb89,4,4,0.00,56.18,0.00,SIN
2a06:98c1:3109:e1:dbc7:aebe:32e0:539f,4,4,0.00,56.18,0.00,SIN
2a06:98c1:310b:c4:7f1f:74ae:d0ce:c4b6,4,4,0.00,56.19,0.00,SIN
2a06:98c1:310d:f04e:3bef:a5a:9ad8:ca40,4,4,0.00,56.19,0.00,SIN
2a06:98c1:3107:ae51:4248:9573:2aa4:a0b4,4,4,0.00,56.19,0.00,SIN
2a06:98c1:3102:4e68:397d:1e9e:7de2:c4c5,4,4,0.00,56.19,0.00,SIN
2a06:98c1:310d:0:cd8:2b79:2ae6:160a,4,4,0.00,56.19,0.00,SIN
2a06:98c1:50:4f1e:205c:9d79:f3d5:d14,4,4,0.00,56.19,0.00,SIN
2a06:98c1:310e:883d:c912:8fb6:40a9:6b6b,4,4,0.00,56.19,0.00,SIN
2a06:98c1:3107:ae51:4248:9540:1a38:dcbf,4,4,0.00,56.19,0.00,SIN
2400:cb00:2049:ab:fd08:708d:f655:4e9f,4,4,0.00,56.19,0.00,SIN
2a06:98c1:310c:5c:7ede:c435:f81b:da1b,4,4,0.00,56.19,0.00,SIN
2a06:98c1:3106:86ad:f69f:64e3:cc8:33d9,4,4,0.00,56.19,0.00,SIN
2a06:98c1:3103:e5b4:15bb:c644:b1b8:e145,4,4,0.00,56.19,0.00,SIN
2a06:98c1:310c:ed:b2aa:f465:c9f2:c7f9,4,4,0.00,56.19,0.00,SIN
2a06:98c1:310d:f0c3:ad57:6c9:6759:1b62,4,4,0.00,56.19,0.00,SIN
2a06:98c1:50:6b76:649c:65f7:d08d:9808,4,4,0.00,56.19,0.00,SIN
2a06:98c1:310a:36:ec4b:6155:da47:825,4,4,0.00,56.20,0.00,SIN
2a06:98c1:3101:da:a589:fc9d:db28:fa37,4,4,0.00,56.20,0.00,SIN
2a06:98c1:3103:9715:6361:a4c8:a9d:4ef3,4,4,0.00,56.20,0.00,SIN
2a06:98c1:310b:6c:bd54:f45e:adc0:7d0d,4,4,0.00,56.20,0.00,SIN
2a06:98c1:3104:8b:810b:3c40:46a8:e952,4,4,0.00,56.20,0.00,SIN
2a06:98c1:310a:0:ed:73f8:c4d2:8a0d,4,4,0.00,56.20,0.00,SIN
2400:cb00:2049:0:4bb4:e928:9777:dece,4,4,0.00,56.20,0.00,SIN
2a06:98c1:50:fd1d:4d65:ddd4:a762:5d59,4,4,0.00,56.20,0.00,SIN
2a06:98c1:310c:d4:309e:85a7:2a04:2206,4,4,0.00,56.20,0.00,SIN
2a06:98c1:51:aece:fd54:1c5e:1b9e:f502,4,4,0.00,56.20,0.00,SIN
2a06:98c1:3102:4e68:39ab:997b:43ec:8ef7,4,4,0.00,56.20,0.00,SIN
2a06:98c1:3100:0:fa45:4d2b:c535:fcaf,4,4,0.00,56.21,0.00,SIN
2a06:98c1:310d:f04e:d8a5:4fac:d0dc:2fc6,4,4,0.00,56.21,0.00,SIN
2a06:98c1:310e:0:fafc:cebb:42d4:131e,4,4,0.00,56.21,0.00,SIN
2a06:98c1:3107:ae97:18a9:8f26:8044:ef7c,4,4,0.00,56.21,0.00,SIN
2a06:98c1:51:7b:557f:b2c1:37fe:7fc3,4,4,0.00,56.21,0.00,SIN
2a06:98c1:3105:854d:3bb1:3e51:b3cf:8a64,4,4,0.00,56.21,0.00,SIN
2a06:98c1:3106:0:98:75a:58d4:644,4,4,0.00,56.21,0.00,SIN
2a06:98c1:3100:7d1b:8653:3037:fa73:871c,4,4,0.00,56.21,0.00,SIN
2a06:98c1:3106:0:98:f006:89e7:6bbd,4,4,0.00,56.21,0.00,SIN
2a06:98c1:310f:a8:42db:9359:3875:bbc2,4,4,0.00,56.21,0.00,SIN
2400:cb00:2049:29e6:1c93:2130:7f2b:c113,4,4,0.00,56.21,0.00,SIN
2a06:98c1:3108:759c:3a94:bd45:6ef1:c8d1,4,4,0.00,56.21,0.00,SIN
2803:f800:51:379b:e50c:8ca4:cacc:1241,4,4,0.00,56.21,0.00,SIN
2a06:98c1:310c:d4:309e:fc20:724f:43c7,4,4,0.00,56.21,0.00,SIN
2a06:98c1:3104:de5f:5fdb:d03b:e8ec:5f1a,4,4,0.00,56.21,0.00,SIN
2a06:98c1:3106:ca:9a85:c591:4f33:d02c,4,4,0.00,56.22,0.00,SIN
2a06:98c1:310a:17:1ad8:dae3:985d:7f9c,4,4,0.00,56.22,0.00,SIN
2a06:98c1:3101:da:a589:fc91:46e6:f3d5,4,4,0.00,56.22,0.00,SIN
2a06:98c1:3108:0:4f76:dec7:735d:625c,4,4,0.00,56.22,0.00,SIN
2a06:98c1:310c:14:7fd9:108c:76ad:fcf0,4,4,0.00,56.22,0.00,SIN
2a06:98c1:3103:c627:c644:f1ba:7b68:336e,4,4,0.00,56.22,0.00,SIN
2a06:98c1:3100:7d40:b2bd:4b55:e275:7798,4,4,0.00,56.22,0.00,SIN
2a06:98c1:51:0:c5:abf7:3496:ad5a,4,4,0.00,56.22,0.00,SIN
2a06:98c1:3103:0:c08f:b439:e8bf:b30a,4,4,0.00,56.22,0.00,SIN
2a06:98c1:3108:3a6e:9a57:25c:f799:7784,4,4,0.00,56.23,0.00,SIN
2a06:98c1:310c:5c:326e:3b9d:41fd:9a6c,4,4,0.00,56.23,0.00,SIN
2a06:98c1:50:d5:5928:806c:19d9:413c,4,4,0.00,56.23,0.00,SIN
2a06:98c1:310b:0:c0fa:dda9:5463:d90d,4,4,0.00,56.23,0.00,SIN
2a06:98c1:310b:0:77:9840:a285:d1af,4,4,0.00,56.23,0.00,SIN
2a06:98c1:3102:4e68:6d60:31f:f973:fced,4,4,0.00,56.23,0.00,SIN
2a06:98c1:3108:0:4f76:5e66:507a:8ac,4,4,0.00,56.23,0.00,SIN
2a06:98c1:3102:ee60:d044:ca88:3db2:77b6,4,4,0.00,56.23,0.00,SIN
2a06:98c1:310b:f3:ddff:a39b:8af2:7329,4,4,0.00,56.23,0.00,SIN
2a06:98c1:310f:a8:42db:797d:9f94:de19,4,4,0.00,56.23,0.00,SIN
2a06:98c1:50:fd1d:4ce6:fece:b06e:9956,4,4,0.00,56.24,0.00,SIN
2a06:98c1:3106:8688:7dad:bd4b:9236:a66a,4,4,0.00,56.24,0.00,SIN
2a06:98c1:3103:18fc:3ee0:971:67dc:1a84,4,4,0.00,56.24,0.00,SIN
2a06:98c1:3101:f322:d82:1736:5c6d:7cb7,4,4,0.00,56.24,0.00,SIN
2a06:98c1:3100:0:a1:48bd:d6ac:b615,4,4,0.00,56.24,0.00,SIN
2400:cb00:2049:0:4bb4:1e1d:5c9b:eb58,4,4,0.00,56.24,0.00,SIN
2a06:98c1:310e:b8:e9a1:bf4b:c6d1:3bc3,4,4,0.00,56.24,0.00,SIN
2a06:98c1:50:fd1d:4c41:1f2f:8d76:7fa6,4,4,0.00,56.24,0.00,SIN
2a06:98c1:310e:c949:c27:c66f:5c6d:a2a7,4,4,0.00,56.24,0.00,SIN
2a06:98c1:3103:e577:397b:edc:110a:b323,4,4,0.00,56.25,0.00,SIN
2a06:98c1:50:4f1e:20c8:8998:fff4:5da6,4,4,0.00,56.25,0.00,SIN
2a06:98c1:310b::fdf0:65fb:6e32,4,4,0.00,56.25,0.00,SIN
2a06:98c1:3102:4e68:39ab:fd24:8e23:6693,4,4,0.00,56.25,0.00,SIN
2400:cb00:2049:0:c2:4a:be72:7622,4,4,0.00,56.25,0.00,SIN
2a06:98c1:310e:c9e4:2107:7a7b:4704:c3ba,4,4,0.00,56.25,0.00,SIN
2a06:98c1:3103:18fc:3ee0:5698:4e2e:e6cc,4,4,0.00,56.25,0.00,SIN
2a06:98c1:3108:759c:209e:833e:10df:be5a,4,4,0.00,56.25,0.00,SIN
2a06:98c1:3105::9f17:5d54:639e,4,4,0.00,56.25,0.00,SIN
2400:cb00:2049:ab:fd26:2857:55e7:825b,4,4,0.00,56.25,0.00,SIN
2a06:98c1:3100:7d1b:8653:d0fc:603:9023,4,4,0.00,56.25,0.00,SIN
2a06:98c1:3100:7ded:aa50:a382:5bb:b5e4,4,4,0.00,56.25,0.00,SIN
2a06:98c1:3104:ce0b:a2ff:4288:7ee4:5ba1,4,4,0.00,56.25,0.00,SIN
2a06:98c1:310d:f04e:3b41:bd59:cb4:d9ef,4,4,0.00,56.26,0.00,SIN
2a06:98c1:310e:c8:efc5:d6a6:4bf8:9cd5,4,4,0.00,56.26,0.00,SIN
2a06:98c1:3106:8688:f6af:c3d7:e698:2ad8,4,4,0.00,56.26,0.00,SIN
2a06:98c1:3108:759c:3ab2:a262:7f8e:1fc7,4,4,0.00,56.26,0.00,SIN
2a06:98c1:3100:3525:6fa9:f005:f430:21c7,4,4,0.00,56.26,0.00,SIN
2a06:98c1:50:4f1e:e868:607:eaab:61e5,4,4,0.00,56.26,0.00,SIN
2a06:98c1:3103:9715:6361:7ef5:30dd:3ac3,4,4,0.00,56.26,0.00,SIN
2a06:98c1:3109:84ab:6179:1dc7:a6de:e60a,4,4,0.00,56.26,0.00,SIN
2a06:98c1:310a:17:b383:b64f:c1f0:cb75,4,4,0.00,56.26,0.00,SIN
2a06:98c1:3107:aee4:c37e:e1f8:e851:7b4e,4,4,0.00,56.26,0.00,SIN
2a06:98c1:3100:e7:ce3b:a3cf:a0af:7d21,4,4,0.00,56.26,0.00,SIN
2a06:98c1:3106:ca:239a:b817:327c:7c39,4,4,0.00,56.26,0.00,SIN
2a06:98c1:310c:14:1cfb:295b:4b9b:7e04,4,4,0.00,56.26,0.00,SIN
2a06:98c1:3109::984c:c736:2a19,4,4,0.00,56.26,0.00,SIN
2a06:98c1:310b:0:d3:fc76:a464:3ce7,4,4,0.00,56.26,0.00,SIN
2a06:98c1:51:aece:8ab9:c921:c437:fdb8,4,4,0.00,56.26,0.00,SIN
2a06:98c1:310a::9e:cb19:1f0,4,4,0.00,56.26,0.00,SIN
2a06:98c1:50:fd1d:4d65:dda8:49b8:873,4,4,0.00,56.26,0.00,SIN
2a06:98c1:3108:7568:4178:7402:bc1e:46d,4,4,0.00,56.26,0.00,SIN
2a06:98c1:50:0:bcf0:d1e0:e2d5:2706,4,4,0.00,56.27,0.00,SIN
2400:cb00:2049:b2a5:f4a0:c70:278a:beaf,4,4,0.00,56.27,0.00,SIN
2a06:98c1:310b:6c:bdab:fc1d:8d4c:ad2,4,4,0.00,56.27,0.00,SIN
2a06:98c1:310c:eb:4a53:4d45:e78b:974d,4,4,0.00,56.27,0.00,SIN
2a06:98c1:310b:0:365f:aa7:d1b6:5f9,4,4,0.00,56.27,0.00,SIN
2a06:98c1:3102:0:f523:43c5:5f81:a0b9,4,4,0.00,56.27,0.00,SIN
2a06:98c1:3108:0:f9fd:ded7:7391:9c2e,4,4,0.00,56.27,0.00,SIN
2a06:98c1:3107:ae97:189f:caef:987:278c,4,4,0.00,56.28,0.00,SIN
2a06:98c1:51:aece:fd54:1cd6:8012:d50e,4,4,0.00,56.28,0.00,SIN
2a06:98c1:3104:de5f:5fdb:ece7:2318:bf0c,4,4,0.00,56.28,0.00,SIN
2a06:98c1:3107:90:17b7:889c:3603:8b0e,4,4,0.00,56.28,0.00,SIN
2400:cb00:2049:29e6:88da:290c:e514:95c5,4,4,0.00,56.28,0.00,SIN
2a06:98c1:310a:36:c2f5:2bbc:709:be9d,4,4,0.00,56.28,0.00,SIN
2a06:98c1:3103:9715:1212:6842:5513:dddf,4,4,0.00,56.28,0.00,SIN
2a06:98c1:3108:6a:b7e3:2af0:730:f737,4,4,0.00,56.28,0.00,SIN
2803:f800:51:73fa:a342:bd9c:2b28:16f4,4,4,0.00,56.28,0.00,SIN
2a06:98c1:3107::2514:7f85:cfc6,4,4,0.00,56.28,0.00,SIN
2a06:98c1:3104::d4ac:98aa:1173,4,4,0.00,56.28,0.00,SIN
2a06:98c1:50:fdfe:203c:740d:936b:2c37,4,4,0.00,56.28,0.00,SIN
2a06:98c1:3104:f9:8f79:cff5:94b0:81c1,4,4,0.00,56.28,0.00,SIN
2a06:98c1:3102:0:f1ca:1215:f12b:256,4,4,0.00,56.28,0.00,SIN
2a06:98c1:50:6b76:649c:36b6:366c:83e1,4,4,0.00,56.28,0.00,SIN
2a06:98c1:310b:0:c00a:1ad0:fe52:a79e,4,4,0.00,56.28,0.00,SIN
2803:f800:51:73fa:a342:bdc2:b0aa:7f48,4,4,0.00,56.28,0.00,SIN
2a06:98c1:310e:0:fafc:cebb:4231:fb3c,4,4,0.00,56.28,0.00,SIN
2a06:98c1:50:4f1e:205c:9d2f:21db:a1f9,4,4,0.00,56.29,0.00,SIN
2a06:98c1:310c:0:78:4fef:ceea:9594,4,4,0.00,56.29,0.00,SIN
2a06:98c1:50:4fa8:587f:971b:ad5d:3a74,4,4,0.00,56.29,0.00,SIN
2a06:98c1:3104:f9:2d16:4825:c6df:dce4,4,4,0.00,56.29,0.00,SIN
2a06:98c1:3104:deb8:dc36:7742:fe90:f3c,4,4,0.00,56.29,0.00,SIN
2a06:98c1:3100:0:c632:1ee3:c747:11be,4,4,0.00,56.29,0.00,SIN
2a06:98c1:3101:f322:cb6d:c8b1:857a:80d5,4,4,0.00,56.29,0.00,SIN
2803:f800:51:67e1:5abc:1ce4:c272:e531,4,4,0.00,56.29,0.00,SIN
2a06:98c1:3108:3a6e:9a57:245:71df:1697,4,4,0.00,56.29,0.00,SIN
2a06:98c1:50:6b31:c8ea:c101:d696:b8c1,4,4,0.00,56.29,0.00,SIN
2a06:98c1:50:6b31:c8aa:339f:788a:2561,4,4,0.00,56.29,0.00,SIN
2a06:98c1:3108:0:f9fd:4f01:b6ee:3abe,4,4,0.00,56.29,0.00,SIN
2a06:98c1:3108:0:f9fd:4f01:b685:c922,4,4,0.00,56.29,0.00,SIN
2a06:98c1:3108:7568:417d:98af:1eff:cad6,4,4,0.00,56.30,0.00,SIN
2a06:98c1:50:4f1e:2008:a5e1:9d53:51d9,4,4,0.00,56.30,0.00,SIN
2a06:98c1:3107:aee4:c5bf:54f4:afab:bfbe,4,4,0.00,56.30,0.00,SIN
2a06:98c1:310e:8876:a784:8be8:787f:6fd9,4,4,0.00,56.30,0.00,SIN
2a06:98c1:3105:854d:eede:e692:76d3:ca7c,4,4,0.00,56.30,0.00,SIN
2a06:98c1:3108:759c:209e:9e5c:4d1:c690,4,4,0.00,56.30,0.00,SIN
2a06:98c1:3109:8481:c37f:5e2f:67e3:34b3,4,4,0.00,56.30,0.00,SIN
2a06:98c1:3108:0:4f48:1fac:614a:9c99,4,4,0.00,56.31,0.00,SIN
2a06:98c1:310c:14:1c83:7c15:993:fab1,4,4,0.00,56.31,0.00,SIN
2a06:98c1:3103:9728:ba04:416b:526b:e7eb,4,4,0.00,56.31,0.00,SIN
2a06:98c1:310e:c9e4:3469:9b32:a7f2:9ba2,4,4,0.00,56.31,0.00,SIN
2a06:98c1:3106:0:227b:60c8:d7f9:37b5,4,4,0.00,56.31,0.00,SIN
2a06:98c1:310b:f3:dd22:9a43:d98b:7316,4,4,0.00,56.31,0.00,SIN
2a06:98c1:3104:f9:af98:c62e:1290:9661,4,4,0.00,56.31,0.00,SIN
2a06:98c1:50:4f1e:205c:9d79:95c2:9220,4,4,0.00,56.31,0.00,SIN
2400:cb00:2049:29e6:f2be:c010:d62e:4390,4,4,0.00,56.31,0.00,SIN
2a06:98c1:3103:e577:2f2e:28:165:fc9d,4,4,0.00,56.31,0.00,SIN
2a06:98c1:50:0:bc76:b49e:27af:e28d,4,4,0.00,56.31,0.00,SIN
2a06:98c1:51:aece:296c:23bb:a6e9:5039,4,4,0.00,56.31,0.00,SIN
2a06:98c1:50:fd1d:997c:f8c4:4319:ea1b,4,4,0.00,56.31,0.00,SIN
2a06:98c1:310e:c949:6c52:e0cf:ec9:a4d7,4,4,0.00,56.32,0.00,SIN
2a06:98c1:310b:0:36c7:76c:6d5c:8c35,4,4,0.00,56.32,0.00,SIN
2a06:98c1:3100:7d14:928b:8012:b92a:e3ce,4,4,0.00,56.32,0.00,SIN
2a06:98c1:51:aece:296c:a7fb:7a2b:11d6,4,4,0.00,56.32,0.00,SIN
2a06:98c1:51:aece:296c:a7fb:7a55:7a3c,4,4,0.00,56.32,0.00,SIN
2a06:98c1:50:6b76:649c:6507:1864:9fba,4,4,0.00,56.32,0.00,SIN
2a06:98c1:310e:c8:5dc2:1e3b:fb84:5be3,4,4,0.00,56.32,0.00,SIN
2a06:98c1:3101:f3af:ed6e:2e66:5ae7:f99a,4,4,0.00,56.32,0.00,SIN
2a06:98c1:3108:7568:4178:748c:93b3:cc1,4,4,0.00,56.32,0.00,SIN
2a06:98c1:3103:e577:34eb:bdbf:eb44:8f9c,4,4,0.00,56.32,0.00,SIN
2a06:98c1:3108:759c:e0e8:f54f:702:8e29,4,4,0.00,56.32,0.00,SIN
2a06:98c1:3104:64:5769:b41f:342b:a372,4,4,0.00,56.32,0.00,SIN
2a06:98c1:3101:da:a589:4fbd:ee12:6e1f,4,4,0.00,56.32,0.00,SIN
2803:f800:50:85:4f13:814e:42b9:c600,4,4,0.00,56.33,0.00,SIN
2a06:98c1:3104:8b:a44f:5ad9:1222:c0e2,4,4,0.00,56.33,0.00,SIN
2a06:98c1:310d:f04e:3b41:bdc5:6a64:fd59,4,4,0.00,56.33,0.00,SIN
2a06:98c1:51:aece:296c:23c8:2941:a97d,4,4,0.00,56.33,0.00,SIN
2a06:98c1:3107:0:2e:6135:e4b:d154,4,4,0.00,56.33,0.00,SIN
2a06:98c1:310a:36:ecce:782:4bd:53ef,4,4,0.00,56.33,0.00,SIN
2400:cb00:2049:b200:61f6:2141:f802:c043,4,4,0.00,56.33,0.00,SIN
2a06:98c1:310d:e8:5e16:f1c1:2e13:1630,4,4,0.00,56.33,0.00,SIN
2a06:98c1:50:fdfe:99c:9278:18d5:4b4f,4,4,0.00,56.33,0.00,SIN
2a06:98c1:51:7b:557f:b2c1:375f:410b,4,4,0.00,56.33,0.00,SIN
2a06:98c1:3102::75:3e77:4e66,4,4,0.00,56.33,0.00,SIN
2a06:98c1:50:0:913b:f265:8fe0:a283,4,4,0.00,56.33,0.00,SIN
2a06:98c1:310b::fd9d:cec8:f697,4,4,0.00,56.34,0.00,SIN
2a06:98c1:3106:ca:9a85:52d9:3658:2fb,4,4,0.00,56.34,0.00,SIN
2a06:98c1:310a:0:7cb0:57a3:b222:38fe,4,4,0.00,56.34,0.00,SIN
2a06:98c1:51:aece:fdcf:2f05:a58a:1c2b,4,4,0.00,56.34,0.00,SIN
2803:f800:51:0:7f:812:5007:3292,4,4,0.00,56.34,0.00,SIN
2a06:98c1:310e::45:b491:52c3,4,4,0.00,56.34,0.00,SIN
2400:cb00:2049:29e6:1c93:2130:b1ac:917b,4,4,0.00,56.35,0.00,SIN
2803:f800:50:f049:26f8:374f:6efb:fe22,4,4,0.00,56.35,0.00,SIN
2a06:98c1:50:4f1e:20c8:8970:9624:c979,4,4,0.00,56.35,0.00,SIN
2a06:98c1:3101::ba:b3a7:4f9c,4,4,0.00,56.35,0.00,SIN
2a06:98c1:310b:c4:7f0f:7d67:54c1:5c5,4,4,0.00,56.35,0.00,SIN
2a06:98c1:3106:8688:7a:e66e:749e:fa66,4,4,0.00,56.35,0.00,SIN
2400:cb00:2049:b2a5:1ab4:2807:64cf:f490,4,4,0.00,56.35,0.00,SIN
2a06:98c1:310a:8d:d456:ca6d:96d3:71d7,4,4,0.00,56.35,0.00,SIN
2a06:98c1:3108:3a6e:9a57:24e:e000:ea85,4,4,0.00,56.35,0.00,SIN
2a06:98c1:310c:d4:309e:fcf6:1148:8a65,4,4,0.00,56.35,0.00,SIN
2a06:98c1:3107:ae51:1377:1c82:88f7:9196,4,4,0.00,56.35,0.00,SIN
2a06:98c1:51::fe:9efe:44a6,4,4,0.00,56.35,0.00,SIN
2a06:98c1:310f:0:d01d:6f28:2610:89f0,4,4,0.00,56.35,0.00,SIN
2a06:98c1:50:0:91b6:4af3:c419:f47c,4,4,0.00,56.36,0.00,SIN
2a06:98c1:310d:f0c3:ad57:4663:1c63:37bc,4,4,0.00,56.36,0.00,SIN
2a06:98c1:3104:8b:810b:9c45:f105:1142,4,4,0.00,56.36,0.00,SIN
2a06:98c1:3104:64:caa1:84b2:cebf:64b1,4,4,0.00,56.36,0.00,SIN
2a06:98c1:310b:c4:7f1f:d598:591f:9e73,4,4,0.00,56.36,0.00,SIN
2a06:98c1:3101:f3af:ed6e:b6e:1c0e:3638,4,4,0.00,56.36,0.00,SIN
2a06:98c1:3107:0:83:a9cf:eabc:26d4,4,4,0.00,56.36,0.00,SIN
2803:f800:50::ed:300:babf,4,4,0.00,56.36,0.00,SIN
2a06:98c1:51:7b:557f:b20f:d328:d0e9,4,4,0.00,56.36,0.00,SIN
2a06:98c1:50:0:c5:437:c880:4963,4,4,0.00,56.36,0.00,SIN
2803:f800:50:f049:b256:d977:e1ee:45b3,4,4,0.00,56.36,0.00,SIN
2a06:98c1:310f:0:69ac:a211:1494:6d2e,4,4,0.00,56.36,0.00,SIN
2a06:98c1:310f:0:d9:6b76:c22f:d3da,4,4,0.00,56.36,0.00,SIN
2a06:98c1:3101:0:319d:29b0:dcbd:bc02,4,4,0.00,56.36,0.00,SIN
2a06:98c1:3106:0:2288:eac1:4d9f:2a40,4,4,0.00,56.37,0.00,SIN
2a06:98c1:310f:0:d503:b48c:14f4:1be9,4,4,0.00,56.37,0.00,SIN
2a06:98c1:50:d5:5928:a99e:d355:fdaa,4,4,0.00,56.37,0.00,SIN
2a06:98c1:3108:3a23:83e0:b048:677f:1eca,4,4,0.00,56.37,0.00,SIN
2a06:98c1:3104:cef7:cd60:de29:dec3:561e,4,4,0.00,56.37,0.00,SIN
2a06:98c1:3103:18fc:3ee0:5648:e738:972c,4,4,0.00,56.37,0.00,SIN
2a06:98c1:310b:0:c0fa:447a:b269:f6c9,4,4,0.00,56.37,0.00,SIN
2a06:98c1:310d:0:cd8:77b:24e7:5912,4,4,0.00,56.37,0.00,SIN
2a06:98c1:3108:759c:3ab2:a2c8:def0:d5ac,4,4,0.00,56.37,0.00,SIN
2a06:98c1:3100:e7:ce47:386b:abb8:d63f,4,4,0.00,56.37,0.00,SIN
2a06:98c1:3104:0:b63e:a8fd:7f5e:dde4,4,4,0.00,56.37,0.00,SIN
2803:f800:51:73fa:bf2e:650e:97f8:35f7,4,4,0.00,56.37,0.00,SIN
2400:cb00:2049:82:1a8d:7e4:1c6f:8a12,4,4,0.00,56.37,0.00,SIN
2a06:98c1:3100:7d14:928b:cf55:857f:551a,4,4,0.00,56.37,0.00,SIN
2a06:98c1:310a:36:414d:5e49:3dc9:1578,4,4,0.00,56.37,0.00,SIN
2a06:98c1:3103:e577:2ffa:7bf5:7a4d:963f,4,4,0.00,56.37,0.00,SIN
2a06:98c1:3107:90:17b7:f381:6960:8c45,4,4,0.00,56.38,0.00,SIN
2a06:98c1:3100:7d1b:1b81:3199:824:b0fd,4,4,0.00,56.38,0.00,SIN
2a06:98c1:310d:f04e:d852:74c3:500b:a45a,4,4,0.00,56.38,0.00,SIN
2a06:98c1:3102:ee60:d0fd:5134:c426:3832,4,4,0.00,56.38,0.00,SIN
2a06:98c1:3100:7d40:b2bd:4b55:87c4:9f15,4,4,0.00,56.38,0.00,SIN
2a06:98c1:3107:0:524a:e3b7:22fc:1006,4,4,0.00,56.38,0.00,SIN
2a06:98c1:3103::b6:90e8:4405,4,4,0.00,56.38,0.00,SIN
2a06:98c1:3108:759c:e0e8:cf65:f03:253a,4,4,0.00,56.38,0.00,SIN
2a06:98c1:310b:0:c190:d4f6:802e:b216,4,4,0.00,56.38,0.00,SIN
2a06:98c1:3103:18fc:3e2e:2bd3:3a3d:655e,4,4,0.00,56.38,0.00,SIN
2a06:98c1:3104:64:5769:b41f:246e:3061,4,4,0.00,56.38,0.00,SIN
2a06:98c1:310a:17:b383:b64f:ba0f:87e0,4,4,0.00,56.39,0.00,SIN
2a06:98c1:3107:aee4:c3f3:71:9d0:8b71,4,4,0.00,56.39,0.00,SIN
2a06:98c1:3104:ce0b:a2ff:4288:51b5:a54f,4,4,0.00,56.39,0.00,SIN
2a06:98c1:3103:18fc:3ee0:56f9:7eed:a4f1,4,4,0.00,56.39,0.00,SIN
2a06:98c1:50:74:4ed1:9caa:c3cf:80d7,4,4,0.00,56.39,0.00,SIN
2a06:98c1:3102:ee60:1104:6ee1:32f5:d41f,4,4,0.00,56.39,0.00,SIN
2a06:98c1:310c:eb:df6c:bc4c:6704:8e64,4,4,0.00,56.39,0.00,SIN
2a06:98c1:3102:4e68:39ab:fdac:298a:a59a,4,4,0.00,56.39,0.00,SIN
2a06:98c1:310e::b063:5659:6f50,4,4,0.00,56.39,0.00,SIN
2a06:98c1:310a:36:ec4b:6133:b2f2:f402,4,4,0.00,56.39,0.00,SIN
2a06:98c1:310f:a8:b4d2:e9bf:3b4f:66b,4,4,0.00,56.39,0.00,SIN
2a06:98c1:3100:3525:6f42:a173:d96e:5042,4,4,0.00,56.39,0.00,SIN
2400:cb00:2049:2929:9ec7:1435:8934:1b9,4,4,0.00,56.39,0.00,SIN
2a06:98c1:3108:0:4f76:5e3b:d241:61e1,4,4,0.00,56.40,0.00,SIN
2a06:98c1:50:d5:5928:80da:fb02:4127,4,4,0.00,56.40,0.00,SIN
2a06:98c1:3102::75:d6f8:1b84,4,4,0.00,56.40,0.00,SIN
2a06:98c1:3104:f9:af33:6e37:ead5:f0ee,4,4,0.00,56.40,0.00,SIN
2400:cb00:2049:2929:4609:525e:6d3b:b78,4,4,0.00,56.40,0.00,SIN
2a06:98c1:3103:c627:c6c4:a28:2d7b:30a,4,4,0.00,56.40,0.00,SIN
2a06:98c1:3106:8688:7a:e6b9:e104:ac32,4,4,0.00,56.40,0.00,SIN
2a06:98c1:310b:f3:d042:ad5:c2a4:9567,4,4,0.00,56.40,0.00,SIN
2a06:98c1:3107:aee4:c53e:7bcb:daaf:8cf,4,4,0.00,56.40,0.00,SIN
2a06:98c1:310b:f3:d042:a2b:e875:3e17,4,4,0.00,56.40,0.00,SIN
2803:f800:50:0:e77b:b51b:3d79:25c7,4,4,0.00,56.40,0.00,SIN
2a06:98c1:50:4fa8:587f:9783:2165:395f,4,4,0.00,56.41,0.00,SIN
2a06:98c1:3108:3a23:83e0:b0e1:f895:57c7,4,4,0.00,56.41,0.00,SIN
2a06:98c1:3108:0:4f76:de71:3180:3ecf,4,4,0.00,56.41,0.00,SIN
2a06:98c1:3101:f3af:743f:d710:7bb:c47,4,4,0.00,56.41,0.00,SIN
2a06:98c1:310e:c8:5dc2:aec7:1e07:3fea,4,4,0.00,56.41,0.00,SIN
2a06:98c1:310c:f49c:711d:4f84:25c4:d1fc,4,4,0.00,56.41,0.00,SIN
2803:f800:51:676a:7da3:4b53:8c07:429d,4,4,0.00,56.41,0.00,SIN
2803:f800:51:d3:62bb:25d0:40d:c98c,4,4,0.00,56.41,0.00,SIN
2a06:98c1:50:0:913b:c7a:76d6:b130,4,4,0.00,56.41,0.00,SIN
2a06:98c1:3105:85a9:8619:34dc:b1e3:86e7,4,4,0.00,56.41,0.00,SIN
2803:f800:50:0:dd:1338:cade:4fa3,4,4,0.00,56.41,0.00,SIN
2400:cb00:2049:b2a5:f128:a90e:e0db:36d2,4,4,0.00,56.41,0.00,SIN
2a06:98c1:3100:0:ed98:665c:6e11:69d,4,4,0.00,56.41,0.00,SIN
2803:f800:51:731b:a90e:5e47:825c:413f,4,4,0.00,56.41,0.00,SIN
2a06:98c1:3108:0:4961:6426:21dc:3062,4,4,0.00,56.42,0.00,SIN
2a06:98c1:310d:f04e:fb9e:84cd:5c93:55e0,4,4,0.00,56.42,0.00,SIN
2a06:98c1:3103:7d22:28cd:a8d6:324b:8d05,4,4,0.00,56.42,0.00,SIN
2a06:98c1:3101:f322:e902:9061:1ec5:8419,4,4,0.00,56.42,0.00,SIN
2a06:98c1:3100:3525:6f42:7d8c:bb73:c301,4,4,0.00,56.42,0.00,SIN
2a06:98c1:3105:854d:3bb1:3ec5:72fb:b9f1,4,4,0.00,56.42,0.00,SIN
2a06:98c1:3104:de5f:5fdb:d0e0:58fa:d3b0,4,4,0.00,56.42,0.00,SIN
2a06:98c1:3108:0:f9fd:4f01:b6ac:e7de,4,4,0.00,56.42,0.00,SIN
2a06:98c1:310b::de:4d46:7a4,4,4,0.00,56.42,0.00,SIN
2a06:98c1:3102:ee60:d0fd:5134:c482:f949,4,4,0.00,56.42,0.00,SIN
2803:f800:50:0:e77b:afc9:967a:7a21,4,4,0.00,56.42,0.00,SIN
2a06:98c1:50:0:b0a5:dea7:7ff5:e11b,4,4,0.00,56.43,0.00,SIN
2400:cb00:2049:82:3cb6:d385:403a:e361,4,4,0.00,56.43,0.00,SIN
2a06:98c1:3107:90:17b7:db5e:4215:9727,4,4,0.00,56.43,0.00,SIN
2400:cb00:2049:ab:fdce:8aca:b704:7f7b,4,4,0.00,56.43,0.00,SIN
2a06:98c1:50:74:4ed1:9caa:8247:df50,4,4,0.00,56.43,0.00,SIN
2a06:98c1:310e:8876:a784:8b63:7ecf:4a87,4,4,0.00,56.43,0.00,SIN
2a06:98c1:3100:3525:ba2b:8013:3afd:7002,4,4,0.00,56.43,0.00,SIN
2a06:98c1:3105:b1:501a:d73e:a57c:f51d,4,4,0.00,56.43,0.00,SIN
2a06:98c1:310c:0:78:4fef:c01d:5294,4,4,0.00,56.43,0.00,SIN
2a06:98c1:310d:0:c94:42bc:251f:cf7c,4,4,0.00,56.44,0.00,SIN
2a06:98c1:3107:aee4:c3f3:93:e14f:dbae,4,4,0.00,56.44,0.00,SIN
2a06:98c1:310b:f3:dd22:9ace:6b37:db0,4,4,0.00,56.44,0.00,SIN
2a06:98c1:310b:f3:dd17:f04a:ea02:df06,4,4,0.00,56.44,0.00,SIN
2a06:98c1:3107:ae97:189f:1897:8cd0:c51,4,4,0.00,56.44,0.00,SIN
2a06:98c1:3105:854d:ee1f:54fa:c9e:1c4a,4,4,0.00,56.44,0.00,SIN
2a06:98c1:3100:7d1b:2b84:8066:80bd:f591,4,4,0.00,56.44,0.00,SIN
2a06:98c1:310b:f3:d05e:7b84:8260:1b71,4,4,0.00,56.44,0.00,SIN
2a06:98c1:310e:883d:c991:dbba:ad7d:140a,4,4,0.00,56.44,0.00,SIN
2a06:98c1:3100:0:a1:481c:8ff8:5488,4,4,0.00,56.44,0.00,SIN
2a06:98c1:3106:8688:7a:846a:7f05:e64b,4,4,0.00,56.44,0.00,SIN
2a06:98c1:310e:c8:5d12:3a32:aaab:4517,4,4,0.00,56.44,0.00,SIN
2a06:98c1:3101:f322:d54:c880:6d1c:c2b5,4,4,0.00,56.44,0.00,SIN
2a06:98c1:3100:e7:ce3b:8d69:2e3d:f065,4,4,0.00,56.44,0.00,SIN
2a06:98c1:310e:0:fa3c:bebe:3e4e:ba91,4,4,0.00,56.44,0.00,SIN
2a06:98c1:3106:0:6f:1fc4:60d7:bbd6,4,4,0.00,56.45,0.00,SIN
2400:cb00:2049:29e6:1c9b:17d8:2c80:90bb,4,4,0.00,56.45,0.00,SIN
2a06:98c1:3100:e7:ce47:7506:a005:edbd,4,4,0.00,56.45,0.00,SIN
2a06:98c1:310e:0:e2:581e:3e57:2bb7,4,4,0.00,56.45,0.00,SIN
2a06:98c1:3104:deb8:dc36:7742:fe4d:4f70,4,4,0.00,56.45,0.00,SIN
2a06:98c1:3105::d73a:a1de:39a4,4,4,0.00,56.45,0.00,SIN
2400:cb00:2049:ab:1e85:28d5:bc1c:3246,4,4,0.00,56.45,0.00,SIN
2a06:98c1:3105::9fc2:4c8e:8793,4,4,0.00,56.45,0.00,SIN
2a06:98c1:3104:ce0b:a2ff:6762:55ee:dbd0,4,4,0.00,56.45,0.00,SIN
2a06:98c1:3103:9728:ba04:416b:52d7:7083,4,4,0.00,56.45,0.00,SIN
2a06:98c1:3103:9728:ba04:416b:18ce:f9ae,4,4,0.00,56.45,0.00,SIN
2a06:98c1:310c::e0:4f67:4c5,4,4,0.00,56.45,0.00,SIN
2a06:98c1:3109:8481:5f9f:d594:d35c:a8e0,4,4,0.00,56.45,0.00,SIN
2a06:98c1:3104::c28e,4,4,0.00,56.45,0.00,SIN
2a06:98c1:310a:0:ed:73f8:469:3b28,4,4,0.00,56.45,0.00,SIN
2a06:98c1:310b:c4:7f0f:7d67:5429:f2a2,4,4,0.00,56.45,0.00,SIN
2a06:98c1:310a:36:ecce:712:5def:224c,4,4,0.00,56.46,0.00,SIN
2400:cb00:2049:0:c2:f633:1766:5e11,4,4,0.00,56.46,0.00,SIN
2a06:98c1:3103:97b3:e77:856d:1be2:28bb,4,4,0.00,56.46,0.00,SIN
2803:f800:50::65:f696:96c,4,4,0.00,56.46,0.00,SIN
2a06:98c1:3104:f9:af98:c62e:d5da:bb64,4,4,0.00,56.46,0.00,SIN
2a06:98c1:310b:0:c0fa:4444:c26d:352b,4,4,0.00,56.46,0.00,SIN
2a06:98c1:3104:ce0b:a2ac:aa8c:3251:4d27,4,4,0.00,56.46,0.00,SIN
2a06:98c1:3107:0:2e:6193:a3ca:6672,4,4,0.00,56.46,0.00,SIN
2a06:98c1:3104:8b:a44f:5a85:9a83:b077,4,4,0.00,56.46,0.00,SIN
2a06:98c1:3101:f3af:ed6e:dd35:de20:76d,4,4,0.00,56.46,0.00,SIN
2a06:98c1:3107:0:2e:3870:4dc8:a9c0,4,4,0.00,56.46,0.00,SIN
2a06:98c1:310d:f04e:d8a5:cbbf:a8c7:1cf9,4,4,0.00,56.46,0.00,SIN
2a06:98c1:3102:4e68:6d60:ef98:3d4b:5908,4,4,0.00,56.46,0.00,SIN
2a06:98c1:3106:86ad:afc4:af3:3fb2:ee24,4,4,0.00,56.46,0.00,SIN
2a06:98c1:310b:c4:7f1f:d598:9165:b892,4,4,0.00,56.47,0.00,SIN
2a06:98c1:310c:5c:7ede:c435:f885:2632,4,4,0.00,56.47,0.00,SIN
2a06:98c1:3101:da:a589:4fbd:d58a:dfd3,4,4,0.00,56.47,0.00,SIN
2a06:98c1:3100:3525:6fa9:f073:5225:b7b5,4,4,0.00,56.47,0.00,SIN
2a06:98c1:51:ae55:2d83:1aa:55cb:8bb5,4,4,0.00,56.47,0.00,SIN
2400:cb00:2049:b200:4824:aa5d:2104:c846,4,4,0.00,56.47,0.00,SIN
2a06:98c1:51:aece:8ab9:c921:6ccd:83e6,4,4,0.00,56.47,0.00,SIN
2400:cb00:2049:b200:61f6:2108:58b7:cf60,4,4,0.00,56.47,0.00,SIN
2803:f800:50:f049:b339:1002:e577:2b98,4,4,0.00,56.47,0.00,SIN
2a06:98c1:3107:aee4:c3f3:93:e9e:5c99,4,4,0.00,56.47,0.00,SIN
2a06:98c1:3107:aee4:c3f3:93:eca:87ec,4,4,0.00,56.47,0.00,SIN
2a06:98c1:310c:eb:df6c:197a:9ee2:6cf3,4,4,0.00,56.47,0.00,SIN
2803:f800:51:676a:7da3:29e:38fd:ea73,4,4,0.00,56.47,0.00,SIN
2a06:98c1:310c:f49c:7120:342f:beea:8ee5,4,4,0.00,56.47,0.00,SIN
2a06:98c1:3100:7ded:866b:f7db:8f44:654e,4,4,0.00,56.47,0.00,SIN
2a06:98c1:3104:deb8:dccc:e62d:b406:430c,4,4,0.00,56.47,0.00,SIN
2a06:98c1:3104:64:ca50:b452:8f1b:f89,4,4,0.00,56.47,0.00,SIN
2a06:98c1:3105:85a9:8619:34b5:901d:a96a,4,4,0.00,56.48,0.00,SIN
2a06:98c1:3103::67:cb4f:783e,4,4,0.00,56.48,0.00,SIN
2a06:98c1:310d:f04e:a59a:9187:4098:a24e,4,4,0.00,56.48,0.00,SIN
2a06:98c1:50:0:913b:c0a:fd26:d1f6,4,4,0.00,56.48,0.00,SIN
2a06:98c1:3107:0:2e:617c:4cee:bd84,4,4,0.00,56.48,0.00,SIN
2a06:98c1:310c:f49c:7120:e5b2:c044:b71,4,4,0.00,56.48,0.00,SIN
2a06:98c1:3106:86ad:afc4:a18:f60c:8f03,4,4,0.00,56.48,0.00,SIN
2803:f800:50:f049:b256:d938:1d99:9cca,4,4,0.00,56.48,0.00,SIN
2a06:98c1:310d:f04e:3b65:1e25:ec07:e313,4,4,0.00,56.48,0.00,SIN
2a06:98c1:310a:36:ecce:782:40c:5e9b,4,4,0.00,56.48,0.00,SIN
2a06:98c1:50:fd1d:4ce6:b7fb:c403:3b59,4,4,0.00,56.48,0.00,SIN
2a06:98c1:310c:14:7fd9:10ea:44df:f972,4,4,0.00,56.48,0.00,SIN
2a06:98c1:3102:0:f1ca:12fc:adac:4ec,4,4,0.00,56.48,0.00,SIN
2a06:98c1:50::a943:d238:a0b5,4,4,0.00,56.49,0.00,SIN
2a06:98c1:310c:0:7fca:ea95:d82d:144,4,4,0.00,56.49,0.00,SIN
2a06:98c1:310a::6796:ef7a:5499,4,4,0.00,56.49,0.00,SIN
2a06:98c1:310d:f04e:a54f:368c:3cd8:929a,4,4,0.00,56.49,0.00,SIN
2a06:98c1:3104:deb8:dccc:e62d:655e:132,4,4,0.00,56.49,0.00,SIN
2a06:98c1:3103:e577:343b:7972:fd86:f6b6,4,4,0.00,56.49,0.00,SIN
2a06:98c1:3107:aee4:6f92:2f22:7f9c:6d81,4,4,0.00,56.49,0.00,SIN
2a06:98c1:310b:f3:d05e:b438:6808:315e,4,4,0.00,56.49,0.00,SIN
2803:f800:51:67e1:5abc:1ce4:d013:48ab,4,4,0.00,56.49,0.00,SIN
2a06:98c1:50:4f1e:205c:9d79:9592:5bb4,4,4,0.00,56.49,0.00,SIN
2a06:98c1:310c:f49c:7120:d6ea:3387:ec34,4,4,0.00,56.49,0.00,SIN
2a06:98c1:50:0:9164:fe7b:b0a9:d83c,4,4,0.00,56.49,0.00,SIN
2803:f800:51:d3:62bb:25d0:9fe6:a8b7,4,4,0.00,56.49,0.00,SIN
2a06:98c1:3107:ae97:18a9:45d6:3564:41f5,4,4,0.00,56.49,0.00,SIN
2400:cb00:2049:ab:fd08:70b9:47cc:86d3,4,4,0.00,56.49,0.00,SIN
2a06:98c1:50:fd1d:4ce6:b7ce:a24:4397,4,4,0.00,56.50,0.00,SIN
2a06:98c1:3108:759c:3ab2:e8b3:7d77:9e4d,4,4,0.00,56.50,0.00,SIN
2a06:98c1:3106:6c:c7b:451f:c9b5:ac31,4,4,0.00,56.50,0.00,SIN
2a06:98c1:3105:85a9:8619:34ac:b8ed:1ad,4,4,0.00,56.50,0.00,SIN
2a06:98c1:3108:759c:209e:83da:8f09:327e,4,4,0.00,56.50,0.00,SIN
2a06:98c1:3104:0:b63e:a8fd:9e9e:1242,4,4,0.00,56.50,0.00,SIN
2a06:98c1:3103:9728:ba04:6e65:3df9:aa90,4,4,0.00,56.50,0.00,SIN
2a06:98c1:310f:a8:42db:9359:3899:d73f,4,4,0.00,56.50,0.00,SIN
2a06:98c1:3106:ca:5f98:8f2d:e9a7:2803,4,4,0.00,56.50,0.00,SIN
2a06:98c1:310d:e8:5e16:661c:fbe2:31ec,4,4,0.00,56.50,0.00,SIN
2a06:98c1:50:0:b0a5:df52:2f93:455e,4,4,0.00,56.50,0.00,SIN
2a06:98c1:3107:b7b8:a0b9:e5fd:51d9:6357,4,4,0.00,56.50,0.00,SIN
2a06:98c1:3104:8b:81e2:dfbb:ae77:8af1,4,4,0.00,56.51,0.00,SIN
2a06:98c1:3100:7d1b:8653:d0fc:f3b6:69b2,4,4,0.00,56.51,0.00,SIN
2a06:98c1:3103::fc1a:8109:7808,4,4,0.00,56.51,0.00,SIN
2a06:98c1:3105:8523:aafb:4f08:b7c9:4c3,4,4,0.00,56.51,0.00,SIN
2a06:98c1:3102:4e68:6033:81a3:21aa:2ccd,4,4,0.00,56.51,0.00,SIN
2a06:98c1:3103:e5b4:15bb:78de:d759:f668,4,4,0.00,56.51,0.00,SIN
2a06:98c1:310d:0:d3d2:b994:5939:c86f,4,4,0.00,56.51,0.00,SIN
2a06:98c1:3100:e7:ce47:75a6:e236:ce3c,4,4,0.00,56.51,0.00,SIN
2a06:98c1:310d:0:c94:6da9:7219:1f45,4,4,0.00,56.51,0.00,SIN
2a06:98c1:310a:36:ecce:bda0:e979:fc2a,4,4,0.00,56.51,0.00,SIN
2a06:98c1:3107:ae97:964b:c997:ab73:5f97,4,4,0.00,56.51,0.00,SIN
2a06:98c1:3105:85a9:8619:34dc:b1f3:f1d6,4,4,0.00,56.51,0.00,SIN
2a06:98c1:310b:0:c00a:9652:a23e:afcc,4,4,0.00,56.51,0.00,SIN
2a06:98c1:3106:ca:239a:b817:6f2a:a252,4,4,0.00,56.51,0.00,SIN
2a06:98c1:3106:ca:239a:5d7e:457f:1c96,4,4,0.00,56.51,0.00,SIN
2a06:98c1:3106:6c:655f:1457:c454:1670,4,4,0.00,56.51,0.00,SIN
2a06:98c1:50:fd1d:4d8a:606b:afd2:8893,4,4,0.00,56.52,0.00,SIN
2a06:98c1:3100:7ded:866b:f765:86d1:6644,4,4,0.00,56.52,0.00,SIN
2a06:98c1:3103:e577:3997:7dee:9752:a30,4,4,0.00,56.52,0.00,SIN
2a06:98c1:50:0:915e:7862:426f:59af,4,4,0.00,56.52,0.00,SIN
2a06:98c1:3106:ca:239a:b89b:2ff9:9f4,4,4,0.00,56.52,0.00,SIN
2a06:98c1:310b:c8:74b4:1608:d6f2:7b63,4,4,0.00,56.52,0.00,SIN
2a06:98c1:3107:90:17b7:db5e:42f6:66db,4,4,0.00,56.52,0.00,SIN
2a06:98c1:310b:f3:d05e:42a0:5018:b9e5,4,4,0.00,56.52,0.00,SIN
2a06:98c1:3104:8b:a44f:7bf0:1f87:96f0,4,4,0.00,56.52,0.00,SIN
2400:cb00:2049:ab:fd08:708d:4ce5:e1ae,4,4,0.00,56.52,0.00,SIN
2a06:98c1:310e:0:e2:58ef:9614:405c,4,4,0.00,56.52,0.00,SIN
2803:f800:50:85:2838:d52f:11cb:54b2,4,4,0.00,56.53,0.00,SIN
2a06:98c1:310b:f3:d042:d6f6:abcf:469d,4,4,0.00,56.53,0.00,SIN
2a06:98c1:310f::9f04:c500,4,4,0.00,56.53,0.00,SIN
2a06:98c1:3102:ee60:1104:b62:bd9:332,4,4,0.00,56.53,0.00,SIN
2400:cb00:2049:b2a5:f128:165a:3d5:410b,4,4,0.00,56.53,0.00,SIN
2a06:98c1:3108:759c:209e:37f4:990c:189f,4,4,0.00,56.53,0.00,SIN
2a06:98c1:3105:b1:501a:d7f1:9529:49c,4,4,0.00,56.53,0.00,SIN
2a06:98c1:3100:7d1b:8653:2dfe:2f65:1274,4,4,0.00,56.53,0.00,SIN
2a06:98c1:310c:14:4ae8:a2b0:2f95:f57d,4,4,0.00,56.53,0.00,SIN
2a06:98c1:310e:c98d:3c11:adce:1bc5:56c,4,4,0.00,56.53,0.00,SIN
2400:cb00:2049:b2a5:f128:9d01:c664:a9c7,4,4,0.00,56.53,0.00,SIN
2a06:98c1:310e:c9e4:3469:9b61:cee7:77ac,4,4,0.00,56.54,0.00,SIN
2a06:98c1:3103:7d22:28cd:a8f8:c817:c47,4,4,0.00,56.54,0.00,SIN
2a06:98c1:51:ae55:a453:aa57:50aa:9e28,4,4,0.00,56.54,0.00,SIN
2a06:98c1:3100:0:c632:7837:7db:9836,4,4,0.00,56.54,0.00,SIN
2a06:98c1:310c:d4:94d9:d26a:b381:6787,4,4,0.00,56.54,0.00,SIN
2a06:98c1:310e:c9e4:3469:9b61:bca7:b4ec,4,4,0.00,56.54,0.00,SIN
2a06:98c1:310e:c949:6c24:f1bb:4b48:ad22,4,4,0.00,56.54,0.00,SIN
2a06:98c1:3105:0:533f:d92:b32a:d49a,4,4,0.00,56.54,0.00,SIN
2400:cb00:2049:29e6:1c9b:9e57:4795:5539,4,4,0.00,56.54,0.00,SIN
2803:f800:51:73fa:a342:bd9c:f8bc:1523,4,4,0.00,56.54,0.00,SIN
2a06:98c1:50:6b31:c8ea:14dd:9a88:373e,4,4,0.00,56.54,0.00,SIN
2a06:98c1:3107:0:7edf:bf93:5a97:ca86,4,4,0.00,56.54,0.00,SIN
2a06:98c1:3103:9715:6361:7ef5:30de:60b3,4,4,0.00,56.54,0.00,SIN
2a06:98c1:310b:f3:d05e:55e4:27d2:9f94,4,4,0.00,56.54,0.00,SIN
2a06:98c1:3102:ee60:d044:75a4:12d8:5e2e,4,4,0.00,56.55,0.00,SIN
2a06:98c1:3107:ae97:429e:ee05:d9dd:7dfb,4,4,0.00,56.55,0.00,SIN
2a06:98c1:310e:c9e4:3469:9bd7:1630:f7fc,4,4,0.00,56.55,0.00,SIN
2a06:98c1:310e:c9e4:3469:9bd7:f03b:93f6,4,4,0.00,56.55,0.00,SIN
2a06:98c1:310e:c9e4:3469:9bd7:e38b:d261,4,4,0.00,56.55,0.00,SIN
2a06:98c1:50:0:b0a5:df52:6181:518f,4,4,0.00,56.55,0.00,SIN
2a06:98c1:3103:7d40:b43e:a608:8d8:7f1e,4,4,0.00,56.55,0.00,SIN
2a06:98c1:50:0:91b6:a99:af19:2bb1,4,4,0.00,56.55,0.00,SIN
2a06:98c1:3108:759c:201e:7a97:c2d3:a8bf,4,4,0.00,56.55,0.00,SIN
2a06:98c1:310b:f3:d05e:42a0:50ea:74d3,4,4,0.00,56.55,0.00,SIN
2a06:98c1:50:6b31:c13e:1f79:4451:c640,4,4,0.00,56.55,0.00,SIN
2803:f800:51:379b:e50c:8cdb:c187:47a,4,4,0.00,56.55,0.00,SIN
2400:cb00:2049:82:1ac1:f73a:4d43:fa64,4,4,0.00,56.55,0.00,SIN
2a06:98c1:3104:ce0b:a2ac:aa8c:327d:d90b,4,4,0.00,56.55,0.00,SIN
2400:cb00:2049:82:1a8d:8cb5:349:f44c,4,4,0.00,56.55,0.00,SIN
2a06:98c1:3100:7d1b:1b81:8b3a:8542:116a,4,4,0.00,56.55,0.00,SIN
2a06:98c1:3100:7d1b:1b81:8bd7:80c6:a370,4,4,0.00,56.55,0.00,SIN
2a06:98c1:3101:f322:e902:9061:385:5a79,4,4,0.00,56.55,0.00,SIN
2a06:98c1:3101:f3af:743f:d710:598f:8535,4,4,0.00,56.56,0.00,SIN
2a06:98c1:3103:9728:f49b:cb7d:9e45:558e,4,4,0.00,56.56,0.00,SIN
2a06:98c1:3104:64:5769:a145:409e:478f,4,4,0.00,56.56,0.00,SIN
2a06:98c1:50:4f1e:205c:9d79:60a2:1d6f,4,4,0.00,56.56,0.00,SIN
2a06:98c1:310d:e8:5e6a:274f:6902:161f,4,4,0.00,56.56,0.00,SIN
2a06:98c1:3106:86ad:f69f:6404:93b4:61ae,4,4,0.00,56.56,0.00,SIN
2a06:98c1:3104:cef7:cd60:3482:e5ae:6d46,4,4,0.00,56.56,0.00,SIN
2a06:98c1:50:0:bcf0:69bb:b11d:50c2,4,4,0.00,56.56,0.00,SIN
2a06:98c1:3107:aee4:4f1e:bceb:4889:cff1,4,4,0.00,56.56,0.00,SIN
2a06:98c1:3107:0:2e:768f:d9fd:34af,4,4,0.00,56.56,0.00,SIN
2a06:98c1:3108::d733:7ae4,4,4,0.00,56.56,0.00,SIN
2a06:98c1:3107:0:7edf:27db:3f71:735,4,4,0.00,56.56,0.00,SIN
2a06:98c1:3107:aee4:4f1e:bcdf:60da:13fc,4,4,0.00,56.56,0.00,SIN
2a06:98c1:310d::e13e:72e1:6c74,4,4,0.00,56.56,0.00,SIN
2a06:98c1:3108:6a:b7e3:2aa0:4244:282c,4,4,0.00,56.56,0.00,SIN
2a06:98c1:3104:f9:af98:c6bb:f369:4bcf,4,4,0.00,56.56,0.00,SIN
2a06:98c1:310e:c949:6c52:e073:2025:8c93,4,4,0.00,56.56,0.00,SIN
2a06:98c1:310b:c4:7f0f:2ffc:2a0b:4a18,4,4,0.00,56.56,0.00,SIN
2a06:98c1:3107:aee4:c37e:150d:3f05:bd2d,4,4,0.00,56.56,0.00,SIN
2a06:98c1:3100:3525:bafc:a7f6:4928:9df5,4,4,0.00,56.56,0.00,SIN
2a06:98c1:310c:f49c:7120:3797:9322:8c78,4,4,0.00,56.57,0.00,SIN
2a06:98c1:3108:3a23:83e0:b045:c5af:a99e,4,4,0.00,56.57,0.00,SIN
2a06:98c1:310b:0:3607:787a:6ea3:58c4,4,4,0.00,56.57,0.00,SIN
2a06:98c1:3102:0:f1ca:1299:102a:f9dd,4,4,0.00,56.57,0.00,SIN
2803:f800:50:f049:b339:935d:73d1:f8e5,4,4,0.00,56.57,0.00,SIN
2a06:98c1:310b::de:190c:5ee5,4,4,0.00,56.57,0.00,SIN
2a06:98c1:310b:f3:d042:d633:9d97:5661,4,4,0.00,56.57,0.00,SIN
2400:cb00:2049:ab:1e85:28d5:6115:b2c6,4,4,0.00,56.57,0.00,SIN
2a06:98c1:3105:0:95:2ff0:6a2b:8c6c,4,4,0.00,56.57,0.00,SIN
2a06:98c1:3103:7d22:cecd:4f98:7e95:fe00,4,4,0.00,56.57,0.00,SIN
2a06:98c1:3100:7d1b:1b81:3199:ed9:6ac2,4,4,0.00,56.57,0.00,SIN
2a06:98c1:50:0:bc76:4e23:d784:7341,4,4,0.00,56.57,0.00,SIN
2a06:98c1:3102:4e68:6d60:efb3:3a3f:62f1,4,4,0.00,56.57,0.00,SIN
2a06:98c1:3109:8481:d220:ab90:758a:79bd,4,4,0.00,56.57,0.00,SIN
2a06:98c1:3107:ae51:4248:9540:1a6b:356e,4,4,0.00,56.57,0.00,SIN
2a06:98c1:3100:0:fa45:4d2b:2d37:dd9,4,4,0.00,56.57,0.00,SIN
2a06:98c1:310b:0:36c7:25f0:4158:a0b9,4,4,0.00,56.58,0.00,SIN
2400:cb00:2049:ab:1e85:443e:982:1bef,4,4,0.00,56.58,0.00,SIN
2a06:98c1:3103:e5b4:1543:a75f:733f:16bf,4,4,0.00,56.58,0.00,SIN
2a06:98c1:3104:de5f:5f42:1551:f841:49e8,4,4,0.00,56.58,0.00,SIN
2400:cb00:2049:82:1ac1:f7db:9173:c678,4,4,0.00,56.58,0.00,SIN
2a06:98c1:3102::dd07:8639:2e1b,4,4,0.00,56.58,0.00,SIN
2a06:98c1:310e:c9e4:3469:9b32:a7f6:4ddf,4,4,0.00,56.58,0.00,SIN
2a06:98c1:3108:0:f917:e7c2:92cb:76f0,4,4,0.00,56.58,0.00,SIN
2a06:98c1:310d:0:d3d2:b989:44c2:e8f7,4,4,0.00,56.58,0.00,SIN
2a06:98c1:3101:0:bcad:ca6c:1f78:a408,4,4,0.00,56.58,0.00,SIN
2a06:98c1:50:6b31:c8ea:14dd:860:f494,4,4,0.00,56.58,0.00,SIN
2400:cb00:2049:29e6:88da:290c:e5ce:b22,4,4,0.00,56.58,0.00,SIN
2a06:98c1:3103:18fc:3e06:ade3:94a4:c81e,4,4,0.00,56.58,0.00,SIN
2a06:98c1:310b:0:77:98e1:a5b0:a964,4,4,0.00,56.58,0.00,SIN
2a06:98c1:3106:8688:7a:e6c1:8c06:f7dd,4,4,0.00,56.58,0.00,SIN
2a06:98c1:3100:7d1b:1bd8:575f:4400:1838,4,4,0.00,56.59,0.00,SIN
2803:f800:51:73fa:bf17:7227:b0bb:64ca,4,4,0.00,56.59,0.00,SIN
2a06:98c1:3105:85a9:8619:c473:51c8:fad1,4,4,0.00,56.59,0.00,SIN
2a06:98c1:50:0:bcf0:e3ea:a599:e2ab,4,4,0.00,56.59,0.00,SIN
2a06:98c1:3103:9728:4a8:55a:93cb:aedb,4,4,0.00,56.59,0.00,SIN
2a06:98c1:3103:183b:c03a:c59c:9cd:574d,4,4,0.00,56.59,0.00,SIN
2a06:98c1:3106:0:98:ad0d:6330:94d5,4,4,0.00,56.59,0.00,SIN
2a06:98c1:3103:e577:39a2:5020:7b2e:a152,4,4,0.00,56.59,0.00,SIN
2a06:98c1:3107::a6fa:e3ed:4236,4,4,0.00,56.59,0.00,SIN
2a06:98c1:3100:7d14:928b:cfef:2592:833a,4,4,0.00,56.59,0.00,SIN
2a06:98c1:3103:7d22:cecd:f361:bacc:3b49,4,4,0.00,56.59,0.00,SIN
2400:cb00:2049:b2a5:f128:165a:54cb:50e5,4,4,0.00,56.59,0.00,SIN
2a06:98c1:310a:36:c28f:417b:6475:fbdf,4,4,0.00,56.60,0.00,SIN
2a06:98c1:3102::82bc:b799,4,4,0.00,56.60,0.00,SIN
2a06:98c1:3107:aee4:c53e:7b0c:6b6d:e2e4,4,4,0.00,56.60,0.00,SIN
2a06:98c1:3107:b7b8:a0b9:19fa:9a84:198a,4,4,0.00,56.60,0.00,SIN
2a06:98c1:3103:b862:c39:9e8e:8305:8801,4,4,0.00,56.60,0.00,SIN
2a06:98c1:3104:ce0b:d77f:a558:c28:5893,4,4,0.00,56.60,0.00,SIN
2a06:98c1:3100:0:63:69d7:2ec1:8cf8,4,4,0.00,56.60,0.00,SIN
2a06:98c1:3106:0:98:ad79:91e:15da,4,4,0.00,56.60,0.00,SIN
2a06:98c1:310e:0:e2:58ef:a9c2:bf1f,4,4,0.00,56.60,0.00,SIN
2a06:98c1:3109:8481:5f9f:73c2:489f:a98,4,4,0.00,56.60,0.00,SIN
2a06:98c1:3104:deb8:dccc:4688:3f33:272b,4,4,0.00,56.60,0.00,SIN
2a06:98c1:3104:f9:af98:ca56:42ce:e97c,4,4,0.00,56.60,0.00,SIN
2a06:98c1:3100:3525:6fa9:f073:c6a9:bdef,4,4,0.00,56.60,0.00,SIN
2a06:98c1:310f::98c7:9525:377,4,4,0.00,56.61,0.00,SIN
2a06:98c1:3104::8a:627f:d56b,4,4,0.00,56.61,0.00,SIN
2a06:98c1:3107:0:83:4c73:ed61:fd64,4,4,0.00,56.61,0.00,SIN
2a06:98c1:3104:8b:a44f:5ad9:3e69:d39b,4,4,0.00,56.61,0.00,SIN
2a06:98c1:3107:0:7edf:27b0:1d43:8133,4,4,0.00,56.61,0.00,SIN
2a06:98c1:310b:7e91:9501:3f3c:aa74:1034,4,4,0.00,56.61,0.00,SIN
2a06:98c1:51:aece:5ff:85ca:cca5:962e,4,4,0.00,56.61,0.00,SIN
2a06:98c1:3109:8481:c37f:5ebf:5b9e:44e,4,4,0.00,56.61,0.00,SIN
2a06:98c1:310a:36:ecce:7fa:4b6e:fea5,4,4,0.00,56.61,0.00,SIN
2a06:98c1:3107:0:2e:6193:7:cef7,4,4,0.00,56.61,0.00,SIN
2a06:98c1:310e:c8:84d9:3503:7765:a010,4,4,0.00,56.61,0.00,SIN
2a06:98c1:3102:ee60:d0a9:f9c6:f53f:e8f8,4,4,0.00,56.61,0.00,SIN
2a06:98c1:3102:ee60:d0fd:5134:59a2:ad79,4,4,0.00,56.61,0.00,SIN
2a06:98c1:3104:8b:a44f:5ad9:cd82:6c95,4,4,0.00,56.61,0.00,SIN
2a06:98c1:3105:b1:501a:d74d:f5c0:d689,4,4,0.00,56.61,0.00,SIN
2a06:98c1:310a:36:ecce:782:d57d:b281,4,4,0.00,56.62,0.00,SIN
2400:cb00:2049:b2a5:f128:9ddc:b685:8a44,4,4,0.00,56.62,0.00,SIN
2400:cb00:2049:2978:38b3:4e7f:2e38:41fd,4,4,0.00,56.62,0.00,SIN
2a06:98c1:3102:ee60:d044:ca05:dac7:a641,4,4,0.00,56.62,0.00,SIN
2a06:98c1:310d:f04e:d8a5:cbbf:bd30:2b93,4,4,0.00,56.62,0.00,SIN
2a06:98c1:310d:e8:5e5b:7b70:9584:5141,4,4,0.00,56.62,0.00,SIN
2a06:98c1:50:0:913b:2e58:1d18:2b5e,4,4,0.00,56.62,0.00,SIN
2a06:98c1:3109:84ab:6113:3b77:2e67:692f,4,4,0.00,56.62,0.00,SIN
2a06:98c1:3106:8688:6307:a97e:1f26:9c09,4,4,0.00,56.62,0.00,SIN
2a06:98c1:3108:0:f917:20db:7eae:51e5,4,4,0.00,56.62,0.00,SIN
2a06:98c1:50:4f1e:205c:b939:be49:1a7a,4,4,0.00,56.62,0.00,SIN
2a06:98c1:310c:0:7fca:ea68:f868:1faa,4,4,0.00,56.62,0.00,SIN
2a06:98c1:3103:c627:2788:4372:f64f:ab1f,4,4,0.00,56.62,0.00,SIN
2400:cb00:2049:ab:fd26:294:2e4a:c4a6,4,4,0.00,56.62,0.00,SIN
2a06:98c1:3106:ca:9a85:524e:3dbb:4dfc,4,4,0.00,56.62,0.00,SIN
2a06:98c1:50:74:4ed1:8bc:f8ab:49a3,4,4,0.00,56.62,0.00,SIN
2a06:98c1:50:4fc1:2a6a:a823:c830:5c5e,4,4,0.00,56.63,0.00,SIN
2a06:98c1:310c:14:1c83:7c89:a6eb:6621,4,4,0.00,56.63,0.00,SIN
2a06:98c1:310f:0:d5f2:c4a0:faf8:bbf8,4,4,0.00,56.63,0.00,SIN
2a06:98c1:3107:aee4:4f1e:bcdf:6011:f1a5,4,4,0.00,56.63,0.00,SIN
2a06:98c1:3103:f1:bbb0:7a4f:e4e9:b218,4,4,0.00,56.63,0.00,SIN
2a06:98c1:310a:36:414d:5efa:1f30:37cf,4,4,0.00,56.63,0.00,SIN
2a06:98c1:3107:ae97:429e:4f91:76e0:9029,4,4,0.00,56.63,0.00,SIN
2a06:98c1:3109:84ab:6113:3b63:8a3c:fd10,4,4,0.00,56.63,0.00,SIN
2a06:98c1:3104:de5f:fdd4:cf53:2c99:6873,4,4,0.00,56.63,0.00,SIN
2a06:98c1:310d:e8:5e16:661c:f904:3fda,4,4,0.00,56.64,0.00,SIN
2a06:98c1:3100:0:fa45:4dd5:90ee:439,4,4,0.00,56.64,0.00,SIN
2400:cb00:2049:ab:fd08:70b9:4724:9272,4,4,0.00,56.64,0.00,SIN
2a06:98c1:3108:0:f9fd:de7d:7128:2ec4,4,4,0.00,56.64,0.00,SIN
2a06:98c1:310a:17:b383:b62d:a389:95a3,4,4,0.00,56.64,0.00,SIN
2a06:98c1:310d:f04e:a54f:63ae:587e:77a7,4,4,0.00,56.64,0.00,SIN
2a06:98c1:310e:c949:6c24:bd87:eff8:2e74,4,4,0.00,56.64,0.00,SIN
2a06:98c1:310e:c8:5dc2:1e3b:2794:3c2,4,4,0.00,56.64,0.00,SIN
2a06:98c1:3105:85a9:8619:c40f:4dbc:575d,4,4,0.00,56.64,0.00,SIN
2a06:98c1:3104:f9:afe3:b6b3:387d:dea1,4,4,0.00,56.64,0.00,SIN
2a06:98c1:3106:8688:f6af:c3d7:194:b753,4,4,0.00,56.64,0.00,SIN
2a06:98c1:3103:9715:1212:ef22:7782:efb3,4,4,0.00,56.64,0.00,SIN
2803:f800:50:85:4f13:d390:fab1:3e64,4,4,0.00,56.64,0.00,SIN
2a06:98c1:3103:b862:43f9:e1cb:8642:c0cb,4,4,0.00,56.64,0.00,SIN
2a06:98c1:3105:0:533f:c61d:105:20ef,4,4,0.00,56.65,0.00,SIN
2a06:98c1:51::fe:f9ee:23f3,4,4,0.00,56.65,0.00,SIN
2a06:98c1:310b:c8:74b4:1608:d6e4:85ab,4,4,0.00,56.65,0.00,SIN
2a06:98c1:3102:4e68:39ab:fd24:8e90:2e68,4,4,0.00,56.65,0.00,SIN
2400:cb00:2049:b200:61f6:21ac:b1be:c457,4,4,0.00,56.65,0.00,SIN
2a06:98c1:3103:183b:c02e:dd74:9d6d:9f2d,4,4,0.00,56.65,0.00,SIN
2a06:98c1:3100:3525:ba13:6f6f:fc0:d8ca,4,4,0.00,56.65,0.00,SIN
2a06:98c1:310d:0:cd8:780d:adb0:162b,4,4,0.00,56.65,0.00,SIN
2a06:98c1:310c:ed:b24a:ef9e:fca1:3dcd,4,4,0.00,56.66,0.00,SIN
2a06:98c1:3104:f9:2d16:228e:554d:e19f,4,4,0.00,56.66,0.00,SIN
2400:cb00:2049:2978:38b3:4ed0:9458:bf00,4,4,0.00,56.66,0.00,SIN
2a06:98c1:310d:0:cd8:780d:85b8:4fe2,4,4,0.00,56.66,0.00,SIN
2a06:98c1:3107:ae97:18a9:45d6:ab3d:c428,4,4,0.00,56.66,0.00,SIN
2a06:98c1:50:0:c5:4aa:2be2:e03f,4,4,0.00,56.66,0.00,SIN
2a06:98c1:310f:0:69ac:a2ee:b7f6:5119,4,4,0.00,56.66,0.00,SIN
2a06:98c1:3107:0:7edf:27b0:1d80:9322,4,4,0.00,56.66,0.00,SIN
2400:cb00:2049:b2a5:1700:f691:ccec:b56c,4,4,0.00,56.66,0.00,SIN
2a06:98c1:3105:b1:501a:d7be:f021:a1aa,4,4,0.00,56.66,0.00,SIN
2400:cb00:2049::f2:2e0f:8581,4,4,0.00,56.66,0.00,SIN
2a06:98c1:3100:e7:ce3b:216b:85b9:5166,4,4,0.00,56.66,0.00,SIN
2a06:98c1:3102::dd07:ce14:bf2f,4,4,0.00,56.66,0.00,SIN
2a06:98c1:310a:36:c28f:42c9:fda0:f4d8,4,4,0.00,56.66,0.00,SIN
2803:f800:51:731b:a90e:5e47:3fdc:1f00,4,4,0.00,56.66,0.00,SIN
2400:cb00:2049:b2a5:f4a0:341f:e97e:dea5,4,4,0.00,56.66,0.00,SIN
2a06:98c1:50:fd1d:4ce6:b7ce:ea4d:ca1a,4,4,0.00,56.67,0.00,SIN
2a06:98c1:3108:3a23:83e0:65f0:48e5:25e6,4,4,0.00,56.67,0.00,SIN
2a06:98c1:3107:aee4:c53e:9a81:bf77:5ba6,4,4,0.00,56.67,0.00,SIN
2a06:98c1:50:4fa8:587f:9783:21eb:5bbe,4,4,0.00,56.67,0.00,SIN
2803:f800:50::34cc:c4d:b31d,4,4,0.00,56.67,0.00,SIN
2803:f800:50::34cc:cc2e:9d2f,4,4,0.00,56.67,0.00,SIN
2803:f800:50:0:e77b:af63:635b:c565,4,4,0.00,56.67,0.00,SIN
2a06:98c1:3100:e7:85ee:5a88:e8e4:a9b3,4,4,0.00,56.67,0.00,SIN
2a06:98c1:3100:0:c632:1ee3:c769:59d8,4,4,0.00,56.68,0.00,SIN
2a06:98c1:3103::fccc:15ce:7a93,4,4,0.00,56.68,0.00,SIN
2a06:98c1:3105:85a9:8619:34b5:90ff:8354,4,4,0.00,56.68,0.00,SIN
2a06:98c1:3100:7d1b:8653:3c71:5236:c9b0,4,4,0.00,56.68,0.00,SIN
2a06:98c1:310b:c4:7f1f:74df:9aa5:fe3,4,4,0.00,56.68,0.00,SIN
2400:cb00:2049:b200:48f9:6cef:ac08:e70b,4,4,0.00,56.68,0.00,SIN
2a06:98c1:3103:18fc:3e06:baaf:7e0e:9b63,4,4,0.00,56.68,0.00,SIN
2a06:98c1:3103:9715:120b:aea9:b436:b6c1,4,4,0.00,56.68,0.00,SIN
2a06:98c1:3102:ee60:d0a9:8d93:81e8:9acd,4,4,0.00,56.68,0.00,SIN
2a06:98c1:50:6b31:9760:34c9:7714:8d22,4,4,0.00,56.68,0.00,SIN
2a06:98c1:3104:f9:af98:c62e:d57d:59d4,4,4,0.00,56.68,0.00,SIN
2a06:98c1:310e:c949:cfa:c182:ebcd:4179,4,4,0.00,56.68,0.00,SIN
2a06:98c1:310e:0:fa5b:5aa6:a3f8:2544,4,4,0.00,56.68,0.00,SIN
2a06:98c1:310e:c98d:3c11:84c0:e6bd:add1,4,4,0.00,56.68,0.00,SIN
2a06:98c1:50:4f1e:2008:6f97:a447:e795,4,4,0.00,56.68,0.00,SIN
2a06:98c1:3100:7d1b:1b81:8bd7:8092:c607,4,4,0.00,56.69,0.00,SIN
2a06:98c1:3108:759c:3af8:e59c:6053:dfc4,4,4,0.00,56.69,0.00,SIN
2a06:98c1:3104:f9:2d16:4825:8a96:c04,4,4,0.00,56.69,0.00,SIN
2a06:98c1:310d:f0c3:ad57:ca70:7515:f91,4,4,0.00,56.69,0.00,SIN
2a06:98c1:51:ae55:2d83:8e75:edca:c44d,4,4,0.00,56.69,0.00,SIN
2a06:98c1:3103:e577:397b:edc:ce57:fbd9,4,4,0.00,56.69,0.00,SIN
2a06:98c1:3103:9715:63e5:1608:d8e1:6db7,4,4,0.00,56.69,0.00,SIN
2a06:98c1:3104:64:caa1:84da:b488:9353,4,4,0.00,56.69,0.00,SIN
2a06:98c1:3106:6c:655f:1461:7e85:ef0d,4,4,0.00,56.69,0.00,SIN
2a06:98c1:50:4f1e:a4a0:44cf:bdd2:e7e5,4,4,0.00,56.69,0.00,SIN
2a06:98c1:50:fd1d:4d8a:606b:af77:3b5,4,4,0.00,56.69,0.00,SIN
2a06:98c1:3100:7d14:928b:8012:b9f3:7648,4,4,0.00,56.69,0.00,SIN
2a06:98c1:3109:e1:12e9:3ad3:91b3:60a5,4,4,0.00,56.69,0.00,SIN
2a06:98c1:310d:f04e:3b41:2620:8ec8:70c4,4,4,0.00,56.69,0.00,SIN
2a06:98c1:3104:f9:2d16:4825:7fc:c45d,4,4,0.00,56.69,0.00,SIN
2a06:98c1:310e:c9e4:2107:f3cb:a7c9:e4e3,4,4,0.00,56.70,0.00,SIN
2a06:98c1:3104:f9:2d16:4825:3407:40b3,4,4,0.00,56.70,0.00,SIN
2a06:98c1:3105:85a9:8619:34ac:b864:4226,4,4,0.00,56.70,0.00,SIN
2a06:98c1:310b:f3:dd17:ea51:e3d4:f7f7,4,4,0.00,56.70,0.00,SIN
2a06:98c1:3104:de5f:5f42:1551:56e1:87fd,4,4,0.00,56.70,0.00,SIN
2a06:98c1:3106:ca:1748:6f4a:44e6:df28,4,4,0.00,56.70,0.00,SIN
2a06:98c1:310f:0:69ac:a211:ad3e:608e,4,4,0.00,56.70,0.00,SIN
2803:f800:50:0:dd:effc:e84:1168,4,4,0.00,56.70,0.00,SIN
2400:cb00:2049:ab:1e85:28d5:bc24:38b2,4,4,0.00,56.70,0.00,SIN
2a06:98c1:3104:64:ca50:b436:6526:ce48,4,4,0.00,56.70,0.00,SIN
2a06:98c1:3103:c627:278b:4fda:9a96:590,4,4,0.00,56.70,0.00,SIN
2a06:98c1:3108:759c:e0e8:cf04:4168:dd37,4,4,0.00,56.70,0.00,SIN
2a06:98c1:50:6b76:649c:65c5:dfd0:a55c,4,4,0.00,56.71,0.00,SIN
2803:f800:50:0:dd:d628:265a:1f10,4,4,0.00,56.71,0.00,SIN
2a06:98c1:50:0:bc76:b400:c893:8740,4,4,0.00,56.71,0.00,SIN
2a06:98c1:310e:c949:6cd9:64b7:4444:1b1,4,4,0.00,56.71,0.00,SIN
2a06:98c1:3100:e7:ce3b:a3cf:ddd7:e719,4,4,0.00,56.71,0.00,SIN
2a06:98c1:3109:e1:dbc7:aebe:c058:721c,4,4,0.00,56.71,0.00,SIN
2a06:98c1:310b:0:36c7:76c:3e4a:5336,4,4,0.00,56.71,0.00,SIN
2a06:98c1:310d:f04e:3bef:87b2:4330:e5f9,4,4,0.00,56.71,0.00,SIN
2a06:98c1:310e:c9e4:3469:9bb6:aaef:4cb7,4,4,0.00,56.71,0.00,SIN
2a06:98c1:310c:f49c:71fc:e003:2ba2:48d8,4,4,0.00,56.71,0.00,SIN
2a06:98c1:310b:f3:fe68:7afe:8553:c13d,4,4,0.00,56.71,0.00,SIN
2a06:98c1:310b:7e91:95df:a13b:a0cc:fd38,4,4,0.00,56.71,0.00,SIN
2a06:98c1:3105:b1:501a:d74d:7a73:a339,4,4,0.00,56.72,0.00,SIN
2a06:98c1:3103:7d22:cecd:4f98:37d:81bf,4,4,0.00,56.72,0.00,SIN
2a06:98c1:310e:c8:5d12:96ad:80bd:818a,4,4,0.00,56.72,0.00,SIN
2400:cb00:2049:ab:1e85:f39e:786b:46b2,4,4,0.00,56.72,0.00,SIN
2a06:98c1:3105:8523:aa0a:9e6b:b838:ac8a,4,4,0.00,56.72,0.00,SIN
2400:cb00:2049:b200:48f9:6cef:ac76:832f,4,4,0.00,56.72,0.00,SIN
2a06:98c1:310f:0:d503:b48c:1472:7074,4,4,0.00,56.72,0.00,SIN
2a06:98c1:3103:b862:c39:62a0:b16e:ee5,4,4,0.00,56.72,0.00,SIN
2a06:98c1:3101:f322:e9db:204f:34a6:9ba4,4,4,0.00,56.72,0.00,SIN
2a06:98c1:3105:0:533f:c61d:149:175a,4,4,0.00,56.72,0.00,SIN
2a06:98c1:3103:e577:343b:79d5:7aa1:e349,4,4,0.00,56.72,0.00,SIN
2a06:98c1:3108::5978:2b0a:9634,4,4,0.00,56.72,0.00,SIN
2a06:98c1:3100:e7:ce47:7506:1aa2:38e2,4,4,0.00,56.72,0.00,SIN
2a06:98c1:310c:5c:7ede:c435:5928:d08c,4,4,0.00,56.73,0.00,SIN
2a06:98c1:310c:f49c:71fc:369c:cf78:281d,4,4,0.00,56.73,0.00,SIN
2a06:98c1:310e:c9e4:2107:7a7b:2fb3:d4b3,4,4,0.00,56.73,0.00,SIN
2a06:98c1:3103:e577:343b:796d:e1d1:e668,4,4,0.00,56.73,0.00,SIN
2a06:98c1:3107:0:2e:768f:d979:5b69,4,4,0.00,56.73,0.00,SIN
2a06:98c1:50:0:913b:2e58:78a:33cc,4,4,0.00,56.73,0.00,SIN
2a06:98c1:3106:0:9:697b:283:60a2,4,4,0.00,56.73,0.00,SIN
2400:cb00:2049:29e6:1c93:21df:74a2:c631,4,4,0.00,56.73,0.00,SIN
2a06:98c1:310f:0:d5f2:7abe:5a23:1ae3,4,4,0.00,56.73,0.00,SIN
2a06:98c1:3103:7d22:cecd:8c46:3149:afbb,4,4,0.00,56.73,0.00,SIN
2a06:98c1:310e:8876:a784:8b63:7e6d:23ad,4,4,0.00,56.73,0.00,SIN
2a06:98c1:3102:0:f1ca:1215:534e:d47d,4,4,0.00,56.73,0.00,SIN
2a06:98c1:310b:0:36c7:979b:6f54:630b,4,4,0.00,56.73,0.00,SIN
2a06:98c1:3106:ca:5f84:775c:c775:1d37,4,4,0.00,56.73,0.00,SIN
2a06:98c1:3103:b862:43a3:9ee3:cc87:72ce,4,4,0.00,56.73,0.00,SIN
2a06:98c1:50:0:9147:cc3d:c3c9:9c4e,4,4,0.00,56.73,0.00,SIN
2400:cb00:2049:82:1a8d:8cb5:389:7dea,4,4,0.00,56.73,0.00,SIN
2a06:98c1:3108:0:4f76:dea0:4e04:9fbc,4,4,0.00,56.74,0.00,SIN
2a06:98c1:3103:9728:bac7:c74:c36e:4e57,4,4,0.00,56.74,0.00,SIN
2a06:98c1:50:0:913b:c0a:1ab7:dcb7,4,4,0.00,56.74,0.00,SIN
2a06:98c1:3103:e5b4:ffd0:3887:b67:bafc,4,4,0.00,56.74,0.00,SIN
2803:f800:50:f049:2608:7292:21d9:8c19,4,4,0.00,56.74,0.00,SIN
2a06:98c1:3104:deb8:dccc:e62d:bd13:2f56,4,4,0.00,56.74,0.00,SIN
2400:cb00:2049:b2a5:f1b8:b9a6:f167:f749,4,4,0.00,56.74,0.00,SIN
2a06:98c1:3103:183b:c02e:dd74:3875:e4d3,4,4,0.00,56.74,0.00,SIN
2a06:98c1:310e:c949:6c24:f1bb:42ff:dde5,4,4,0.00,56.74,0.00,SIN
2a06:98c1:3108:3a6e:9ac2:93f1:1230:3bb0,4,4,0.00,56.74,0.00,SIN
2a06:98c1:50:6b31:9760:3425:bd39:e45d,4,4,0.00,56.74,0.00,SIN
2a06:98c1:310f:a8:42db:9359:c254:c008,4,4,0.00,56.75,0.00,SIN
2a06:98c1:50:6b31:c1cf:c251:7321:29bb,4,4,0.00,56.75,0.00,SIN
2a06:98c1:3104:de5f:fdd4:cf54:6b63:8c62,4,4,0.00,56.75,0.00,SIN
2a06:98c1:3108:759c:201e:5ae:9495:69c8,4,4,0.00,56.75,0.00,SIN
2a06:98c1:3106:8688:63d2:6870:8985:68db,4,4,0.00,56.75,0.00,SIN
2a06:98c1:310b:0:c00a:962b:eb58:4a8,4,4,0.00,56.75,0.00,SIN
2a06:98c1:3104:cef7:cd60:de93:302c:f442,4,4,0.00,56.75,0.00,SIN
2a06:98c1:310e:0:fa3c:217a:518f:22f3,4,4,0.00,56.75,0.00,SIN
2a06:98c1:50:0:913b:c0a:fd12:9123,4,4,0.00,56.75,0.00,SIN
2803:f800:51:73fa:a342:95f1:6976:89f6,4,4,0.00,56.75,0.00,SIN
2a06:98c1:3107:aee4:6f92:2f21:1042:dd7a,4,4,0.00,56.75,0.00,SIN
2a06:98c1:3106:ca:9a85:c53d:ac2d:aa36,4,4,0.00,56.75,0.00,SIN
2a06:98c1:3106:ca:9a85:c591:60f2:1347,4,4,0.00,56.75,0.00,SIN
2a06:98c1:3106:8688:7a:8432:6110:90f4,4,4,0.00,56.75,0.00,SIN
2a06:98c1:310b:f3:d05e:b438:3b0a:a845,4,4,0.00,56.75,0.00,SIN
2a06:98c1:3103:c627:c6c4:a6a:f64d:c70c,4,4,0.00,56.75,0.00,SIN
2a06:98c1:3109:e1:7bde:f25b:262c:f25a,4,4,0.00,56.76,0.00,SIN
2a06:98c1:50:4fa8:58f3:f177:437c:c606,4,4,0.00,56.76,0.00,SIN
2a06:98c1:3105::9f17:5ec1:b7e2,4,4,0.00,56.76,0.00,SIN
2803:f800:51:379b:e50c:a6f:509:3938,4,4,0.00,56.76,0.00,SIN
2a06:98c1:3106:0:98:f0e8:1a85:5ed7,4,4,0.00,56.76,0.00,SIN
2a06:98c1:3108:7568:417d:5a39:7efb:3eda,4,4,0.00,56.76,0.00,SIN
2a06:98c1:3100:7d1b:1b74:89af:867f:491a,4,4,0.00,56.76,0.00,SIN
2a06:98c1:3101:f3af:ed6e:b6e:1cef:13a1,4,4,0.00,56.76,0.00,SIN
2a06:98c1:310f:0:d01d:6f28:2655:72cf,4,4,0.00,56.76,0.00,SIN
2a06:98c1:51:ae55:a472:8a45:45d4:cf3a,4,4,0.00,56.76,0.00,SIN
2a06:98c1:3106:8688:7a:e649:5eb3:1d96,4,4,0.00,56.76,0.00,SIN
2a06:98c1:3100:3525:ba2b:8013:e155:f0da,4,4,0.00,56.76,0.00,SIN
2a06:98c1:3103:b862:43a3:9e05:a667:7045,4,4,0.00,56.77,0.00,SIN
2a06:98c1:50:4f1e:20c8:8998:62bc:1156,4,4,0.00,56.77,0.00,SIN
2a06:98c1:3104:ce0b:a2ac:aaa8:d6e:ba6e,4,4,0.00,56.77,0.00,SIN
2a06:98c1:3107:0:156f:edce:d62e:7a1a,4,4,0.00,56.77,0.00,SIN
2400:cb00:2049:2929:9ec7:1435:7866:e1d7,4,4,0.00,56.77,0.00,SIN
2a06:98c1:3103:e577:3997:7dee:972b:bcd8,4,4,0.00,56.77,0.00,SIN
2a06:98c1:3109:0:84:23be:140e:5865,4,4,0.00,56.77,0.00,SIN
2a06:98c1:310e:c8:5d12:5773:858b:198e,4,4,0.00,56.77,0.00,SIN
2803:f800:51:731b:a90e:5e47:2233:814d,4,4,0.00,56.77,0.00,SIN
2a06:98c1:3103:b862:4302:c67b:80ba:587c,4,4,0.00,56.77,0.00,SIN
2a06:98c1:3107:aee4:6f92:2f21:5c6c:f899,4,4,0.00,56.77,0.00,SIN
2a06:98c1:50:4f1e:a4a0:cd46:d4b2:9053,4,4,0.00,56.77,0.00,SIN
2a06:98c1:3103:c627:c644:6559:522e:9c02,4,4,0.00,56.77,0.00,SIN
2a06:98c1:3103:c627:c644:6559:6b6e:7c62,4,4,0.00,56.77,0.00,SIN
2400:cb00:2049:b200:61f6:2108:14e3:9529,4,4,0.00,56.78,0.00,SIN
2803:f800:50:0:e77b:af63:63b1:b66f,4,4,0.00,56.78,0.00,SIN
2a06:98c1:3103:c627:278b:eb:c041:6575,4,4,0.00,56.78,0.00,SIN
2803:f800:51:0:3a:7289:f88f:17f,4,4,0.00,56.78,0.00,SIN
2a06:98c1:310e:c949:6c24:bd87:80fb:4056,4,4,0.00,56.78,0.00,SIN
2a06:98c1:3101:0:9a1b:234c:9ac9:aee9,4,4,0.00,56.78,0.00,SIN
2a06:98c1:3107:0:7edf:27b0:6ca3:a489,4,4,0.00,56.78,0.00,SIN
2a06:98c1:310d:f04e:d852:7413:63da:7840,4,4,0.00,56.78,0.00,SIN
2a06:98c1:3106:ca:5f84:77e3:cb4a:eeac,4,4,0.00,56.78,0.00,SIN
2a06:98c1:3107:ae97:429e:4f39:c088:6f8a,4,4,0.00,56.78,0.00,SIN
2400:cb00:2049:b2a5:f1b8:72e8:8a32:78a,4,4,0.00,56.78,0.00,SIN
2a06:98c1:3104:64:cafb:42d8:d3f1:4560,4,4,0.00,56.78,0.00,SIN
2a06:98c1:310c:14:4a8e:e653:6dbe:dfe1,4,4,0.00,56.78,0.00,SIN
2a06:98c1:3109:e1:dbc7:ae5c:939:36a,4,4,0.00,56.78,0.00,SIN
2a06:98c1:310e:c8:5dc2:1e3b:fb05:6442,4,4,0.00,56.78,0.00,SIN
2a06:98c1:3107:ae97:183a:87a8:e11c:7335,4,4,0.00,56.78,0.00,SIN
2a06:98c1:3100:0:c632:7837:94be:2db1,4,4,0.00,56.79,0.00,SIN
2a06:98c1:310a:0:ed:736f:3630:60c7,4,4,0.00,56.79,0.00,SIN
2a06:98c1:3109:84ab:6179:dac8:2cdd:ddcf,4,4,0.00,56.79,0.00,SIN
2a06:98c1:3109:84ab:6179:1d3e:c3f3:c09b,4,4,0.00,56.79,0.00,SIN
2a06:98c1:3107:aee4:4f1e:bc5e:dc70:5c20,4,4,0.00,56.79,0.00,SIN
2a06:98c1:3107:aee4:4fd5:413d:917e:1d0,4,4,0.00,56.79,0.00,SIN
2a06:98c1:3109:e1:1242:3c0a:463d:d6b4,4,4,0.00,56.79,0.00,SIN
2a06:98c1:310d:f04e:d852:356b:274a:a09e,4,4,0.00,56.79,0.00,SIN
2400:cb00:2049:b2a5:1700:773e:492e:f582,4,4,0.00,56.79,0.00,SIN
2a06:98c1:3104:0:b2:98a3:c9bc:a619,4,4,0.00,56.79,0.00,SIN
2a06:98c1:310c:14:ee71:1f3:7ef1:ad1b,4,4,0.00,56.79,0.00,SIN
2a06:98c1:3103:9715:120b:5f68:941b:8e7e,4,4,0.00,56.79,0.00,SIN
2a06:98c1:3102::dd07:ce91:ba09,4,4,0.00,56.80,0.00,SIN
2a06:98c1:50:0:9164:9fd6:eaea:611f,4,4,0.00,56.80,0.00,SIN
2a06:98c1:3100:7d1b:8653:2d81:6cf9:b9cd,4,4,0.00,56.80,0.00,SIN
2a06:98c1:310f:0:d5f2:6cab:4f22:c150,4,4,0.00,56.80,0.00,SIN
2a06:98c1:310b:f3:d05e:b4cb:d2f1:da01,4,4,0.00,56.80,0.00,SIN
2a06:98c1:3104:de5f:fdd4:dc81:9b8f:de50,4,4,0.00,56.80,0.00,SIN
2803:f800:50:0:e77b:b51b:3d64:6d54,4,4,0.00,56.80,0.00,SIN
2a06:98c1:3103:9728:f49b:cbef:5878:bd8e,4,4,0.00,56.80,0.00,SIN
2a06:98c1:310e:c949:6c52:e0cf:e15:633,4,4,0.00,56.80,0.00,SIN
2a06:98c1:310b:f3:d042:a2b:671:8cf,4,4,0.00,56.80,0.00,SIN
2400:cb00:2049:0:4b2a:323f:256f:e14,4,4,0.00,56.80,0.00,SIN
2a06:98c1:310b:c8:74b4:16ef:c789:2ca4,4,4,0.00,56.80,0.00,SIN
2a06:98c1:310c:5c:7e38:aaa5:bf8f:6333,4,4,0.00,56.80,0.00,SIN
2a06:98c1:50:0:9147:ccb2:c08c:7410,4,4,0.00,56.80,0.00,SIN
2a06:98c1:3103:9715:120b:5f86:32de:52c7,4,4,0.00,56.80,0.00,SIN
2400:cb00:2049:b200:61f6:21ac:4320:2026,4,4,0.00,56.80,0.00,SIN
2a06:98c1:3105:85a9:8619:c473:f8:81f,4,4,0.00,56.81,0.00,SIN
2a06:98c1:3103:c627:2788:43c5:64c6:4805,4,4,0.00,56.81,0.00,SIN
2400:cb00:2049:0:4bb4:e928:97a0:9e22,4,4,0.00,56.81,0.00,SIN
2a06:98c1:50:fd1d:4ce6:fefb:bb58:441b,4,4,0.00,56.81,0.00,SIN
2a06:98c1:310e:c9e4:3469:9b61:5383:95e3,4,4,0.00,56.81,0.00,SIN
2a06:98c1:3103:9715:120b:ae9e:ad56:fa46,4,4,0.00,56.81,0.00,SIN
2a06:98c1:51:aece:fd54:ccee:b063:2746,4,4,0.00,56.81,0.00,SIN
2400:cb00:2049:b200:61f6:21dc:a68d:3a21,4,4,0.00,56.81,0.00,SIN
2a06:98c1:3109:8481:c37f:5e2f:d9f0:d645,4,4,0.00,56.81,0.00,SIN
2a06:98c1:3100:0:c632:7837:a12e:326e,4,4,0.00,56.81,0.00,SIN
2400:cb00:2049:82:3cb6:d385:dd07:e302,4,4,0.00,56.81,0.00,SIN
2a06:98c1:310a:0:7cb0:f2e9:f922:e408,4,4,0.00,56.82,0.00,SIN
2a06:98c1:3108:3a23:83e0:b045:c5ba:18f9,4,4,0.00,56.82,0.00,SIN
2a06:98c1:3107:aee4:c387:84ae:b9d6:fde,4,4,0.00,56.82,0.00,SIN
2a06:98c1:3108::e2d4:8908:fe37,4,4,0.00,56.82,0.00,SIN
2a06:98c1:3100:7ded:aaa3:5248:92ca:faaf,4,4,0.00,56.82,0.00,SIN
2a06:98c1:3107:ae97:426a:30ce:8c9a:bb61,4,4,0.00,56.82,0.00,SIN
2a06:98c1:51:aece:fdcf:f8d0:2eed:929a,4,4,0.00,56.82,0.00,SIN
2a06:98c1:310f::98c7:9575:6da1,4,4,0.00,56.82,0.00,SIN
2a06:98c1:3107:0:156f:edce:d6f0:a514,4,4,0.00,56.82,0.00,SIN
2a06:98c1:50:0:b0a5:df6b:7e04:2ff1,4,4,0.00,56.83,0.00,SIN
2a06:98c1:3106:86ad:f637:ed85:b3a7:8e1d,4,4,0.00,56.83,0.00,SIN
2a06:98c1:3106:86ad:f69f:6404:146b:ebeb,4,4,0.00,56.83,0.00,SIN
2a06:98c1:310b:0:c0fa:4444:c2db:bb0e,4,4,0.00,56.83,0.00,SIN
2a06:98c1:3107:ae97:429e:ee05:2865:5b2f,4,4,0.00,56.83,0.00,SIN
2803:f800:51:0:7f:d1e3:8f5c:24be,4,4,0.00,56.83,0.00,SIN
2a06:98c1:310b:c4:7f0f:2f14:2087:761e,4,4,0.00,56.83,0.00,SIN
2a06:98c1:310d:f0c3:ad57:4663:1c79:cf9b,4,4,0.00,56.83,0.00,SIN
2a06:98c1:3108:6a:b7e3:fa30:b6c8:7023,4,4,0.00,56.83,0.00,SIN
2a06:98c1:3100:e7:8534:88e9:5792:f50c,4,4,0.00,56.83,0.00,SIN
2a06:98c1:3105:85a9:86be:72d0:4b85:8278,4,4,0.00,56.83,0.00,SIN
2a06:98c1:310f:fa9f:7c29:b85b:10f6:ac8e,4,4,0.00,56.83,0.00,SIN
2a06:98c1:3100:e7:85ee:5a20:cda9:1b2,4,4,0.00,56.83,0.00,SIN
2a06:98c1:3107:0:7edf:54fe:8423:2b4e,4,4,0.00,56.83,0.00,SIN
2a06:98c1:3103:c627:c6d4:6576:dca9:3ed5,4,4,0.00,56.83,0.00,SIN
2a06:98c1:50:6b31:c13e:1f65:3b99:463f,4,4,0.00,56.83,0.00,SIN
2400:cb00:2049:29e6:f288:f515:addd:763b,4,4,0.00,56.83,0.00,SIN
2a06:98c1:51:ae55:a453:5b3c:38c2:a99f,4,4,0.00,56.83,0.00,SIN
2a06:98c1:50:0:c5:31ae:1b5b:79af,4,4,0.00,56.84,0.00,SIN
2400:cb00:2049:82:1ac1:f73a:4d91:92e9,4,4,0.00,56.84,0.00,SIN
2a06:98c1:3103:9715:1212:ef22:40a:304f,4,4,0.00,56.84,0.00,SIN
2a06:98c1:3105:85a9:8619:c40f:15ff:f50f,4,4,0.00,56.84,0.00,SIN
2a06:98c1:50:d5:5928:459:f019:7e2d,4,4,0.00,56.84,0.00,SIN
2a06:98c1:3104:f9:afe3:b652:c4fc:8c9f,4,4,0.00,56.84,0.00,SIN
2a06:98c1:3104:f9:2d16:22e1:1a98:24c7,4,4,0.00,56.84,0.00,SIN
2803:f800:51:379b:e50c:8cdb:d416:2d42,4,4,0.00,56.84,0.00,SIN
2a06:98c1:3108:3a6e:9ac2:936e:49b4:2121,4,4,0.00,56.84,0.00,SIN
2a06:98c1:3106:8688:f648:105b:7fe3:be0f,4,4,0.00,56.84,0.00,SIN
2a06:98c1:3106:0:2288:eac1:4d6c:d0b7,4,4,0.00,56.84,0.00,SIN
2400:cb00:2049:b200:61f6:9ecd:e691:ecc7,4,4,0.00,56.84,0.00,SIN
2a06:98c1:310b:0:36c7:76c:3ee0:da61,4,4,0.00,56.84,0.00,SIN
2a06:98c1:3103:9728:f42c:8b5f:1bc:3dd9,4,4,0.00,56.84,0.00,SIN
2a06:98c1:3104:ce0b:a2ff:738e:5b7b:541e,4,4,0.00,56.84,0.00,SIN
2a06:98c1:310c:d4:94d9:32f0:4295:5ab,4,4,0.00,56.84,0.00,SIN
2a06:98c1:3102:ee60:1104:ba3:640b:d08d,4,4,0.00,56.84,0.00,SIN
2a06:98c1:310f:0:d5f2:6ce1:b181:aba6,4,4,0.00,56.84,0.00,SIN
2a06:98c1:310a::67c2:c666:dcf2,4,4,0.00,56.84,0.00,SIN
2a06:98c1:310e:c8:84d9:3503:d608:36dd,4,4,0.00,56.85,0.00,SIN
2400:cb00:2049:b2a5:17dd:e969:699f:cc4f,4,4,0.00,56.85,0.00,SIN
2400:cb00:2049:2929:9ec7:fd8b:49ba:3d35,4,4,0.00,56.85,0.00,SIN
2400:cb00:2049:0:c2:f65f:c29f:e200,4,4,0.00,56.85,0.00,SIN
2a06:98c1:310b:0:77:9840:a2b3:39c7,4,4,0.00,56.85,0.00,SIN
2a06:98c1:3104:0:7:b269:ae98:bf93,4,4,0.00,56.85,0.00,SIN
2400:cb00:2049:29e6:1c9b:1709:cfbf:86a0,4,4,0.00,56.85,0.00,SIN
2a06:98c1:3103:b862:c39:9e8e:8374:34bd,4,4,0.00,56.85,0.00,SIN
2a06:98c1:3104:de5f:fdd4:cf53:e365:9067,4,4,0.00,56.85,0.00,SIN
2a06:98c1:50:0:bc76:4e23:6459:7634,4,4,0.00,56.85,0.00,SIN
2a06:98c1:3108:7568:4178:7402:bc2e:dd0e,4,4,0.00,56.85,0.00,SIN
2a06:98c1:50:0:b0a5:2524:ae12:e8ec,4,4,0.00,56.85,0.00,SIN
2a06:98c1:310d:f04e:a536:8391:ab9f:91ab,4,4,0.00,56.85,0.00,SIN
2a06:98c1:3104:64:caa1:af95:53a0:85b3,4,4,0.00,56.85,0.00,SIN
2a06:98c1:310a::9e:291a:a174,4,4,0.00,56.85,0.00,SIN
2a06:98c1:3104::adb3:da7e,4,4,0.00,56.86,0.00,SIN
2a06:98c1:3100::d91b:5562:50a8,4,4,0.00,56.86,0.00,SIN
2a06:98c1:3101:da:a589:4fbd:9887:d984,4,4,0.00,56.86,0.00,SIN
2a06:98c1:3102:ee60:d0fd:5134:e159:8ea8,4,4,0.00,56.86,0.00,SIN
2a06:98c1:310d:f04e:3bef:87b2:4362:d977,4,4,0.00,56.86,0.00,SIN
2a06:98c1:3106:ca:9a85:52d9:3687:6b69,4,4,0.00,56.86,0.00,SIN
2a06:98c1:3104:ce0b:a2ac:aa01:bf83:f562,4,4,0.00,56.86,0.00,SIN
2a06:98c1:3103:9728:f443:70ab:1a89:675f,4,4,0.00,56.86,0.00,SIN
2a06:98c1:310e:883d:c991:dbba:ffb0:79c6,4,4,0.00,56.86,0.00,SIN
2a06:98c1:310d:f04e:3b65:1e68:df66:1195,4,4,0.00,56.86,0.00,SIN
2a06:98c1:3105:854d:ee44:9515:b9b2:3120,4,4,0.00,56.86,0.00,SIN
2a06:98c1:3103:b862:43a3:9ee3:2cfe:c0c6,4,4,0.00,56.86,0.00,SIN
2a06:98c1:3103:e577:34eb:bd61:ef87:eeb4,4,4,0.00,56.86,0.00,SIN
2a06:98c1:3103:183b:c03a:c59c:a6de:aeb2,4,4,0.00,56.86,0.00,SIN
2a06:98c1:310d:f04e:d8a5:4fc2:8926:9e0d,4,4,0.00,56.87,0.00,SIN
2a06:98c1:310b:f3:d06a:e41d:5da1:374c,4,4,0.00,56.87,0.00,SIN
2a06:98c1:3100:0:41:b522:c51d:1079,4,4,0.00,56.87,0.00,SIN
2a06:98c1:50:4f1e:20be:2023:bf86:6e7a,4,4,0.00,56.87,0.00,SIN
2400:cb00:2049:29e6:f2be:b26d:de99:c580,4,4,0.00,56.87,0.00,SIN
2a06:98c1:3106:8688:7dad:3189:e025:f832,4,4,0.00,56.87,0.00,SIN
2a06:98c1:3103:b862:43f9:7181:8071:402a,4,4,0.00,56.87,0.00,SIN
2a06:98c1:51:7b:557f:b2c1:3704:9c50,4,4,0.00,56.87,0.00,SIN
2a06:98c1:3100:e7:85ee:5a88:6ea6:a1fa,4,4,0.00,56.87,0.00,SIN
2a06:98c1:310d:f04e:3bef:8e1e:2842:2f61,4,4,0.00,56.87,0.00,SIN
2a06:98c1:51:aece:5ff:4436:3050:521d,4,4,0.00,56.87,0.00,SIN
2a06:98c1:3104:64:ca50:b47a:a63e:83a3,4,4,0.00,56.87,0.00,SIN
2a06:98c1:50:fdfe:95d:cab1:7042:f0f6,4,4,0.00,56.87,0.00,SIN
2a06:98c1:51:7b:557f:eba5:c8:16a7,4,4,0.00,56.87,0.00,SIN
2a06:98c1:3108:3a23:83e0:b0e1:20d2:ded7,4,4,0.00,56.88,0.00,SIN
2a06:98c1:3108:759c:3ab2:343f:83ba:6474,4,4,0.00,56.88,0.00,SIN
2a06:98c1:3103:c627:c6d4:6576:dcfa:9bad,4,4,0.00,56.88,0.00,SIN
2a06:98c1:3103:c627:c6d4:65a3:1650:ad05,4,4,0.00,56.88,0.00,SIN
2a06:98c1:3103:e525:6032:3873:43d9:ec02,4,4,0.00,56.88,0.00,SIN
2a06:98c1:310d:f04e:d8a5:4fc2:31f2:1624,4,4,0.00,56.88,0.00,SIN
2a06:98c1:3106:ca:5f98:696c:5d74:b06f,4,4,0.00,56.88,0.00,SIN
2a06:98c1:3105:0:95:2ff0:6ad8:5109,4,4,0.00,56.88,0.00,SIN
2a06:98c1:3107:ae97:18a9:8f26:8001:5aad,4,4,0.00,56.88,0.00,SIN
2a06:98c1:50:fd1d:997c:efb:58a6:be74,4,4,0.00,56.88,0.00,SIN
2a06:98c1:50:0:c5:437:de6:6fa1,4,4,0.00,56.88,0.00,SIN
2a06:98c1:50:74:9d4b:25fc:a862:b814,4,4,0.00,56.88,0.00,SIN
2a06:98c1:3108:0:f917:2029:df58:e804,4,4,0.00,56.88,0.00,SIN
2a06:98c1:310b:0:c190:d4f6:85a0:4fe5,4,4,0.00,56.89,0.00,SIN
2803:f800:51:379b:e55c:15c8:ab42:b153,4,4,0.00,56.89,0.00,SIN
2a06:98c1:3108:759c:209e:83da:bf75:1bdf,4,4,0.00,56.89,0.00,SIN
2a06:98c1:310f:0:d5f2:7abe:6a0f:3442,4,4,0.00,56.89,0.00,SIN
2400:cb00:2049:ab:1e85:443e:904:1432,4,4,0.00,56.89,0.00,SIN
2a06:98c1:3103::67:4815:cddf,4,4,0.00,56.89,0.00,SIN
2a06:98c1:3108::bc00:7de,4,4,0.00,56.89,0.00,SIN
2a06:98c1:310e:c949:c27:c66f:f9c5:e1ac,4,4,0.00,56.89,0.00,SIN
2a06:98c1:3100:0:9f:63fb:338:23cd,4,4,0.00,56.89,0.00,SIN
2a06:98c1:310b:0:c0fa:dda9:b06b:c998,4,4,0.00,56.89,0.00,SIN
2a06:98c1:51:aece:8ac0:3a1a:c4de:2f64,4,4,0.00,56.89,0.00,SIN
2a06:98c1:310a:36:c28f:424b:4fda:77c0,4,4,0.00,56.89,0.00,SIN
2a06:98c1:50:fd1d:4d65:2cbb:65d8:a6bd,4,4,0.00,56.89,0.00,SIN
2a06:98c1:50:fd1d:4ce6:fefb:1f9:2f51,4,4,0.00,56.89,0.00,SIN
2a06:98c1:310d:0:b4:3125:6e7e:182f,4,4,0.00,56.90,0.00,SIN
2a06:98c1:310b:f3:fe68:5445:d1f0:6ad4,4,4,0.00,56.90,0.00,SIN
2a06:98c1:51:0:e5:ea6b:5ed0:864b,4,4,0.00,56.90,0.00,SIN
2a06:98c1:3107:aee4:4f1e:bc5e:5e52:f050,4,4,0.00,56.90,0.00,SIN
2803:f800:51:676a:7da3:4b53:c823:15a2,4,4,0.00,56.90,0.00,SIN
2400:cb00:2049:0:4bb4:c154:1dc1:9f18,4,4,0.00,56.90,0.00,SIN
2a06:98c1:3107:ae97:18a9:8fd7:f918:2e7,4,4,0.00,56.90,0.00,SIN
2a06:98c1:3104:8b:810b:39c8:c5fe:37e,4,4,0.00,56.90,0.00,SIN
2a06:98c1:3108:7568:417d:9880:a87:7894,4,4,0.00,56.90,0.00,SIN
2a06:98c1:50:0:913b:f22e:607f:f665,4,4,0.00,56.90,0.00,SIN
2400:cb00:2049:29e6:1c93:2130:b1f9:dc0e,4,4,0.00,56.90,0.00,SIN
2a06:98c1:3107:aee4:c5bf:21d5:6d2f:7a88,4,4,0.00,56.90,0.00,SIN
2a06:98c1:3102:0:f1ca:12fc:be78:a0e3,4,4,0.00,56.90,0.00,SIN
2a06:98c1:3103:b862:43a3:9e05:a6c7:733b,4,4,0.00,56.90,0.00,SIN
2a06:98c1:3105:854d:432c:a0f6:2e82:1afe,4,4,0.00,56.91,0.00,SIN
2a06:98c1:3104:cef7:cd54:4807:5dda:a8f,4,4,0.00,56.91,0.00,SIN
2a06:98c1:310c:14:ee71:8de1:7b95:3b5,4,4,0.00,56.91,0.00,SIN
2a06:98c1:3105:854d:ee44:9515:2422:edec,4,4,0.00,56.91,0.00,SIN
2a06:98c1:3102:ee60:d0a9:f9c6:744a:8d6c,4,4,0.00,56.91,0.00,SIN
2400:cb00:2049:b2a5:1ab4:2807:641e:1854,4,4,0.00,56.91,0.00,SIN
2a06:98c1:50:0:913b:f25e:727:d5f8,4,4,0.00,56.91,0.00,SIN
2a06:98c1:3103:c627:278b:ca45:9d05:5f,4,4,0.00,56.91,0.00,SIN
2a06:98c1:3107:aee4:4f1e:bc4e:a634:3bce,4,4,0.00,56.91,0.00,SIN
2a06:98c1:310b:0:c00a:96de:8cdb:af0a,4,4,0.00,56.91,0.00,SIN
2a06:98c1:3101:f322:d82:f625:53dd:b54,4,4,0.00,56.91,0.00,SIN
2400:cb00:2049::f2:9c14:8077,4,4,0.00,56.91,0.00,SIN
2803:f800:50:f049:b3e6:320d:dad5:e595,4,4,0.00,56.91,0.00,SIN
2a06:98c1:3107:ae97:429e:4f39:c017:7e85,4,4,0.00,56.91,0.00,SIN
2400:cb00:2049:82:1a8d:8cb5:f783:a46b,4,4,0.00,56.91,0.00,SIN
2a06:98c1:51:0:c5:ab09:1c7b:232,4,4,0.00,56.91,0.00,SIN
2803:f800:51:73fa:a342:bdc2:b095:4dea,4,4,0.00,56.91,0.00,SIN
2a06:98c1:3107:ae97:183a:87d5:a871:b4bd,4,4,0.00,56.91,0.00,SIN
2400:cb00:2049:b2a5:f1b8:7255:c59a:9c3d,4,4,0.00,56.91,0.00,SIN
2400:cb00:2049:82:3cb6:f92b:f2b3:7cf1,4,4,0.00,56.91,0.00,SIN
2a06:98c1:3108:759c:e0e8:cf50:acd5:282a,4,4,0.00,56.92,0.00,SIN
2a06:98c1:310b:f3:d042:d6f6:abbb:e345,4,4,0.00,56.92,0.00,SIN
2803:f800:51:0:7f:d1e3:8ff3:5235,4,4,0.00,56.92,0.00,SIN
2a06:98c1:310d:f04e:a59a:9187:af2a:70c8,4,4,0.00,56.92,0.00,SIN
2a06:98c1:310e:c8:efc5:25a8:4eaf:7979,4,4,0.00,56.92,0.00,SIN
2a06:98c1:3107:b7b8:a0b9:e5fd:41e9:fd8e,4,4,0.00,56.92,0.00,SIN
2a06:98c1:3107:0:7edf:27db:3f11:56c4,4,4,0.00,56.92,0.00,SIN
2a06:98c1:3103:b862:43f9:2eec:95f7:510,4,4,0.00,56.92,0.00,SIN
2a06:98c1:3106:ca:17d9:5970:7a69:16cb,4,4,0.00,56.93,0.00,SIN
2a06:98c1:310c:14:4a8e:683d:4139:660f,4,4,0.00,56.93,0.00,SIN
2a06:98c1:3107:ae97:183a:87a8:c919:a59a,4,4,0.00,56.93,0.00,SIN
2a06:98c1:3107:ae51:1377:ec5b:c12b:49e8,4,4,0.00,56.93,0.00,SIN
2a06:98c1:3105:0:fb:1998:13fa:216f,4,4,0.00,56.93,0.00,SIN
2a06:98c1:3107:0:524a:d2cc:5f40:95ca,4,4,0.00,56.93,0.00,SIN
2a06:98c1:310a:36:c28f:4283:7b0b:fc41,4,4,0.00,56.93,0.00,SIN
2a06:98c1:3106:86ad:af47:a38a:684b:181d,4,4,0.00,56.93,0.00,SIN
2a06:98c1:3107:ae51:1377:1ce3:a447:54a,4,4,0.00,56.93,0.00,SIN
2a06:98c1:3106::afde:a6fb:94ee,4,4,0.00,56.93,0.00,SIN
2a06:98c1:3102:4e68:d314:1a1a:e604:3513,4,4,0.00,56.93,0.00,SIN
2a06:98c1:310d:f04e:3b25:875c:49d9:aaa9,4,4,0.00,56.93,0.00,SIN
2a06:98c1:3109:0:84:23be:d7b1:fade,4,4,0.00,56.94,0.00,SIN
2a06:98c1:310b:0:365f:489a:7c31:4e,4,4,0.00,56.94,0.00,SIN
2803:f800:51:379b:e50c:aa5:6986:cdf6,4,4,0.00,56.94,0.00,SIN
2400:cb00:2049:b2a5:f1b8:83a6:b889:b740,4,4,0.00,56.94,0.00,SIN
2a06:98c1:310c:d4:309e:cb1b:740e:e9c9,4,4,0.00,56.94,0.00,SIN
2a06:98c1:310c:ed:b24a:efe2:32e8:d3f5,4,4,0.00,56.94,0.00,SIN
2a06:98c1:3104:0:7:b212:acf2:2f45,4,4,0.00,56.94,0.00,SIN
2a06:98c1:3104:0:7:b212:acbe:ac2e,4,4,0.00,56.94,0.00,SIN
2803:f800:51:d3:62bb:256d:b42f:5b74,4,4,0.00,56.94,0.00,SIN
2a06:98c1:3102:4e68:6d60:9f5e:ab51:776b,4,4,0.00,56.94,0.00,SIN
2a06:98c1:3103:e577:343b:25ab:ea28:d019,4,4,0.00,56.94,0.00,SIN
2a06:98c1:310b:0:c00a:68bc:caff:7117,4,4,0.00,56.95,0.00,SIN
2a06:98c1:310b:c4:7fb6:5b6a:4b26:265b,4,4,0.00,56.95,0.00,SIN
2a06:98c1:3101:f3af:ed6e:b6e:25e8:739f,4,4,0.00,56.95,0.00,SIN
2a06:98c1:3101:f3af:ed6e:be9:9360:5e7d,4,4,0.00,56.95,0.00,SIN
2a06:98c1:310a:8d:d428:6aa6:6fd:83bc,4,4,0.00,56.95,0.00,SIN
2400:cb00:2049:82:1ac1:f7db:b9d7:e403,4,4,0.00,56.95,0.00,SIN
2a06:98c1:3104:64:cafb:4264:7931:854d,4,4,0.00,56.95,0.00,SIN
2a06:98c1:51:0:c5:aa25:90ae:4c7d,4,4,0.00,56.95,0.00,SIN
2a06:98c1:310d:f04e:3b41:26e9:2053:5299,4,4,0.00,56.95,0.00,SIN
2a06:98c1:3108:6a:b7e3:2af0:cc72:b9bf,4,4,0.00,56.95,0.00,SIN
2a06:98c1:310a:0:7cb0:f2fa:39c7:d7bf,4,4,0.00,56.95,0.00,SIN
2a06:98c1:310f::986f:64b4:1ae1,4,4,0.00,56.95,0.00,SIN
2a06:98c1:50:6b31:c13e:d2d5:8c6f:d692,4,4,0.00,56.95,0.00,SIN
2a06:98c1:3101:f322:2869:a86c:4937:7f8d,4,4,0.00,56.95,0.00,SIN
2a06:98c1:310c:5c:7e38:bd01:e742:58d4,4,4,0.00,56.95,0.00,SIN
2a06:98c1:3108:0:f9fd:de7d:8d97:65b0,4,4,0.00,56.95,0.00,SIN
2a06:98c1:3100:7d40:b225:b83e:e047:4053,4,4,0.00,56.95,0.00,SIN
2a06:98c1:3107:ae51:1377:1ce3:a4ef:c608,4,4,0.00,56.95,0.00,SIN
2a06:98c1:310e:c949:6c24:e85c:ad13:c9fe,4,4,0.00,56.96,0.00,SIN
2a06:98c1:3103:e5b4:ff7b:d759:8a76:d8ba,4,4,0.00,56.96,0.00,SIN
2a06:98c1:3107:b7b8:a084:3361:c6a7:5cb,4,4,0.00,56.96,0.00,SIN
2a06:98c1:3103:9715:120b:aea9:a2d2:dc92,4,4,0.00,56.96,0.00,SIN
2a06:98c1:3108:6a:b7e3:fa30:3d00:247b,4,4,0.00,56.96,0.00,SIN
2a06:98c1:3106::d5:5d7e:56b8,4,4,0.00,56.96,0.00,SIN
2400:cb00:2049:2929:9ec7:fd8b:495a:af1a,4,4,0.00,56.96,0.00,SIN
2a06:98c1:310c:0:78:2b5a:15e4:d72e,4,4,0.00,56.96,0.00,SIN
2a06:98c1:3103:183b:c02e:6f2e:40f5:d006,4,4,0.00,56.96,0.00,SIN
2a06:98c1:3103:c627:278b:4fda:9a0b:aa92,4,4,0.00,56.96,0.00,SIN
2a06:98c1:310b:0:365f:aeae:5490:a559,4,4,0.00,56.96,0.00,SIN
2a06:98c1:3103:9728:bac7:bd71:6c64:b554,4,4,0.00,56.96,0.00,SIN
2a06:98c1:50:74:9d4b:25b5:b3cd:3274,4,4,0.00,56.96,0.00,SIN
2a06:98c1:310e:8876:a784:8be8:b64f:454,4,4,0.00,56.96,0.00,SIN
2a06:98c1:3109:84ab:6113:e809:dd75:609a,4,4,0.00,56.97,0.00,SIN
2a06:98c1:3103:c627:c6c4:9375:7db:1aed,4,4,0.00,56.97,0.00,SIN
2a06:98c1:51:aece:8ab9:c921:192b:b6e9,4,4,0.00,56.97,0.00,SIN
2a06:98c1:3103:9715:6361:a4c8:1f2c:2695,4,4,0.00,56.97,0.00,SIN
2a06:98c1:3104:f9:2d16:4825:8a92:5b02,4,4,0.00,56.97,0.00,SIN
2a06:98c1:3104:de5f:5fdb:ec37:ec60:d06f,4,4,0.00,56.97,0.00,SIN
2a06:98c1:310d:e8:5e6a:274f:691e:c6e2,4,4,0.00,56.97,0.00,SIN
2400:cb00:2049:b2a5:f4a0:cb8:9a62:83c7,4,4,0.00,56.97,0.00,SIN
2a06:98c1:3100:e7:8534:88ad:9c32:9f4b,4,4,0.00,56.97,0.00,SIN
2a06:98c1:3106:86ad:f637:6b1:16d9:d5b6,4,4,0.00,56.97,0.00,SIN
2a06:98c1:310b:f3:d05e:b43f:7bd0:b95c,4,4,0.00,56.97,0.00,SIN
2a06:98c1:50:fd1d:4d8a:601b:464c:28af,4,4,0.00,56.97,0.00,SIN
2400:cb00:2049:82:3cb6:a0bc:a3aa:3065,4,4,0.00,56.97,0.00,SIN
2a06:98c1:3107:0:7e64:2b08:ff7d:b6ac,4,4,0.00,56.97,0.00,SIN
2a06:98c1:3108:3a6e:1266:3c30:1d11:1974,4,4,0.00,56.97,0.00,SIN
2a06:98c1:3100:7d14:928b:cf55:de53:eb0f,4,4,0.00,56.97,0.00,SIN
2a06:98c1:51:ae55:a453:5b05:9a64:1d57,4,4,0.00,56.97,0.00,SIN
2a06:98c1:51:ae55:a453:5b05:b20d:5c04,4,4,0.00,56.97,0.00,SIN
2a06:98c1:3100:7d14:928b:cf55:5494:8ea,4,4,0.00,56.97,0.00,SIN
2a06:98c1:51:7b:5592:b1e6:733f:f610,4,4,0.00,56.97,0.00,SIN
2803:f800:50:f049:b339:1002:e5e5:d64f,4,4,0.00,56.97,0.00,SIN
2a06:98c1:51:aece:296c:23bb:8ad1:b07e,4,4,0.00,56.98,0.00,SIN
2a06:98c1:51:ae55:2d83:7445:573:1caf,4,4,0.00,56.98,0.00,SIN
2a06:98c1:3105:0:533f:d37:2223:42ea,4,4,0.00,56.98,0.00,SIN
2a06:98c1:3105:0:fb:1998:c98a:9c26,4,4,0.00,56.98,0.00,SIN
2a06:98c1:3101:f322:d27:aa85:b6f:831f,4,4,0.00,56.98,0.00,SIN
2a06:98c1:3101:f322:d27:89e2:92bb:4a96,4,4,0.00,56.98,0.00,SIN
2a06:98c1:310c:14:1cfb:295b:fd58:495f,4,4,0.00,56.98,0.00,SIN
2a06:98c1:3108:0:f917:e723:4018:b0fc,4,4,0.00,56.98,0.00,SIN
2a06:98c1:50:0:bcf0:e3ea:99f4:be3e,4,4,0.00,56.98,0.00,SIN
2a06:98c1:3103:7d22:28cd:a88a:6585:e415,4,4,0.00,56.98,0.00,SIN
2803:f800:51:676a:7da3:4b9b:edc5:abe9,4,4,0.00,56.98,0.00,SIN
2a06:98c1:3104:0:7:b269:ae85:703e,4,4,0.00,56.98,0.00,SIN
2a06:98c1:3107::25:c6af,4,4,0.00,56.98,0.00,SIN
2a06:98c1:310c:d4:9478:5fa6:bb5e:f74b,4,4,0.00,56.98,0.00,SIN
2a06:98c1:3107:aee4:c3f3:93:a0a8:b9d9,4,4,0.00,56.98,0.00,SIN
2a06:98c1:3104:cef7:cd54:488f:f840:5f26,4,4,0.00,56.98,0.00,SIN
2a06:98c1:310c:d4:309e:85a7:2e02:9c62,4,4,0.00,56.98,0.00,SIN
2a06:98c1:50:0:bc76:b4d7:f83:5277,4,4,0.00,56.98,0.00,SIN
2a06:98c1:3100:7d1b:2b84:8066:3c5d:28d8,4,4,0.00,56.98,0.00,SIN
2a06:98c1:3106:8688:f648:105b:7feb:b249,4,4,0.00,56.98,0.00,SIN
2a06:98c1:3106:8688:f648:10c1:6321:2a77,4,4,0.00,56.98,0.00,SIN
2a06:98c1:310c:14:4a8e:e653:ab71:3396,4,4,0.00,56.98,0.00,SIN
2a06:98c1:310a:36:c2f5:605c:592e:9162,4,4,0.00,56.98,0.00,SIN
2a06:98c1:3100:e7:ce47:7550:ea4d:7ee2,4,4,0.00,56.99,0.00,SIN
2a06:98c1:50:0:bc76:4e23:64fa:1c39,4,4,0.00,56.99,0.00,SIN
2a06:98c1:50:4f1e:a4a0:5c83:7018:6ed1,4,4,0.00,56.99,0.00,SIN
2a06:98c1:50:4f1e:a47f:74e3:c255:4e6d,4,4,0.00,56.99,0.00,SIN
2a06:98c1:3104:f9:afe3:b652:c424:2ca,4,4,0.00,56.99,0.00,SIN
2a06:98c1:3108:759c:201e:7a6c:ff82:5cdf,4,4,0.00,56.99,0.00,SIN
2803:f800:51:0:8036:b447:a6fb:b836,4,4,0.00,56.99,0.00,SIN
2803:f800:51:0:8036:8195:d8f8:6e52,4,4,0.00,56.99,0.00,SIN
2a06:98c1:3107:0:1510:fc1d:af0:dea2,4,4,0.00,56.99,0.00,SIN
2a06:98c1:3107:0:1510:fc1d:ac4:f882,4,4,0.00,56.99,0.00,SIN
2a06:98c1:3102:4e68:39ab:997b:43a0:c502,4,4,0.00,56.99,0.00,SIN
2a06:98c1:3103:9728:f443:70c5:ec07:32c9,4,4,0.00,57.00,0.00,SIN
2a06:98c1:3104:deb8:dc36:770b:9834:6411,4,4,0.00,57.00,0.00,SIN
2a06:98c1:3104:deb8:dc36:770b:98df:5319,4,4,0.00,57.00,0.00,SIN
2a06:98c1:310b:f3:d06a:e41d:5d61:e83c,4,4,0.00,57.00,0.00,SIN
2a06:98c1:3104:cef7:54b6:750a:1b9c:eedb,4,4,0.00,57.00,0.00,SIN
2a06:98c1:3103:e577:3997:7dee:5363:fb3b,4,4,0.00,57.00,0.00,SIN
2803:f800:51:379b:e50c:a6f:2a4a:edef,4,4,0.00,57.00,0.00,SIN
2a06:98c1:3109::9d93:c266:77cc,4,4,0.00,57.00,0.00,SIN
2a06:98c1:3100:e7:ce3b:a3d4:38f3:a822,4,4,0.00,57.00,0.00,SIN
2803:f800:50:f049:26ba:451d:2df2:67d7,4,4,0.00,57.00,0.00,SIN
2a06:98c1:310b:6c:bd54:f45e:d690:4d92,4,4,0.00,57.00,0.00,SIN
2a06:98c1:3104:64:ca50:b436:6565:7f26,4,4,0.00,57.00,0.00,SIN
2a06:98c1:310d:f04e:d852:7413:ea38:f507,4,4,0.00,57.00,0.00,SIN
2a06:98c1:3103:e577:343b:796d:5ad6:a5f9,4,4,0.00,57.01,0.00,SIN
2a06:98c1:3103:e577:343b:796d:5ac9:a1b0,4,4,0.00,57.01,0.00,SIN
2a06:98c1:3106:0:98:75a:f808:d47b,4,4,0.00,57.01,0.00,SIN
2a06:98c1:310b:f3:d05e:55e4:27d1:42a0,4,4,0.00,57.01,0.00,SIN
2a06:98c1:3104:deb8:dccc:e62d:25d3:bb7,4,4,0.00,57.01,0.00,SIN
2a06:98c1:3105:0:53ff:1630:a19b:32c7,4,4,0.00,57.01,0.00,SIN
2a06:98c1:3103:7d22:cecd:4f98:b7d4:8fa7,4,4,0.00,57.01,0.00,SIN
2a06:98c1:3103:e577:397b:bb00:ae1d:f6fb,4,4,0.00,57.01,0.00,SIN
2400:cb00:2049:2929:4609:ab06:486:c9cc,4,4,0.00,57.01,0.00,SIN
2a06:98c1:310b:f3:dd3d:5479:a1f9:30da,4,4,0.00,57.01,0.00,SIN
2a06:98c1:3100:e7:ce3b:a3cb:739:963b,4,4,0.00,57.01,0.00,SIN
2a06:98c1:310f:0:d5f2:7abe:d533:f7fa,4,4,0.00,57.01,0.00,SIN
2a06:98c1:3103:e5b4:15d8:a887:ba20:a42c,4,4,0.00,57.01,0.00,SIN
2a06:98c1:3105:b1:501a:d74d:45a0:f79b,4,4,0.00,57.02,0.00,SIN
2803:f800:50:f049:b256:d977:b75e:1e0,4,4,0.00,57.02,0.00,SIN
2a06:98c1:3104:ce0b:a2ac:aa8c:ece9:8e12,4,4,0.00,57.02,0.00,SIN
2a06:98c1:3105::d73a:696c:3a4a,4,4,0.00,57.02,0.00,SIN
2a06:98c1:3104:f9:af98:e796:10b4:79e2,4,4,0.00,57.02,0.00,SIN
2a06:98c1:3107:b7b8:a084:5d7:d2f7:4956,4,4,0.00,57.02,0.00,SIN
2400:cb00:2049:82:1ac1:4f97:6842:6acf,4,4,0.00,57.02,0.00,SIN
2a06:98c1:3100:e7:85ee:5a20:7866:9acd,4,4,0.00,57.02,0.00,SIN
2a06:98c1:310b:0:c190:d4f6:dd65:c0e1,4,4,0.00,57.02,0.00,SIN
2803:f800:51:731b:a90e:5e47:2286:f180,4,4,0.00,57.02,0.00,SIN
2a06:98c1:310e:c9e4:2107:117e:2dc2:e4b4,4,4,0.00,57.02,0.00,SIN
2a06:98c1:3103:9728:baa2:151d:7be6:2f45,4,4,0.00,57.02,0.00,SIN
2a06:98c1:310e:c8:efc5:2fae:6989:7f76,4,4,0.00,57.02,0.00,SIN
2a06:98c1:50:0:c5:437:fb0:b0f0,4,4,0.00,57.02,0.00,SIN
2a06:98c1:3102:4e68:6d60:3cc:f19c:53ba,4,4,0.00,57.03,0.00,SIN
2a06:98c1:310a:17:b383:b64f:204a:fe67,4,4,0.00,57.03,0.00,SIN
2a06:98c1:3105:85a9:8619:34dc:b19e:ce6b,4,4,0.00,57.03,0.00,SIN
2a06:98c1:3104:0:b2:93ba:2c52:c399,4,4,0.00,57.03,0.00,SIN
2a06:98c1:3107:aee4:4f1e:bc4e:a60c:b58c,4,4,0.00,57.03,0.00,SIN
2a06:98c1:3107:ae97:183a:874b:8c25:b3da,4,4,0.00,57.03,0.00,SIN
2803:f800:50:f049:b339:1002:e564:b4be,4,4,0.00,57.03,0.00,SIN
2a06:98c1:310d:f04e:d852:7413:7832:277a,4,4,0.00,57.03,0.00,SIN
2a06:98c1:50:6b31:c8aa:5166:5cf6:11f5,4,4,0.00,57.03,0.00,SIN
2a06:98c1:50:6b31:c8aa:5166:5c16:d42,4,4,0.00,57.03,0.00,SIN
2a06:98c1:3107:90:d491:9532:95fc:52ee,4,4,0.00,57.04,0.00,SIN
2a06:98c1:3104:deb8:dc36:770b:98d3:7856,4,4,0.00,57.04,0.00,SIN
2400:cb00:2049:2978:3861:bf70:f99e:1fbe,4,4,0.00,57.04,0.00,SIN
2803:f800:50::bcd2:5817:dd7c,4,4,0.00,57.04,0.00,SIN
2a06:98c1:3103:e5b4:ff7b:13df:ead4:1ce4,4,4,0.00,57.04,0.00,SIN
2a06:98c1:51:ae55:2d83:1e5:755a:d004,4,4,0.00,57.04,0.00,SIN
2a06:98c1:3103::cc4e:9f0c:9aa3,4,4,0.00,57.04,0.00,SIN
2a06:98c1:3104:64:caa1:84b2:1219:3edb,4,4,0.00,57.04,0.00,SIN
2a06:98c1:310e:c98d:3c11:ad7a:b9fe:2782,4,4,0.00,57.04,0.00,SIN
2a06:98c1:3107:0:83:4c1f:bcb1:3c2e,4,4,0.00,57.04,0.00,SIN
2a06:98c1:3107:aee4:c53e:7b0c:6b9c:3732,4,4,0.00,57.04,0.00,SIN
2a06:98c1:3105:854d:ee44:44dc:9155:7289,4,4,0.00,57.04,0.00,SIN
2a06:98c1:3104:8b:81e2:51d2:a00a:60a4,4,4,0.00,57.04,0.00,SIN
2a06:98c1:310d:f04e:3b25:875c:f667:9ca6,4,4,0.00,57.04,0.00,SIN
2a06:98c1:3100:e7:ce47:4347:d2e6:298d,4,4,0.00,57.04,0.00,SIN
2a06:98c1:3100:e7:ce47:4347:f241:b3fa,4,4,0.00,57.04,0.00,SIN
2a06:98c1:3100:e7:ce47:4347:4779:8087,4,4,0.00,57.04,0.00,SIN
2a06:98c1:3101:f322:d82:f625:1e4e:5010,4,4,0.00,57.04,0.00,SIN
2a06:98c1:3108:7568:41cb:6c92:721:304d,4,4,0.00,57.04,0.00,SIN
2a06:98c1:3103:18fc:3e2e:2bf1:17ab:4cd5,4,4,0.00,57.04,0.00,SIN
2a06:98c1:3104:ce0b:a2ff:4288:1472:cdca,4,4,0.00,57.04,0.00,SIN
2a06:98c1:3103:18fc:3e2e:2bd3:7820:f3f3,4,4,0.00,57.04,0.00,SIN
2a06:98c1:310a:36:414d:c428:152f:7082,4,4,0.00,57.04,0.00,SIN
2a06:98c1:3101:f322:cb25:f3d2:ddee:d33c,4,4,0.00,57.05,0.00,SIN
2a06:98c1:3100:3525:ba13:6f6f:2870:65d8,4,4,0.00,57.05,0.00,SIN
2803:f800:51:731b:625a:c043:fac7:dbc4,4,4,0.00,57.05,0.00,SIN
2a06:98c1:3104:de5f:5fdb:d03b:1a6b:eecc,4,4,0.00,57.05,0.00,SIN
2a06:98c1:3108::e2d4:23e:6147,4,4,0.00,57.05,0.00,SIN
2a06:98c1:310f:0:d01d:1009:46b2:998f,4,4,0.00,57.05,0.00,SIN
2a06:98c1:3103:e5b4:15d8:1598:4970:ea72,4,4,0.00,57.05,0.00,SIN
2a06:98c1:310d:0:cd8:2b79:a627:f183,4,4,0.00,57.05,0.00,SIN
2a06:98c1:3104:0:7:b212:4af9:3e9a,4,4,0.00,57.05,0.00,SIN
2a06:98c1:3100:7ded:866b:592:ea1:baec,4,4,0.00,57.06,0.00,SIN
2803:f800:51:d3:62bb:256d:b48e:3aa3,4,4,0.00,57.06,0.00,SIN
2a06:98c1:3102:0:f1ca:12fc:c2f:a2a2,4,4,0.00,57.06,0.00,SIN
2a06:98c1:3103:9728:f49b:cb7e:446e:b115,4,4,0.00,57.06,0.00,SIN
2a06:98c1:3106:86ad:afc4:a18:f6a3:5a2f,4,4,0.00,57.06,0.00,SIN
2a06:98c1:3106:8688:f6af:c3d7:18d:b34e,4,4,0.00,57.06,0.00,SIN
2a06:98c1:3100:e7:85ee:3924:3f35:7c0e,4,4,0.00,57.06,0.00,SIN
2a06:98c1:3104:64:5769:b49c:efed:3028,4,4,0.00,57.06,0.00,SIN
2a06:98c1:3101:f3af:743f:6ec:d463:d2d6,4,4,0.00,57.06,0.00,SIN
2a06:98c1:3108::5978:55f0:76f4,4,4,0.00,57.06,0.00,SIN
2a06:98c1:3103:9728:baa2:19a5:d154:b5d3,4,4,0.00,57.06,0.00,SIN
2a06:98c1:310b:f3:6682:dda:7381:e4a,4,4,0.00,57.07,0.00,SIN
2a06:98c1:310e:c8:5d12:96ad:80e9:e5e2,4,4,0.00,57.07,0.00,SIN
2803:f800:50:0:dd:d6bb:145a:f1d7,4,4,0.00,57.07,0.00,SIN
2a06:98c1:310c:0:78:4ff1:69a6:2e0,4,4,0.00,57.07,0.00,SIN
2a06:98c1:50:0:9147:cc3d:c3f4:6ca2,4,4,0.00,57.07,0.00,SIN
2a06:98c1:3103:c627:c6d3:9053:469e:5cf3,4,4,0.00,57.07,0.00,SIN
2a06:98c1:310b:0:c00a:68bc:ca4b:4e17,4,4,0.00,57.07,0.00,SIN
2a06:98c1:3101:f3af:ed6e:2e66:5a9b:7be,4,4,0.00,57.07,0.00,SIN
2a06:98c1:310a:0:7cb0:f2e9:72ba:5289,4,4,0.00,57.08,0.00,SIN
2400:cb00:2049:82:1a8d:8cc5:851a:e51b,4,4,0.00,57.08,0.00,SIN
2803:f800:51:73fa:bf17:7227:b045:b856,4,4,0.00,57.08,0.00,SIN
2a06:98c1:3104:0:b63e:5cfe:65a3:df82,4,4,0.00,57.08,0.00,SIN
2a06:98c1:3107:aee4:c3f3:71:6021:dbe6,4,4,0.00,57.08,0.00,SIN
2a06:98c1:310d:f0c3:ad7d:ba61:c8e3:e175,4,4,0.00,57.08,0.00,SIN
2a06:98c1:310c:f49c:7120:d6e7:7f96:a76d,4,4,0.00,57.08,0.00,SIN
2a06:98c1:3108:0:4f76:dea0:581d:9b40,4,4,0.00,57.08,0.00,SIN
2a06:98c1:3108:0:d3:482:c922:bf7a,4,4,0.00,57.08,0.00,SIN
2a06:98c1:3103:e5b4:ff7b:d759:8a3f:de55,4,4,0.00,57.08,0.00,SIN
2a06:98c1:51:aece:8ab9:81c0:914d:315d,4,4,0.00,57.08,0.00,SIN
2a06:98c1:3108::77:59d8:6aa0,4,4,0.00,57.08,0.00,SIN
2a06:98c1:310b::de:28f9:d5b7,4,4,0.00,57.08,0.00,SIN
2a06:98c1:3102:4e68:d314:1a1a:a22c:6c7f,4,4,0.00,57.08,0.00,SIN
2a06:98c1:3105:0:95:2f00:5019:512e,4,4,0.00,57.08,0.00,SIN
2a06:98c1:3103:b862:c39:9e94:324f:c9a0,4,4,0.00,57.08,0.00,SIN
2a06:98c1:3108::bcd7:9b18,4,4,0.00,57.08,0.00,SIN
2a06:98c1:310c::5b8a,4,4,0.00,57.09,0.00,SIN
2a06:98c1:3108:759c:3ab2:a262:7f20:d667,4,4,0.00,57.09,0.00,SIN
2a06:98c1:310f:0:69ac:a2ee:b7c4:1302,4,4,0.00,57.09,0.00,SIN
2a06:98c1:3107:aee4:c5bf:54f4:4510:4ddd,4,4,0.00,57.09,0.00,SIN
2a06:98c1:310b:c4:7f1f:d5af:8bd8:dace,4,4,0.00,57.09,0.00,SIN
2a06:98c1:50:4fc1:2a6a:f6c8:5263:9b05,4,4,0.00,57.09,0.00,SIN
2400:cb00:2049::5772:6750:393b,4,4,0.00,57.09,0.00,SIN
2a06:98c1:3103:b862:c39:623d:264e:6a3d,4,4,0.00,57.09,0.00,SIN
2a06:98c1:50:0:bcf0:d1b2:8745:58fa,4,4,0.00,57.09,0.00,SIN
2a06:98c1:310b:f3:dd3d:54a6:7247:74ed,4,4,0.00,57.09,0.00,SIN
2a06:98c1:3109::984c:6d10:d67e,4,4,0.00,57.09,0.00,SIN
2a06:98c1:50:4f1e:a4a0:44cf:bdd0:e457,4,4,0.00,57.09,0.00,SIN
2a06:98c1:3102:0:f5e4:3c97:ad6a:6079,4,4,0.00,57.09,0.00,SIN
2a06:98c1:3100:e7:ce3b:216b:bd73:2884,4,4,0.00,57.09,0.00,SIN
2a06:98c1:3107:0:7e1f:6f69:8698:77c,4,4,0.00,57.10,0.00,SIN
2a06:98c1:50:d5:5928:459:df46:827,4,4,0.00,57.10,0.00,SIN
2a06:98c1:310a:0:7cb0:57a3:6051:9ed2,4,4,0.00,57.10,0.00,SIN
2a06:98c1:51:aece:fdcf:2fde:2fe2:ace4,4,4,0.00,57.10,0.00,SIN
2400:cb00:2049:29e6:f288:f515:27a4:1291,4,4,0.00,57.10,0.00,SIN
2a06:98c1:310c:eb:4a0d:6d83:755a:cf3f,4,4,0.00,57.10,0.00,SIN
2a06:98c1:3104:deb8:dccc:e6ad:21fa:d073,4,4,0.00,57.10,0.00,SIN
2a06:98c1:3105::9f17:a2d0:97a,4,4,0.00,57.10,0.00,SIN
2a06:98c1:310b:7e91:95df:3b4:a743:8f4e,4,4,0.00,57.11,0.00,SIN
2a06:98c1:3100:0:9f:6331:1c85:307b,4,4,0.00,57.11,0.00,SIN
2400:cb00:2049:b2a5:1700:f6cb:b84f:f508,4,4,0.00,57.11,0.00,SIN
2a06:98c1:310c:eb:df51:354f:2f29:2d17,4,4,0.00,57.11,0.00,SIN
2a06:98c1:3100:7d40:b225:b83e:e04c:9448,4,4,0.00,57.11,0.00,SIN
2a06:98c1:3107::a61e:587f:30ad,4,4,0.00,57.11,0.00,SIN
2a06:98c1:310c:f49c:711d:543f:f30e:46e1,4,4,0.00,57.11,0.00,SIN
2a06:98c1:50:0:913b:c7a:beed:99c,4,4,0.00,57.11,0.00,SIN
2a06:98c1:310b:f3:d065:aca5:f818:da6a,4,4,0.00,57.11,0.00,SIN
2a06:98c1:3100:7d14:9232:983b:c07d:1b7d,4,4,0.00,57.11,0.00,SIN
2a06:98c1:310b:f3:d05e:fbd1:157d:857f,4,4,0.00,57.11,0.00,SIN
2a06:98c1:50:6b31:9760:34c9:8d61:cc56,4,4,0.00,57.11,0.00,SIN
2a06:98c1:310f:0:d5f2:6ce1:195e:1040,4,4,0.00,57.11,0.00,SIN
2a06:98c1:310f:fa9f:7c29:e2b1:7f09:94e9,4,4,0.00,57.11,0.00,SIN
2a06:98c1:3105:854d:ee44:953a:2f7f:bbe0,4,4,0.00,57.11,0.00,SIN
2803:f800:51:731b:a962:32b3:2ec2:a307,4,4,0.00,57.11,0.00,SIN
2a06:98c1:3100:7d1b:2b3c:db0e:eb9b:1795,4,4,0.00,57.12,0.00,SIN
2a06:98c1:3107:aee4:c53e:5547:9c3f:21,4,4,0.00,57.12,0.00,SIN
2a06:98c1:310c:f49c:7120:3797:ec6d:86a5,4,4,0.00,57.12,0.00,SIN
2a06:98c1:50:4f1e:20be:20d9:189f:d015,4,4,0.00,57.12,0.00,SIN
2a06:98c1:310d:e8:5e6a:274f:f663:bb7d,4,4,0.00,57.12,0.00,SIN
2a06:98c1:50:fd1d:4ce6:fefb:50d3:37fe,4,4,0.00,57.12,0.00,SIN
2a06:98c1:3103:e577:390b:8122:4fb6:919f,4,4,0.00,57.12,0.00,SIN
2a06:98c1:310c:5c:7ede:c4f7:9d66:83,4,4,0.00,57.12,0.00,SIN
2a06:98c1:310b:f3:d042:d63d:6f76:8a6b,4,4,0.00,57.12,0.00,SIN
2a06:98c1:3103::c9:2f58:86f6,4,4,0.00,57.12,0.00,SIN
2a06:98c1:3107:ae97:189f:180a:bded:378,4,4,0.00,57.12,0.00,SIN
2400:cb00:2049:b2a5:1700:f6cb:c1fc:caf6,4,4,0.00,57.12,0.00,SIN
2a06:98c1:3100:0:c632:7837:744:bd6e,4,4,0.00,57.12,0.00,SIN
2a06:98c1:3106:ca:9a85:524e:3d22:3a3c,4,4,0.00,57.13,0.00,SIN
2a06:98c1:51:ae55:2d83:743c:1d75:7418,4,4,0.00,57.13,0.00,SIN
2a06:98c1:51:ae55:2d83:7445:537:4dd9,4,4,0.00,57.13,0.00,SIN
2a06:98c1:3103:e5b4:ff7b:2fc5:a71a:f1ad,4,4,0.00,57.13,0.00,SIN
2a06:98c1:50:0:bc76:4e23:6417:cc95,4,4,0.00,57.13,0.00,SIN
2a06:98c1:310c:eb:df6c:19d7:e483:9397,4,4,0.00,57.13,0.00,SIN
2a06:98c1:310e:c9e4:2107:7a7b:4715:3905,4,4,0.00,57.13,0.00,SIN
2a06:98c1:310a:8d:d456:ca6d:9623:8728,4,4,0.00,57.13,0.00,SIN
2a06:98c1:3106:8688:6307:a97e:4f85:3275,4,4,0.00,57.13,0.00,SIN
2a06:98c1:310d:f04e:3b65:1e25:ec65:7a06,4,4,0.00,57.13,0.00,SIN
2a06:98c1:3108:0:4f48:1fac:618e:7f7e,4,4,0.00,57.13,0.00,SIN
2a06:98c1:3107::2514:37b3:7c0e,4,4,0.00,57.13,0.00,SIN
2a06:98c1:3101:f322:2869:e9e4:f181:274e,4,4,0.00,57.13,0.00,SIN
2a06:98c1:310a:ca56:cd07:8e31:2d6b:7560,4,4,0.00,57.13,0.00,SIN
2a06:98c1:310d:f04e:d8a5:4fac:fcb8:a6d9,4,4,0.00,57.13,0.00,SIN
2a06:98c1:310a:ca56:cd07:8e8e:815:75b5,4,4,0.00,57.13,0.00,SIN
2a06:98c1:310d:f04e:d852:7413:e587:c243,4,4,0.00,57.14,0.00,SIN
2803:f800:51:67e1:d3d7:c283:5b23:d277,4,4,0.00,57.14,0.00,SIN
2a06:98c1:50:6b31:116a:348a:fa9b:e37,4,4,0.00,57.14,0.00,SIN
2a06:98c1:3103:9715:1281:8b8f:445b:c964,4,4,0.00,57.14,0.00,SIN
2a06:98c1:3105:0:53ff:e43b:399c:e2eb,4,4,0.00,57.14,0.00,SIN
2a06:98c1:3103:0:c0df:4f02:500e:e98a,4,4,0.00,57.14,0.00,SIN
2a06:98c1:3105:854d:3bb1:3e51:b337:aaf5,4,4,0.00,57.14,0.00,SIN
2a06:98c1:310e:c949:6c24:f1bb:4138:d088,4,4,0.00,57.14,0.00,SIN
2a06:98c1:310c:eb:df51:a1e6:3010:9d28,4,4,0.00,57.14,0.00,SIN
2a06:98c1:3108:0:f9fd:4f01:b633:f3a2,4,4,0.00,57.14,0.00,SIN
2a06:98c1:310e:0:fa3c:1177:9277:d3d8,4,4,0.00,57.14,0.00,SIN
2400:cb00:2049:ab:1e85:e5b0:184b:1388,4,4,0.00,57.14,0.00,SIN
2a06:98c1:3107:aee4:c53e:7b2f:ee47:2565,4,4,0.00,57.15,0.00,SIN
2a06:98c1:310c:14:4a8e:e657:45af:861f,4,4,0.00,57.15,0.00,SIN
2a06:98c1:310b:c4:7f1f:d598:599f:6b66,4,4,0.00,57.15,0.00,SIN
2a06:98c1:310e:c9e4:2170:fa37:77d8:14a9,4,4,0.00,57.15,0.00,SIN
2a06:98c1:3101:f322:cb99:ab9a:7b27:90a0,4,4,0.00,57.15,0.00,SIN
2a06:98c1:3103:e5b4:ff7b:d759:af55:da8e,4,4,0.00,57.15,0.00,SIN
2a06:98c1:3106:ca:234c:5377:baa0:104f,4,4,0.00,57.15,0.00,SIN
2a06:98c1:310d:e8:5e5b:7b70:951c:a969,4,4,0.00,57.15,0.00,SIN
2a06:98c1:310b:f3:dd3d:5479:a1f5:b163,4,4,0.00,57.15,0.00,SIN
2a06:98c1:3103:b862:43f9:e163:6b35:aabf,4,4,0.00,57.15,0.00,SIN
2a06:98c1:3103:b862:43f9:e163:6bfc:d6d4,4,4,0.00,57.15,0.00,SIN
2803:f800:51::5b65,4,4,0.00,57.15,0.00,SIN
2a06:98c1:3103:18fc:3e2e:2bd3:cbb8:744a,4,4,0.00,57.15,0.00,SIN
2a06:98c1:50:0:91b6:a2f:bf07:e75,4,4,0.00,57.16,0.00,SIN
2a06:98c1:3104:8b:a44f:5a85:1159:315f,4,4,0.00,57.16,0.00,SIN
2a06:98c1:50:fd1d:4d65:2cbb:bf90:196c,4,4,0.00,57.16,0.00,SIN
2a06:98c1:310e:c8:efc5:d6a6:d44a:86ab,4,4,0.00,57.16,0.00,SIN
2a06:98c1:3100:0:a1:48bd:d698:1eb,4,4,0.00,57.16,0.00,SIN
2a06:98c1:50:6b31:c8ea:7bd0:eb6:64c0,4,4,0.00,57.16,0.00,SIN
2a06:98c1:50:4f1e:20c8:8998:4f3d:45fe,4,4,0.00,57.16,0.00,SIN
2a06:98c1:3105::d73a:69e5:1990,4,4,0.00,57.16,0.00,SIN
2400:cb00:2049:b2a5:f1b8:b967:3dd1:21f4,4,4,0.00,57.16,0.00,SIN
2400:cb00:2049:b2a5:f1b8:b967:3d0f:67da,4,4,0.00,57.16,0.00,SIN
2a06:98c1:310c:eb:df51:354f:2f7e:5ec3,4,4,0.00,57.16,0.00,SIN
2a06:98c1:3103:9715:63e5:16d0:941:d6d6,4,4,0.00,57.16,0.00,SIN
2a06:98c1:3109:84ab:6113:3b77:e2e:f827,4,4,0.00,57.16,0.00,SIN
2a06:98c1:3105:0:53ff:e43b:6954:fe79,4,4,0.00,57.16,0.00,SIN
2a06:98c1:3104:64:cafb:42b4:8b17:dfcc,4,4,0.00,57.16,0.00,SIN
2a06:98c1:3100:0:63:69d7:e8bc:d3e6,4,4,0.00,57.16,0.00,SIN
2a06:98c1:310a:0:ed:73e8:35d2:853a,4,4,0.00,57.16,0.00,SIN
2a06:98c1:51:aece:50a:b9f7:ce97:bbf4,4,4,0.00,57.17,0.00,SIN
2a06:98c1:3101:f322:cb6d:c8b1:2913:e9ea,4,4,0.00,57.17,0.00,SIN
2a06:98c1:3100:0:a1:be9a:bb83:266f,4,4,0.00,57.17,0.00,SIN
2a06:98c1:3108:6a:b7e3:fa30:60e4:a76d,4,4,0.00,57.17,0.00,SIN
2a06:98c1:3107::c880:6269,4,4,0.00,57.17,0.00,SIN
2a06:98c1:310a:17:b383:b62d:316d:7d74,4,4,0.00,57.17,0.00,SIN
2a06:98c1:3107:ae97:964b:f681:378:7d63,4,4,0.00,57.17,0.00,SIN
2a06:98c1:3106:ca:17d9:5970:ddce:c3d,4,4,0.00,57.17,0.00,SIN
2400:cb00:2049:b2a5:f128:a90e:e012:771,4,4,0.00,57.17,0.00,SIN
2a06:98c1:3107:b7b8:a0b9:e5fd:a027:6911,4,4,0.00,57.17,0.00,SIN
2a06:98c1:3103::cc4e:9fb1:b67f,4,4,0.00,57.17,0.00,SIN
2400:cb00:2049:82:3cb6:a0bc:a327:5ddb,4,4,0.00,57.18,0.00,SIN
2803:f800:50:f049:b256:22be:1a4a:8a13,4,4,0.00,57.18,0.00,SIN
2a06:98c1:3104:ce0b:d740:c265:d7c7:6e86,4,4,0.00,57.18,0.00,SIN
2803:f800:51:0:3a:72f0:45a9:137b,4,4,0.00,57.18,0.00,SIN
2a06:98c1:3106:8688:7a:e67b:174d:c404,4,4,0.00,57.18,0.00,SIN
2a06:98c1:3100:7d1b:8653:2d81:6c1f:f96f,4,4,0.00,57.18,0.00,SIN
2a06:98c1:3103:9715:1212:ef22:77be:ea2,4,4,0.00,57.18,0.00,SIN
2a06:98c1:3100:7d1b:8653:2d51:c809:48f1,4,4,0.00,57.18,0.00,SIN
2a06:98c1:3104:de5f:5fdb:d03b:1aa4:3301,4,4,0.00,57.18,0.00,SIN
2a06:98c1:3103:b862:43f9:e163:b2f3:350e,4,4,0.00,57.18,0.00,SIN
2a06:98c1:3104:0:b2:98a3:19ab:a8a1,4,4,0.00,57.19,0.00,SIN
2a06:98c1:3100:e7:ce47:4347:86:8cbf,4,4,0.00,57.19,0.00,SIN
2a06:98c1:310b:0:c00a:96de:8c57:2866,4,4,0.00,57.19,0.00,SIN
2a06:98c1:3103:9728:4a8:55a:bc46:3a7,4,4,0.00,57.19,0.00,SIN
2a06:98c1:3107:aee4:c37e:e177:d140:c7e0,4,4,0.00,57.19,0.00,SIN
2a06:98c1:3106:6c:655f:ea5a:af92:69f5,4,4,0.00,57.19,0.00,SIN
2a06:98c1:3106:8688:7a:e67b:19a5:84d2,4,4,0.00,57.19,0.00,SIN
2a06:98c1:3101:f322:cb99:4626:f007:16e9,4,4,0.00,57.19,0.00,SIN
2a06:98c1:310c:14:1c83:38f9:31de:a9bc,4,4,0.00,57.19,0.00,SIN
2a06:98c1:3103:18fc:3e2e:2b89:8f20:44b6,4,4,0.00,57.19,0.00,SIN
2a06:98c1:50:4f1e:20be:ce00:74ee:b334,4,4,0.00,57.19,0.00,SIN
2a06:98c1:3103:18fc:3e2e:2b89:5886:7246,4,4,0.00,57.19,0.00,SIN
2a06:98c1:3106:8688:f648:e977:5dbc:31b6,4,4,0.00,57.19,0.00,SIN
2a06:98c1:3106:8688:7dad:31c1:61a1:36a,4,4,0.00,57.19,0.00,SIN
2a06:98c1:3102:4e68:39ab:fd24:bcd:1d31,4,4,0.00,57.19,0.00,SIN
2a06:98c1:3107:ae51:4248:3799:86fb:53c8,4,4,0.00,57.19,0.00,SIN
2a06:98c1:310e:c949:6c24:bd87:1265:c60f,4,4,0.00,57.20,0.00,SIN
2a06:98c1:310b:f3:dd3d:5479:a125:70f7,4,4,0.00,57.20,0.00,SIN
2803:f800:50:0:e77b:af63:b324:9f05,4,4,0.00,57.20,0.00,SIN
2a06:98c1:3106:0:6f:1fc4:98c8:ae30,4,4,0.00,57.20,0.00,SIN
2a06:98c1:3104:64:caa1:8405:4f3f:a92f,4,4,0.00,57.20,0.00,SIN
2a06:98c1:3103:b862:43f9:7181:8062:b4fb,4,4,0.00,57.20,0.00,SIN
2a06:98c1:51:ae55:2d83:743c:1d2c:55a1,4,4,0.00,57.20,0.00,SIN
2400:cb00:2049:2929:9ec7:fd8b:74eb:2e64,4,4,0.00,57.20,0.00,SIN
2400:cb00:2049:ab:1e85:f39e:7867:4272,4,4,0.00,57.20,0.00,SIN
2a06:98c1:3102:4e68:6033:81a3:210c:96af,4,4,0.00,57.20,0.00,SIN
2a06:98c1:3102:4e68:6033:81a3:e2f1:3520,4,4,0.00,57.20,0.00,SIN
2803:f800:50::34cc:ccba:c9e3,4,4,0.00,57.20,0.00,SIN
2a06:98c1:310e:c8:efc5:2fae:69f2:d235,4,4,0.00,57.20,0.00,SIN
2a06:98c1:50:0:9164:9f33:fee9:f70f,4,4,0.00,57.20,0.00,SIN
2a06:98c1:310c:ed:b24a:ef9e:fc3b:9f58,4,4,0.00,57.20,0.00,SIN
2a06:98c1:50:6b31:c8ea:c15d:a633:8be3,4,4,0.00,57.20,0.00,SIN
2400:cb00:2049:2929:9ec7:fd8b:620:22f5,4,4,0.00,57.21,0.00,SIN
2400:cb00:2049:82:1ac1:f73a:cded:fce7,4,4,0.00,57.21,0.00,SIN
2a06:98c1:3103:c627:c6d4:4ef5:ad01:122b,4,4,0.00,57.21,0.00,SIN
2803:f800:51:0:3a:6619:937a:ad2b,4,4,0.00,57.21,0.00,SIN
2a06:98c1:310a:0:ed:31a9:b8f2:a83a,4,4,0.00,57.21,0.00,SIN
2a06:98c1:3107:ae97:183a:87d5:e22e:c811,4,4,0.00,57.21,0.00,SIN
2a06:98c1:50:6b31:c8aa:5104:2ef4:fae3,4,4,0.00,57.21,0.00,SIN
2a06:98c1:3100:0:fa45:b259:5993:885f,4,4,0.00,57.21,0.00,SIN
2803:f800:50:0:dd:ef1b:33c5:1a0e,4,4,0.00,57.21,0.00,SIN
2a06:98c1:3107:aee4:4f1e:bceb:4888:8bce,4,4,0.00,57.21,0.00,SIN
2a06:98c1:3101:f322:cb6d:c88a:83be:421f,4,4,0.00,57.21,0.00,SIN
2a06:98c1:310b:f3:d042:ad5:b5df:7f08,4,4,0.00,57.21,0.00,SIN
2a06:98c1:3103:9728:ba04:41df:5a48:6f37,4,4,0.00,57.21,0.00,SIN
2803:f800:51:0:88c2:5e96:e03b:1e64,4,4,0.00,57.21,0.00,SIN
2a06:98c1:3108:3a6e:9ac2:936e:4985:6fac,4,4,0.00,57.22,0.00,SIN
2a06:98c1:310c:d4:309e:cb1b:81ce:456f,4,4,0.00,57.22,0.00,SIN
2a06:98c1:3109:8481:c37f:5e2f:d925:3718,4,4,0.00,57.22,0.00,SIN
2a06:98c1:310c:0:78:2bf8:cf71:f93d,4,4,0.00,57.22,0.00,SIN
2a06:98c1:310b:6c:bd54:f4a3:8b03:542d,4,4,0.00,57.22,0.00,SIN
2a06:98c1:3105:b1:501a:d7f1:955e:6d3e,4,4,0.00,57.22,0.00,SIN
2400:cb00:2049:b200:61f6:9ecd:abe6:aeeb,4,4,0.00,57.22,0.00,SIN
2400:cb00:2049:29e6:1c9b:1709:73be:f269,4,4,0.00,57.22,0.00,SIN
2a06:98c1:310a:17:1ad8:da5c:a315:658e,4,4,0.00,57.22,0.00,SIN
2a06:98c1:3107:aee4:c5bf:54f4:af45:acbd,4,4,0.00,57.22,0.00,SIN
2a06:98c1:310f:a8:42db:797d:194e:358c,4,4,0.00,57.22,0.00,SIN
2a06:98c1:310e:0:fa5b:5aa6:a3e0:4ae7,4,4,0.00,57.22,0.00,SIN
2803:f800:51:0:7f:812:cdd0:f9cc,4,4,0.00,57.22,0.00,SIN
2a06:98c1:3107:aee4:c37e:150d:3f59:f897,4,4,0.00,57.22,0.00,SIN
2a06:98c1:3107::25c1:732d:989,4,4,0.00,57.22,0.00,SIN
2400:cb00:2049:29e6:f2be:b65b:8f4c:c6b,4,4,0.00,57.22,0.00,SIN
2a06:98c1:3102:ee60:d044:ca90:5d36:edcb,4,4,0.00,57.22,0.00,SIN
2a06:98c1:310e:8876:a784:8be8:78f6:1c63,4,4,0.00,57.22,0.00,SIN
2a06:98c1:3102:4e68:39ab:99b4:4f00:2ce0,4,4,0.00,57.22,0.00,SIN
2a06:98c1:310a:17:b383:b64f:c1d5:cb7d,4,4,0.00,57.23,0.00,SIN
2a06:98c1:3105:85a9:8619:34ac:b880:f69b,4,4,0.00,57.23,0.00,SIN
2a06:98c1:3104:64:caa1:af95:53e7:5a75,4,4,0.00,57.23,0.00,SIN
2a06:98c1:310e:c8:5d12:3a63:e21d:b343,4,4,0.00,57.23,0.00,SIN
2a06:98c1:3103:18fc:3e2e:8d8c:e7a2:f0bd,4,4,0.00,57.23,0.00,SIN
2a06:98c1:310a:36:ecce:bda0:779b:98ab,4,4,0.00,57.23,0.00,SIN
2a06:98c1:310a:36:ecce:bda0:d7f:756e,4,4,0.00,57.23,0.00,SIN
2a06:98c1:51:aece:50a:b904:981:b137,4,4,0.00,57.23,0.00,SIN
2a06:98c1:3107:aee4:c53e:9a81:bac8:7a66,4,4,0.00,57.23,0.00,SIN
2a06:98c1:310f:0:d5f2:6c80:7aed:e2a4,4,4,0.00,57.23,0.00,SIN
2a06:98c1:50:4f1e:20be:adba:f0fa:1edf,4,4,0.00,57.23,0.00,SIN
2a06:98c1:3109:8481:c37f:5e2f:6721:69c7,4,4,0.00,57.23,0.00,SIN
2a06:98c1:310b:f3:d065:acfb:bf0b:7e42,4,4,0.00,57.23,0.00,SIN
2a06:98c1:3107:aee4:c53e:5547:5ab6:8cfe,4,4,0.00,57.23,0.00,SIN
2a06:98c1:3101::8f62:c2f0:e112,4,4,0.00,57.23,0.00,SIN
2400:cb00:2049:b200:61f6:845:2895:bfd0,4,4,0.00,57.24,0.00,SIN
2a06:98c1:3106:8688:f648:10c1:5dd5:e42a,4,4,0.00,57.24,0.00,SIN
2a06:98c1:3103:e5b4:1543:a75f:e91d:bfa8,4,4,0.00,57.24,0.00,SIN
2a06:98c1:310b:f3:d06a:e40d:6f0c:77c1,4,4,0.00,57.24,0.00,SIN
2a06:98c1:310b:0:d3:fc16:b39b:e9d3,4,4,0.00,57.24,0.00,SIN
2a06:98c1:310d:f04e:3b65:1e68:dff2:67dc,4,4,0.00,57.24,0.00,SIN
2a06:98c1:3100:e7:ce47:8648:c906:11f3,4,4,0.00,57.24,0.00,SIN
2a06:98c1:50:0:91b6:a2f:20c1:e0b,4,4,0.00,57.24,0.00,SIN
2a06:98c1:3103:e525:6032:6808:9ae5:a62f,4,4,0.00,57.24,0.00,SIN
2a06:98c1:3104:ce0b:d740:552c:e6e6:a157,4,4,0.00,57.24,0.00,SIN
2a06:98c1:3103:b862:4302:132d:eb3d:de97,4,4,0.00,57.24,0.00,SIN
2a06:98c1:3101:0:bcad:465a:f41b:8a8d,4,4,0.00,57.24,0.00,SIN
2a06:98c1:310e:c949:6cd9:6402:8c3b:4dae,4,4,0.00,57.25,0.00,SIN
2a06:98c1:310c:eb:dfaa:40a6:be96:82c9,4,4,0.00,57.25,0.00,SIN
2a06:98c1:310b:0:77:9840:a21c:67d3,4,4,0.00,57.25,0.00,SIN
2a06:98c1:310e:c8:efc5:2f47:89b3:b86b,4,4,0.00,57.25,0.00,SIN
2a06:98c1:3106:6c:c3f:db99:b520:10af,4,4,0.00,57.25,0.00,SIN
2a06:98c1:3105:854d:ee44:42bf:766f:1f32,4,4,0.00,57.25,0.00,SIN
2a06:98c1:3101:0:bcad:46ef:bf9:474e,4,4,0.00,57.25,0.00,SIN
2400:cb00:2049:b2a5:1700:f6cb:8495:1e05,4,4,0.00,57.25,0.00,SIN
2a06:98c1:3107:aee4:c53e:9a81:5504:f2e3,4,4,0.00,57.25,0.00,SIN
2400:cb00:2049:82:1ac1:f7db:916a:5e28,4,4,0.00,57.25,0.00,SIN
2a06:98c1:3102:0:f5e4:3c97:7274:12c0,4,4,0.00,57.25,0.00,SIN
2a06:98c1:3107:aee4:c5bf:54a2:5245:d361,4,4,0.00,57.25,0.00,SIN
2a06:98c1:3103:e577:397b:edc:f793:b7f5,4,4,0.00,57.25,0.00,SIN
2a06:98c1:3109:84ab:6113:3b77:eea7:c99d,4,4,0.00,57.25,0.00,SIN
2a06:98c1:3106:ca:234c:b345:ec98:bd68,4,4,0.00,57.25,0.00,SIN
2400:cb00:2049:b2a5:1700:f6cb:18dd:8d7c,4,4,0.00,57.25,0.00,SIN
2a06:98c1:3104:64:caa1:af95:d873:4852,4,4,0.00,57.25,0.00,SIN
2a06:98c1:3100:7ded:aa50:3af9:70cb:fcc0,4,4,0.00,57.26,0.00,SIN
2a06:98c1:50:fd1d:4c41:212d:804c:12c7,4,4,0.00,57.26,0.00,SIN
2a06:98c1:51:aece:296c:a70c:8183:a1b,4,4,0.00,57.26,0.00,SIN
2a06:98c1:3103:183b:c03a:c510:1b9b:46c1,4,4,0.00,57.26,0.00,SIN
2a06:98c1:3101:da:a589:4fbd:f79:a9a5,4,4,0.00,57.26,0.00,SIN
2a06:98c1:310d:f04e:d852:7413:2d0a:e707,4,4,0.00,57.26,0.00,SIN
2a06:98c1:310d:f04e:d852:7413:6303:e878,4,4,0.00,57.26,0.00,SIN
2a06:98c1:3103:e5b4:ffd0:3817:cfca:331f,4,4,0.00,57.26,0.00,SIN
2a06:98c1:3106:ca:9a85:52d9:36dd:4535,4,4,0.00,57.26,0.00,SIN
2a06:98c1:3106:ca:9a85:52d9:6979:82bc,4,4,0.00,57.26,0.00,SIN
2a06:98c1:3106:ca:9a85:52d9:362e:bf79,4,4,0.00,57.26,0.00,SIN
2a06:98c1:50:0:913b:2e58:b72f:b078,4,4,0.00,57.26,0.00,SIN
2a06:98c1:3101:3c35:1635:648b:8509:c9db,4,4,0.00,57.26,0.00,SIN
2a06:98c1:3104:ce0b:a2ff:6790:8e32:a029,4,4,0.00,57.26,0.00,SIN
2a06:98c1:3103:7d22:28f8:fd4e:ba93:5e35,4,4,0.00,57.26,0.00,SIN
2a06:98c1:50:4fa8:587f:9783:2195:5e26,4,4,0.00,57.26,0.00,SIN
2a06:98c1:3102:ee60:11f6:1b9b:705c:a0d5,4,4,0.00,57.27,0.00,SIN
2a06:98c1:50:0:913b:c7a:76a6:d13b,4,4,0.00,57.27,0.00,SIN
2a06:98c1:310d:f04e:a54f:36b3:dfc1:769e,4,4,0.00,57.27,0.00,SIN
2a06:98c1:310d:e8:5e5b:7b8d:7c22:3741,4,4,0.00,57.27,0.00,SIN
2a06:98c1:3109::39:c7eb:f01d,4,4,0.00,57.27,0.00,SIN
2a06:98c1:3104:deb8:dccc:4689:3ede:9a68,4,4,0.00,57.27,0.00,SIN
2a06:98c1:3104:deb8:dccc:46dc:c86:1a6c,4,4,0.00,57.27,0.00,SIN
2a06:98c1:310e:c949:6c24:e85c:cf52:3a1,4,4,0.00,57.27,0.00,SIN
2a06:98c1:3100:7d40:b2bd:37d3:5920:6d56,4,4,0.00,57.27,0.00,SIN
2a06:98c1:3105:b1:501a:d7f1:952e:8839,4,4,0.00,57.27,0.00,SIN
2a06:98c1:3108::77:7c37:44d4,4,4,0.00,57.27,0.00,SIN
2a06:98c1:310b:0:c0fa:4438:2c53:cf92,4,4,0.00,57.27,0.00,SIN
2a06:98c1:3104:cef7:cd60:de29:f68b:c973,4,4,0.00,57.27,0.00,SIN
2a06:98c1:3104:ce0b:d740:c265:d756:75c0,4,4,0.00,57.27,0.00,SIN
2a06:98c1:3103:c627:278b:4fda:9a66:8eb9,4,4,0.00,57.28,0.00,SIN
2a06:98c1:3100:7d40:b2bd:4bd8:1a11:8144,4,4,0.00,57.28,0.00,SIN
2a06:98c1:50:4f1e:20c8:89e4:179a:4f97,4,4,0.00,57.28,0.00,SIN
2a06:98c1:3102:4e68:d375:81e4:b08d:d69f,4,4,0.00,57.28,0.00,SIN
2a06:98c1:3104:ce0b:d740:c200:ec79:2c20,4,4,0.00,57.28,0.00,SIN
2a06:98c1:310c:f49c:7120:342f:9675:f844,4,4,0.00,57.28,0.00,SIN
2803:f800:51:676a:7da3:4b9b:85ac:b65f,4,4,0.00,57.28,0.00,SIN
2a06:98c1:3104:ce0b:a2ac:8eb1:fb45:d45e,4,4,0.00,57.28,0.00,SIN
2803:f800:51:d3:62bb:25d0:9f67:350b,4,4,0.00,57.28,0.00,SIN
2a06:98c1:3106:8688:f648:10c1:63b9:13f6,4,4,0.00,57.28,0.00,SIN
2400:cb00:2049:0:4bb4:e95f:54a5:40e4,4,4,0.00,57.28,0.00,SIN
2a06:98c1:310b:0:c00a:1a3d:f57:f69,4,4,0.00,57.28,0.00,SIN
2a06:98c1:3107:ae97:429e:eee3:d6f3:f493,4,4,0.00,57.28,0.00,SIN
2a06:98c1:3107:ae97:429e:eee3:d67d:d5d5,4,4,0.00,57.28,0.00,SIN
2400:cb00:2049:29e6:f288:f5f4:9997:8eec,4,4,0.00,57.28,0.00,SIN
2a06:98c1:310e:c949:c27:c66f:f941:ad9f,4,4,0.00,57.28,0.00,SIN
2a06:98c1:3103:183b:c02e:6f87:fe1:b1c2,4,4,0.00,57.28,0.00,SIN
2a06:98c1:50:6b31:116a:1eb3:5d:531a,4,4,0.00,57.28,0.00,SIN
2a06:98c1:3100:7ded:86f1:b7d7:2856:2e12,4,4,0.00,57.28,0.00,SIN
2803:f800:50:85:28ac:a636:402c:b0c8,4,4,0.00,57.28,0.00,SIN
2a06:98c1:310f:a8:b4d2:1750:71ef:97ee,4,4,0.00,57.28,0.00,SIN
2a06:98c1:3105:854d:ee44:42fc:c048:ba14,4,4,0.00,57.29,0.00,SIN
2a06:98c1:3104::8a:d20e:104d,4,4,0.00,57.29,0.00,SIN
2a06:98c1:3100:7d40:b2bd:6834:7fbd:f26c,4,4,0.00,57.29,0.00,SIN
2a06:98c1:50:fd1d:6e98:9d16:bd0d:55a7,4,4,0.00,57.29,0.00,SIN
2a06:98c1:50:4f1e:20c8:8970:b354:34bb,4,4,0.00,57.29,0.00,SIN
2a06:98c1:3106:8688:7a:8432:1fd:55d5,4,4,0.00,57.29,0.00,SIN
2a06:98c1:3100:7ded:866b:5d99:88c1:8d48,4,4,0.00,57.29,0.00,SIN
2a06:98c1:3100:7ded:866b:5e7:d3eb:2904,4,4,0.00,57.29,0.00,SIN
2a06:98c1:3100:7d14:928b:cf10:37a8:c4ed,4,4,0.00,57.29,0.00,SIN
2a06:98c1:3103:e525:6032:68cc:52a1:9865,4,4,0.00,57.29,0.00,SIN
2a06:98c1:310d:f04e:d8a5:cb84:3da8:144b,4,4,0.00,57.29,0.00,SIN
2a06:98c1:310b:0:77:9840:7762:3c7c,4,4,0.00,57.29,0.00,SIN
2a06:98c1:310a:0:e7a6:9387:b4b4:5ef,4,4,0.00,57.29,0.00,SIN
2a06:98c1:51:aece:fd54:cc39:5712:c3d6,4,4,0.00,57.29,0.00,SIN
2a06:98c1:310d:0:cd8:78dd:46de:6ff3,4,4,0.00,57.29,0.00,SIN
2a06:98c1:3103:7d22:28cd:a88a:6582:2c1b,4,4,0.00,57.29,0.00,SIN
2400:cb00:2049:b2a5:f128:a9e8:df2a:1ea9,4,4,0.00,57.29,0.00,SIN
2a06:98c1:3108:3a23:83e0:b048:1b45:5e04,4,4,0.00,57.29,0.00,SIN
2a06:98c1:3108:759c:e0e8:f5c5:fd34:1e4e,4,4,0.00,57.29,0.00,SIN
2a06:98c1:3107:aee4:c3f3:e4f:d3b7:23f3,4,4,0.00,57.29,0.00,SIN
2a06:98c1:3102:ee60:d044:cae3:6a4c:caef,4,4,0.00,57.30,0.00,SIN
2a06:98c1:51:ae55:a453:aa17:e103:3b65,4,4,0.00,57.30,0.00,SIN
2a06:98c1:51:ae55:a453:aa17:e1af:eee1,4,4,0.00,57.30,0.00,SIN
2803:f800:51:0:8823:106:2b37:a1aa,4,4,0.00,57.30,0.00,SIN
2a06:98c1:3106:0:6f:1fc4:10e3:45ba,4,4,0.00,57.30,0.00,SIN
2a06:98c1:3104:deb8:dccc:e63d:825d:3eb4,4,4,0.00,57.30,0.00,SIN
2a06:98c1:310e:883d:c95c:a07c:7852:d52a,4,4,0.00,57.30,0.00,SIN
2400:cb00:2049:82:3cb6:a0e4:feba:7b9b,4,4,0.00,57.30,0.00,SIN
2a06:98c1:51:aece:296c:23c8:292a:be5a,4,4,0.00,57.30,0.00,SIN
2a06:98c1:3109::9d93:c2b3:afdd,4,4,0.00,57.30,0.00,SIN
2a06:98c1:3100:0:a1:48bd:5cbd:7655,4,4,0.00,57.30,0.00,SIN
2a06:98c1:3102:ee60:d0fd:5188:fa74:c0c6,4,4,0.00,57.30,0.00,SIN
2a06:98c1:50:fd1d:4d65:2cfc:34d5:c545,4,4,0.00,57.31,0.00,SIN
2a06:98c1:310b:f3:fe68:a6e0:4f3c:5bc2,4,4,0.00,57.31,0.00,SIN
2a06:98c1:310d:e8:5e16:6617:a9cf:de1f,4,4,0.00,57.31,0.00,SIN
2a06:98c1:310d:e8:5e16:6617:a920:b066,4,4,0.00,57.31,0.00,SIN
2a06:98c1:3107:ae97:429e:eee3:94d1:49c2,4,4,0.00,57.31,0.00,SIN
2a06:98c1:3103:f1:bbb0:15d3:fdb1:a16,4,4,0.00,57.31,0.00,SIN
2803:f800:50::ed:1509:2028,4,4,0.00,57.31,0.00,SIN
2a06:98c1:3100:7d1b:8653:2d51:c87e:8983,4,4,0.00,57.31,0.00,SIN
2400:cb00:2049:29e6:1c9b:e58a:d2e9:f23b,4,4,0.00,57.31,0.00,SIN
2a06:98c1:310c:14:ee71:1f3:7e15:a66b,4,4,0.00,57.31,0.00,SIN
2a06:98c1:3103:c627:278b:ca48:cdb:d39e,4,4,0.00,57.31,0.00,SIN
2a06:98c1:310c:f49c:71fc:e0d8:c64e:2d0,4,4,0.00,57.31,0.00,SIN
2400:cb00:2049:b2a5:f1b8:b9a6:f1dc:4af5,4,4,0.00,57.31,0.00,SIN
2a06:98c1:3109:e1:7bde:f25b:26a4:cd5c,4,4,0.00,57.31,0.00,SIN
2a06:98c1:51:aece:296c:a70c:cb42:1409,4,4,0.00,57.31,0.00,SIN
2400:cb00:2049:b2a5:f4a0:cb8:2b9b:7eac,4,4,0.00,57.31,0.00,SIN
2a06:98c1:3106:8688:7dad:310e:c22c:5fe0,4,4,0.00,57.31,0.00,SIN
2a06:98c1:3107:aee4:c37e:150d:e825:f5ea,4,4,0.00,57.31,0.00,SIN
2a06:98c1:3108:0:d3:cc73:5b22:7c98,4,4,0.00,57.31,0.00,SIN
2a06:98c1:3108:0:d3:cc73:2f4e:a6ee,4,4,0.00,57.31,0.00,SIN
2a06:98c1:3108:759c:3ab2:a20d:be2e:e9ef,4,4,0.00,57.31,0.00,SIN
2a06:98c1:310b:0:c0fa:dd4a:7a01:4b24,4,4,0.00,57.31,0.00,SIN
2a06:98c1:3108:759c:201e:5ae:1d7a:9d10,4,4,0.00,57.31,0.00,SIN
2a06:98c1:3101:f3af:edc0:f25f:54ee:e73a,4,4,0.00,57.32,0.00,SIN
2a06:98c1:3108:3a6e:9ac2:93f1:42a0:4f33,4,4,0.00,57.32,0.00,SIN
2a06:98c1:3103:c627:c644:65f3:44a9:88d6,4,4,0.00,57.32,0.00,SIN
2a06:98c1:3102:0:f523:436a:17b9:39b4,4,4,0.00,57.32,0.00,SIN
2400:cb00:2049:b200:4824:aa5d:3276:4318,4,4,0.00,57.32,0.00,SIN
2a06:98c1:3103:18fc:3ee0:971:dd6:64de,4,4,0.00,57.32,0.00,SIN
2a06:98c1:3103:e577:343b:799d:258e:a663,4,4,0.00,57.32,0.00,SIN
2400:cb00:2049:b2a5:f1b8:72e8:8a55:50ea,4,4,0.00,57.32,0.00,SIN
2a06:98c1:3102:ee60:d044:cae3:98f5:a415,4,4,0.00,57.32,0.00,SIN
2a06:98c1:3103:9715:6361:7ef5:c19c:6ae4,4,4,0.00,57.32,0.00,SIN
2a06:98c1:50:0:9164:9fd6:52f:a997,4,4,0.00,57.32,0.00,SIN
2a06:98c1:3106:8688:f648:10e1:2a94:7884,4,4,0.00,57.32,0.00,SIN
2a06:98c1:3105:854d:3bb1:3ee0:9cf0:a1eb,4,4,0.00,57.32,0.00,SIN
2a06:98c1:3100:7d1b:8653:3c71:52c1:ccea,4,4,0.00,57.32,0.00,SIN
2a06:98c1:3108:759c:201e:7a97:c29a:fbb3,4,4,0.00,57.32,0.00,SIN
2a06:98c1:3101:f322:cb6d:c810:f1df:6441,4,4,0.00,57.33,0.00,SIN
2a06:98c1:310d:f04e:3bef:8ea2:edb7:6ede,4,4,0.00,57.33,0.00,SIN
2a06:98c1:50:4f1e:205c:b939:4f4e:2871,4,4,0.00,57.33,0.00,SIN
2a06:98c1:3104::d4f7:5e9f:cc6,4,4,0.00,57.33,0.00,SIN
2400:cb00:2049:ab:1e85:f39e:ed73:a33b,4,4,0.00,57.33,0.00,SIN
2a06:98c1:3100:3525:6fa9:f01e:f82a:964d,4,4,0.00,57.33,0.00,SIN
2a06:98c1:3100:7d40:8436:cb15:df30:6bf1,4,4,0.00,57.34,0.00,SIN
2a06:98c1:3100:7ded:aa50:63e3:5019:aa2d,4,4,0.00,57.34,0.00,SIN
2400:cb00:2049:0:c2:4a:3eea:18,4,4,0.00,57.34,0.00,SIN
2a06:98c1:3103:9715:1212:ef64:ff0c:e379,4,4,0.00,57.34,0.00,SIN
2a06:98c1:3101:f322:e9db:20c3:b4a2:998a,4,4,0.00,57.34,0.00,SIN
2803:f800:51:731b:625a:c043:1d99:fe43,4,4,0.00,57.34,0.00,SIN
2400:cb00:2049:2978:3861:dc17:8c94:c40c,4,4,0.00,57.34,0.00,SIN
2a06:98c1:3109:8481:c37f:5ebf:5b29:6419,4,4,0.00,57.34,0.00,SIN
2a06:98c1:50:fd1d:4d65:2cbb:5b49:6850,4,4,0.00,57.34,0.00,SIN
2a06:98c1:310d:f04e:a54f:6313:80b0:5b13,4,4,0.00,57.34,0.00,SIN
2a06:98c1:3103:e5b4:ff7b:1332:1b57:8421,4,4,0.00,57.34,0.00,SIN
2a06:98c1:3107:0:2e:3875:44a:9747,4,4,0.00,57.34,0.00,SIN
2a06:98c1:310c:5c:7e38:bd01:e704:2a6e,4,4,0.00,57.34,0.00,SIN
2a06:98c1:3100:e7:8597:109e:3dda:64ef,4,4,0.00,57.35,0.00,SIN
2a06:98c1:3103:e577:3997:7dee:9725:5dbd,4,4,0.00,57.35,0.00,SIN
2a06:98c1:3101:f322:cb99:2e8d:64d6:cf85,4,4,0.00,57.35,0.00,SIN
2a06:98c1:310c:ed:b24a:efe2:3299:b498,4,4,0.00,57.35,0.00,SIN
2a06:98c1:3109:8481:d220:8e94:35fb:f1fd,4,4,0.00,57.35,0.00,SIN
2a06:98c1:310b:7e91:95df:a1d3:83ea:fa33,4,4,0.00,57.35,0.00,SIN
2a06:98c1:50:0:915e:a4d7:37b1:775f,4,4,0.00,57.35,0.00,SIN
2a06:98c1:310a:17:1ad8:c88d:789e:5176,4,4,0.00,57.35,0.00,SIN
2a06:98c1:3103:e525:6032:6808:9ace:5858,4,4,0.00,57.35,0.00,SIN
2a06:98c1:3105:85a9:8619:c40f:9015:6da,4,4,0.00,57.35,0.00,SIN
2a06:98c1:51:0:e5bd:f948:48a:ccd0,4,4,0.00,57.35,0.00,SIN
2a06:98c1:3108:759c:209e:83da:bf96:b708,4,4,0.00,57.35,0.00,SIN
2a06:98c1:3107:0:83:a919:95db:d28c,4,4,0.00,57.35,0.00,SIN
2a06:98c1:3108:759c:209e:9e5c:a4a3:784f,4,4,0.00,57.35,0.00,SIN
2a06:98c1:310e:c9e4:3469:9b61:f390:8b7b,4,4,0.00,57.36,0.00,SIN
2a06:98c1:310c:eb:df6c:1912:e26b:fb53,4,4,0.00,57.36,0.00,SIN
2a06:98c1:3100:7d40:8436:cb7e:2bb6:f85,4,4,0.00,57.36,0.00,SIN
2a06:98c1:3106:8688:7a:e67b:1924:6c60,4,4,0.00,57.36,0.00,SIN
2a06:98c1:3104:f9:af98:c62e:14f8:b907,4,4,0.00,57.36,0.00,SIN
2a06:98c1:3106:ca:9a85:86cc:550e:bfbe,4,4,0.00,57.36,0.00,SIN
2a06:98c1:3103:9728:baa2:19a5:e2d0:dc3d,4,4,0.00,57.36,0.00,SIN
2a06:98c1:3101:f322:2869:e908:7faf:2dcc,4,4,0.00,57.36,0.00,SIN
2a06:98c1:3101:f322:2869:db3d:c6c6:1f1a,4,4,0.00,57.36,0.00,SIN
2400:cb00:2049:2929:9ec7:fd05:aee9:9125,4,4,0.00,57.36,0.00,SIN
2a06:98c1:3105:85a9:8619:c40f:d10b:a895,4,4,0.00,57.36,0.00,SIN
2a06:98c1:3104:deb8:dccc:4688:3fb7:2e2b,4,4,0.00,57.36,0.00,SIN
2a06:98c1:3103:9728:f443:70c5:ece0:32b6,4,4,0.00,57.36,0.00,SIN
2a06:98c1:50:fd1d:4d65:ddd4:d003:1828,4,4,0.00,57.36,0.00,SIN
2a06:98c1:3100:0:c6c4:4e6e:6e9d:8b22,4,4,0.00,57.36,0.00,SIN
2a06:98c1:51:0:e5bd:f948:409:968,4,4,0.00,57.36,0.00,SIN
2a06:98c1:310b:0:d3:6e8c:74cd:67fe,4,4,0.00,57.37,0.00,SIN
2a06:98c1:3108::9c4e:f654:ed6f,4,4,0.00,57.37,0.00,SIN
2a06:98c1:50:fdfe:99c:92fb:e713:ace2,4,4,0.00,57.37,0.00,SIN
2a06:98c1:310d:f04e:3b25:f7f:119d:d835,4,4,0.00,57.37,0.00,SIN
2a06:98c1:3103:b862:4302:a796:a939:1ab8,4,4,0.00,57.37,0.00,SIN
2a06:98c1:3107:b7b8:a084:c89b:53f7:34d0,4,4,0.00,57.37,0.00,SIN
2a06:98c1:3105:0:95:2f00:730:482a,4,4,0.00,57.37,0.00,SIN
2803:f800:50:f049:b339:935d:7358:549c,4,4,0.00,57.37,0.00,SIN
2400:cb00:2049:ab:fd08:708d:f636:5605,4,4,0.00,57.37,0.00,SIN
2a06:98c1:3101:3c35:1635:648b:8544:88bf,4,4,0.00,57.37,0.00,SIN
2400:cb00:2049:82:1a8d:8cb5:3824:8be7,4,4,0.00,57.37,0.00,SIN
2a06:98c1:3104:de5f:5f42:15b6:4298:8aca,4,4,0.00,57.37,0.00,SIN
2a06:98c1:3103:e577:343b:1be3:435a:2187,4,4,0.00,57.37,0.00,SIN
2a06:98c1:310a:0:ed:736f:1b3c:2d9a,4,4,0.00,57.37,0.00,SIN
2a06:98c1:310d:f04e:3bef:871d:5f87:3bbe,4,4,0.00,57.37,0.00,SIN
2a06:98c1:3105:0:533f:d37:22b5:f2ab,4,4,0.00,57.37,0.00,SIN
2a06:98c1:3105:0:533f:d37:22e6:dd02,4,4,0.00,57.37,0.00,SIN
2a06:98c1:3100:e7:85ee:5a20:78b1:c521,4,4,0.00,57.38,0.00,SIN
2a06:98c1:310b:6c:bd54:c67d:a0ad:7f18,4,4,0.00,57.38,0.00,SIN
2a06:98c1:3101:f322:d27:aa85:196c:ab4c,4,4,0.00,57.38,0.00,SIN
2400:cb00:2049:ab:fd08:702b:443:6368,4,4,0.00,57.38,0.00,SIN
2a06:98c1:3104:8b:a44f:5ad9:1217:23cf,4,4,0.00,57.38,0.00,SIN
2a06:98c1:310c:5c:326e:19df:2049:1bf6,4,4,0.00,57.38,0.00,SIN
2a06:98c1:3100:0:ed98:665c:6e09:4144,4,4,0.00,57.38,0.00,SIN
2400:cb00:2049:b200:61f6:9ecd:79ed:ead5,4,4,0.00,57.38,0.00,SIN
2400:cb00:2049:82:1ac1:f7db:b912:e4c0,4,4,0.00,57.38,0.00,SIN
2a06:98c1:3108:0:4f48:ef51:213b:f7b4,4,4,0.00,57.39,0.00,SIN
2a06:98c1:3108:0:4f76:5e66:5033:977b,4,4,0.00,57.39,0.00,SIN
2400:cb00:2049:29e6:1c93:21df:748b:c58d,4,4,0.00,57.39,0.00,SIN
2a06:98c1:310d:0:c94:6d9a:c3a7:7b12,4,4,0.00,57.39,0.00,SIN
2a06:98c1:50:0:913b:f265:8f91:b8ad,4,4,0.00,57.39,0.00,SIN
2a06:98c1:310b:f3:dd17:f04a:4021:9860,4,4,0.00,57.39,0.00,SIN
2a06:98c1:51:7b:557f:eba5:dffa:5fb6,4,4,0.00,57.39,0.00,SIN
2a06:98c1:3102::da94:e768,4,4,0.00,57.39,0.00,SIN
2a06:98c1:310c:f49c:71fc:369c:155a:adbb,4,4,0.00,57.39,0.00,SIN
2a06:98c1:310c:5c:7ede:c435:f89e:5b69,4,4,0.00,57.39,0.00,SIN
2a06:98c1:310c:14:4ae8:a23f:d31b:50d8,4,4,0.00,57.39,0.00,SIN
2a06:98c1:3103:c627:278b:fd:743c:845c,4,4,0.00,57.39,0.00,SIN
2a06:98c1:310b:0:77:9840:982b:b63f,4,4,0.00,57.39,0.00,SIN
2a06:98c1:3103:c627:c644:f143:bcea:479d,4,4,0.00,57.39,0.00,SIN
2a06:98c1:310a::6796:ef00:9655,4,4,0.00,57.40,0.00,SIN
2a06:98c1:3103:c627:c6d4:4ef5:7e1d:1c8f,4,4,0.00,57.40,0.00,SIN
2a06:98c1:310b:f3:d05e:55c5:b100:25d0,4,4,0.00,57.40,0.00,SIN
2a06:98c1:310b:f3:d05e:55e4:27a8:60ee,4,4,0.00,57.40,0.00,SIN
2a06:98c1:310c::d83e:5e2,4,4,0.00,57.40,0.00,SIN
2a06:98c1:310e:c949:6c24:e8d0:75a0:f048,4,4,0.00,57.40,0.00,SIN
2a06:98c1:3103:e5b4:15bb:7866:d810:ea44,4,4,0.00,57.40,0.00,SIN
2a06:98c1:310a:0:ed:736f:1b0a:c231,4,4,0.00,57.40,0.00,SIN
2a06:98c1:3106:0:2288:eac1:4d2c:2dde,4,4,0.00,57.40,0.00,SIN
2a06:98c1:310b:f3:fe68:7a34:d53d:477b,4,4,0.00,57.40,0.00,SIN
2a06:98c1:3103:7d22:28cd:a8f8:c81e:b28f,4,4,0.00,57.40,0.00,SIN
2a06:98c1:310b:f3:dd17:f04a:ea92:b8a7,4,4,0.00,57.40,0.00,SIN
2a06:98c1:310b:c4:7f1f:d598:1752:7d9c,4,4,0.00,57.40,0.00,SIN
2a06:98c1:3106:8688:63d2:5b5a:d1d5:1523,4,4,0.00,57.40,0.00,SIN
2a06:98c1:3106:8688:63d2:684f:bebd:ab07,4,4,0.00,57.40,0.00,SIN
2a06:98c1:3108:759c:201e:7a6c:4e86:f314,4,4,0.00,57.40,0.00,SIN
2a06:98c1:310b:0:c0fa:4438:2c39:b0c7,4,4,0.00,57.40,0.00,SIN
2a06:98c1:3108:0:f9c7:49fa:603b:45db,4,4,0.00,57.40,0.00,SIN
2a06:98c1:310b:0:77:dec:10ee:5cf0,4,4,0.00,57.40,0.00,SIN
2a06:98c1:310e:c949:6c24:e85c:cf4f:3d1f,4,4,0.00,57.40,0.00,SIN
2a06:98c1:3103:9715:6361:a4c8:cd21:bc84,4,4,0.00,57.40,0.00,SIN
2a06:98c1:310b:0:c0fa:447a:b213:c630,4,4,0.00,57.41,0.00,SIN
2a06:98c1:310e:0:fa3c:11e8:6ea3:d5b1,4,4,0.00,57.41,0.00,SIN
2a06:98c1:51:aece:50a:b9f7:cef8:29e5,4,4,0.00,57.41,0.00,SIN
2a06:98c1:3103:c627:278b:ca45:9dbf:a04b,4,4,0.00,57.41,0.00,SIN
2a06:98c1:3103:c627:278b:fd:74e5:485b,4,4,0.00,57.41,0.00,SIN
2a06:98c1:3109:e1:12e9:3ad3:23c5:6774,4,4,0.00,57.41,0.00,SIN
2a06:98c1:3108:3a23:83e0:65b1:e946:c8b5,4,4,0.00,57.41,0.00,SIN
2a06:98c1:3109:0:84:23d2:21d5:39e8,4,4,0.00,57.41,0.00,SIN
2a06:98c1:3103:e577:397b:bb00:4daa:b7e0,4,4,0.00,57.41,0.00,SIN
2a06:98c1:3103:9728:baa2:19a5:e201:31c9,4,4,0.00,57.41,0.00,SIN
2803:f800:50::50ec:9721,4,4,0.00,57.41,0.00,SIN
2803:f800:51:d3:f328:1624:fe2a:2ac6,4,4,0.00,57.41,0.00,SIN
2a06:98c1:310c:d4:309e:85a7:2a01:993d,4,4,0.00,57.41,0.00,SIN
2a06:98c1:310b:0:36c7:979b:7631:5c8e,4,4,0.00,57.41,0.00,SIN
2a06:98c1:3108:7568:4178:7402:bc72:61ba,4,4,0.00,57.41,0.00,SIN
2a06:98c1:3105::9fc2:470a:7c25,4,4,0.00,57.42,0.00,SIN
2a06:98c1:50:fd1d:4c41:1f49:f9ce:52e4,4,4,0.00,57.42,0.00,SIN
2a06:98c1:3100:0:c6c4:afcf:65eb:3ca7,4,4,0.00,57.42,0.00,SIN
2a06:98c1:51:aece:8ab9:c921:fa56:7081,4,4,0.00,57.42,0.00,SIN
2a06:98c1:3103:e577:397b:bb79:9ddf:e0b1,4,4,0.00,57.42,0.00,SIN
2803:f800:51:731b:625a:c0e2:648a:3614,4,4,0.00,57.42,0.00,SIN
2a06:98c1:3100:3525:ba2b:1ac3:17cb:2247,4,4,0.00,57.42,0.00,SIN
2a06:98c1:3102:0:f1ca:71d9:e368:86a4,4,4,0.00,57.42,0.00,SIN
2a06:98c1:50:4f1e:20c8:89e4:13dc:d9e9,4,4,0.00,57.42,0.00,SIN
2a06:98c1:3108:3a6e:9ac2:931d:7173:e291,4,4,0.00,57.42,0.00,SIN
2a06:98c1:310e:0:fafc:77d0:aab0:b416,4,4,0.00,57.42,0.00,SIN
2a06:98c1:3103::97:535f,4,4,0.00,57.42,0.00,SIN
2a06:98c1:310a:0:7cb0:f2fa:397a:5549,4,4,0.00,57.42,0.00,SIN
2a06:98c1:3103:9715:6361:5cc0:2ab0:2f92,4,4,0.00,57.42,0.00,SIN
2803:f800:51:731b:625a:c07b:83bc:4164,4,4,0.00,57.42,0.00,SIN
2a06:98c1:310f:0:d01d:6f28:f228:cb54,4,4,0.00,57.42,0.00,SIN
2a06:98c1:3102:ee60:d0a9:8d93:4547:8b3e,4,4,0.00,57.42,0.00,SIN
2a06:98c1:3107:0:7e64:2be3:cbcc:d3aa,4,4,0.00,57.43,0.00,SIN
2803:f800:51:676a:7de2:4c3e:2af4:6275,4,4,0.00,57.43,0.00,SIN
2a06:98c1:3103:c627:2788:4372:2a51:8cca,4,4,0.00,57.43,0.00,SIN
2a06:98c1:3104::8a:62fe:f4c7,4,4,0.00,57.43,0.00,SIN
2a06:98c1:3102:ee60:d0a9:f959:dce4:2a1a,4,4,0.00,57.43,0.00,SIN
2a06:98c1:3102:ee60:d0a9:f90f:e6ea:84b7,4,4,0.00,57.43,0.00,SIN
2a06:98c1:51:2d:a794:ca45:5bb6:d391,4,4,0.00,57.43,0.00,SIN
2a06:98c1:310a:0:e7a6:9387:b41d:c39,4,4,0.00,57.43,0.00,SIN
2a06:98c1:310b:f3:ddff:a39b:8aab:d878,4,4,0.00,57.43,0.00,SIN
2a06:98c1:50:fd1d:4d65:2ce4:8c54:abfd,4,4,0.00,57.43,0.00,SIN
2a06:98c1:3107:0:7edf:278e:2d52:babd,4,4,0.00,57.43,0.00,SIN
2a06:98c1:3106:8688:7dad:3189:5771:2115,4,4,0.00,57.43,0.00,SIN
2400:cb00:2049:2929:9ec7:14fb:3ef:18ae,4,4,0.00,57.43,0.00,SIN
2a06:98c1:3107:ae97:429e:4f91:76da:d7ca,4,4,0.00,57.43,0.00,SIN
2a06:98c1:3106::dc10,4,4,0.00,57.43,0.00,SIN
2a06:98c1:3101:f322:cb25:29e1:7c8:126e,4,4,0.00,57.43,0.00,SIN
2400:cb00:2049:b2a5:f1b8:83ac:2552:2ae1,4,4,0.00,57.43,0.00,SIN
2a06:98c1:3102:4e68:d375:81ca:4c32:45fa,4,4,0.00,57.43,0.00,SIN
2400:cb00:2049:29e6:1c9b:1709:cf4f:6b00,4,4,0.00,57.43,0.00,SIN
2a06:98c1:3108:6a:b7e3:fa30:608d:bb13,4,4,0.00,57.43,0.00,SIN
2a06:98c1:310b:f3:d05e:fbd1:fc46:9088,4,4,0.00,57.44,0.00,SIN
2a06:98c1:50:fdfe:95d:ca06:def8:31ce,4,4,0.00,57.44,0.00,SIN
2a06:98c1:310c:14:4ae8:a2af:19fd:829e,4,4,0.00,57.44,0.00,SIN
2a06:98c1:3103::4f69:d8f3:5712,4,4,0.00,57.44,0.00,SIN
2a06:98c1:50:d5:5928:4ef:3cfd:f937,4,4,0.00,57.44,0.00,SIN
2a06:98c1:310d:0:c94:168d:9935:c543,4,4,0.00,57.44,0.00,SIN
2a06:98c1:310c:5c:326e:19df:2099:b568,4,4,0.00,57.44,0.00,SIN
2400:cb00:2049:0:c2:4a:bef1:8ae5,4,4,0.00,57.44,0.00,SIN
2400:cb00:2049::3aab:f126,4,4,0.00,57.44,0.00,SIN
2a06:98c1:50:0:913b:2e58:70c:5010,4,4,0.00,57.44,0.00,SIN
2a06:98c1:3108:7568:417d:9801:61df:806b,4,4,0.00,57.44,0.00,SIN
2a06:98c1:310d:0:c94:168d:99d9:4a34,4,4,0.00,57.44,0.00,SIN
2a06:98c1:3107:ae51:4248:951a:c784:aab3,4,4,0.00,57.44,0.00,SIN
2a06:98c1:310a:36:ecce:bda0:dd4:1253,4,4,0.00,57.44,0.00,SIN
2a06:98c1:3103:b862:c39:62a0:b18c:10ee,4,4,0.00,57.44,0.00,SIN
2a06:98c1:3106:86ad:f69f:6404:93ed:8c58,4,4,0.00,57.44,0.00,SIN
2803:f800:50:85:4f13:814e:42b6:4ae7,4,4,0.00,57.44,0.00,SIN
2a06:98c1:3107:ae97:429e:4f39:813e:f459,4,4,0.00,57.44,0.00,SIN
2a06:98c1:3103:c627:c6d3:90e7:9704:fd62,4,4,0.00,57.44,0.00,SIN
2a06:98c1:3109:0:84:2331:4c86:1733,4,4,0.00,57.44,0.00,SIN
2a06:98c1:3100:0:63:69d7:e802:d0fd,4,4,0.00,57.44,0.00,SIN
2a06:98c1:310a:36:ec4b:612d:bc8a:73c4,4,4,0.00,57.44,0.00,SIN
2a06:98c1:3107:ae97:429e:4f39:261f:2e04,4,4,0.00,57.45,0.00,SIN
2a06:98c1:3100:3525:6fa9:f01e:e60f:de84,4,4,0.00,57.45,0.00,SIN
2a06:98c1:3103:f1:bbb0:7a32:32d5:bdf4,4,4,0.00,57.45,0.00,SIN
2400:cb00:2049::86:445e:2b0e,4,4,0.00,57.45,0.00,SIN
2a06:98c1:3105:0:fb:1998:c965:8123,4,4,0.00,57.45,0.00,SIN
2a06:98c1:310e:0:e2:94ad:aa68:31c2,4,4,0.00,57.45,0.00,SIN
2a06:98c1:3101:f322:cb6d:c826:e6b1:86a8,4,4,0.00,57.45,0.00,SIN
2a06:98c1:3100:7d1b:867f:6370:822:e2aa,4,4,0.00,57.45,0.00,SIN
2a06:98c1:50:4fa8:58f3:f10f:6fef:c4b2,4,4,0.00,57.45,0.00,SIN
2a06:98c1:3104:0:7:6d3e:4aa5:b320,4,4,0.00,57.46,0.00,SIN
2a06:98c1:51:aece:fdcf:2f05:a56c:e54a,4,4,0.00,57.46,0.00,SIN
2a06:98c1:3103:b862:4302:a77a:f31a:7dc6,4,4,0.00,57.46,0.00,SIN
2a06:98c1:3103:b862:4302:132d:d24a:eb09,4,4,0.00,57.46,0.00,SIN
2a06:98c1:3108:759c:201e:7a8c:cdf0:85c0,4,4,0.00,57.46,0.00,SIN
2400:cb00:2049:b200:4824:aae0:7334:ae6e,4,4,0.00,57.46,0.00,SIN
2a06:98c1:310e:c949:6cd9:64b7:44b6:f898,4,4,0.00,57.46,0.00,SIN
2a06:98c1:3102:ee60:1104:6ee1:3212:90eb,4,4,0.00,57.46,0.00,SIN
2a06:98c1:3106:6c:c7b:451f:3198:f46c,4,4,0.00,57.46,0.00,SIN
2a06:98c1:3107:ae97:426a:a3b4:f15a:672c,4,4,0.00,57.46,0.00,SIN
2a06:98c1:310d:f04e:a54f:36b3:a65c:84ce,4,4,0.00,57.46,0.00,SIN
2a06:98c1:3107:0:7edf:bf41:b9d:8fa0,4,4,0.00,57.46,0.00,SIN
2a06:98c1:50:0:913b:f265:ad30:9c45,4,4,0.00,57.46,0.00,SIN
2a06:98c1:3107:0:7edf:bf93:5a17:5f6e,4,4,0.00,57.46,0.00,SIN
2a06:98c1:3108:0:f917:2029:6c3f:509c,4,4,0.00,57.46,0.00,SIN
2a06:98c1:3100:7ded:aa50:a300:d26e:5297,4,4,0.00,57.46,0.00,SIN
2a06:98c1:3100:7ded:e0e1:36e6:e44d:fe93,4,4,0.00,57.46,0.00,SIN
2a06:98c1:3107:ae51:4248:3799:864f:df9,4,4,0.00,57.46,0.00,SIN
2a06:98c1:50:6b31:c13e:d244:4604:413c,4,4,0.00,57.46,0.00,SIN
2a06:98c1:3106:0:2288:8533:7844:1127,4,4,0.00,57.46,0.00,SIN
2a06:98c1:3107:0:83:a9cf:5c9c:405c,4,4,0.00,57.46,0.00,SIN
2a06:98c1:3104:f9:8f79:cff5:9401:1c10,4,4,0.00,57.47,0.00,SIN
2a06:98c1:50:4f1e:205c:b99f:2637:fed8,4,4,0.00,57.47,0.00,SIN
2a06:98c1:3100:7d14:928b:8012:6339:9bab,4,4,0.00,57.47,0.00,SIN
2a06:98c1:50:74:4ed9:ba51:d734:e1ba,4,4,0.00,57.47,0.00,SIN
2803:f800:51:0:88c2:5e96:e031:2a16,4,4,0.00,57.47,0.00,SIN
2a06:98c1:3109:8481:c37f:5ebf:5b71:23da,4,4,0.00,57.47,0.00,SIN
2400:cb00:2049:b2a5:f1b8:83a6:52b1:b149,4,4,0.00,57.47,0.00,SIN
2a06:98c1:3103:e577:34eb:bd61:2ac2:a36d,4,4,0.00,57.47,0.00,SIN
2a06:98c1:310e:c9e4:3469:9bb6:b2d0:f760,4,4,0.00,57.47,0.00,SIN
2a06:98c1:3105:8523:aa19:9168:2532:e246,4,4,0.00,57.47,0.00,SIN
2a06:98c1:51:aece:8ab9:c921:6c00:2e31,4,4,0.00,57.47,0.00,SIN
2a06:98c1:3108:0:f917:e7c2:1cc3:4289,4,4,0.00,57.47,0.00,SIN
2a06:98c1:3104:f9:af33:8e:8adc:e58f,4,4,0.00,57.47,0.00,SIN
2a06:98c1:3104:f9:afe3:b6b3:258f:955a,4,4,0.00,57.47,0.00,SIN
2a06:98c1:310e:0:fafc:77d0:aae5:2920,4,4,0.00,57.47,0.00,SIN
2a06:98c1:3107:90:17b7:889c:718a:c6ed,4,4,0.00,57.47,0.00,SIN
2a06:98c1:310c:eb:df51:35c6:b74:4f69,4,4,0.00,57.48,0.00,SIN
2a06:98c1:50:4fc1:2a6a:a8f5:518d:dda8,4,4,0.00,57.48,0.00,SIN
2a06:98c1:3100:7ded:e0e1:87fb:7e91:8c5c,4,4,0.00,57.48,0.00,SIN
2a06:98c1:310c:ed:b24a:ef9e:691b:d56f,4,4,0.00,57.48,0.00,SIN
2a06:98c1:3100:7d1b:1b81:8b3a:8554:e399,4,4,0.00,57.48,0.00,SIN
2a06:98c1:310b:7e91:95df:a1d3:d7aa:2b9c,4,4,0.00,57.48,0.00,SIN
2a06:98c1:310d:0:b4:31f2:6951:b19b,4,4,0.00,57.48,0.00,SIN
2a06:98c1:310c:eb:df6c:bc0a:d94c:59e,4,4,0.00,57.48,0.00,SIN
2a06:98c1:50:0:913b:f265:adcf:ea81,4,4,0.00,57.48,0.00,SIN
2a06:98c1:310f:fa9f:7c29:e2b1:2ffd:a9f7,4,4,0.00,57.48,0.00,SIN
2a06:98c1:3106:86ad:afc4:a18:93be:cf72,4,4,0.00,57.48,0.00,SIN
2a06:98c1:310c:14:1cfb:dc53:50bb:7da4,4,4,0.00,57.48,0.00,SIN
2803:f800:50:0:e77b:afc9:96c6:bf2a,4,4,0.00,57.48,0.00,SIN
2a06:98c1:3107:aee4:c5bf:54a2:e758:1d16,4,4,0.00,57.49,0.00,SIN
2803:f800:51:731b:625a:c0e2:64f9:7c,4,4,0.00,57.49,0.00,SIN
2a06:98c1:3103:9715:1212:6842:7edf:4527,4,4,0.00,57.49,0.00,SIN
2a06:98c1:3103:c627:c644:b49d:d4dd:b315,4,4,0.00,57.49,0.00,SIN
2a06:98c1:3104:8b:81e2:dffa:6300:edcd,4,4,0.00,57.49,0.00,SIN
2a06:98c1:3104:8b:81e2:dfbb:ae78:458d,4,4,0.00,57.49,0.00,SIN
2a06:98c1:3107:90:d491:95ce:f281:16b9,4,4,0.00,57.49,0.00,SIN
2a06:98c1:3106:ca:9a85:8fe:576f:2462,4,4,0.00,57.49,0.00,SIN
2a06:98c1:3104:64:5718:c49f:55c1:c328,4,4,0.00,57.49,0.00,SIN
2a06:98c1:3108:7568:41cb:6c92:3dc4:acf,4,4,0.00,57.49,0.00,SIN
2a06:98c1:310c:f49c:71fc:6756:56aa:9a68,4,4,0.00,57.49,0.00,SIN
2400:cb00:2049:b200:61f6:21dc:4773:6825,4,4,0.00,57.49,0.00,SIN
2400:cb00:2049:b2a5:17dd:e969:697b:bf16,4,4,0.00,57.49,0.00,SIN
2a06:98c1:310e:0:fa3c:21ee:aed:7d86,4,4,0.00,57.50,0.00,SIN
2a06:98c1:51:aece:8ab9:81c0:91c7:4a42,4,4,0.00,57.50,0.00,SIN
2a06:98c1:3106:8688:7dad:bdd5:7a39:101f,4,4,0.00,57.50,0.00,SIN
2a06:98c1:50:0:bcf0:e346:cc6d:1aad,4,4,0.00,57.50,0.00,SIN
2a06:98c1:3106:6c:c3f:db99:51cc:c8f1,4,4,0.00,57.50,0.00,SIN
2803:f800:50:0:dd:effc:e4e:e9b5,4,4,0.00,57.50,0.00,SIN
2a06:98c1:310b:0:36c7:76c:2a43:575e,4,4,0.00,57.50,0.00,SIN
2a06:98c1:3108:0:f9fd:5a42:5d78:65a3,4,4,0.00,57.50,0.00,SIN
2a06:98c1:3100:7d14:9232:983b:de65:4dd9,4,4,0.00,57.50,0.00,SIN
2a06:98c1:3107:aee4:6f92:2f82:5549:2064,4,4,0.00,57.50,0.00,SIN
2a06:98c1:3103:c627:278b:c:46d3:2bb,4,4,0.00,57.50,0.00,SIN
2a06:98c1:3100:7d14:928b:cf55:de55:b893,4,4,0.00,57.50,0.00,SIN
2a06:98c1:310f:a8:b4d2:1750:fa7c:19ec,4,4,0.00,57.51,0.00,SIN
2a06:98c1:3107::4994:f8ea:542f,4,4,0.00,57.51,0.00,SIN
2803:f800:50:f049:b339:935d:10fb:4280,4,4,0.00,57.51,0.00,SIN
2a06:98c1:310e:c9e4:2170:312:10ab:925a,4,4,0.00,57.51,0.00,SIN
2a06:98c1:310b:0:365f:489a:86d4:1d5c,4,4,0.00,57.51,0.00,SIN
2a06:98c1:3100:3525:ba2b:ae3e:f7ad:f7fb,4,4,0.00,57.51,0.00,SIN
2a06:98c1:3103:7d22:28cd:a8f8:8e6a:8fc0,4,4,0.00,57.51,0.00,SIN
2a06:98c1:50:fd1d:4ce6:fed1:8155:4f4d,4,4,0.00,57.51,0.00,SIN
2a06:98c1:3106:86ad:f6f1:4740:1229:785,4,4,0.00,57.51,0.00,SIN
2a06:98c1:3107:b7b8:a084:c833:8156:c34b,4,4,0.00,57.51,0.00,SIN
2a06:98c1:310b:0:77:98e1:ee3e:8a0b,4,4,0.00,57.51,0.00,SIN
2a06:98c1:3108::4d4b:cc8a:ee56,4,4,0.00,57.51,0.00,SIN
2a06:98c1:310b:0:c00a:96de:61b2:b71b,4,4,0.00,57.52,0.00,SIN
2803:f800:51:731b:a962:32b3:2e86:ae0d,4,4,0.00,57.52,0.00,SIN
2a06:98c1:50:4fa8:587f:9783:21bc:9dda,4,4,0.00,57.52,0.00,SIN
2a06:98c1:310b:0:36c7:76c:6da2:1c9c,4,4,0.00,57.52,0.00,SIN
2a06:98c1:310e:0:fa3c:be5b:63f9:2819,4,4,0.00,57.52,0.00,SIN
2a06:98c1:50:0:bc76:4e23:6478:3cfc,4,4,0.00,57.52,0.00,SIN
2a06:98c1:310c:5c:326e:197b:3b82:4dc7,4,4,0.00,57.52,0.00,SIN
2a06:98c1:310d:f04e:d852:7413:ea93:46ad,4,4,0.00,57.52,0.00,SIN
2a06:98c1:310e:c8:5d12:9627:d216:fc6e,4,4,0.00,57.52,0.00,SIN
2a06:98c1:3100:7d40:b2bd:6834:94a0:b270,4,4,0.00,57.52,0.00,SIN
2a06:98c1:310f:0:d503:b48c:bd57:5363,4,4,0.00,57.52,0.00,SIN
2a06:98c1:50:4f1e:20be:adba:f07d:bafa,4,4,0.00,57.52,0.00,SIN
2a06:98c1:3102::75:d6b0:3b82,4,4,0.00,57.52,0.00,SIN
2a06:98c1:3104:f9:8f79:cf39:ead:8a4,4,4,0.00,57.52,0.00,SIN
2a06:98c1:3100:7d40:8436:ab2e:8b19:f7d4,4,4,0.00,57.52,0.00,SIN
2a06:98c1:3105:85a9:71c:b582:f53c:bf9b,4,4,0.00,57.52,0.00,SIN
2a06:98c1:3102::75:d6ec:172b,4,4,0.00,57.52,0.00,SIN
2a06:98c1:310e:8876:a784:8be8:783f:967b,4,4,0.00,57.52,0.00,SIN
2a06:98c1:310f::986f:be22:8fe9,4,4,0.00,57.52,0.00,SIN
2a06:98c1:50:d5:5928:a99e:14e8:fad5,4,4,0.00,57.52,0.00,SIN
2a06:98c1:3103:b862:c39:6217:bda7:f435,4,4,0.00,57.52,0.00,SIN
2a06:98c1:3100:7d1b:1bd8:575f:cdf7:e0b0,4,4,0.00,57.53,0.00,SIN
2a06:98c1:3104:f9:2d16:4825:8a13:3ed3,4,4,0.00,57.53,0.00,SIN
2a06:98c1:310c:5c:7ede:6e7:b767:cd67,4,4,0.00,57.53,0.00,SIN
2a06:98c1:50:6b31:116a:8baf:17f8:1079,4,4,0.00,57.53,0.00,SIN
2a06:98c1:3109:e1:12e9:3ad3:adda:9fd0,4,4,0.00,57.53,0.00,SIN
2a06:98c1:310f:0:69ac:a211:b469:113e,4,4,0.00,57.53,0.00,SIN
2a06:98c1:3101:f38f:88d2:bfaa:fb24:de0b,4,4,0.00,57.53,0.00,SIN
2a06:98c1:310d:f04e:a54f:368c:8fe5:d20e,4,4,0.00,57.53,0.00,SIN
2803:f800:51:0:3a:7289:4546:e065,4,4,0.00,57.53,0.00,SIN
2a06:98c1:3108:759c:e0e8:cf04:3780:fba6,4,4,0.00,57.53,0.00,SIN
2a06:98c1:310b:0:365f:ae69:3ded:237,4,4,0.00,57.53,0.00,SIN
2a06:98c1:310b:0:365f:ae69:ebe5:93a9,4,4,0.00,57.53,0.00,SIN
2a06:98c1:3107:aee4:c53e:5593:67cd:1d1a,4,4,0.00,57.53,0.00,SIN
2a06:98c1:3106:ca:9a85:86cc:1df1:a2da,4,4,0.00,57.53,0.00,SIN
2a06:98c1:3107:aee4:c3f3:93:e172:fa62,4,4,0.00,57.53,0.00,SIN
2a06:98c1:3105:0:3a:d04f:53ca:2297,4,4,0.00,57.53,0.00,SIN
2a06:98c1:3100:7d1b:2b3c:db0e:43b6:1906,4,4,0.00,57.54,0.00,SIN
2a06:98c1:3100:0:9f:6331:495c:1a2,4,4,0.00,57.54,0.00,SIN
2a06:98c1:3103:c627:c644:b49d:235f:f70b,4,4,0.00,57.54,0.00,SIN
2a06:98c1:3103:9715:6361:a4c8:a7c:a631,4,4,0.00,57.54,0.00,SIN
2a06:98c1:310f:0:d503:b48c:1441:b39,4,4,0.00,57.54,0.00,SIN
2a06:98c1:3107:aee4:6f92:2f21:a6d1:fd16,4,4,0.00,57.54,0.00,SIN
2a06:98c1:50:6b31:116a:348a:fa9c:27f7,4,4,0.00,57.54,0.00,SIN
2a06:98c1:3105:854d:eede:2e9e:20d8:a52a,4,4,0.00,57.54,0.00,SIN
2a06:98c1:3100:7d14:928b:cf10:372f:699d,4,4,0.00,57.54,0.00,SIN
2a06:98c1:3104:deb8:dccc:e6ad:f2a9:8e8d,4,4,0.00,57.54,0.00,SIN
2a06:98c1:3103:e577:397b:e10:7dc7:1145,4,4,0.00,57.54,0.00,SIN
2a06:98c1:3103:9728:baa2:15e6:5ea7:2d91,4,4,0.00,57.54,0.00,SIN
2a06:98c1:310e:c949:cfa:c182:7387:3b6b,4,4,0.00,57.54,0.00,SIN
2a06:98c1:3105:85a9:8619:7f74:7b9f:eb12,4,4,0.00,57.54,0.00,SIN
2a06:98c1:50:f:8cdb:1bee:9bb5:3a6d,4,4,0.00,57.54,0.00,SIN
2a06:98c1:3108:3a23:83e0:65b1:5cc9:c42,4,4,0.00,57.54,0.00,SIN
2a06:98c1:3104:0:b63e:a861:4d54:8354,4,4,0.00,57.54,0.00,SIN
2803:f800:51:379b:e55c:15c8:ab9f:dd26,4,4,0.00,57.54,0.00,SIN
2a06:98c1:3107:90:17b7:f381:69ce:f1d8,4,4,0.00,57.54,0.00,SIN
2a06:98c1:3107:aee4:c53e:9a02:40bf:cc1c,4,4,0.00,57.55,0.00,SIN
2a06:98c1:3103:e577:343b:25ab:356c:acd8,4,4,0.00,57.55,0.00,SIN
2a06:98c1:3109:8481:5f9f:d585:6dc3:faba,4,4,0.00,57.55,0.00,SIN
2a06:98c1:3100:0:c632:1ee3:2ec3:9e09,4,4,0.00,57.55,0.00,SIN
2a06:98c1:3100:0:c632:1ee3:7acb:16df,4,4,0.00,57.55,0.00,SIN
2400:cb00:2049:29e6:88da:290c:7241:b1a,4,4,0.00,57.55,0.00,SIN
2a06:98c1:3108:3a23:83e0:f0ad:6c6d:3e6b,4,4,0.00,57.55,0.00,SIN
2400:cb00:2049:b200:48f9:dea5:6043:137b,4,4,0.00,57.55,0.00,SIN
2400:cb00:2049:ab:fd26:294:9731:d547,4,4,0.00,57.55,0.00,SIN
2a06:98c1:3107:0:2e:7666:88a6:f686,4,4,0.00,57.55,0.00,SIN
2a06:98c1:310c:d4:9478:3cc8:affe:44a6,4,4,0.00,57.55,0.00,SIN
2a06:98c1:3100:7d14:928b:cfef:b54e:24ae,4,4,0.00,57.55,0.00,SIN
2a06:98c1:310f:0:d01d:fa57:2d66:1fb1,4,4,0.00,57.55,0.00,SIN
2a06:98c1:51:aece:8ab9:c921:c4b6:4022,4,4,0.00,57.55,0.00,SIN
2a06:98c1:50:fd1d:997c:e00:7ea8:72b1,4,4,0.00,57.55,0.00,SIN
2a06:98c1:310f::6eae,4,4,0.00,57.55,0.00,SIN
2400:cb00:2049::f8:1464:487d,4,4,0.00,57.55,0.00,SIN
2a06:98c1:50:fd1d:4d65:2ce4:8c62:7b84,4,4,0.00,57.55,0.00,SIN
2a06:98c1:3100:7ded:866b:5e7:5158:5ebe,4,4,0.00,57.55,0.00,SIN
2a06:98c1:3103:b862:43f9:2e97:45fe:9e10,4,4,0.00,57.56,0.00,SIN
2a06:98c1:310e:0:fa3c:d7c0:1cc6:87e0,4,4,0.00,57.56,0.00,SIN
2a06:98c1:310d:f04e:a59a:9187:4031:6a37,4,4,0.00,57.56,0.00,SIN
2a06:98c1:3100:7ded:e0e1:15bd:81ec:27,4,4,0.00,57.56,0.00,SIN
2a06:98c1:3102:0:f1ca:71d9:e3fe:117f,4,4,0.00,57.56,0.00,SIN
2a06:98c1:310d:0:c94:c254:49fb:13c8,4,4,0.00,57.56,0.00,SIN
2a06:98c1:310c:14:1c83:6ba1:2ba8:c412,4,4,0.00,57.56,0.00,SIN
2803:f800:51:676a:7da3:29e:462:d0cb,4,4,0.00,57.56,0.00,SIN
2a06:98c1:3106:8688:7dad:bd90:175d:7406,4,4,0.00,57.56,0.00,SIN
2a06:98c1:3100:0:a1:bee5:9ae6:1646,4,4,0.00,57.56,0.00,SIN
2a06:98c1:3100:e7:ce47:386b:21cc:cd82,4,4,0.00,57.56,0.00,SIN
2a06:98c1:3107:0:2e:7666:8861:b430,4,4,0.00,57.56,0.00,SIN
2a06:98c1:310b:6c:bd54:f45e:ad2f:b500,4,4,0.00,57.56,0.00,SIN
2a06:98c1:310f:a8:b4d2:17dc:e7c0:ac2f,4,4,0.00,57.56,0.00,SIN
2a06:98c1:3103:c627:278b:ca48:c5a:3928,4,4,0.00,57.56,0.00,SIN
2a06:98c1:3100:7d1b:1b81:31b4:c841:2191,4,4,0.00,57.56,0.00,SIN
2a06:98c1:310d::ef46,4,4,0.00,57.56,0.00,SIN
2a06:98c1:3107:ae51:4248:951a:f495:e441,4,4,0.00,57.57,0.00,SIN
2a06:98c1:3106:8688:7a:846a:7f99:d069,4,4,0.00,57.57,0.00,SIN
2a06:98c1:3106:8688:7a:846a:9e71:7502,4,4,0.00,57.57,0.00,SIN
2a06:98c1:3107:aee4:c5bf:54f4:af2e:3ea9,4,4,0.00,57.57,0.00,SIN
2803:f800:50:f049:b256:e85d:4361:efda,4,4,0.00,57.57,0.00,SIN
2a06:98c1:310c:f49c:7120:d6ea:e579:a256,4,4,0.00,57.57,0.00,SIN
2a06:98c1:3103:18fc:3ee0:5648:1da1:ebc4,4,4,0.00,57.57,0.00,SIN
2803:f800:51:d3:62bb:25d0:f65e:7a8e,4,4,0.00,57.57,0.00,SIN
2a06:98c1:310f:0:69ac:a211:ad13:7f99,4,4,0.00,57.57,0.00,SIN
2a06:98c1:3108:0:f9fd:4f01:b640:c205,4,4,0.00,57.57,0.00,SIN
2a06:98c1:3105:854d:3bb1:d10b:c69b:cd15,4,4,0.00,57.57,0.00,SIN
2a06:98c1:3105:854d:3bb1:d188:991a:104e,4,4,0.00,57.57,0.00,SIN
2a06:98c1:3106:ca:5f84:775c:c74b:f19f,4,4,0.00,57.57,0.00,SIN
2a06:98c1:3100:0:c632:1ee3:7a51:53b1,4,4,0.00,57.57,0.00,SIN
2a06:98c1:310c:ed:b24a:ef49:75a6:9ab8,4,4,0.00,57.57,0.00,SIN
2a06:98c1:310a:36:c238:bd85:e381:51cb,4,4,0.00,57.57,0.00,SIN
2a06:98c1:310c:0:7fca:ea68:a454:d391,4,4,0.00,57.57,0.00,SIN
2a06:98c1:310b:f3:fe68:7a34:b2fd:2d81,4,4,0.00,57.57,0.00,SIN
2a06:98c1:310d::97:65fb:e2d7,4,4,0.00,57.57,0.00,SIN
2a06:98c1:3100:7d40:8436:ab61:1382:4180,4,4,0.00,57.57,0.00,SIN
2a06:98c1:3100:7d40:8436:ab61:8dec:ea45,4,4,0.00,57.57,0.00,SIN
2a06:98c1:3103::c9:c715:385d,4,4,0.00,57.57,0.00,SIN
2a06:98c1:3102:ee60:d08d:b676:fb08:b594,4,4,0.00,57.57,0.00,SIN
2400:cb00:2049:b2a5:f128:a90e:e0d9:1272,4,4,0.00,57.57,0.00,SIN
2a06:98c1:3107:ae97:429e:eee3:4c27:90c2,4,4,0.00,57.57,0.00,SIN
2a06:98c1:3107:ae97:429e:eee3:9407:8b68,4,4,0.00,57.57,0.00,SIN
2400:cb00:2049:b2a5:f128:165a:df89:dc40,4,4,0.00,57.57,0.00,SIN
2a06:98c1:310c:d4:309e:cbea:71f4:3f02,4,4,0.00,57.57,0.00,SIN
2a06:98c1:50:0:c5:468:474f:6cc7,4,4,0.00,57.57,0.00,SIN
2a06:98c1:310d:f04e:3b65:1e68:1448:a543,4,4,0.00,57.57,0.00,SIN
2a06:98c1:3101:0:319d:2910:6294:8853,4,4,0.00,57.58,0.00,SIN
2a06:98c1:310a:36:ecce:7fa:565c:1d7c,4,4,0.00,57.58,0.00,SIN
2a06:98c1:3104:f9:af33:f693:d8bc:f1a5,4,4,0.00,57.58,0.00,SIN
2a06:98c1:50:0:913b:c7a:d7f9:a363,4,4,0.00,57.58,0.00,SIN
2a06:98c1:3103:7d22:28cd:a88a:65a7:da12,4,4,0.00,57.58,0.00,SIN
2a06:98c1:310e:c949:c27:3af0:f6ec:2ffb,4,4,0.00,57.58,0.00,SIN
2a06:98c1:51:aece:fdcf:f84a:2925:48c2,4,4,0.00,57.58,0.00,SIN
2a06:98c1:50:6b31:9775:3015:36:2abf,4,4,0.00,57.58,0.00,SIN
2a06:98c1:3101:f322:d82:f6a1:7726:ce3b,4,4,0.00,57.58,0.00,SIN
2a06:98c1:50:f:8cdb:1bee:b59d:bded,4,4,0.00,57.59,0.00,SIN
2a06:98c1:3107:b7b8:a084:4742:23ba:9500,4,4,0.00,57.59,0.00,SIN
2803:f800:50:85:4f13:81da:56b6:e61b,4,4,0.00,57.59,0.00,SIN
2a06:98c1:50:4f1e:205c:9d2f:21c0:495f,4,4,0.00,57.59,0.00,SIN
2a06:98c1:50:fd1d:4d8a:607b:5c2a:21d8,4,4,0.00,57.59,0.00,SIN
2a06:98c1:3109::9d93:c2b9:7ed8,4,4,0.00,57.59,0.00,SIN
2400:cb00:2049:b2a5:17fd:8131:a71b:a58,4,4,0.00,57.59,0.00,SIN
2400:cb00:2049:b2a5:f4a0:341f:cef7:3f16,4,4,0.00,57.59,0.00,SIN
2a06:98c1:310c:14:4ae8:a2af:9497:f78,4,4,0.00,57.59,0.00,SIN
2a06:98c1:50:d5:5928:459:f067:c48d,4,4,0.00,57.59,0.00,SIN
2a06:98c1:3109::9d39:146d:896e,4,4,0.00,57.59,0.00,SIN
2a06:98c1:310e:c9e4:3469:9b75:ab91:55de,4,4,0.00,57.59,0.00,SIN
2a06:98c1:3101:f322:d54:6a05:726b:5103,4,4,0.00,57.59,0.00,SIN
2a06:98c1:3106:ca:5f84:772e:8b68:e8cd,4,4,0.00,57.59,0.00,SIN
2a06:98c1:3103:e577:390b:8122:d986:6f4b,4,4,0.00,57.59,0.00,SIN
2a06:98c1:310b:0:c00a:1ad0:3860:e76a,4,4,0.00,57.59,0.00,SIN
2a06:98c1:310e:c8:efc5:2f05:ab17:c2e,4,4,0.00,57.59,0.00,SIN
2400:cb00:2049::e68d:5e9:87fc,4,4,0.00,57.60,0.00,SIN
2a06:98c1:3101:f3af:743f:6ec:927c:fc8c,4,4,0.00,57.60,0.00,SIN
2a06:98c1:3107:0:83:c4b1:9964:cc4e,4,4,0.00,57.60,0.00,SIN
2a06:98c1:3108:0:4f76:de1b:c699:fa,4,4,0.00,57.60,0.00,SIN
2a06:98c1:310e:0:fa3c:beca:4233:79c0,4,4,0.00,57.60,0.00,SIN
2a06:98c1:3100:7d1b:8653:3c71:f7b8:e94e,4,4,0.00,57.60,0.00,SIN
2a06:98c1:310d:f04e:fb9e:143e:f0b9:c3a4,4,4,0.00,57.60,0.00,SIN
2a06:98c1:310b:f3:d05e:b438:aa4a:4237,4,4,0.00,57.60,0.00,SIN
2a06:98c1:50:4f1e:a47f:7470:5072:f560,4,4,0.00,57.60,0.00,SIN
2a06:98c1:50:4f1e:e868:e56f:981f:97ad,4,4,0.00,57.60,0.00,SIN
2a06:98c1:3109:e1:7bde:f25b:d17e:86b3,4,4,0.00,57.60,0.00,SIN
2a06:98c1:310c:5c:326e:19df:6219:394c,4,4,0.00,57.60,0.00,SIN
2a06:98c1:3101:f3af:ed6e:b6e:25cb:58d9,4,4,0.00,57.60,0.00,SIN
2803:f800:51::d896:ab6d,4,4,0.00,57.60,0.00,SIN
2a06:98c1:3107:90:17b7:db5e:f335:3818,4,4,0.00,57.60,0.00,SIN
2a06:98c1:3104:0:b63e:5c0b:ea85:e95d,4,4,0.00,57.60,0.00,SIN
2a06:98c1:310b:f3:d06a:4ab2:e642:a58c,4,4,0.00,57.60,0.00,SIN
2a06:98c1:310e:b8:e9a1:bf4b:56bf:1e67,4,4,0.00,57.60,0.00,SIN
2a06:98c1:310e:c949:6cd9:64b7:447b:7b9e,4,4,0.00,57.60,0.00,SIN
2a06:98c1:310c:eb:df51:35c6:b97:6d58,4,4,0.00,57.60,0.00,SIN
2a06:98c1:3109:0:1c72:8730:5771:2c4a,4,4,0.00,57.61,0.00,SIN
2a06:98c1:310b:0:d3:fc76:9524:b389,4,4,0.00,57.61,0.00,SIN
2a06:98c1:3100:e7:85ee:5a88:e836:89bd,4,4,0.00,57.61,0.00,SIN
2803:f800:50:f049:b256:d9ee:7db3:587f,4,4,0.00,57.61,0.00,SIN
2a06:98c1:50:0:913b:2e58:1dd5:be68,4,4,0.00,57.61,0.00,SIN
2a06:98c1:3104:64:5769:b41f:8375:464c,4,4,0.00,57.61,0.00,SIN
2400:cb00:2049:b200:61f6:21dc:4770:ac67,4,4,0.00,57.61,0.00,SIN
2a06:98c1:3103:7d22:28cd:a8d6:599c:dab6,4,4,0.00,57.61,0.00,SIN
2a06:98c1:51:aece:8ab9:c921:76bf:a17b,4,4,0.00,57.61,0.00,SIN
2a06:98c1:3102:ee60:d0fd:5134:c712:b663,4,4,0.00,57.61,0.00,SIN
2a06:98c1:3103:b862:c39:62a0:2db1:ce3d,4,4,0.00,57.61,0.00,SIN
2a06:98c1:310a:36:ec4b:6129:f3f:a3fe,4,4,0.00,57.61,0.00,SIN
2a06:98c1:310d:f04e:3b41:26e9:8c2e:6489,4,4,0.00,57.61,0.00,SIN
2a06:98c1:3100:7d1b:8653:3c71:f7a9:993f,4,4,0.00,57.61,0.00,SIN
2a06:98c1:3100:3525:6f42:7d8c:ad5:fe05,4,4,0.00,57.61,0.00,SIN
2400:cb00:2049:0:4bb4:3899:4875:fe2c,4,4,0.00,57.61,0.00,SIN
2a06:98c1:3108:759c:3a94:1737:973e:1bde,4,4,0.00,57.62,0.00,SIN
2a06:98c1:50:0:91b6:a91:7af7:e77,4,4,0.00,57.62,0.00,SIN
2a06:98c1:50:0:91b6:4a51:631a:2104,4,4,0.00,57.62,0.00,SIN
2a06:98c1:310c:14:4ae8:a2b0:d9be:a6b4,4,4,0.00,57.62,0.00,SIN
2a06:98c1:310b::fdf0:65a8:7df4,4,4,0.00,57.62,0.00,SIN
2a06:98c1:3104:0:b2:98a3:e0ea:73cd,4,4,0.00,57.62,0.00,SIN
2a06:98c1:3106:ca:5f98:8f2d:c:9361,4,4,0.00,57.62,0.00,SIN
2a06:98c1:3108::e2d4:89ea:729f,4,4,0.00,57.62,0.00,SIN
2a06:98c1:3100:7d40:8436:cb7e:b4e4:cbb4,4,4,0.00,57.62,0.00,SIN
2a06:98c1:50:74:9d4b:25b5:b3f5:31d4,4,4,0.00,57.62,0.00,SIN
2a06:98c1:50:0:c5:31ae:81f7:2380,4,4,0.00,57.62,0.00,SIN
2803:f800:51:731b:a962:b663:4e35:67d6,4,4,0.00,57.62,0.00,SIN
2a06:98c1:3100:0:c6c4:4e9f:4bbe:3403,4,4,0.00,57.62,0.00,SIN
2a06:98c1:3108:759c:3ab2:3497:37be:bfba,4,4,0.00,57.62,0.00,SIN
2a06:98c1:3107:90:d491:95ce:67f2:4dd2,4,4,0.00,57.62,0.00,SIN
2a06:98c1:310b:0:d3:fc76:9507:6dc7,4,4,0.00,57.62,0.00,SIN
2a06:98c1:3100:7d1b:1bd8:f024:5cd5:dfac,4,4,0.00,57.62,0.00,SIN
2a06:98c1:310d:f04e:d8a5:4fac:3af6:42cf,4,4,0.00,57.62,0.00,SIN
2a06:98c1:310d:e8:5e6a:d4f9:7fcc:23b1,4,4,0.00,57.62,0.00,SIN
2a06:98c1:310d:e8:5e6a:d4f9:fba9:44f6,4,4,0.00,57.62,0.00,SIN
2a06:98c1:310c:eb:df51:a1e6:ec0b:ace2,4,4,0.00,57.62,0.00,SIN
2a06:98c1:3101:f322:cb99:46e7:c260:e757,4,4,0.00,57.62,0.00,SIN
2a06:98c1:3106:86ad:af47:a38a:984e:f046,4,4,0.00,57.63,0.00,SIN
2a06:98c1:3103:e5b4:15bb:7866:d31:a5d7,4,4,0.00,57.63,0.00,SIN
2a06:98c1:3103:f1:bbb0:fc98:a533:97a7,4,4,0.00,57.63,0.00,SIN
2a06:98c1:310e:b8:e9a1:bf4b:56b5:5c44,4,4,0.00,57.63,0.00,SIN
2a06:98c1:3103::dbcd,4,4,0.00,57.63,0.00,SIN
2a06:98c1:50:0:bc76:b49e:27f0:a2e9,4,4,0.00,57.63,0.00,SIN
2a06:98c1:310d:e8:5e5b:dcad:232:2e0a,4,4,0.00,57.63,0.00,SIN
2a06:98c1:310b:0:365f:48e5:5b5b:b3c0,4,4,0.00,57.63,0.00,SIN
2a06:98c1:50:0:9164:fe7b:e0a5:83e5,4,4,0.00,57.63,0.00,SIN
2a06:98c1:3101:f322:d27:89e2:925b:66d2,4,4,0.00,57.63,0.00,SIN
2a06:98c1:3103:e5b4:ff7b:1332:d3bd:e3b2,4,4,0.00,57.63,0.00,SIN
2a06:98c1:3100:7d14:928b:cfef:b5de:ef07,4,4,0.00,57.63,0.00,SIN
2a06:98c1:3104:f9:af33:6e37:ea2d:3ead,4,4,0.00,57.63,0.00,SIN
2a06:98c1:3103:0:c0df:4f68:7821:230e,4,4,0.00,57.64,0.00,SIN
2a06:98c1:3103:b862:43f9:e1cd:82e9:2263,4,4,0.00,57.64,0.00,SIN
2a06:98c1:3103:b862:43f9:e1cd:4399:6db8,4,4,0.00,57.64,0.00,SIN
2803:f800:50:0:e77b:5193:599e:96f8,4,4,0.00,57.64,0.00,SIN
2a06:98c1:310e:c9e4:3469:9b32:a7ac:92f9,4,4,0.00,57.64,0.00,SIN
2a06:98c1:310c:eb:df51:354f:f5db:caeb,4,4,0.00,57.64,0.00,SIN
2a06:98c1:3104:64:5718:7cae:4f66:7cef,4,4,0.00,57.64,0.00,SIN
2a06:98c1:310b:6c:bd54:c644:109c:c3bd,4,4,0.00,57.64,0.00,SIN
2a06:98c1:3107:0:2e:6135:456f:924e,4,4,0.00,57.64,0.00,SIN
2a06:98c1:3104:8b:810b:39c8:c528:f6e0,4,4,0.00,57.64,0.00,SIN
2a06:98c1:310d:f04e:3b41:bdc5:6a47:9fb2,4,4,0.00,57.64,0.00,SIN
2a06:98c1:50:fd1d:6e03:cc22:3a9e:917c,4,4,0.00,57.65,0.00,SIN
2803:f800:51:676a:7da3:4b9b:ed4c:3597,4,4,0.00,57.65,0.00,SIN
2a06:98c1:310c:14:ee71:8de1:7bf6:44b1,4,4,0.00,57.65,0.00,SIN
2a06:98c1:310f:fa9f:7c29:48f:2669:49a,4,4,0.00,57.65,0.00,SIN
2a06:98c1:3105:85a9:8619:c473:512e:f7c0,4,4,0.00,57.65,0.00,SIN
2a06:98c1:310f:a8:42db:797d:9f0e:fdca,4,4,0.00,57.65,0.00,SIN
2803:f800:50:f049:b25c:894c:aa15:8914,4,4,0.00,57.65,0.00,SIN
2a06:98c1:51:ae55:2d83:1e5:75c9:1c91,4,4,0.00,57.65,0.00,SIN
2803:f800:50:85:4f13:814e:484:623e,4,4,0.00,57.65,0.00,SIN
2a06:98c1:310e:c98d:3c11:98bb:def6:e68d,4,4,0.00,57.65,0.00,SIN
2a06:98c1:3108:759c:201e:5ae:1dae:41f9,4,4,0.00,57.65,0.00,SIN
2a06:98c1:3107:aee4:c5bf:54a2:52d2:9c46,4,4,0.00,57.65,0.00,SIN
2a06:98c1:3104::8a:40ca:e378,4,4,0.00,57.65,0.00,SIN
2a06:98c1:310b:f3:dd17:ea51:e353:3df2,4,4,0.00,57.65,0.00,SIN
2a06:98c1:3103:f1:bbb0:fc98:a5fe:1a7b,4,4,0.00,57.65,0.00,SIN
2400:cb00:2049:b2a5:f128:165a:5488:2a6c,4,4,0.00,57.65,0.00,SIN
2a06:98c1:3103:b862:43f9:2e97:100:440b,4,4,0.00,57.66,0.00,SIN
2a06:98c1:310d:e8:5e5b:7b70:da1a:c058,4,4,0.00,57.66,0.00,SIN
2a06:98c1:310a:0:ed:73f8:92d8:3135,4,4,0.00,57.66,0.00,SIN
2803:f800:51:67e1:5adf:1acc:2bcc:37e6,4,4,0.00,57.66,0.00,SIN
2a06:98c1:3109::39:c730:47ad,4,4,0.00,57.66,0.00,SIN
2a06:98c1:50:0:913b:2e71:7b36:8908,4,4,0.00,57.66,0.00,SIN
2a06:98c1:3100:3525:6f42:a173:ac26:df6b,4,4,0.00,57.66,0.00,SIN
2a06:98c1:310b:0:77:9840:77d2:e243,4,4,0.00,57.66,0.00,SIN
2a06:98c1:310b:f3:d06a:e41d:5d25:6468,4,4,0.00,57.66,0.00,SIN
2a06:98c1:310d:f04e:3b65:1e25:612a:6ad4,4,4,0.00,57.66,0.00,SIN
2400:cb00:2049:b200:4824:aa5d:21b2:dc10,4,4,0.00,57.66,0.00,SIN
2400:cb00:2049:b2a5:f1b8:b9a6:5219:c55,4,4,0.00,57.66,0.00,SIN
2a06:98c1:3103:7d22:cedf:95b9:534a:3cc9,4,4,0.00,57.66,0.00,SIN
2a06:98c1:3103:97b3:e77:856d:1b40:8a3d,4,4,0.00,57.66,0.00,SIN
2a06:98c1:3103:7d22:cecd:8c46:2e2:6e5e,4,4,0.00,57.66,0.00,SIN
2a06:98c1:3103:e577:343b:1be3:43f9:ce46,4,4,0.00,57.66,0.00,SIN
2a06:98c1:3106:ca:234c:5377:ba4d:1800,4,4,0.00,57.67,0.00,SIN
2a06:98c1:3108:3a23:83e0:65f0:4831:135d,4,4,0.00,57.67,0.00,SIN
2a06:98c1:3108:3a6e:9ac2:936e:49f9:11fe,4,4,0.00,57.67,0.00,SIN
2a06:98c1:51:ae55:2d83:8e75:37f5:5bb9,4,4,0.00,57.67,0.00,SIN
2400:cb00:2049:b2a5:17dd:e969:d0a6:4a5d,4,4,0.00,57.67,0.00,SIN
2a06:98c1:3100:0:c6c4:afcf:65ac:153f,4,4,0.00,57.67,0.00,SIN
2a06:98c1:310b:f3:d042:d609:b8b4:b8d1,4,4,0.00,57.67,0.00,SIN
2a06:98c1:3102:ee60:d0a9:f9c6:67b0:b80,4,4,0.00,57.68,0.00,SIN
2a06:98c1:3103:e577:397b:edd:cc75:150c,4,4,0.00,57.68,0.00,SIN
2400:cb00:2049:2929:9ec7:14fb:3a1:dc45,4,4,0.00,57.68,0.00,SIN
2a06:98c1:3103:c627:2788:4337:c1ac:469b,4,4,0.00,57.68,0.00,SIN
2a06:98c1:310a:8d:d456:caad:5abf:bc14,4,4,0.00,57.68,0.00,SIN
2a06:98c1:3100:e7:ce3b:8dc3:ad6:dfc5,4,4,0.00,57.68,0.00,SIN
2a06:98c1:50:0:913b:f25e:60c7:fe96,4,4,0.00,57.68,0.00,SIN
2a06:98c1:50:0:913b:f25e:6015:b96e,4,4,0.00,57.68,0.00,SIN
2a06:98c1:3103:0:c08f:b439:ab41:e678,4,4,0.00,57.68,0.00,SIN
2a06:98c1:3104:f9:2dc4:ed2:1025:e67a,4,4,0.00,57.68,0.00,SIN
2a06:98c1:3100:7d1b:1b81:8bd7:81a2:e90e,4,4,0.00,57.68,0.00,SIN
2a06:98c1:3103:e5b4:15d8:a887:eedb:135,4,4,0.00,57.68,0.00,SIN
2400:cb00:2049:ab:1e85:de09:974b:f98,4,4,0.00,57.68,0.00,SIN
2a06:98c1:50:4f1e:20be:20d9:189f:ca06,4,4,0.00,57.68,0.00,SIN
2a06:98c1:310c:14:4a8e:e657:5e7b:2975,4,4,0.00,57.68,0.00,SIN
2a06:98c1:3104:cef7:cd60:de93:301c:371b,4,4,0.00,57.68,0.00,SIN
2a06:98c1:3106:ca:239a:b817:700a:d61f,4,4,0.00,57.68,0.00,SIN
2a06:98c1:50:6b31:c8ea:1419:c02:67de,4,4,0.00,57.69,0.00,SIN
2400:cb00:2049:29e6:f2be:b29e:de08:dce8,4,4,0.00,57.69,0.00,SIN
2a06:98c1:3107:0:7e64:2be3:cbc2:8440,4,4,0.00,57.69,0.00,SIN
2a06:98c1:310a:0:ed:736f:1bf7:fcf4,4,4,0.00,57.69,0.00,SIN
2a06:98c1:51:ae55:2d83:1aa:77ae:ab32,4,4,0.00,57.69,0.00,SIN
2a06:98c1:3107:ae97:18a9:8fd7:f971:86e6,4,4,0.00,57.69,0.00,SIN
2a06:98c1:3104::d4ac:9448:448c,4,4,0.00,57.69,0.00,SIN
2a06:98c1:3109:0:84:23be:d774:80a4,4,4,0.00,57.69,0.00,SIN
2a06:98c1:310b:f3:fe68:5445:d1b3:2bd4,4,4,0.00,57.69,0.00,SIN
2a06:98c1:3103:0:c0df:4f02:50ab:a009,4,4,0.00,57.69,0.00,SIN
2a06:98c1:310b:7e91:95df:3b4:8d8e:5ac3,4,4,0.00,57.69,0.00,SIN
2a06:98c1:310b:7e91:95df:3b4:a782:d13a,4,4,0.00,57.69,0.00,SIN
2a06:98c1:51:aece:50a:b9f7:ce05:d57e,4,4,0.00,57.69,0.00,SIN
2a06:98c1:3104:64:5718:7cae:6b27:ad23,4,4,0.00,57.69,0.00,SIN
2a06:98c1:3100:0:63:6916:74aa:2a29,4,4,0.00,57.69,0.00,SIN
2a06:98c1:310c:0:78:4fef:3192:fcd5,4,4,0.00,57.69,0.00,SIN
2a06:98c1:3102:4e68:6d60:ef99:1ab7:c676,4,4,0.00,57.70,0.00,SIN
2a06:98c1:3100:0:9f:5b4e:643:be16,4,4,0.00,57.70,0.00,SIN
2a06:98c1:3104:f9:2dc4:34fd:5ce9:f1e9,4,4,0.00,57.70,0.00,SIN
2a06:98c1:3106:86ad:af47:a38a:6861:e642,4,4,0.00,57.70,0.00,SIN
2a06:98c1:3106:86ad:af47:a38a:68f4:6ed9,4,4,0.00,57.70,0.00,SIN
2a06:98c1:3103:7d22:28cd:a8d6:3231:981a,4,4,0.00,57.70,0.00,SIN
2400:cb00:2049:29e6:1c9b:17d8:2c21:ac54,4,4,0.00,57.70,0.00,SIN
2a06:98c1:3107:ae51:4248:3799:34cf:762f,4,4,0.00,57.70,0.00,SIN
2a06:98c1:310e:c8:5d12:96ad:a6e6:8c41,4,4,0.00,57.70,0.00,SIN
2a06:98c1:3106:0:98:1d14:68fc:1d41,4,4,0.00,57.70,0.00,SIN
2a06:98c1:3104:64:ca50:b47a:4db0:5e9c,4,4,0.00,57.71,0.00,SIN
2a06:98c1:50:6b31:c13e:1f65:4279:fb1a,4,4,0.00,57.71,0.00,SIN
2803:f800:50:f049:b339:935d:10b9:f3df,4,4,0.00,57.71,0.00,SIN
2a06:98c1:50:4f1e:a4a0:cd46:3f57:886c,4,4,0.00,57.71,0.00,SIN
2a06:98c1:310c:eb:dfaa:f984:5256:1bb9,4,4,0.00,57.71,0.00,SIN
2a06:98c1:310c:eb:dfaa:f984:b2ee:b89b,4,4,0.00,57.71,0.00,SIN
2a06:98c1:3103:b862:4302:a7e6:a5f5:9f2b,4,4,0.00,57.71,0.00,SIN
2a06:98c1:3108:759c:201e:7a8c:cd15:33b,4,4,0.00,57.71,0.00,SIN
2a06:98c1:310a:0:ed:736f:a412:6a0c,4,4,0.00,57.71,0.00,SIN
2a06:98c1:51:aece:5ff:85ca:657d:74df,4,4,0.00,57.71,0.00,SIN
2a06:98c1:310e:c8:5dc2:1e3b:fbcd:e5f8,4,4,0.00,57.71,0.00,SIN
2a06:98c1:310b:6c:bd54:f4a3:8b85:6d7b,4,4,0.00,57.71,0.00,SIN
2a06:98c1:3103:e5b4:1543:a75f:e97c:d6d3,4,4,0.00,57.71,0.00,SIN
2803:f800:50:f049:b339:1002:737c:ad73,4,4,0.00,57.71,0.00,SIN
2400:cb00:2049::f2:2e77:4d3e,4,4,0.00,57.71,0.00,SIN
2a06:98c1:3100:7d1b:8653:2d5f:c639:42f0,4,4,0.00,57.71,0.00,SIN
2400:cb00:2049:ab:1e85:e506:397b:ebd0,4,4,0.00,57.71,0.00,SIN
2a06:98c1:310c:14:ee71:1de:afbb:84ce,4,4,0.00,57.71,0.00,SIN
2a06:98c1:3103:18fc:3e2e:2bd3:3add:c959,4,4,0.00,57.72,0.00,SIN
2a06:98c1:3104:deb8:dccc:e6ad:f2c4:f915,4,4,0.00,57.72,0.00,SIN
2a06:98c1:3107:b7b8:a084:4742:91a0:8c4,4,4,0.00,57.72,0.00,SIN
2a06:98c1:3103:0:c08f:b404:b139:c881,4,4,0.00,57.72,0.00,SIN
2a06:98c1:310c:5c:7ede:65d:5929:f261,4,4,0.00,57.72,0.00,SIN
2a06:98c1:310b:f3:d05e:55e4:f29e:31f1,4,4,0.00,57.72,0.00,SIN
2a06:98c1:310e:0:e2:581e:8e48:4794,4,4,0.00,57.72,0.00,SIN
2a06:98c1:310f:0:d01d:fa57:2d0b:86db,4,4,0.00,57.72,0.00,SIN
2a06:98c1:3103:183b:c03a:c510:1b4f:383b,4,4,0.00,57.72,0.00,SIN
2a06:98c1:3101:0:9ae7:e459:a2bc:eb08,4,4,0.00,57.72,0.00,SIN
2a06:98c1:3105:854d:432c:a0f6:f647:262a,4,4,0.00,57.72,0.00,SIN
2a06:98c1:310d:0:c94:c2ca:ed6b:a2cc,4,4,0.00,57.72,0.00,SIN
2a06:98c1:3107:0:7edf:bf41:7c4d:1dd,4,4,0.00,57.72,0.00,SIN
2a06:98c1:3103:b862:43a3:9e05:bd6a:fb59,4,4,0.00,57.73,0.00,SIN
2a06:98c1:310c:0:7f3e:2d87:34f7:df46,4,4,0.00,57.73,0.00,SIN
2a06:98c1:3103:9728:ba04:6e65:3d77:670d,4,4,0.00,57.73,0.00,SIN
2a06:98c1:310d:f04e:a54f:391a:c4ac:6c64,4,4,0.00,57.73,0.00,SIN
2a06:98c1:3107:0:83:c4b1:99f4:6545,4,4,0.00,57.73,0.00,SIN
2803:f800:50:f049:b339:93d3:7729:6ad6,4,4,0.00,57.73,0.00,SIN
2400:cb00:2049:ab:1e85:28d5:61f4:d12d,4,4,0.00,57.73,0.00,SIN
2a06:98c1:3107:0:83:a9cf:5ce3:9142,4,4,0.00,57.73,0.00,SIN
2a06:98c1:3105:854d:3bb1:d10b:25c5:9223,4,4,0.00,57.73,0.00,SIN
2a06:98c1:310d:f04e:3b41:bdc5:6aba:71cd,4,4,0.00,57.73,0.00,SIN
2a06:98c1:310e:c949:6cd9:64b7:440b:e7e7,4,4,0.00,57.73,0.00,SIN
2a06:98c1:310b:0:c00a:6802:d4a5:113,4,4,0.00,57.73,0.00,SIN
2a06:98c1:3103:7d22:cedf:95b9:537b:ae47,4,4,0.00,57.73,0.00,SIN
2400:cb00:2049::e600:18a6:a9dc,4,4,0.00,57.74,0.00,SIN
2a06:98c1:3103:183b:c03a:c59c:a6c8:7d80,4,4,0.00,57.74,0.00,SIN
2a06:98c1:3104::d4f7:5ea2:43f0,4,4,0.00,57.74,0.00,SIN
2a06:98c1:3103:c627:2788:4372:f6fd:ce6a,4,4,0.00,57.74,0.00,SIN
2a06:98c1:310b:f3:d05e:b4cb:3128:dd7f,4,4,0.00,57.74,0.00,SIN
2803:f800:51:731b:a90e:31c1:23c8:925c,4,4,0.00,57.74,0.00,SIN
2a06:98c1:3109:e1:12e9:3ad3:2337:deb1,4,4,0.00,57.74,0.00,SIN
2803:f800:50:85:28ac:a636:f315:d728,4,4,0.00,57.74,0.00,SIN
2a06:98c1:3103:9715:120b:ae9e:ad1b:414c,4,4,0.00,57.74,0.00,SIN
2a06:98c1:310d:0:cd8:2b79:3f4c:6a0a,4,4,0.00,57.74,0.00,SIN
2a06:98c1:3104:f9:2d16:5068:91c2:7123,4,4,0.00,57.74,0.00,SIN
2a06:98c1:50:0:91b6:4a51:132b:74c5,4,4,0.00,57.74,0.00,SIN
2400:cb00:2049:b200:61f6:e75a:a267:d1d4,4,4,0.00,57.74,0.00,SIN
2a06:98c1:310d:e8:5e16:661c:fb30:60f0,4,4,0.00,57.74,0.00,SIN
2a06:98c1:50:6b31:9760:3425:9058:dcf0,4,4,0.00,57.74,0.00,SIN
2a06:98c1:310e:0:fa3c:21a6:5f40:cb24,4,4,0.00,57.74,0.00,SIN
2a06:98c1:3104:cef7:5430:861b:3618:be3,4,4,0.00,57.74,0.00,SIN
2a06:98c1:3103:e577:34eb:bd61:2bdb:64e0,4,4,0.00,57.75,0.00,SIN
2a06:98c1:3103:e577:34eb:bda6:9ce7:5d6b,4,4,0.00,57.75,0.00,SIN
2400:cb00:2049:ab:fd08:708d:cd4d:e8e5,4,4,0.00,57.75,0.00,SIN
2a06:98c1:3101:f3af:743f:d710:bd62:3450,4,4,0.00,57.75,0.00,SIN
2a06:98c1:3101:f3af:743f:d710:bd9d:ad2a,4,4,0.00,57.75,0.00,SIN
2a06:98c1:3100::d9ca:704e:8f09,4,4,0.00,57.75,0.00,SIN
2a06:98c1:310b:f3:d05e:b43f:7b08:134b,4,4,0.00,57.75,0.00,SIN
2a06:98c1:310d:f04e:fb9e:84cd:fe41:397d,4,4,0.00,57.75,0.00,SIN
2a06:98c1:3104:0:b63e:a8fd:d164:f60e,4,4,0.00,57.75,0.00,SIN
2a06:98c1:3104:8b:81e2:dfbb:8d7:eedd,4,4,0.00,57.76,0.00,SIN
2400:cb00:2049:2929:9ec7:1435:2d40:6bc6,4,4,0.00,57.76,0.00,SIN
2a06:98c1:3107:aee4:6f92:2fa7:2fea:d29d,4,4,0.00,57.76,0.00,SIN
2a06:98c1:3109:0:84:23d2:f695:a7ae,4,4,0.00,57.76,0.00,SIN
2a06:98c1:3103:c627:2788:4337:c1eb:9674,4,4,0.00,57.76,0.00,SIN
2a06:98c1:3109:8481:d220:8e94:3501:2dde,4,4,0.00,57.76,0.00,SIN
2a06:98c1:51:0:e5:14df:eaf8:46ce,4,4,0.00,57.76,0.00,SIN
2803:f800:50:f049:b256:e85d:3289:5323,4,4,0.00,57.76,0.00,SIN
2a06:98c1:3101:f322:d27:8920:d205:b297,4,4,0.00,57.76,0.00,SIN
2a06:98c1:3108:7568:417d:5a39:128f:c362,4,4,0.00,57.76,0.00,SIN
2a06:98c1:3109:0:1c72:87a4:4547:fb5c,4,4,0.00,57.76,0.00,SIN
2a06:98c1:3100:0:9f:6331:1c11:5cc6,4,4,0.00,57.76,0.00,SIN
2a06:98c1:3105:0:53ff:16dd:69ba:cbb1,4,4,0.00,57.76,0.00,SIN
2803:f800:51:731b:a90e:5ec2:48e9:db60,4,4,0.00,57.76,0.00,SIN
2803:f800:51:731b:a90e:5efc:4160:bcd8,4,4,0.00,57.76,0.00,SIN
2a06:98c1:50:fd1d:997c:f8c4:438d:69a7,4,4,0.00,57.76,0.00,SIN
2a06:98c1:3103:9728:f49b:9a54:e921:55f9,4,4,0.00,57.76,0.00,SIN
2a06:98c1:3103:9728:f49b:9aea:6a2f:5792,4,4,0.00,57.76,0.00,SIN
2a06:98c1:3100:7d14:928b:cf10:eba4:cc43,4,4,0.00,57.76,0.00,SIN
2a06:98c1:3106:86ad:f6f1:40cb:7e8a:274c,4,4,0.00,57.76,0.00,SIN
2a06:98c1:3103:b862:c39:623d:b3d3:59f5,4,4,0.00,57.76,0.00,SIN
2a06:98c1:50:6b31:c1cf:56b3:2246:9e9d,4,4,0.00,57.77,0.00,SIN
2a06:98c1:50:6b31:c14f:ab6d:fe4e:3296,4,4,0.00,57.77,0.00,SIN
2a06:98c1:50:fd1d:4d65:ddd4:b575:a287,4,4,0.00,57.77,0.00,SIN
2a06:98c1:51:aece:29f1:f6e4:b996:719e,4,4,0.00,57.77,0.00,SIN
2a06:98c1:310a:8d:d428:e07c:fcef:484b,4,4,0.00,57.77,0.00,SIN
2a06:98c1:310e:8876:a784:8be8:789b:95f6,4,4,0.00,57.77,0.00,SIN
2a06:98c1:3106:ca:239a:b89b:2fb5:cc39,4,4,0.00,57.77,0.00,SIN
2a06:98c1:310e:c9e4:3469:9b32:a7a4:79e2,4,4,0.00,57.77,0.00,SIN
2400:cb00:2049:b2a5:1700:77e3:9a76:78e0,4,4,0.00,57.77,0.00,SIN
2a06:98c1:310d:0:c94:6da9:72e3:31bf,4,4,0.00,57.77,0.00,SIN
2a06:98c1:51:ae55:2d83:743c:605b:92d6,4,4,0.00,57.77,0.00,SIN
2a06:98c1:3107:b7b8:a084:33cf:7680:5a1c,4,4,0.00,57.77,0.00,SIN
2a06:98c1:50:0:913b:c7a:be55:f94a,4,4,0.00,57.77,0.00,SIN
2a06:98c1:310a:17:1ad8:c88d:3660:ed5,4,4,0.00,57.77,0.00,SIN
2a06:98c1:3104:ce0b:a2ff:738e:5bd3:43d8,4,4,0.00,57.77,0.00,SIN
2a06:98c1:310c:0:78:2b5a:1508:cff4,4,4,0.00,57.77,0.00,SIN
2a06:98c1:3109::9d39:a01a:4b7d,4,4,0.00,57.78,0.00,SIN
2a06:98c1:3107::4994:5af0:58f0,4,4,0.00,57.78,0.00,SIN
2a06:98c1:3103:c627:278b:fd:74d8:2915,4,4,0.00,57.78,0.00,SIN
2a06:98c1:3106:8688:f648:e977:5d0d:1d4a,4,4,0.00,57.78,0.00,SIN
2a06:98c1:310c:14:ee71:1ceb:d226:98c2,4,4,0.00,57.78,0.00,SIN
2400:cb00:2049:29e6:f2be:b6e6:ac51:ded7,4,4,0.00,57.78,0.00,SIN
2a06:98c1:3108:759c:209e:372e:c033:677,4,4,0.00,57.78,0.00,SIN
2a06:98c1:310f:0:d01d:6f28:26c3:bdc5,4,4,0.00,57.78,0.00,SIN
2a06:98c1:3109:e1:12f5:fe62:81d6:e0a4,4,4,0.00,57.78,0.00,SIN
2803:f800:51:73fa:bf2e:650e:9743:80ac,4,4,0.00,57.78,0.00,SIN
2a06:98c1:310e:883d:c991:dbba:adc1:ea11,4,4,0.00,57.78,0.00,SIN
2a06:98c1:3103:0:9e:a6c1:f4bf:b46d,4,4,0.00,57.78,0.00,SIN
2a06:98c1:310b:f3:dd17:3e8b:e78e:8b3d,4,4,0.00,57.79,0.00,SIN
2a06:98c1:3102:ee60:d044:ca76:5333:b5e0,4,4,0.00,57.79,0.00,SIN
2a06:98c1:3103:9728:f443:70ab:1a32:5bd4,4,4,0.00,57.79,0.00,SIN
2a06:98c1:3103:b862:43a3:9e05:58b5:1,4,4,0.00,57.79,0.00,SIN
2a06:98c1:310e:c949:c27:3a64:9a92:b4e,4,4,0.00,57.79,0.00,SIN
2a06:98c1:3103:e577:397b:edc:11f2:7e9b,4,4,0.00,57.79,0.00,SIN
2a06:98c1:3101:f322:2869:e9e4:3e14:e497,4,4,0.00,57.79,0.00,SIN
2a06:98c1:3103:9728:f443:7094:693:f5ca,4,4,0.00,57.79,0.00,SIN
2a06:98c1:3100:3525:6fa9:f01e:82a6:7efc,4,4,0.00,57.79,0.00,SIN
2a06:98c1:50:fd1d:4ce6:fed1:3c1a:1ee3,4,4,0.00,57.79,0.00,SIN
2a06:98c1:3102:ee60:d044:750c:c766:50ea,4,4,0.00,57.79,0.00,SIN
2a06:98c1:3108:7568:4178:746b:d9bc:968a,4,4,0.00,57.79,0.00,SIN
2a06:98c1:3103:7d22:cecd:f361:880f:e351,4,4,0.00,57.79,0.00,SIN
2a06:98c1:3107:ae51:4248:9526:7f5:59a4,4,4,0.00,57.80,0.00,SIN
2a06:98c1:3101:f322:d27:8920:7d3c:32f2,4,4,0.00,57.80,0.00,SIN
2a06:98c1:3106:8688:7dad:bd5d:8e89:cb2d,4,4,0.00,57.80,0.00,SIN
2a06:98c1:50:4fa8:58f3:f10f:6f05:efb6,4,4,0.00,57.80,0.00,SIN
2a06:98c1:3104:64:caa1:af95:d87f:d56b,4,4,0.00,57.80,0.00,SIN
2a06:98c1:3100:7d14:928b:cf10:377e:f43f,4,4,0.00,57.80,0.00,SIN
2a06:98c1:3108:0:f9c7:49fa:659:4479,4,4,0.00,57.80,0.00,SIN
2a06:98c1:3100:3525:6fa9:f01e:40e4:3164,4,4,0.00,57.80,0.00,SIN
2a06:98c1:51:ae55:a453:5b05:b2d3:6658,4,4,0.00,57.80,0.00,SIN
2a06:98c1:3103:9728:f49b:cb7e:d348:488b,4,4,0.00,57.80,0.00,SIN
2400:cb00:2049:b200:6167:fb9a:2279:9e77,4,4,0.00,57.80,0.00,SIN
2a06:98c1:310d:e8:5e6a:274f:3ecc:426d,4,4,0.00,57.80,0.00,SIN
2a06:98c1:3105:854d:eede:2e9e:20fb:1c39,4,4,0.00,57.80,0.00,SIN
2a06:98c1:3109:84ab:6179:daf1:4d73:f32a,4,4,0.00,57.80,0.00,SIN
2a06:98c1:51:aece:fd54:cc39:57d9:ead0,4,4,0.00,57.80,0.00,SIN
2a06:98c1:310a:ca56:cd07:8e31:2122:1087,4,4,0.00,57.80,0.00,SIN
2a06:98c1:3108:0:f9fd:dd58:400c:32c2,4,4,0.00,57.80,0.00,SIN
2a06:98c1:3104:0:b2:93ba:2cfc:a629,4,4,0.00,57.81,0.00,SIN
2803:f800:51:379b:e50c:aa5:697c:a021,4,4,0.00,57.81,0.00,SIN
2a06:98c1:50:6b31:c8ea:7bd0:867f:595d,4,4,0.00,57.81,0.00,SIN
2a06:98c1:3100:7d40:b2bd:4bd8:1a71:4f33,4,4,0.00,57.81,0.00,SIN
2a06:98c1:310b:c4:7f1f:d598:47bc:71c5,4,4,0.00,57.81,0.00,SIN
2a06:98c1:3106:0:227b:60c8:d7fe:9c5d,4,4,0.00,57.81,0.00,SIN
2a06:98c1:310a:8d:d456:caa3:ea11:5ea9,4,4,0.00,57.81,0.00,SIN
2a06:98c1:3101:f3af:743f:d710:594f:2781,4,4,0.00,57.81,0.00,SIN
2a06:98c1:50:0:bcf0:d1e0:6d88:55d8,4,4,0.00,57.81,0.00,SIN
2a06:98c1:3104:0:7:6d3e:4a14:428c,4,4,0.00,57.81,0.00,SIN
2a06:98c1:3107:ae97:189f:caef:6990:e8e6,4,4,0.00,57.81,0.00,SIN
2a06:98c1:3102:0:de:a8bf:df29:e003,4,4,0.00,57.81,0.00,SIN
2a06:98c1:3106:ca:5f84:ce4b:9999:b50f,4,4,0.00,57.81,0.00,SIN
2a06:98c1:310a:17:1a6b:4aa2:f054:6c76,4,4,0.00,57.81,0.00,SIN
2a06:98c1:310b:0:c190:d4f6:dd2a:e29f,4,4,0.00,57.81,0.00,SIN
2a06:98c1:310e:0:e2:581e:d26d:cf78,4,4,0.00,57.81,0.00,SIN
2a06:98c1:3106:8688:7dad:bd90:1793:e50c,4,4,0.00,57.81,0.00,SIN
2a06:98c1:3103:183b:c02e:3e49:8866:7c74,4,4,0.00,57.81,0.00,SIN
2a06:98c1:310b:c4:7f1f:74ae:d014:624,4,4,0.00,57.81,0.00,SIN
2a06:98c1:310b:c4:7f0f:e387:e9cf:1be2,4,4,0.00,57.81,0.00,SIN
2a06:98c1:51:aece:fd54:ccee:b0be:c3bb,4,4,0.00,57.81,0.00,SIN
2a06:98c1:3109:84ab:6179:1dc7:d6b9:2e79,4,4,0.00,57.81,0.00,SIN
2a06:98c1:3105:0:53da:7140:28a1:e472,4,4,0.00,57.81,0.00,SIN
2a06:98c1:310d:f04e:a59a:9187:93d0:d8a2,4,4,0.00,57.82,0.00,SIN
2a06:98c1:3106:ca:234c:b345:220:f828,4,4,0.00,57.82,0.00,SIN
2a06:98c1:3103:c627:c645:8884:551b:364c,4,4,0.00,57.82,0.00,SIN
2a06:98c1:3106:8688:7dad:3189:574b:75d8,4,4,0.00,57.82,0.00,SIN
2a06:98c1:3102:ee60:d0a9:96f9:2299:71b8,4,4,0.00,57.82,0.00,SIN
2a06:98c1:310b:7e91:9501:3fe4:b85e:a513,4,4,0.00,57.82,0.00,SIN
2a06:98c1:3103:7d22:28cd:a8f6:957e:66b,4,4,0.00,57.82,0.00,SIN
2a06:98c1:3104:8b:a44f:5a85:9a6d:c302,4,4,0.00,57.82,0.00,SIN
2a06:98c1:3103:f1:8755:a34c:fea4:4e61,4,4,0.00,57.82,0.00,SIN
2a06:98c1:3102:ee60:1104:b62:bf6:9fd4,4,4,0.00,57.82,0.00,SIN
2a06:98c1:310b:0:c00a:9691:9610:424a,4,4,0.00,57.83,0.00,SIN
2a06:98c1:3103:18fc:3e06:ade3:19cc:19ee,4,4,0.00,57.83,0.00,SIN
2a06:98c1:310e:c9e4:3469:9bd7:e37a:5fd9,4,4,0.00,57.83,0.00,SIN
2a06:98c1:3106:ca:5f84:775c:c783:4a0d,4,4,0.00,57.83,0.00,SIN
2a06:98c1:51:aece:5ff:4436:ebd8:575d,4,4,0.00,57.83,0.00,SIN
2400:cb00:2049:2929:4609:abbe:6d37:96e9,4,4,0.00,57.83,0.00,SIN
2400:cb00:2049:ab:1e85:f39a:fbd:17a0,4,4,0.00,57.83,0.00,SIN
2a06:98c1:3107:ae97:429e:4f91:76a3:8416,4,4,0.00,57.83,0.00,SIN
2a06:98c1:310c:14:1c83:3858:15f9:c8f6,4,4,0.00,57.83,0.00,SIN
2400:cb00:2049:29e6:1ce4:ae7b:7501:5ae5,4,4,0.00,57.84,0.00,SIN
2a06:98c1:310d::97:6585:4cc6,4,4,0.00,57.84,0.00,SIN
2a06:98c1:3107:aee4:c37e:e177:a4a0:27c3,4,4,0.00,57.84,0.00,SIN
2a06:98c1:310b:0:c00a:9691:cd6e:af83,4,4,0.00,57.84,0.00,SIN
2a06:98c1:310e:c9e4:2170:1f48:674d:87a5,4,4,0.00,57.84,0.00,SIN
2803:f800:50:f049:b256:22be:e394:6b7f,4,4,0.00,57.84,0.00,SIN
2a06:98c1:310e:c9e4:2170:3ae:c742:3481,4,4,0.00,57.84,0.00,SIN
2400:cb00:2049:82:3cb6:f92b:f2b7:a49e,4,4,0.00,57.84,0.00,SIN
2400:cb00:2049:2978:3861:fe16:1687:deee,4,4,0.00,57.84,0.00,SIN
2a06:98c1:310c:d4:309e:cbea:c799:84eb,4,4,0.00,57.84,0.00,SIN
2a06:98c1:3106:8688:7dad:bd4b:25e:57f0,4,4,0.00,57.84,0.00,SIN
2400:cb00:2049:2929:9e06:b17f:20e7:e05c,4,4,0.00,57.84,0.00,SIN
2a06:98c1:310e:0:e2:58ef:a913:e65,4,4,0.00,57.84,0.00,SIN
2a06:98c1:310c:0:7fca:ea95:d8c4:b18a,4,4,0.00,57.84,0.00,SIN
2a06:98c1:3103:e577:397b:e10:306:b73b,4,4,0.00,57.85,0.00,SIN
2a06:98c1:50:6b31:c14f:ab6d:cebc:1786,4,4,0.00,57.85,0.00,SIN
2a06:98c1:310e:c949:6c24:f1bb:4b85:74b9,4,4,0.00,57.85,0.00,SIN
2a06:98c1:3105::9fc2:a95f:ac19,4,4,0.00,57.85,0.00,SIN
2a06:98c1:3103:e5b4:15d8:a887:ee77:e8fc,4,4,0.00,57.85,0.00,SIN
2a06:98c1:3103::4f69:1059:19b,4,4,0.00,57.85,0.00,SIN
2a06:98c1:3107:aee4:c3f3:71:60ac:412,4,4,0.00,57.85,0.00,SIN
2a06:98c1:310f:a8:b4d2:1750:175e:f76f,4,4,0.00,57.85,0.00,SIN
2a06:98c1:310e:c8:efc5:25a8:4e07:ed77,4,4,0.00,57.85,0.00,SIN
2a06:98c1:310b:c4:7f0f:2f14:5477:d346,4,4,0.00,57.85,0.00,SIN
2a06:98c1:3108:759c:3a94:bd45:1830:bff6,4,4,0.00,57.85,0.00,SIN
2803:f800:51:0:3a:66d8:9139:f329,4,4,0.00,57.85,0.00,SIN
2a06:98c1:3104:cef7:cd54:4807:5d2c:74bc,4,4,0.00,57.85,0.00,SIN
2a06:98c1:3100:3525:ba2b:8013:1422:eeb7,4,4,0.00,57.85,0.00,SIN
2400:cb00:2049:2929:9ec7:14fb:f7e1:f55a,4,4,0.00,57.85,0.00,SIN
2a06:98c1:3103:18fc:3e06:baaf:7e6e:fdbb,4,4,0.00,57.85,0.00,SIN
2a06:98c1:3100:7ded:e0e1:36e6:35e2:848f,4,4,0.00,57.85,0.00,SIN
2a06:98c1:3103:b862:43f9:2e97:e3e4:890d,4,4,0.00,57.86,0.00,SIN
2400:cb00:2049:29e6:88da:290c:7222:4c70,4,4,0.00,57.86,0.00,SIN
2a06:98c1:3103:e5b4:15bb:c6c0:405c:7b5e,4,4,0.00,57.86,0.00,SIN
2a06:98c1:3107:aee4:c5bf:2154:ad76:52a5,4,4,0.00,57.86,0.00,SIN
2a06:98c1:51:aece:5ff:4436:eb32:236b,4,4,0.00,57.86,0.00,SIN
2a06:98c1:50:4f1e:205c:b918:73e3:d40b,4,4,0.00,57.86,0.00,SIN
2a06:98c1:3106:0:98:75a:9fcd:3a8d,4,4,0.00,57.86,0.00,SIN
2a06:98c1:50:fd1d:4ce6:fefb:3348:e870,4,4,0.00,57.86,0.00,SIN
2a06:98c1:51:aece:50a:d0aa:55e0:76ba,4,4,0.00,57.86,0.00,SIN
2a06:98c1:50:0:915e:78f3:ee2a:abc8,4,4,0.00,57.86,0.00,SIN
2400:cb00:2049:0:4b2a:3159:7a4b:4001,4,4,0.00,57.86,0.00,SIN
2a06:98c1:310c:0:7fca:79f:d552:9f8d,4,4,0.00,57.86,0.00,SIN
2a06:98c1:3106:ca:1748:6f2f:803b:c34f,4,4,0.00,57.86,0.00,SIN
2a06:98c1:3109:84ab:6113:e8a3:3059:e40f,4,4,0.00,57.87,0.00,SIN
2803:f800:50:85:2838:d52f:fa19:3d96,4,4,0.00,57.87,0.00,SIN
2400:cb00:2049::7f19:5974:485f,4,4,0.00,57.87,0.00,SIN
2a06:98c1:310f:fa9f:7c29:e20b:3e57:5367,4,4,0.00,57.87,0.00,SIN
2a06:98c1:51:aece:8ab9:c921:faba:f01f,4,4,0.00,57.87,0.00,SIN
2a06:98c1:3107:b7b8:a084:ec:3559:7dbd,4,4,0.00,57.87,0.00,SIN
2a06:98c1:3105:85a9:8619:c452:5305:221b,4,4,0.00,57.87,0.00,SIN
2a06:98c1:51:0:e5bd:357d:8267:a0ef,4,4,0.00,57.87,0.00,SIN
2400:cb00:2049:b2a5:f128:a95c:6230:693,4,4,0.00,57.87,0.00,SIN
2400:cb00:2049:b200:61f6:9ecd:7925:9638,4,4,0.00,57.87,0.00,SIN
2a06:98c1:3107:aee4:4f1e:9662:87e:3549,4,4,0.00,57.87,0.00,SIN
2a06:98c1:3104:f9:2d16:48aa:afd3:da9b,4,4,0.00,57.87,0.00,SIN
2a06:98c1:3104:f9:2d16:4825:c66a:f39b,4,4,0.00,57.87,0.00,SIN
2a06:98c1:51:0:e5:14df:ea3c:4ee2,4,4,0.00,57.87,0.00,SIN
2a06:98c1:3104:8b:810b:9c4e:872d:fe6e,4,4,0.00,57.87,0.00,SIN
2a06:98c1:50:6b76:649c:a419:5671:840,4,4,0.00,57.87,0.00,SIN
2a06:98c1:3109:e1:dbc7:83d3:c6e0:48aa,4,4,0.00,57.87,0.00,SIN
2a06:98c1:3103:e577:2f2e:28:79a9:fd05,4,4,0.00,57.88,0.00,SIN
2a06:98c1:310d:f04e:a59a:9187:afd4:4d1a,4,4,0.00,57.88,0.00,SIN
2a06:98c1:50:0:c5:468:47e4:13d,4,4,0.00,57.88,0.00,SIN
2a06:98c1:3100:7ded:866b:f7db:2be:97ba,4,4,0.00,57.88,0.00,SIN
2a06:98c1:3100:0:c632:1e25:f621:784a,4,4,0.00,57.88,0.00,SIN
2a06:98c1:3109:8481:5f9f:d594:59f5:1c1d,4,4,0.00,57.88,0.00,SIN
2a06:98c1:51:0:c5:aa25:a299:1769,4,4,0.00,57.88,0.00,SIN
2a06:98c1:3101:f322:cb99:ab9a:7bd2:e2c3,4,4,0.00,57.88,0.00,SIN
2a06:98c1:3100:3525:ba13:6fea:5f59:3b94,4,4,0.00,57.88,0.00,SIN
2a06:98c1:50:6b31:c14f:ca3:ef7f:367e,4,4,0.00,57.88,0.00,SIN
2a06:98c1:310e:0:fa3c:11e8:6eef:fa1a,4,4,0.00,57.88,0.00,SIN
2400:cb00:2049:b200:6167:fb9a:22f6:8db8,4,4,0.00,57.88,0.00,SIN
2a06:98c1:310e:c98d:3c11:98bb:de70:7816,4,4,0.00,57.88,0.00,SIN
2a06:98c1:3100:7d40:8436:ab2e:8bbc:6e97,4,4,0.00,57.89,0.00,SIN
2803:f800:51:676a:7de2:4c61:19f4:e4db,4,4,0.00,57.89,0.00,SIN
2a06:98c1:3107::4994:d9c2:4c63,4,4,0.00,57.89,0.00,SIN
2a06:98c1:310a:36:c28f:424b:4f64:78f8,4,4,0.00,57.89,0.00,SIN
2a06:98c1:3102:0:f5b1:d0f3:daa6:8524,4,4,0.00,57.89,0.00,SIN
2a06:98c1:50:74:4ed9:ba51:d7f5:7281,4,4,0.00,57.89,0.00,SIN
2a06:98c1:51:7b:557f:eba5:5d89:d4fb,4,4,0.00,57.89,0.00,SIN
2a06:98c1:3107:aee4:c53e:7b2f:eedf:3a67,4,4,0.00,57.89,0.00,SIN
2400:cb00:2049:2929:9eaa:a647:7fda:fdc,4,4,0.00,57.89,0.00,SIN
2a06:98c1:3102:4e68:d314:1a1a:a2e4:d8f7,4,4,0.00,57.89,0.00,SIN
2a06:98c1:3103:0:c08f:b439:e232:6b2,4,4,0.00,57.89,0.00,SIN
2a06:98c1:310a::9e:6c77:b020,4,4,0.00,57.89,0.00,SIN
2a06:98c1:50:6b76:649c:36b6:a988:5edc,4,4,0.00,57.89,0.00,SIN
2803:f800:50:0:e77b:b5ef:3917:849f,4,4,0.00,57.89,0.00,SIN
2a06:98c1:50:0:b0a5:25ca:9d17:6d1,4,4,0.00,57.89,0.00,SIN
2a06:98c1:310e:883d:c912:8fb6:d438:334f,4,4,0.00,57.89,0.00,SIN
2400:cb00:2049:ab:1e85:de09:973b:b022,4,4,0.00,57.90,0.00,SIN
2a06:98c1:310b:7e91:95df:a1d3:3964:6838,4,4,0.00,57.90,0.00,SIN
2a06:98c1:50:0:91b6:4a51:e3d0:433f,4,4,0.00,57.90,0.00,SIN
2a06:98c1:51:aece:fdcf:2f05:1540:aa2a,4,4,0.00,57.90,0.00,SIN
2803:f800:50:0:e71c:71f6:e7c2:af12,4,4,0.00,57.90,0.00,SIN
2a06:98c1:310d:0:cd8:780d:8deb:ee5c,4,4,0.00,57.90,0.00,SIN
2a06:98c1:3107:ae97:429e:4f39:8109:187f,4,4,0.00,57.90,0.00,SIN
2a06:98c1:3103:9728:f443:70c5:ec99:a97,4,4,0.00,57.90,0.00,SIN
2a06:98c1:50:4f1e:20be:ce00:7437:d06b,4,4,0.00,57.91,0.00,SIN
2a06:98c1:3103:c627:278b:ca48:d8c2:b61b,4,4,0.00,57.91,0.00,SIN
2a06:98c1:3103:9728:f42c:8b5f:d1df:2037,4,4,0.00,57.91,0.00,SIN
2a06:98c1:310f:a8:42db:9359:c292:d8e9,4,4,0.00,57.91,0.00,SIN
2a06:98c1:310b:6c:bd54:f0a8:d968:1b5d,4,4,0.00,57.91,0.00,SIN
2a06:98c1:3109::9d39:a0c6:94bc,4,4,0.00,57.91,0.00,SIN
2a06:98c1:3106::d5:17b1:f174,4,4,0.00,57.91,0.00,SIN
2a06:98c1:3108::5978:2b8e:419c,4,4,0.00,57.91,0.00,SIN
2803:f800:50:0:dd:ef1b:34a0:a6a1,4,4,0.00,57.91,0.00,SIN
2a06:98c1:3102:ee60:d08d:b6f1:62fe:f09b,4,4,0.00,57.91,0.00,SIN
2803:f800:51:0:8034:1e4f:6a70:fd4c,4,4,0.00,57.91,0.00,SIN
2400:cb00:2049:b200:6167:b0d9:cdf5:dfe1,4,4,0.00,57.91,0.00,SIN
2a06:98c1:3103:c627:2788:43d9:e017:ca96,4,4,0.00,57.92,0.00,SIN
2a06:98c1:3103:c627:2788:43c5:d5dc:ef0e,4,4,0.00,57.92,0.00,SIN
2a06:98c1:3103:9728:f443:7094:66b:c4e9,4,4,0.00,57.92,0.00,SIN
2a06:98c1:3103:9728:f443:7094:6fc:babd,4,4,0.00,57.92,0.00,SIN
2a06:98c1:3103:9728:f443:7094:c4e6:dd44,4,4,0.00,57.92,0.00,SIN
2a06:98c1:3103:9728:f443:7094:c4c5:9cac,4,4,0.00,57.92,0.00,SIN
2a06:98c1:3107:0:2e:6135:4597:48f9,4,4,0.00,57.92,0.00,SIN
2a06:98c1:3103:7d22:cecd:f361:88b7:d093,4,4,0.00,57.92,0.00,SIN
2a06:98c1:3100:0:c632:1e25:f681:54ae,4,4,0.00,57.92,0.00,SIN
2a06:98c1:3100:0:a1:bee5:9a56:a131,4,4,0.00,57.92,0.00,SIN
2a06:98c1:310d:0:b4:28ca:44ee:7873,4,4,0.00,57.92,0.00,SIN
2a06:98c1:310b:f3:dd3d:5479:a193:71c3,4,4,0.00,57.92,0.00,SIN
2a06:98c1:3108::77:59ce:2651,4,4,0.00,57.92,0.00,SIN
2a06:98c1:3107:ae97:426a:a3b4:5b89:cad5,4,4,0.00,57.92,0.00,SIN
2a06:98c1:50:d5:5928:459:cb0b:b077,4,4,0.00,57.92,0.00,SIN
2803:f800:51:379b:e55c:15c8:ab57:73cd,4,4,0.00,57.92,0.00,SIN
2a06:98c1:50:6b31:9760:34c9:77c6:9393,4,4,0.00,57.92,0.00,SIN
2a06:98c1:310c:5c:7ede:a9b3:83ea:8aba,4,4,0.00,57.92,0.00,SIN
2a06:98c1:3101:da:a589:fc91:8caf:fd72,4,4,0.00,57.93,0.00,SIN
2a06:98c1:3101:3c35:1635:648b:85ab:abfb,4,4,0.00,57.93,0.00,SIN
2a06:98c1:310e:c98d:3c11:ad7a:b9b6:1b37,4,4,0.00,57.93,0.00,SIN
2a06:98c1:3108:759c:3ab2:e8b3:7d2d:1764,4,4,0.00,57.93,0.00,SIN
2a06:98c1:3100:7ded:866b:5e7:d3f1:a303,4,4,0.00,57.93,0.00,SIN
2803:f800:50:f049:b256:d977:1eb0:bd0a,4,4,0.00,57.93,0.00,SIN
2a06:98c1:3103:9728:f443:702d:3a3e:979a,4,4,0.00,57.93,0.00,SIN
2a06:98c1:310e:c8:5d12:3ac6:ae7d:c475,4,4,0.00,57.93,0.00,SIN
2a06:98c1:3106:8688:f648:105b:7f95:e010,4,4,0.00,57.93,0.00,SIN
2a06:98c1:3102:4e68:39ab:997b:6fb1:2f5,4,4,0.00,57.93,0.00,SIN
2a06:98c1:310d:f04e:a54f:63ae:8fd:befe,4,4,0.00,57.93,0.00,SIN
2a06:98c1:310d:0:c94:426a:d3d0:d515,4,4,0.00,57.93,0.00,SIN
2a06:98c1:3102:4e68:6d60:9f5e:2fc2:84bf,4,4,0.00,57.93,0.00,SIN
2a06:98c1:3107:aee4:c387:841e:c590:a3c5,4,4,0.00,57.93,0.00,SIN
2a06:98c1:3106:0:98:f006:899b:b188,4,4,0.00,57.94,0.00,SIN
2a06:98c1:310a:8d:d456:caa3:ead0:f618,4,4,0.00,57.94,0.00,SIN
2a06:98c1:310b:f3:d05e:7bd4:7e3:e737,4,4,0.00,57.94,0.00,SIN
2400:cb00:2049:82:1ac1:f73a:799a:b059,4,4,0.00,57.94,0.00,SIN
2a06:98c1:3103:9728:baa2:1592:903d:797b,4,4,0.00,57.94,0.00,SIN
2a06:98c1:3107:0:2e:7310:6314:b0a0,4,4,0.00,57.94,0.00,SIN
2a06:98c1:3104:64:ca50:b47a:b642:bb29,4,4,0.00,57.94,0.00,SIN
2803:f800:50:f049:2608:fd37:f558:c44d,4,4,0.00,57.94,0.00,SIN
2a06:98c1:3103:b862:43f9:2e97:1c1:8714,4,4,0.00,57.94,0.00,SIN
2a06:98c1:310c:14:1c83:7c89:15da:3c6d,4,4,0.00,57.94,0.00,SIN
2a06:98c1:310d:f04e:fb9e:14e1:6d40:4c8c,4,4,0.00,57.94,0.00,SIN
2a06:98c1:3103:18fc:3e2e:8da9:5954:caf5,4,4,0.00,57.94,0.00,SIN
2a06:98c1:3103:c627:c644:6559:6bb7:b400,4,4,0.00,57.94,0.00,SIN
2a06:98c1:3106:ca:9a85:c591:4f22:3e4b,4,4,0.00,57.94,0.00,SIN
2a06:98c1:310b:c4:7f0f:e3de:d61e:52e8,4,4,0.00,57.94,0.00,SIN
2a06:98c1:310c:eb:df6c:19d7:e41a:e862,4,4,0.00,57.95,0.00,SIN
2a06:98c1:3100::d3:83e7:1970,4,4,0.00,57.95,0.00,SIN
2a06:98c1:3104:f9:af33:f693:d803:8a63,4,4,0.00,57.95,0.00,SIN
2a06:98c1:3106:8688:7dad:3189:57dd:f92b,4,4,0.00,57.95,0.00,SIN
2a06:98c1:3105:0:53da:711b:49c1:2ec5,4,4,0.00,57.95,0.00,SIN
2a06:98c1:3105:0:53da:7140:286e:febf,4,4,0.00,57.95,0.00,SIN
2a06:98c1:310c:d4:94d9:d2da:9db1:de4c,4,4,0.00,57.95,0.00,SIN
2a06:98c1:310f:0:d5f2:c441:6bb5:176c,4,4,0.00,57.95,0.00,SIN
2a06:98c1:3105:85a9:8619:c428:cdf5:be6f,4,4,0.00,57.95,0.00,SIN
2a06:98c1:3104:f9:2dc4:e7a:5d98:32b8,4,4,0.00,57.95,0.00,SIN
2a06:98c1:3100:7d40:b2bd:3713:5328:5b62,4,4,0.00,57.95,0.00,SIN
2a06:98c1:3107:aee4:c5bf:2154:add7:5d49,4,4,0.00,57.95,0.00,SIN
2a06:98c1:310d:0:d3d2:4e4b:ce6e:b71a,4,4,0.00,57.95,0.00,SIN
2a06:98c1:310e:0:fa3c:d7c0:1c6d:2211,4,4,0.00,57.95,0.00,SIN
2a06:98c1:3106:8688:7a:e66e:dbe:4a2d,4,4,0.00,57.96,0.00,SIN
2a06:98c1:310f:0:d9:6b76:4ac0:4244,4,4,0.00,57.96,0.00,SIN
2a06:98c1:3106:86ad:afc4:e371:ce36:1a57,4,4,0.00,57.96,0.00,SIN
2a06:98c1:310f::90:7345:2b78,4,4,0.00,57.96,0.00,SIN
2a06:98c1:3100:e7:8597:543f:43e1:af3,4,4,0.00,57.96,0.00,SIN
2a06:98c1:310b::de:2802:bf6a,4,4,0.00,57.96,0.00,SIN
2a06:98c1:51:0:e5:ea6b:e0c8:825a,4,4,0.00,57.96,0.00,SIN
2a06:98c1:310b:7e91:95df:3b4:903e:ecf1,4,4,0.00,57.96,0.00,SIN
2a06:98c1:3108:3a23:83e0:b048:1bae:463e,4,4,0.00,57.96,0.00,SIN
2a06:98c1:3103:e5b4:15bb:7866:d48:8a2,4,4,0.00,57.96,0.00,SIN
2a06:98c1:310c:eb:df6c:bc0a:d984:4d5c,4,4,0.00,57.96,0.00,SIN
2a06:98c1:50:0:9164:9f14:7f78:ebc5,4,4,0.00,57.96,0.00,SIN
2a06:98c1:310c:eb:4a53:4d45:e72a:b3b,4,4,0.00,57.96,0.00,SIN
2a06:98c1:3108:0:4f48:1fac:188c:9132,4,4,0.00,57.96,0.00,SIN
2400:cb00:2049:29e6:f2be:b29e:b6f4:885b,4,4,0.00,57.96,0.00,SIN
2a06:98c1:3100:e7:ce3b:a328:1fa9:4162,4,4,0.00,57.97,0.00,SIN
2a06:98c1:50::a943:d276:ee69,4,4,0.00,57.97,0.00,SIN
2a06:98c1:310a:36:414d:5efa:39a:5716,4,4,0.00,57.97,0.00,SIN
2a06:98c1:51:ae55:a453:5be8:36b6:ea8a,4,4,0.00,57.97,0.00,SIN
2a06:98c1:51:0:c5:aab8:3b27:7de7,4,4,0.00,57.97,0.00,SIN
2a06:98c1:50:4fa8:587f:9783:f456:a29d,4,4,0.00,57.97,0.00,SIN
2a06:98c1:3102:0:de:80a1:a599:1e07,4,4,0.00,57.97,0.00,SIN
2a06:98c1:3100:0:c632:7837:a1ff:904f,4,4,0.00,57.97,0.00,SIN
2a06:98c1:310e:c949:cfa:c182:eb98:6a6,4,4,0.00,57.97,0.00,SIN
2a06:98c1:310e:c8:5dc2:aec7:b3cc:8da0,4,4,0.00,57.97,0.00,SIN
2400:cb00:2049:2929:4609:ab06:954c:63d8,4,4,0.00,57.97,0.00,SIN
2a06:98c1:310e:0:e2:94ad:3228:5303,4,4,0.00,57.97,0.00,SIN
2a06:98c1:3100:7d1b:2b3c:db0e:d19c:9151,4,4,0.00,57.98,0.00,SIN
2a06:98c1:3103:7d22:28cd:a895:e3a5:ef01,4,4,0.00,57.98,0.00,SIN
2803:f800:51:379b:e50c:a6f:5ca:957a,4,4,0.00,57.98,0.00,SIN
2a06:98c1:3107:b7b8:a0b9:e50b:73c4:bdeb,4,4,0.00,57.98,0.00,SIN
2a06:98c1:50:4f1e:e868:6eb:4755:9299,4,4,0.00,57.98,0.00,SIN
2400:cb00:2049:29e6:1c93:a50c:8845:3186,4,4,0.00,57.98,0.00,SIN
2a06:98c1:3103:9728:f49b:9aea:6a3a:e5d9,4,4,0.00,57.98,0.00,SIN
2a06:98c1:310c:f49c:7120:d6ea:e5d8:63ad,4,4,0.00,57.98,0.00,SIN
2a06:98c1:3109:84ab:6179:daf1:4d42:24b0,4,4,0.00,57.98,0.00,SIN
2a06:98c1:310c:14:1c83:38f9:316c:599e,4,4,0.00,57.98,0.00,SIN
2a06:98c1:3107:aee4:c53e:7b2f:eec6:4195,4,4,0.00,57.98,0.00,SIN
2a06:98c1:51:7b:557f:b20f:7073:5469,4,4,0.00,57.98,0.00,SIN
2400:cb00:2049:2929:9ec7:14fb:f703:46dd,4,4,0.00,57.99,0.00,SIN
2a06:98c1:310a:17:1ad8:c808:ff41:44a8,4,4,0.00,57.99,0.00,SIN
2400:cb00:2049:b200:61f6:21ac:43f9:ff3,4,4,0.00,57.99,0.00,SIN
2a06:98c1:3102:4e68:60d9:23a5:f854:6165,4,4,0.00,57.99,0.00,SIN
2a06:98c1:3103:18fc:3e06:baaf:7e7f:c4f9,4,4,0.00,57.99,0.00,SIN
2a06:98c1:3109:e1:dbc7:ae5c:90a:79fa,4,4,0.00,57.99,0.00,SIN
2a06:98c1:3109:e1:1242:3c0a:de24:278a,4,4,0.00,57.99,0.00,SIN
2a06:98c1:3106:6c:c7b:451f:c614:5fec,4,4,0.00,57.99,0.00,SIN
2a06:98c1:3104:cef7:54b6:7540:cdf8:a4f5,4,4,0.00,57.99,0.00,SIN
2a06:98c1:50:0:bcf0:e3ea:a594:3b0f,4,4,0.00,57.99,0.00,SIN
2400:cb00:2049:b2a5:f4a0:349f:1176:e7a,4,4,0.00,57.99,0.00,SIN
2a06:98c1:310c:14:4ae8:a2af:95e5:f192,4,4,0.00,57.99,0.00,SIN
2a06:98c1:3100:e7:85ee:5a20:45b1:4e2d,4,4,0.00,57.99,0.00,SIN
2a06:98c1:3107::2514:37c0:de48,4,4,0.00,57.99,0.00,SIN
2a06:98c1:50:fd1d:4ce6:fefb:1c5:90a,4,4,0.00,57.99,0.00,SIN
2a06:98c1:3107:0:156f:eddb:93a5:c265,4,4,0.00,57.99,0.00,SIN
2a06:98c1:51:ae55:2d58:a211:8f6f:a966,4,4,0.00,58.00,0.00,SIN
2a06:98c1:3108:759c:e0e8:cf04:d0f0:bfa4,4,4,0.00,58.00,0.00,SIN
2a06:98c1:3101:f322:d27:8920:7d09:1558,4,4,0.00,58.00,0.00,SIN
2a06:98c1:3103:e525:6032:3894:3b92:f5cc,4,4,0.00,58.00,0.00,SIN
2a06:98c1:50:fd1d:4ce6:fefb:33bf:f54f,4,4,0.00,58.00,0.00,SIN
2a06:98c1:3103:183b:c03a:c510:1bbb:333c,4,4,0.00,58.00,0.00,SIN
2a06:98c1:3101:0:bcad:465a:3ff6:8ec6,4,4,0.00,58.01,0.00,SIN
2a06:98c1:3108:759c:e0e8:cf50:ac58:153e,4,4,0.00,58.01,0.00,SIN
2a06:98c1:51:0:e5:14df:ea93:2a84,4,4,0.00,58.01,0.00,SIN
2a06:98c1:3101:0:bcad:4621:8369:7362,4,4,0.00,58.01,0.00,SIN
2a06:98c1:310f:0:d9:6b76:a43c:d19d,4,4,0.00,58.01,0.00,SIN
2a06:98c1:3103:9715:120b:5fa5:c5cd:e862,4,4,0.00,58.01,0.00,SIN
2a06:98c1:3104:ce0b:d77f:a558:eeed:289a,4,4,0.00,58.01,0.00,SIN
2a06:98c1:3103:e525:6032:68cc:6298:d4c7,4,4,0.00,58.01,0.00,SIN
2a06:98c1:3103:7d40:b43e:a608:4977:c726,4,4,0.00,58.01,0.00,SIN
2a06:98c1:3103:7d22:28cd:a824:373:47f9,4,4,0.00,58.01,0.00,SIN
2a06:98c1:3103:18fc:3ee0:5648:e762:f875,4,4,0.00,58.01,0.00,SIN
2a06:98c1:310c:14:1c83:7c89:2b63:42c8,4,4,0.00,58.01,0.00,SIN
2a06:98c1:3109:e1:1242:3ce9:7070:e42f,4,4,0.00,58.01,0.00,SIN
2a06:98c1:3105::d791:5168:e79,4,4,0.00,58.01,0.00,SIN
2a06:98c1:3103:9715:1212:ef22:d279:8823,4,4,0.00,58.02,0.00,SIN
2a06:98c1:3100:0:c632:78f9:ec81:ceaa,4,4,0.00,58.02,0.00,SIN
2a06:98c1:3108:0:4f24:3ca9:41d8:127c,4,4,0.00,58.02,0.00,SIN
2a06:98c1:310d:f04e:3bef:8e1e:281c:2e92,4,4,0.00,58.02,0.00,SIN
2a06:98c1:310d:f04e:a59a:9187:4077:f8fa,4,4,0.00,58.02,0.00,SIN
2a06:98c1:310d:f04e:a59a:27a2:d0fc:11e4,4,4,0.00,58.02,0.00,SIN
2a06:98c1:310e:c9e4:2107:f32c:70f3:8189,4,4,0.00,58.02,0.00,SIN
2a06:98c1:50:0:91b6:a2f:bf7c:afa1,4,4,0.00,58.02,0.00,SIN
2a06:98c1:3103:e577:343b:7972:3846:4f23,4,4,0.00,58.02,0.00,SIN
2a06:98c1:310c:d4:309e:cbea:1f12:d3fb,4,4,0.00,58.02,0.00,SIN
2a06:98c1:3108::591a:c36:a3b0,4,4,0.00,58.02,0.00,SIN
2a06:98c1:310e:c949:6c24:e85c:cf8d:5bdf,4,4,0.00,58.02,0.00,SIN
2a06:98c1:310c:f49c:7120:d6e7:7fcd:45e6,4,4,0.00,58.02,0.00,SIN
2a06:98c1:3101:f322:e9db:c7e2:ec96:f61e,4,4,0.00,58.02,0.00,SIN
2a06:98c1:3102:4e68:39ab:fd24:782f:4c89,4,4,0.00,58.03,0.00,SIN
2a06:98c1:3104:de5f:5f42:fe5a:b79a:dbcd,4,4,0.00,58.03,0.00,SIN
2a06:98c1:3107:0:7edf:bf93:6aae:f63f,4,4,0.00,58.03,0.00,SIN
2a06:98c1:310e:0:fa3c:5816:1e1d:101d,4,4,0.00,58.03,0.00,SIN
2a06:98c1:3100:7d40:8436:8a9:771d:34a5,4,4,0.00,58.03,0.00,SIN
2a06:98c1:310e:c9e4:2107:f3cb:2fc3:4b13,4,4,0.00,58.03,0.00,SIN
2a06:98c1:3108:0:f9fd:5a42:4b16:46a9,4,4,0.00,58.03,0.00,SIN
2a06:98c1:3108:0:f917:b5a9:68dd:d98b,4,4,0.00,58.03,0.00,SIN
2a06:98c1:310e:0:fa3c:21ee:cda4:a8ae,4,4,0.00,58.03,0.00,SIN
2a06:98c1:3103:9728:f49b:1562:c460:744f,4,4,0.00,58.03,0.00,SIN
2a06:98c1:310e:c9e4:2107:f32c:70b1:2504,4,4,0.00,58.03,0.00,SIN
2a06:98c1:310f:0:d503:b48c:14c3:303,4,4,0.00,58.03,0.00,SIN
2a06:98c1:3100:3525:ba2b:ae3e:e69:e622,4,4,0.00,58.03,0.00,SIN
2803:f800:51:731b:625a:c043:1d0a:bc94,4,4,0.00,58.03,0.00,SIN
2a06:98c1:310c:eb:df51:354f:2faa:c3cd,4,4,0.00,58.03,0.00,SIN
2803:f800:51:d3:62bb:1de4:c007:18ed,4,4,0.00,58.03,0.00,SIN
2a06:98c1:50:4f1e:205c:9d79:6028:b45b,4,4,0.00,58.03,0.00,SIN
2a06:98c1:310c:d4:94e9:7326:627d:a918,4,4,0.00,58.03,0.00,SIN
2a06:98c1:3107:aee4:c53e:9a81:bafc:5c05,4,4,0.00,58.03,0.00,SIN
2a06:98c1:3107:aee4:c387:84ae:99e7:1817,4,4,0.00,58.04,0.00,SIN
2a06:98c1:3106:ca:9a85:c5f9:6f1e:63e1,4,4,0.00,58.04,0.00,SIN
2a06:98c1:310d:f04e:d8a5:cbbf:3ed:c4de,4,4,0.00,58.04,0.00,SIN
2803:f800:51:0:88c2:5e96:411a:4c70,4,4,0.00,58.04,0.00,SIN
2a06:98c1:50:4f1e:20be:adba:f08f:7481,4,4,0.00,58.04,0.00,SIN
2a06:98c1:50:0:913b:2e58:16c0:2e,4,4,0.00,58.04,0.00,SIN
2a06:98c1:50:6b31:c13e:1f79:d52e:9698,4,4,0.00,58.04,0.00,SIN
2a06:98c1:310d:e8:5e6a:274f:3e5c:efa5,4,4,0.00,58.04,0.00,SIN
2a06:98c1:310c:d4:309e:cbea:fc6c:59c0,4,4,0.00,58.04,0.00,SIN
2803:f800:50:0:dd:effc:4147:7ca2,4,4,0.00,58.04,0.00,SIN
2a06:98c1:3108:7568:41cb:6c92:e1c2:47df,4,4,0.00,58.04,0.00,SIN
2a06:98c1:3100:7d40:841d:40ae:3434:462e,4,4,0.00,58.04,0.00,SIN
2a06:98c1:3103:9728:baa2:1919:bda1:3802,4,4,0.00,58.05,0.00,SIN
2a06:98c1:310b:0:36c7:76c:5d61:4c05,4,4,0.00,58.05,0.00,SIN
2a06:98c1:310e:c949:6cd9:6402:3bcb:be15,4,4,0.00,58.05,0.00,SIN
2a06:98c1:3108:759c:209e:8b7c:b91c:7f27,4,4,0.00,58.05,0.00,SIN
2a06:98c1:50:0:913b:c0a:fdd2:5cee,4,4,0.00,58.05,0.00,SIN
2a06:98c1:50:6b31:c8aa:5104:2e50:4f7b,4,4,0.00,58.05,0.00,SIN
2a06:98c1:310a:0:ed:31a9:30a3:d06b,4,4,0.00,58.05,0.00,SIN
2a06:98c1:50:0:913b:f265:305c:463b,4,4,0.00,58.05,0.00,SIN
2a06:98c1:310d:0:c94:42bc:541d:b990,4,4,0.00,58.05,0.00,SIN
2803:f800:51:73fa:a342:95f1:1648:5613,4,4,0.00,58.05,0.00,SIN
2a06:98c1:3104:8b:a44f:5a85:9afb:5196,4,4,0.00,58.05,0.00,SIN
2a06:98c1:3103:9728:f49b:9a54:e9ed:2086,4,4,0.00,58.05,0.00,SIN
2a06:98c1:3104:8b:a44f:5a85:9a56:4dcc,4,4,0.00,58.05,0.00,SIN
2a06:98c1:51:ae55:2d83:8e3d:9b96:1302,4,4,0.00,58.05,0.00,SIN
2a06:98c1:310e:883d:c912:8fb6:40e5:e5d5,4,4,0.00,58.05,0.00,SIN
2a06:98c1:3100:7d1b:1b74:24d0:9fbe:bf1f,4,4,0.00,58.05,0.00,SIN
2a06:98c1:3103:0:c08f:931a:d557:3caf,4,4,0.00,58.05,0.00,SIN
2a06:98c1:3101:0:9ae7:c33:3338:fb8e,4,4,0.00,58.05,0.00,SIN
2a06:98c1:51:aece:296c:a70c:cb49:ff3,4,4,0.00,58.05,0.00,SIN
2a06:98c1:3107:0:83:4c73:a936:cc5a,4,4,0.00,58.05,0.00,SIN
2a06:98c1:3108:0:4f48:1fac:616d:7ba7,4,4,0.00,58.05,0.00,SIN
2a06:98c1:3104:de5f:5fdb:d0e0:3e4c:18cd,4,4,0.00,58.05,0.00,SIN
2a06:98c1:310e:c8:5dc2:1e92:4d57:38ba,4,4,0.00,58.05,0.00,SIN
2a06:98c1:3101:da:a589:fc91:8caf:70ca,4,4,0.00,58.05,0.00,SIN
2a06:98c1:310b:0:365f:aa7:e4:2aa4,4,4,0.00,58.06,0.00,SIN
2a06:98c1:310b:f3:d05e:42fd:e3c5:f859,4,4,0.00,58.06,0.00,SIN
2a06:98c1:310b:0:77:98e1:a519:6f50,4,4,0.00,58.06,0.00,SIN
2a06:98c1:3107:ae97:429e:4f78:5d6d:7142,4,4,0.00,58.06,0.00,SIN
2a06:98c1:3103:9728:f443:7094:660:59ae,4,4,0.00,58.06,0.00,SIN
2a06:98c1:3106:ca:5f84:ce4b:99df:642e,4,4,0.00,58.06,0.00,SIN
2a06:98c1:3100:7d1b:1bd8:572e:6a9e:c59e,4,4,0.00,58.06,0.00,SIN
2a06:98c1:3107:0:2e:3875:472d:4b02,4,4,0.00,58.06,0.00,SIN
2a06:98c1:3102:ee60:11f6:1b9b:7040:616,4,4,0.00,58.06,0.00,SIN
2a06:98c1:3107:aee4:c53e:9a81:ba77:5889,4,4,0.00,58.06,0.00,SIN
2a06:98c1:310b:f3:d05e:7bd4:cba4:8ce1,4,4,0.00,58.06,0.00,SIN
2a06:98c1:3103:e577:343b:7990:55cb:bf7a,4,4,0.00,58.06,0.00,SIN
2a06:98c1:3103:e577:343b:7972:fda7:ba3e,4,4,0.00,58.06,0.00,SIN
2a06:98c1:3106:ca:5f84:ced9:be1a:47a6,4,4,0.00,58.06,0.00,SIN
2a06:98c1:310b:6c:bd54:c644:dd1e:a077,4,4,0.00,58.06,0.00,SIN
2a06:98c1:3101:f38f:88d2:bfaa:3dc5:882c,4,4,0.00,58.06,0.00,SIN
2a06:98c1:3104:64:5769:b41f:348e:7028,4,4,0.00,58.06,0.00,SIN
2a06:98c1:310d:f04e:a536:8391:abdf:3e3e,4,4,0.00,58.06,0.00,SIN
2a06:98c1:50:fd1d:4c41:1f49:9ec7:334f,4,4,0.00,58.06,0.00,SIN
2a06:98c1:50:6b31:c8d3:348c:1635:970a,4,4,0.00,58.07,0.00,SIN
2a06:98c1:3105:0:50:69ab:1521:d19b,4,4,0.00,58.07,0.00,SIN
2a06:98c1:3105:0:50:69ab:f71d:8eb6,4,4,0.00,58.07,0.00,SIN
2a06:98c1:3104:0:b2:98a3:197d:90d3,4,4,0.00,58.07,0.00,SIN
2a06:98c1:50:4fa8:58f3:f10f:f39b:365c,4,4,0.00,58.07,0.00,SIN
2a06:98c1:3103:183b:c02e:6f2e:ddf5:608f,4,4,0.00,58.07,0.00,SIN
2a06:98c1:50:4f1e:20be:2023:8be4:1c4,4,4,0.00,58.07,0.00,SIN
2a06:98c1:50:4f1e:20c8:8998:ff19:2615,4,4,0.00,58.07,0.00,SIN
2a06:98c1:3108:759c:3a94:bd13:763b:80f0,4,4,0.00,58.07,0.00,SIN
2a06:98c1:3103:e5b4:ff7b:d759:8a0f:ba03,4,4,0.00,58.07,0.00,SIN
2400:cb00:2049::5772:6713:a2da,4,4,0.00,58.07,0.00,SIN
2a06:98c1:310b:c4:7f0f:2ffc:5ed8:e905,4,4,0.00,58.07,0.00,SIN
2a06:98c1:3102:ee60:d044:ca90:3229:f4,4,4,0.00,58.07,0.00,SIN
2a06:98c1:3104:ce0b:a2ac:8eb1:7fcc:8ba5,4,4,0.00,58.07,0.00,SIN
2a06:98c1:310b:c4:7f1f:74df:9319:2bc3,4,4,0.00,58.07,0.00,SIN
2a06:98c1:310c:0:78:2b5a:93ea:7755,4,4,0.00,58.07,0.00,SIN
2a06:98c1:3102:ee60:d08d:b6f1:6242:11a7,4,4,0.00,58.07,0.00,SIN
2a06:98c1:3104:deb8:dc36:770b:9812:4e5c,4,4,0.00,58.07,0.00,SIN
2a06:98c1:310d:f04e:d852:356b:273f:f088,4,4,0.00,58.07,0.00,SIN
2a06:98c1:3100:7ded:aa50:3af9:708e:463b,4,4,0.00,58.08,0.00,SIN
2a06:98c1:50:4f1e:205c:9d32:2652:ad74,4,4,0.00,58.08,0.00,SIN
2a06:98c1:51:aece:8ab9:c921:faab:9272,4,4,0.00,58.08,0.00,SIN
2a06:98c1:3101:0:bcad:ca6c:f47e:bc5a,4,4,0.00,58.08,0.00,SIN
2a06:98c1:3105::ed:9c3e,4,4,0.00,58.08,0.00,SIN
2a06:98c1:50:d5:5928:8097:6ce2:baed,4,4,0.00,58.08,0.00,SIN
2a06:98c1:310e:c949:c27:3af0:cc29:881c,4,4,0.00,58.08,0.00,SIN
2400:cb00:2049:82:3cb6:f92b:42cd:d805,4,4,0.00,58.08,0.00,SIN
2400:cb00:2049::e68d:568:858c,4,4,0.00,58.08,0.00,SIN
2a06:98c1:3104:64:cafb:4264:b548:319d,4,4,0.00,58.08,0.00,SIN
2a06:98c1:3108:0:4f24:3c24:52de:fdd,4,4,0.00,58.09,0.00,SIN
2a06:98c1:3108:759c:e0e8:cf65:db3b:4a79,4,4,0.00,58.09,0.00,SIN
2a06:98c1:3104:f9:af33:f601:7ed5:bf20,4,4,0.00,58.09,0.00,SIN
2a06:98c1:3103:c627:278b:ca48:c96:a2e8,4,4,0.00,58.09,0.00,SIN
2a06:98c1:3103::73d3:f1f3,4,4,0.00,58.09,0.00,SIN
2a06:98c1:3100:0:c6c4:4e6e:6eca:1042,4,4,0.00,58.09,0.00,SIN
2a06:98c1:3108:0:f9fd:4f48:a5d3:4ac8,4,4,0.00,58.09,0.00,SIN
2a06:98c1:310a:0:7cb0:f2fa:befc:bd0e,4,4,0.00,58.09,0.00,SIN
2a06:98c1:3104:64:ca50:b452:30cf:87f2,4,4,0.00,58.09,0.00,SIN
2a06:98c1:3104:de5f:5f42:159f:221e:e7e8,4,4,0.00,58.09,0.00,SIN
2a06:98c1:50:0:c5:dbab:a841:6a3b,4,4,0.00,58.09,0.00,SIN
2a06:98c1:310e:883d:c95c:a0fd:93da:19a2,4,4,0.00,58.09,0.00,SIN
2a06:98c1:3106:0:2288:eac1:ffec:c90c,4,4,0.00,58.09,0.00,SIN
2a06:98c1:50:4f1e:e868:6eb:479d:afef,4,4,0.00,58.09,0.00,SIN
2a06:98c1:50:6b31:116a:348a:98d9:67d1,4,4,0.00,58.10,0.00,SIN
2a06:98c1:3103:e577:3997:7daa:767f:1069,4,4,0.00,58.10,0.00,SIN
2a06:98c1:310e:c9e4:2107:117e:2de1:6969,4,4,0.00,58.10,0.00,SIN
2a06:98c1:3106:8688:f6af:a642:4ef7:ca3e,4,4,0.00,58.10,0.00,SIN
2a06:98c1:310d:f04e:3b41:2620:8e00:10ea,4,4,0.00,58.10,0.00,SIN
2a06:98c1:51:2d:a794:ca45:db54:f4a2,4,4,0.00,58.10,0.00,SIN
2a06:98c1:310b:f3:fe68:7afe:85c7:bb3e,4,4,0.00,58.10,0.00,SIN
2a06:98c1:3106:8688:7dad:bd4b:92f0:688b,4,4,0.00,58.10,0.00,SIN
2a06:98c1:3104:de5f:fdd4:239c:567b:365f,4,4,0.00,58.10,0.00,SIN
2a06:98c1:3103:18fc:3e06:ad97:3616:b307,4,4,0.00,58.10,0.00,SIN
2a06:98c1:3103:e577:343b:796d:502d:db81,4,4,0.00,58.10,0.00,SIN
2400:cb00:2049:ab:fd26:28b4:4833:a993,4,4,0.00,58.10,0.00,SIN
2a06:98c1:310b:0:c0fa:4444:136c:eef1,4,4,0.00,58.10,0.00,SIN
2803:f800:51:0:3a:669c:d076:3b70,4,4,0.00,58.10,0.00,SIN
2a06:98c1:310d:e8:5e16:66ac:f992:9a96,4,4,0.00,58.10,0.00,SIN
2a06:98c1:3104:64:caa1:84b2:ceb9:235f,4,4,0.00,58.11,0.00,SIN
2a06:98c1:3101:f3af:743f:d7e9:368c:12e0,4,4,0.00,58.11,0.00,SIN
2a06:98c1:50:4f1e:20be:ce00:746d:b7a1,4,4,0.00,58.11,0.00,SIN
2a06:98c1:310e:c949:6c24:f1bb:4bfb:f29b,4,4,0.00,58.11,0.00,SIN
2a06:98c1:310e:c8:5dc2:ae3b:bfdc:f74e,4,4,0.00,58.11,0.00,SIN
2a06:98c1:310e::65:922d,4,4,0.00,58.11,0.00,SIN
2a06:98c1:3107:b7b8:a0b9:e5fd:5144:c24d,4,4,0.00,58.11,0.00,SIN
2400:cb00:2049:ab:fd26:28b4:a064:5f21,4,4,0.00,58.11,0.00,SIN
2a06:98c1:50:4fc1:2a6a:f6c8:35ef:1ad2,4,4,0.00,58.11,0.00,SIN
2a06:98c1:310c:14:1c83:38f9:28ed:8ef,4,4,0.00,58.11,0.00,SIN
2a06:98c1:310c:f49c:7120:e52b:ad3b:1d23,4,4,0.00,58.11,0.00,SIN
2a06:98c1:310e:c9e4:2107:11b5:bdbc:3d63,4,4,0.00,58.11,0.00,SIN
2a06:98c1:310e:c949:6c52:e0cf:5774:21ac,4,4,0.00,58.12,0.00,SIN
2400:cb00:2049:29e6:1c93:a50c:ff87:6e09,4,4,0.00,58.12,0.00,SIN
2a06:98c1:3106:86ad:f637:ed85:560f:473b,4,4,0.00,58.12,0.00,SIN
2a06:98c1:3105:854d:3bb1:3ec5:7279:6b7d,4,4,0.00,58.12,0.00,SIN
2a06:98c1:3108:0:f9c7:497a:bdc:8b9f,4,4,0.00,58.12,0.00,SIN
2a06:98c1:310f:a8:b4d2:17f9:c685:829b,4,4,0.00,58.12,0.00,SIN
2a06:98c1:3107:0:1510:fcfe:66de:6fc6,4,4,0.00,58.12,0.00,SIN
2a06:98c1:3107:aee4:c53e:7b0c:6b48:eb31,4,4,0.00,58.12,0.00,SIN
2a06:98c1:310b:6c:bd54:c644:f10d:8e99,4,4,0.00,58.12,0.00,SIN
2803:f800:50:85:4f13:814e:4c6:3425,4,4,0.00,58.12,0.00,SIN
2400:cb00:2049:0:4b2a:310f:c19f:269a,4,4,0.00,58.12,0.00,SIN
2a06:98c1:3109:0:84:23be:d71b:9ee3,4,4,0.00,58.12,0.00,SIN
2400:cb00:2049:2929:9ec7:1435:570e:b3a3,4,4,0.00,58.12,0.00,SIN
2a06:98c1:310c::80da:6867:90a7,4,4,0.00,58.12,0.00,SIN
2a06:98c1:3100:7d1b:8653:2d34:ccbd:5a63,4,4,0.00,58.12,0.00,SIN
2a06:98c1:50:4f1e:20be:adba:f0bc:c13e,4,4,0.00,58.12,0.00,SIN
2a06:98c1:3104:ce0b:a2ff:6762:55a9:89a2,4,4,0.00,58.12,0.00,SIN
2a06:98c1:3103:e577:34eb:bda6:59ed:436,4,4,0.00,58.12,0.00,SIN
2a06:98c1:310a:8d:d428:6aa6:631:b1da,4,4,0.00,58.13,0.00,SIN
2a06:98c1:310d:f04e:3b25:875c:49bf:252c,4,4,0.00,58.13,0.00,SIN
2a06:98c1:3107:0:7edf:27b0:6ce9:9222,4,4,0.00,58.13,0.00,SIN
2a06:98c1:3106:0:2288:ea29:494:d63f,4,4,0.00,58.13,0.00,SIN
2400:cb00:2049:b200:61f6:21dc:4edf:4f72,4,4,0.00,58.13,0.00,SIN
2a06:98c1:310e::45:b47f:a404,4,4,0.00,58.13,0.00,SIN
2a06:98c1:3106:8688:63d2:684f:bee8:38e9,4,4,0.00,58.13,0.00,SIN
2a06:98c1:310a:36:c28f:4283:7b29:878,4,4,0.00,58.13,0.00,SIN
2a06:98c1:310e:c8:5dc2:1e92:7f76:c11f,4,4,0.00,58.13,0.00,SIN
2a06:98c1:310c:f49c:711d:4f21:566e:45c2,4,4,0.00,58.13,0.00,SIN
2a06:98c1:310b:0:365f:489a:6614:abc,4,4,0.00,58.13,0.00,SIN
2a06:98c1:3101:f322:cb6d:c810:28c5:f1cd,4,4,0.00,58.13,0.00,SIN
2400:cb00:2049:2929:9e06:b17f:b658:444e,4,4,0.00,58.13,0.00,SIN
2a06:98c1:3109:0:84:23be:14c3:94a9,4,4,0.00,58.13,0.00,SIN
2a06:98c1:3103:c627:c6d4:65a3:a4fc:c6b1,4,4,0.00,58.13,0.00,SIN
2a06:98c1:3103:e525:6032:3894:3b2c:1692,4,4,0.00,58.13,0.00,SIN
2a06:98c1:310c:5c:7e38:aad5:6630:60a5,4,4,0.00,58.13,0.00,SIN
2a06:98c1:3100:7d40:b2bd:724:b459:bc77,4,4,0.00,58.14,0.00,SIN
2803:f800:50:0:e77b:afc9:9b86:c981,4,4,0.00,58.14,0.00,SIN
2a06:98c1:3108:759c:3ab2:a262:7f0d:eaa0,4,4,0.00,58.14,0.00,SIN
2a06:98c1:3108:7568:417d:9801:618b:9c05,4,4,0.00,58.14,0.00,SIN
2a06:98c1:3104:ce0b:a2ff:6790:c6c:583c,4,4,0.00,58.14,0.00,SIN
2400:cb00:2049:0:4bb4:e928:9774:3320,4,4,0.00,58.14,0.00,SIN
2a06:98c1:3107:ae97:426a:a3b4:f1ea:14de,4,4,0.00,58.14,0.00,SIN
2a06:98c1:310e:0:fafc:ce8a:2b5f:7c29,4,4,0.00,58.14,0.00,SIN
2a06:98c1:3106:ca:239a:5d37:2523:3d54,4,4,0.00,58.14,0.00,SIN
2a06:98c1:3104:f9:2dc4:34fd:3a20:2622,4,4,0.00,58.14,0.00,SIN
2a06:98c1:50::8621:bf80,4,4,0.00,58.14,0.00,SIN
2a06:98c1:3104:8b:81e2:51d2:a0fc:a5f3,4,4,0.00,58.14,0.00,SIN
2a06:98c1:310c:d4:309e:cb1b:8157:465a,4,4,0.00,58.14,0.00,SIN
2a06:98c1:310c:0:7f3e:2de3:13d4:d4d,4,4,0.00,58.14,0.00,SIN
2a06:98c1:3103:18fc:3ee0:56f9:7e26:8d7,4,4,0.00,58.14,0.00,SIN
2803:f800:51:676a:7da3:29e:34ca:defc,4,4,0.00,58.14,0.00,SIN
2a06:98c1:50:fd1d:4d31:ca38:c3c0:5f1d,4,4,0.00,58.14,0.00,SIN
2a06:98c1:310b:0:c00a:1ad0:fe5a:89b1,4,4,0.00,58.15,0.00,SIN
2a06:98c1:310b:0:c00a:1ad0:3860:e1f3,4,4,0.00,58.15,0.00,SIN
2a06:98c1:3106:8688:63d2:5b5a:1230:f2c1,4,4,0.00,58.15,0.00,SIN
2400:cb00:2049:b2a5:f1b8:83ac:25dd:9c4f,4,4,0.00,58.15,0.00,SIN
2a06:98c1:3107:aee4:c387:84f7:8235:245,4,4,0.00,58.15,0.00,SIN
2a06:98c1:50:fd1d:6e03:cccc:38a1:5c6b,4,4,0.00,58.15,0.00,SIN
2a06:98c1:310c:f49c:7120:d6c7:af0d:c2da,4,4,0.00,58.15,0.00,SIN
2a06:98c1:3100:0:c632:1ed9:dc97:50d5,4,4,0.00,58.15,0.00,SIN
2a06:98c1:310b:c4:7fb6:5b6a:a2c0:554c,4,4,0.00,58.15,0.00,SIN
2a06:98c1:310c:eb:df6c:1912:c817:fe75,4,4,0.00,58.15,0.00,SIN
2a06:98c1:50:6b76:649c:36e1:457a:c42c,4,4,0.00,58.15,0.00,SIN
2a06:98c1:3106:86ad:f69f:6404:93dc:9138,4,4,0.00,58.15,0.00,SIN
2a06:98c1:3100:7d14:9232:98ca:a3b0:534,4,4,0.00,58.15,0.00,SIN
2a06:98c1:3102:ee60:d0a9:8d93:458b:de44,4,4,0.00,58.16,0.00,SIN
2a06:98c1:3106::afde:34fa:3703,4,4,0.00,58.16,0.00,SIN
2a06:98c1:3107:90:17b7:db5e:4296:a23e,4,4,0.00,58.16,0.00,SIN
2a06:98c1:3103:7d22:28cd:a837:81e7:bb22,4,4,0.00,58.16,0.00,SIN
2a06:98c1:51:aece:5ff:4436:30fa:56bc,4,4,0.00,58.16,0.00,SIN
2a06:98c1:3100:7d14:9232:983b:c025:9a1a,4,4,0.00,58.16,0.00,SIN
2a06:98c1:50:6b31:c1cf:c22b:8c61:d43,4,4,0.00,58.16,0.00,SIN
2400:cb00:2049:b200:61f6:21ac:43c9:d0bf,4,4,0.00,58.16,0.00,SIN
2a06:98c1:3101:da:a589:c2a7:74eb:ebb6,4,4,0.00,58.16,0.00,SIN
2a06:98c1:310e:c9e4:3469:9b32:a74e:8439,4,4,0.00,58.16,0.00,SIN
2a06:98c1:310e:c9e4:3469:9b32:1b5c:9ee5,4,4,0.00,58.16,0.00,SIN
2a06:98c1:3100:e7:ce47:b414:602e:f0ad,4,4,0.00,58.16,0.00,SIN
2a06:98c1:3107:aee4:c37e:1574:f7ab:9e2b,4,4,0.00,58.17,0.00,SIN
2a06:98c1:3107:0:2e:6193:ef:52f1,4,4,0.00,58.17,0.00,SIN
2a06:98c1:3108:759c:e0e8:cf50:a6c4:1853,4,4,0.00,58.17,0.00,SIN
2a06:98c1:3100:e7:ce47:b4a5:7fe5:d221,4,4,0.00,58.17,0.00,SIN
2803:f800:50:0:dd:1398:4be8:5531,4,4,0.00,58.17,0.00,SIN
2a06:98c1:3105:854d:ee1f:54fa:bad5:ada7,4,4,0.00,58.17,0.00,SIN
2a06:98c1:3105:854d:432c:a0f6:2e2c:ea3f,4,4,0.00,58.17,0.00,SIN
2400:cb00:2049:0:c2:f65f:c2f1:a965,4,4,0.00,58.17,0.00,SIN
2a06:98c1:310d::e13e:724b:b675,4,4,0.00,58.17,0.00,SIN
2a06:98c1:3107:ae97:189f:ca43:7348:d305,4,4,0.00,58.17,0.00,SIN
2400:cb00:2049:ab:fd26:28b4:4ecd:eac9,4,4,0.00,58.17,0.00,SIN
2a06:98c1:51:ae55:2d83:8e3d:9b04:696b,4,4,0.00,58.18,0.00,SIN
2803:f800:51:73fa:a342:bd12:6034:912f,4,4,0.00,58.18,0.00,SIN
2a06:98c1:3104:8b:a44f:7bf0:6c89:26ae,4,4,0.00,58.18,0.00,SIN
2a06:98c1:3108:759c:201e:555:998b:2d8a,4,4,0.00,58.18,0.00,SIN
2400:cb00:2049:0:4bb4:e928:97c2:b7b4,4,4,0.00,58.18,0.00,SIN
2803:f800:50:0:dd:ef1b:33f0:f338,4,4,0.00,58.18,0.00,SIN
2a06:98c1:3105::d791:993e:eb9c,4,4,0.00,58.18,0.00,SIN
2a06:98c1:3103:e577:343b:79bb:a742:3fb2,4,4,0.00,58.18,0.00,SIN
2400:cb00:2049:ab:1e85:443e:8817:b1f8,4,4,0.00,58.18,0.00,SIN
2400:cb00:2049:82:3cb6:3ed6:a75e:da81,4,4,0.00,58.18,0.00,SIN
2803:f800:51:73fa:a342:12fc:d576:ede9,4,4,0.00,58.18,0.00,SIN
2a06:98c1:3103:9728:f443:702d:3a0d:a2e7,4,4,0.00,58.18,0.00,SIN
2a06:98c1:3101:0:9ae7:c7c:d982:66c7,4,4,0.00,58.18,0.00,SIN
2a06:98c1:3100:3525:6fa9:f005:f7a6:dad,4,4,0.00,58.19,0.00,SIN
2400:cb00:2049:29e6:f2be:b6e6:e393:c41b,4,4,0.00,58.19,0.00,SIN
2a06:98c1:3106:0:98:ad0d:6352:12b5,4,4,0.00,58.19,0.00,SIN
2a06:98c1:3103:9728:f49b:1562:c4bc:7e26,4,4,0.00,58.19,0.00,SIN
2a06:98c1:3103:b862:c39:6217:33c4:f032,4,4,0.00,58.19,0.00,SIN
2a06:98c1:3101:f322:2869:e9ae:8120:7eb1,4,4,0.00,58.19,0.00,SIN
2a06:98c1:3109:8481:5f9f:d51d:563a:3289,4,4,0.00,58.19,0.00,SIN
2a06:98c1:3102:d4:d2d3:d9cb:fca9:3a8c,4,4,0.00,58.19,0.00,SIN
2a06:98c1:310b:f3:d042:d609:b8bf:17d0,4,4,0.00,58.19,0.00,SIN
2803:f800:51:d3:62bb:35cb:a3ce:a3de,4,4,0.00,58.19,0.00,SIN
2a06:98c1:3106:8688:63d2:5b31:4be6:bc60,4,4,0.00,58.19,0.00,SIN
2a06:98c1:310f:fa9f:7c29:e2b1:7fb0:ba70,4,4,0.00,58.19,0.00,SIN
2a06:98c1:3102:ee60:d0a9:13c7:5c63:4989,4,4,0.00,58.19,0.00,SIN
2a06:98c1:3102:4e68:6d60:3cc:f1ff:2795,4,4,0.00,58.19,0.00,SIN
2a06:98c1:3107:aee4:c37e:e164:26a3:64a1,4,4,0.00,58.19,0.00,SIN
2a06:98c1:3108::9cba:5fff:753d,4,4,0.00,58.19,0.00,SIN
2a06:98c1:3108::ebbb:785d:260f,4,4,0.00,58.19,0.00,SIN
2a06:98c1:3103:e577:343b:7990:5564:8d6e,4,4,0.00,58.19,0.00,SIN
2a06:98c1:3104:ce0b:a2ff:7373:efc1:95b3,4,4,0.00,58.19,0.00,SIN
2a06:98c1:3101:f322:cb99:4626:f02c:1c91,4,4,0.00,58.19,0.00,SIN
2a06:98c1:3108::77:5945:6ad5,4,4,0.00,58.19,0.00,SIN
2a06:98c1:3102:4e68:3986:aaf1:75df:2fcf,4,4,0.00,58.19,0.00,SIN
2a06:98c1:3108:0:f9fd:ded7:e05b:b9f3,4,4,0.00,58.19,0.00,SIN
2a06:98c1:3109:0:1c72:8730:45b4:f2b4,4,4,0.00,58.19,0.00,SIN
2a06:98c1:3104:ce0b:a2ac:aa8c:ec45:5e63,4,4,0.00,58.19,0.00,SIN
2400:cb00:2049:b200:6167:fb9a:22c8:5911,4,4,0.00,58.20,0.00,SIN
2803:f800:50:85:28ac:a636:1e41:b4b,4,4,0.00,58.20,0.00,SIN
2a06:98c1:50:0:91b6:4a51:3c7a:abbf,4,4,0.00,58.20,0.00,SIN
2400:cb00:2049:b2a5:f4a0:34fb:267a:7bd6,4,4,0.00,58.20,0.00,SIN
2a06:98c1:3105:8523:aafb:4f9e:6b98:a43f,4,4,0.00,58.20,0.00,SIN
2a06:98c1:3108:759c:209e:833e:4ebd:958a,4,4,0.00,58.20,0.00,SIN
2a06:98c1:3101:0:319d:29b0:4ade:226f,4,4,0.00,58.20,0.00,SIN
2a06:98c1:3101:0:319d:29b0:4a3d:4157,4,4,0.00,58.20,0.00,SIN
2a06:98c1:3101:0:9a1b:234c:9a50:7221,4,4,0.00,58.20,0.00,SIN
2a06:98c1:310e:c9e4:3469:9bb6:ecc7:8976,4,4,0.00,58.20,0.00,SIN
2a06:98c1:310a:17:b383:b62d:a3c7:c981,4,4,0.00,58.20,0.00,SIN
2a06:98c1:3105:8523:2e11:a9a2:fbb3:6e9b,4,4,0.00,58.20,0.00,SIN
2a06:98c1:3108:0:f9fd:dd58:fdcb:5e66,4,4,0.00,58.20,0.00,SIN
2400:cb00:2049:b2a5:f1b8:b9a6:44cb:999c,4,4,0.00,58.20,0.00,SIN
2a06:98c1:310b:0:36c7:76c:2a9f:fbcf,4,4,0.00,58.20,0.00,SIN
2a06:98c1:50:4f1e:20be:2023:8bb5:c7bb,4,4,0.00,58.20,0.00,SIN
2a06:98c1:310b:c4:7f1f:74df:593:4a8b,4,4,0.00,58.20,0.00,SIN
2a06:98c1:51:aece:8ac0:3a1a:50a8:3f1e,4,4,0.00,58.20,0.00,SIN
2803:f800:50:85:4f13:d390:55a:d798,4,4,0.00,58.20,0.00,SIN
2a06:98c1:50:4f1e:20be:2023:1d24:288,4,4,0.00,58.20,0.00,SIN
2a06:98c1:310b:0:c190:d4f6:853c:a01a,4,4,0.00,58.20,0.00,SIN
2a06:98c1:50:6b31:9775:3015:e8:fb2a,4,4,0.00,58.20,0.00,SIN
2a06:98c1:3108:3a23:83e0:b0e1:201a:cd53,4,4,0.00,58.21,0.00,SIN
2a06:98c1:310f:a8:b4d2:1750:17a5:cf51,4,4,0.00,58.21,0.00,SIN
2a06:98c1:310b:f3:d05e:55e4:6e48:e184,4,4,0.00,58.21,0.00,SIN
2803:f800:51:d3:62bb:3591:b662:4c44,4,4,0.00,58.21,0.00,SIN
2a06:98c1:3104:ce0b:a2ff:6762:d7d4:b1a8,4,4,0.00,58.21,0.00,SIN
2a06:98c1:3108:759c:e0e8:f54f:78f:4250,4,4,0.00,58.21,0.00,SIN
2a06:98c1:310e:0:fa3c:1177:3655:11,4,4,0.00,58.21,0.00,SIN
2a06:98c1:3104:f9:2dc4:e7a:5d7b:e828,4,4,0.00,58.21,0.00,SIN
2400:cb00:2049::46c8,4,4,0.00,58.21,0.00,SIN
2a06:98c1:3104:ce0b:a2ff:6790:8eb4:6fe6,4,4,0.00,58.21,0.00,SIN
2a06:98c1:3103:c627:c6d3:9053:4612:58a9,4,4,0.00,58.21,0.00,SIN
2a06:98c1:3101:f3af:743f:d7e9:3630:6b0f,4,4,0.00,58.21,0.00,SIN
2a06:98c1:50:6b31:c8ea:c101:d614:81c7,4,4,0.00,58.21,0.00,SIN
2a06:98c1:3101::8f62:a2ec:c526,4,4,0.00,58.21,0.00,SIN
2a06:98c1:3103:9728:bac7:c64:beef:fb8e,4,4,0.00,58.21,0.00,SIN
2a06:98c1:310b:c4:7f1f:d5ef:796c:4a3a,4,4,0.00,58.21,0.00,SIN
2a06:98c1:3104:ce0b:a2ac:aaa8:a861:1c32,4,4,0.00,58.22,0.00,SIN
2a06:98c1:3108:0:4f24:3c24:5247:1189,4,4,0.00,58.22,0.00,SIN
2a06:98c1:3108:0:4f24:3c24:52b9:4df4,4,4,0.00,58.22,0.00,SIN
2a06:98c1:50:4fa8:58f3:f1d0:3ecd:1fba,4,4,0.00,58.22,0.00,SIN
2a06:98c1:50:fdfe:95d:ca06:40b1:310,4,4,0.00,58.22,0.00,SIN
2a06:98c1:50:4f1e:205c:b918:18f8:4d0c,4,4,0.00,58.22,0.00,SIN
2a06:98c1:3100:0:a1:489b:5f21:e4c1,4,4,0.00,58.22,0.00,SIN
2a06:98c1:3100:0:a1:489b:5fad:4bfb,4,4,0.00,58.22,0.00,SIN
2a06:98c1:50:6b31:c8ea:14dd:9aad:693f,4,4,0.00,58.22,0.00,SIN
2a06:98c1:3104:deb8:dccc:46dc:3d74:e947,4,4,0.00,58.22,0.00,SIN
2a06:98c1:3105:8523:aafb:4f08:b79f:fc84,4,4,0.00,58.22,0.00,SIN
2a06:98c1:3107:0:2e:7310:6313:85f6,4,4,0.00,58.22,0.00,SIN
2a06:98c1:310f:0:d01d:1009:461a:8184,4,4,0.00,58.22,0.00,SIN
2a06:98c1:50:fd1d:4d8a:60fb:b8de:f673,4,4,0.00,58.22,0.00,SIN
2a06:98c1:3100:0:a1:48bd:d6b5:2b83,4,4,0.00,58.22,0.00,SIN
2a06:98c1:50:4fa8:58f3:f124:e9f6:d269,4,4,0.00,58.22,0.00,SIN
2a06:98c1:310e:883d:c95c:a0fd:e64b:844,4,4,0.00,58.22,0.00,SIN
2a06:98c1:50:d5:5928:4ef:97e:541a,4,4,0.00,58.23,0.00,SIN
2a06:98c1:50:4f1e:e868:6eb:4784:bae,4,4,0.00,58.23,0.00,SIN
2a06:98c1:310e:c949:c27:3af0:6d6:1046,4,4,0.00,58.23,0.00,SIN
2400:cb00:2049:b200:61f6:e7ff:5b82:e346,4,4,0.00,58.23,0.00,SIN
2a06:98c1:50:0:913b:f272:a96c:f85a,4,4,0.00,58.23,0.00,SIN
2a06:98c1:3104:de5f:5fdb:ecf6:e831:dda3,4,4,0.00,58.23,0.00,SIN
2a06:98c1:3108:6a:b7e3:2aa0:42af:1607,4,4,0.00,58.23,0.00,SIN
2a06:98c1:310e:c949:6c24:bd87:1211:2a78,4,4,0.00,58.23,0.00,SIN
2a06:98c1:50:fdfe:99c:9222:4871:6d85,4,4,0.00,58.23,0.00,SIN
2a06:98c1:3108:0:d3:466:30b2:501b,4,4,0.00,58.23,0.00,SIN
2a06:98c1:310b:0:c00a:96de:611a:dece,4,4,0.00,58.24,0.00,SIN
2400:cb00:2049:b2a5:f1b8:b967:60fa:eeb6,4,4,0.00,58.24,0.00,SIN
2a06:98c1:51:0:e5:14df:84de:beb1,4,4,0.00,58.24,0.00,SIN
2a06:98c1:3100:7ded:aa50:a38a:e405:bd58,4,4,0.00,58.24,0.00,SIN
2a06:98c1:3107:ae97:429e:4f78:c93d:a75f,4,4,0.00,58.24,0.00,SIN
2a06:98c1:310b:0:c0fa:dd89:d129:9111,4,4,0.00,58.24,0.00,SIN
2a06:98c1:3104:f9:af33:f693:39c9:749d,4,4,0.00,58.24,0.00,SIN
2a06:98c1:50:0:bcf0:e3ea:a576:6d7e,4,4,0.00,58.24,0.00,SIN
2a06:98c1:310b:0:c190:d431:900a:690,4,4,0.00,58.24,0.00,SIN
2a06:98c1:3102:ee60:d0fd:5134:c79a:eda0,4,4,0.00,58.24,0.00,SIN
2a06:98c1:310c:f49c:71fc:369c:cfb9:9f8a,4,4,0.00,58.24,0.00,SIN
2a06:98c1:310e:c9e4:2107:117e:2d08:ca08,4,4,0.00,58.24,0.00,SIN
2a06:98c1:3104:de5f:fdd4:dc81:1277:632,4,4,0.00,58.24,0.00,SIN
2a06:98c1:3100:0:ed98:665c:6eab:f5ba,4,4,0.00,58.24,0.00,SIN
2a06:98c1:310a:36:c2f5:2bbc:76b:879,4,4,0.00,58.24,0.00,SIN
2a06:98c1:3102:ee60:d0a9:9611:683e:2d7b,4,4,0.00,58.24,0.00,SIN
2a06:98c1:51:aece:50a:d0aa:ba81:3597,4,4,0.00,58.24,0.00,SIN
2a06:98c1:3101:f322:e9db:204f:b474:327b,4,4,0.00,58.25,0.00,SIN
2a06:98c1:3104:8b:a44f:7b5a:23d7:406a,4,4,0.00,58.25,0.00,SIN
2a06:98c1:310a:17:1ad8:c808:1731:8a31,4,4,0.00,58.25,0.00,SIN
2a06:98c1:3100:0:c632:7837:a184:22f8,4,4,0.00,58.25,0.00,SIN
2a06:98c1:3103:e577:2ffa:7bf5:7a99:1661,4,4,0.00,58.25,0.00,SIN
2a06:98c1:50:0:b0a5:511c:69c5:9c9a,4,4,0.00,58.25,0.00,SIN
2a06:98c1:3100:0:a1:481c:931b:94c3,4,4,0.00,58.25,0.00,SIN
2a06:98c1:50:0:c5:31d4:dcd9:5cae,4,4,0.00,58.25,0.00,SIN
2a06:98c1:3109:84ab:6113:3b63:7a42:b1b6,4,4,0.00,58.25,0.00,SIN
2a06:98c1:3100:7d1b:8653:2d34:fcaf:797c,4,4,0.00,58.25,0.00,SIN
2400:cb00:2049::9e:9130,4,4,0.00,58.25,0.00,SIN
2400:cb00:2049:29e6:1c9b:e58a:3847:fedc,4,4,0.00,58.25,0.00,SIN
2a06:98c1:310c:d4:94d9:d26a:b377:5902,4,4,0.00,58.25,0.00,SIN
2803:f800:51:379b:e55c:15c8:6b7b:16ab,4,4,0.00,58.25,0.00,SIN
2a06:98c1:51:0:e5bd:355b:d851:9373,4,4,0.00,58.26,0.00,SIN
2a06:98c1:50:0:bcf0:d1b2:87d3:3fc5,4,4,0.00,58.26,0.00,SIN
2803:f800:51:0:8823:106:7490:ca0,4,4,0.00,58.26,0.00,SIN
2a06:98c1:3101:f322:cb25:f318:aaf8:1112,4,4,0.00,58.26,0.00,SIN
2a06:98c1:3103:e525:6032:38cf:a03a:6719,4,4,0.00,58.26,0.00,SIN
2a06:98c1:3108:3a6e:9ac2:f069:fdd3:1a5a,4,4,0.00,58.26,0.00,SIN
2a06:98c1:3101::8672,4,4,0.00,58.26,0.00,SIN
2a06:98c1:310d:0:c94:c254:9bb5:ac4e,4,4,0.00,58.26,0.00,SIN
2a06:98c1:3108:0:f9c7:497a:b97:71c1,4,4,0.00,58.26,0.00,SIN
2a06:98c1:3103:7d22:cecd:4f98:3db:17f9,4,4,0.00,58.26,0.00,SIN
2a06:98c1:310c:f49c:711d:4f21:5653:ebd6,4,4,0.00,58.26,0.00,SIN
2a06:98c1:3105:0:53ff:e4bc:3e97:b195,4,4,0.00,58.26,0.00,SIN
2a06:98c1:3105:0:53ff:e4bc:3e4b:31fe,4,4,0.00,58.26,0.00,SIN
2a06:98c1:3106:0:98:f0e8:b048:f2b1,4,4,0.00,58.26,0.00,SIN
2a06:98c1:3107:ae51:4248:3703:9417:a955,4,4,0.00,58.27,0.00,SIN
2a06:98c1:310b:f3:d06a:4ab2:e662:5e9,4,4,0.00,58.27,0.00,SIN
2400:cb00:2049:b2a5:f4a0:34fb:ab1c:c9b7,4,4,0.00,58.27,0.00,SIN
2a06:98c1:3100:7ded:e0e1:3642:64d6:8867,4,4,0.00,58.27,0.00,SIN
2400:cb00:2049:ab:fd08:70b9:e686:9684,4,4,0.00,58.27,0.00,SIN
2a06:98c1:3103:c627:2721:a826:4e34:7db3,4,4,0.00,58.27,0.00,SIN
2a06:98c1:3109:e1:12f5:1a71:b682:d7a9,4,4,0.00,58.27,0.00,SIN
2a06:98c1:3102:ee60:d044:7567:614c:ee7b,4,4,0.00,58.27,0.00,SIN
2a06:98c1:310e:0:fafc:ce8a:2b8b:399e,4,4,0.00,58.27,0.00,SIN
2a06:98c1:310b:0:d3:fc25:a1ee:10,4,4,0.00,58.27,0.00,SIN
2a06:98c1:3103:183b:c02e:6f87:4ac7:2977,4,4,0.00,58.27,0.00,SIN
2a06:98c1:3108:3a6e:9ac2:9415:de69:1edf,4,4,0.00,58.27,0.00,SIN
2a06:98c1:310d:f04e:3bef:8e1e:c3ef:d472,4,4,0.00,58.27,0.00,SIN
2a06:98c1:3109:8481:c37f:5ebf:c696:3e34,4,4,0.00,58.28,0.00,SIN
2a06:98c1:3109:8481:c37f:5ebf:c68e:6bfb,4,4,0.00,58.28,0.00,SIN
2400:cb00:2049:2929:9ec7:fd05:2866:4d2e,4,4,0.00,58.28,0.00,SIN
2a06:98c1:310b:f3:d042:ad5:c2d8:5bfd,4,4,0.00,58.28,0.00,SIN
2a06:98c1:3103:7d40:b43e:439e:2a4c:de2d,4,4,0.00,58.28,0.00,SIN
2a06:98c1:310d:0:cd8:77b:3d57:9b1d,4,4,0.00,58.28,0.00,SIN
2a06:98c1:3100:0:9f:6331:1c11:2f74,4,4,0.00,58.28,0.00,SIN
2a06:98c1:310e:c9e4:2170:3ae:ab89:f68,4,4,0.00,58.28,0.00,SIN
2a06:98c1:50:0:b0a5:25ca:9de4:5324,4,4,0.00,58.28,0.00,SIN
2a06:98c1:310f:fa9f:7c29:e20b:3ede:58be,4,4,0.00,58.28,0.00,SIN
2a06:98c1:3107:0:7edf:278e:2dec:47c3,4,4,0.00,58.28,0.00,SIN
2a06:98c1:310c:ed:b24a:efe2:ffba:e990,4,4,0.00,58.28,0.00,SIN
2a06:98c1:3107:aee4:c53e:7b2f:38a0:e08f,4,4,0.00,58.28,0.00,SIN
2a06:98c1:310b:0:c00a:1a3d:c9a8:ccc8,4,4,0.00,58.28,0.00,SIN
2a06:98c1:3100:0:fa45:b259:59f5:ef54,4,4,0.00,58.28,0.00,SIN
2a06:98c1:3102:4e68:6d60:31f:f909:2349,4,4,0.00,58.28,0.00,SIN
2a06:98c1:51:7b:557f:b20f:e72a:2dde,4,4,0.00,58.28,0.00,SIN
2a06:98c1:3106:ca:9a85:52d9:d843:96d,4,4,0.00,58.28,0.00,SIN
2a06:98c1:3106:ca:1748:6f4a:3b76:2161,4,4,0.00,58.28,0.00,SIN
2a06:98c1:310d:e8:5e6a:d467:ad02:a95,4,4,0.00,58.28,0.00,SIN
2a06:98c1:310d:e8:5e6a:4817:54f8:3f5e,4,4,0.00,58.28,0.00,SIN
2a06:98c1:3100:7ded:e0e1:15bd:8164:4fbc,4,4,0.00,58.28,0.00,SIN
2a06:98c1:3103:e577:39a2:5020:361e:70b1,4,4,0.00,58.28,0.00,SIN
2a06:98c1:3107:0:1510:fcfe:3b2:ec00,4,4,0.00,58.28,0.00,SIN
2a06:98c1:3109:e1:12f5:1a5a:7732:fc4a,4,4,0.00,58.29,0.00,SIN
2a06:98c1:3103:e5b4:1543:a75f:e92e:2e8c,4,4,0.00,58.29,0.00,SIN
2a06:98c1:3103:e5b4:ffd0:3817:cf5c:f2b3,4,4,0.00,58.29,0.00,SIN
2a06:98c1:3107:aee4:c3f3:71:c297:1e3b,4,4,0.00,58.29,0.00,SIN
2a06:98c1:3103:e5b4:ff7b:1332:1b40:92b8,4,4,0.00,58.29,0.00,SIN
2a06:98c1:310e:c8:5dc2:1e79:1c48:a6bb,4,4,0.00,58.29,0.00,SIN
2a06:98c1:3107:aee4:c387:841e:c5de:6cbb,4,4,0.00,58.29,0.00,SIN
2a06:98c1:310b:0:d3:fc25:a110:5ceb,4,4,0.00,58.29,0.00,SIN
2a06:98c1:3106:0:6f:1fc4:60a5:7685,4,4,0.00,58.29,0.00,SIN
2a06:98c1:50:6b31:9775:3074:83ca:5b1c,4,4,0.00,58.29,0.00,SIN
2a06:98c1:51:7b:55d8:7f47:60b7:15a,4,4,0.00,58.29,0.00,SIN
2a06:98c1:3105:b1:501a:d74d:7ac7:db89,4,4,0.00,58.29,0.00,SIN
2a06:98c1:310d:e8:5e6a:4875:5c7d:a07f,4,4,0.00,58.29,0.00,SIN
2a06:98c1:3102:4e68:d375:8190:136f:7cec,4,4,0.00,58.29,0.00,SIN
2400:cb00:2049:b2a5:1700:77a6:a072:a299,4,4,0.00,58.29,0.00,SIN
2a06:98c1:50:6b31:c8ea:c101:926d:f530,4,4,0.00,58.29,0.00,SIN
2803:f800:51:0:3a:7289:5c05:ea74,4,4,0.00,58.29,0.00,SIN
2a06:98c1:3108:6a:b7e3:fa30:5fde:de02,4,4,0.00,58.29,0.00,SIN
2803:f800:50:f049:26f8:3728:93c8:96fb,4,4,0.00,58.29,0.00,SIN
2a06:98c1:50:fd1d:4d8a:607b:5cab:4a0c,4,4,0.00,58.29,0.00,SIN
2803:f800:50:85:4f13:814e:5725:99c2,4,4,0.00,58.29,0.00,SIN
2a06:98c1:3109:8481:c30d:a331:39c4:1823,4,4,0.00,58.30,0.00,SIN
2a06:98c1:3100:e7:ce47:b414:6060:d3e5,4,4,0.00,58.30,0.00,SIN
2a06:98c1:3108:0:f9fd:de7d:7105:6f57,4,4,0.00,58.30,0.00,SIN
2400:cb00:2049:29e6:f288:f5ee:9f50:674c,4,4,0.00,58.30,0.00,SIN
2a06:98c1:50:0:913b:2e58:1dc2:5f67,4,4,0.00,58.30,0.00,SIN
2a06:98c1:3107:aee4:c387:84f7:4eae:e474,4,4,0.00,58.30,0.00,SIN
2a06:98c1:3108:759c:209e:37f4:99e3:c4b,4,4,0.00,58.30,0.00,SIN
2400:cb00:2049:b200:48f9:6c36:f117:bf14,4,4,0.00,58.30,0.00,SIN
2a06:98c1:3108:0:f917:b5a9:d20c:39b3,4,4,0.00,58.30,0.00,SIN
2a06:98c1:3108:0:f9fd:ddb7:8d16:4561,4,4,0.00,58.30,0.00,SIN
2a06:98c1:3100:7ded:aa50:63e3:50c2:bc10,4,4,0.00,58.30,0.00,SIN
2a06:98c1:3108:3a23:83e0:b0d8:a6d3:7e26,4,4,0.00,58.30,0.00,SIN
2a06:98c1:50:4f1e:205c:9d2f:2108:188a,4,4,0.00,58.30,0.00,SIN
2a06:98c1:3102:ee60:d0a9:96f9:f40f:bc1a,4,4,0.00,58.31,0.00,SIN
2a06:98c1:310d:f04e:d8a5:cb84:9bf7:21be,4,4,0.00,58.31,0.00,SIN
2803:f800:50:85:4f13:814e:42ce:56e8,4,4,0.00,58.31,0.00,SIN
2a06:98c1:3100:3525:6fa9:f01e:e602:7963,4,4,0.00,58.31,0.00,SIN
2a06:98c1:50:fd1d:997c:f8c4:435a:14a2,4,4,0.00,58.31,0.00,SIN
2a06:98c1:50:fd1d:997c:f8c4:432f:2b89,4,4,0.00,58.31,0.00,SIN
2a06:98c1:3100:3525:6f42:a173:ac56:6824,4,4,0.00,58.31,0.00,SIN
2a06:98c1:3104:64:578f:ecbf:8de6:8508,4,4,0.00,58.31,0.00,SIN
2a06:98c1:3108:3a23:83e0:f0ad:6c5b:f445,4,4,0.00,58.31,0.00,SIN
2a06:98c1:310e:c949:6cd9:8be9:e31a:72ef,4,4,0.00,58.31,0.00,SIN
2a06:98c1:3102:ee60:1104:6ea0:431b:4e6e,4,4,0.00,58.31,0.00,SIN
2a06:98c1:3100:7d1b:1b81:3199:ad56:a421,4,4,0.00,58.31,0.00,SIN
2a06:98c1:3106:ca:5f84:ce4b:9917:b1a9,4,4,0.00,58.31,0.00,SIN
2a06:98c1:50:4f1e:2008:6ffb:2000:74bd,4,4,0.00,58.31,0.00,SIN
2a06:98c1:310c:14:1c83:3835:f193:7316,4,4,0.00,58.31,0.00,SIN
2400:cb00:2049:ab:1e85:de09:4d62:f4d6,4,4,0.00,58.31,0.00,SIN
2400:cb00:2049:29e6:1c93:86a:e1d8:1e20,4,4,0.00,58.31,0.00,SIN
2a06:98c1:3100:0:a1:bebf:97ff:d697,4,4,0.00,58.31,0.00,SIN
2a06:98c1:3104:f9:af33:6e37:ea1f:9341,4,4,0.00,58.31,0.00,SIN
2a06:98c1:310c::90:fc31,4,4,0.00,58.31,0.00,SIN
2a06:98c1:3103:0:9e:a6c1:f40b:8d8d,4,4,0.00,58.31,0.00,SIN
2a06:98c1:3100:7ded:e0e1:36e6:e4ac:e437,4,4,0.00,58.31,0.00,SIN
2a06:98c1:3108:3a6e:9a57:25c:f725:103f,4,4,0.00,58.31,0.00,SIN
2a06:98c1:50:6b31:c13e:d249:a561:a1b3,4,4,0.00,58.31,0.00,SIN
2a06:98c1:310e:c8:5dc2:1e92:4d31:19cb,4,4,0.00,58.32,0.00,SIN
2a06:98c1:3104::8a:405b:4820,4,4,0.00,58.32,0.00,SIN
2a06:98c1:3102::93:7be7,4,4,0.00,58.32,0.00,SIN
2a06:98c1:3109::9d93:2295:bbd3,4,4,0.00,58.32,0.00,SIN
2a06:98c1:3103:7d22:cecd:f32f:2b88:e62c,4,4,0.00,58.32,0.00,SIN
2a06:98c1:3108:0:f9fd:de7d:71a9:4299,4,4,0.00,58.32,0.00,SIN
2a06:98c1:310b:f3:dd17:f04a:ea71:d20,4,4,0.00,58.32,0.00,SIN
2a06:98c1:310b:f3:d05e:55c5:b1f9:d8f3,4,4,0.00,58.32,0.00,SIN
2a06:98c1:3104:ce0b:a2ff:738e:5bf0:6ae1,4,4,0.00,58.32,0.00,SIN
2a06:98c1:50:0:bcf0:d1e0:e2ab:e53a,4,4,0.00,58.32,0.00,SIN
2a06:98c1:310f:a8:b4d2:e9bf:3b5f:15e6,4,4,0.00,58.32,0.00,SIN
2a06:98c1:3108:3a6e:9ac2:931d:134:56dc,4,4,0.00,58.32,0.00,SIN
2a06:98c1:3103:9728:f49b:9a54:3e33:8f24,4,4,0.00,58.32,0.00,SIN
2a06:98c1:3100:7d40:b225:b83e:d7a4:1526,4,4,0.00,58.32,0.00,SIN
2a06:98c1:3108:3a6e:9a57:9935:c53d:8adf,4,4,0.00,58.32,0.00,SIN
2a06:98c1:310b:f3:ddff:50c3:c39c:7b55,4,4,0.00,58.32,0.00,SIN
2400:cb00:2049:2929:9ec7:14fb:f738:9a6f,4,4,0.00,58.32,0.00,SIN
2a06:98c1:3107::25c1:3439:6b87,4,4,0.00,58.32,0.00,SIN
2803:f800:50:f049:26f8:3728:9316:102a,4,4,0.00,58.32,0.00,SIN
2a06:98c1:3103:7d22:cecd:4f98:b72f:319b,4,4,0.00,58.33,0.00,SIN
2a06:98c1:3102:4e68:3986:aaf1:6fea:fb4,4,4,0.00,58.33,0.00,SIN
2a06:98c1:3106:ca:9a85:86cc:b48b:29fb,4,4,0.00,58.33,0.00,SIN
2a06:98c1:310f:0:d01d:fa57:ed50:2e15,4,4,0.00,58.33,0.00,SIN
2a06:98c1:310d:0:b4:8a0c:58a:1a09,4,4,0.00,58.33,0.00,SIN
2a06:98c1:3108:0:4f76:5e21:1dd9:9e5e,4,4,0.00,58.33,0.00,SIN
2a06:98c1:3108:0:4f76:5e21:bbbb:e230,4,4,0.00,58.33,0.00,SIN
2400:cb00:2049:b200:6167:b0d9:b16b:8a2,4,4,0.00,58.33,0.00,SIN
2a06:98c1:3104:8b:81e2:5112:1b48:e172,4,4,0.00,58.33,0.00,SIN
2a06:98c1:310b:0:365f:a41:1f73:b2a2,4,4,0.00,58.33,0.00,SIN
2803:f800:50:0:e77b:b5ef:e115:6c90,4,4,0.00,58.33,0.00,SIN
2a06:98c1:310b:f3:fe68:54d5:cb29:acd8,4,4,0.00,58.33,0.00,SIN
2a06:98c1:310d:f04e:d852:7413:2d0e:2782,4,4,0.00,58.33,0.00,SIN
2a06:98c1:50::f866:6376,4,4,0.00,58.33,0.00,SIN
2803:f800:50::bcc8:8346:d61,4,4,0.00,58.33,0.00,SIN
2a06:98c1:310d:f04e:3b65:1e68:14f9:a8eb,4,4,0.00,58.33,0.00,SIN
2a06:98c1:3103:e577:343b:799d:e3f1:2df0,4,4,0.00,58.33,0.00,SIN
2a06:98c1:3103:e577:397b:e10:d6a9:b0eb,4,4,0.00,58.33,0.00,SIN
2a06:98c1:3102:4e68:ee16:79c7:a987:643a,4,4,0.00,58.33,0.00,SIN
2a06:98c1:3101:f322:cb6d:c810:c64b:c761,4,4,0.00,58.33,0.00,SIN
2400:cb00:2049:82:3cb6:f92b:adce:9c28,4,4,0.00,58.33,0.00,SIN
2a06:98c1:310d:f04e:a54f:36b3:a6e5:303e,4,4,0.00,58.34,0.00,SIN
2a06:98c1:3100:7ded:866b:5e7:467f:de3c,4,4,0.00,58.34,0.00,SIN
2a06:98c1:3106:0:2288:8533:b690:88e9,4,4,0.00,58.34,0.00,SIN
2a06:98c1:310a:0:ed:73e8:35e6:d275,4,4,0.00,58.34,0.00,SIN
2a06:98c1:3104:f9:2dc4:ed2:a803:15bd,4,4,0.00,58.34,0.00,SIN
2a06:98c1:3108:759c:209e:8b7c:2fd8:aa16,4,4,0.00,58.34,0.00,SIN
2803:f800:50:85:4f13:d390:dd40:e4f8,4,4,0.00,58.34,0.00,SIN
2a06:98c1:3101:f3af:743f:d710:bd5e:7cec,4,4,0.00,58.34,0.00,SIN
2a06:98c1:310b:f3:d05e:b415:a782:74c4,4,4,0.00,58.34,0.00,SIN
2a06:98c1:3102:ee60:d0a9:9658:e3e5:bef7,4,4,0.00,58.34,0.00,SIN
2a06:98c1:3106:6c:c3f:db99:726c:68c7,4,4,0.00,58.34,0.00,SIN
2a06:98c1:3100:7d14:928b:8012:fc88:a287,4,4,0.00,58.34,0.00,SIN
2a06:98c1:3103:c627:2788:43c5:d5f1:58a0,4,4,0.00,58.34,0.00,SIN
2a06:98c1:310b:0:c190:d4f6:85eb:c46c,4,4,0.00,58.34,0.00,SIN
2a06:98c1:3104:de5f:5fdb:d03b:1a4d:fa47,4,4,0.00,58.34,0.00,SIN
2a06:98c1:310d:0:b4:8a0c:f3d3:ed3e,4,4,0.00,58.34,0.00,SIN
2a06:98c1:51:aece:29f1:b35:eff9:9612,4,4,0.00,58.34,0.00,SIN
2a06:98c1:310e:0:fa3c:1177:9200:d111,4,4,0.00,58.34,0.00,SIN
2a06:98c1:50:4fa8:58f3:ff9b:1b0c:6195,4,4,0.00,58.35,0.00,SIN
2a06:98c1:3102:0:de:a8bf:1dd:353e,4,4,0.00,58.35,0.00,SIN
2a06:98c1:310a:36:414d:c428:1572:2c69,4,4,0.00,58.35,0.00,SIN
2400:cb00:2049::e600:3824:2ec7,4,4,0.00,58.35,0.00,SIN
2400:cb00:2049::3a40:c87c,4,4,0.00,58.35,0.00,SIN
2a06:98c1:50:0:918a:7067:d160:f00e,4,4,0.00,58.35,0.00,SIN
2a06:98c1:3106:86ad:f637:62d:b511:b2f2,4,4,0.00,58.35,0.00,SIN
2a06:98c1:3103:9715:6361:7ef5:300e:64a0,4,4,0.00,58.35,0.00,SIN
2a06:98c1:310a:8d:d456:caa3:6fc2:ae3a,4,4,0.00,58.35,0.00,SIN
2a06:98c1:3104:8b:810b:3c40:d45f:63d9,4,4,0.00,58.35,0.00,SIN
2a06:98c1:310e:c949:c27:3af0:3895:f9a9,4,4,0.00,58.35,0.00,SIN
2400:cb00:2049:b200:61f6:e7ff:5b17:3c68,4,4,0.00,58.35,0.00,SIN
2a06:98c1:310d:f04e:a54f:6313:dea4:b047,4,4,0.00,58.35,0.00,SIN
2a06:98c1:3108:759c:209e:8b1f:9a5e:2ef6,4,4,0.00,58.36,0.00,SIN
2a06:98c1:3103:7d22:28cd:30b5:2986:4930,4,4,0.00,58.36,0.00,SIN
2a06:98c1:51:aece:fd54:1c5e:1bf6:8c95,4,4,0.00,58.36,0.00,SIN
2a06:98c1:3107:aee4:c37e:e1f8:271f:5341,4,4,0.00,58.36,0.00,SIN
2a06:98c1:310d:f0c3:ad7d:ba61:4c02:74ed,4,4,0.00,58.36,0.00,SIN
2400:cb00:2049:b2a5:1700:771f:59a4:f4a8,4,4,0.00,58.36,0.00,SIN
2a06:98c1:3105:854d:3bb1:3ee0:218a:1c1c,4,4,0.00,58.36,0.00,SIN
2a06:98c1:3105:854d:3bb1:3ee0:9c63:71c,4,4,0.00,58.36,0.00,SIN
2a06:98c1:3103:e577:2f2e:8119:2989:8929,4,4,0.00,58.36,0.00,SIN
2a06:98c1:310b:0:c0fa:dd4a:e4dc:c3ee,4,4,0.00,58.37,0.00,SIN
2a06:98c1:3108:0:d3:482:c96a:98d1,4,4,0.00,58.37,0.00,SIN
2a06:98c1:3108:0:d3:cc73:2f60:7276,4,4,0.00,58.37,0.00,SIN
2a06:98c1:310e:b8:e9a1:bf4b:35be:1b09,4,4,0.00,58.37,0.00,SIN
2a06:98c1:3107:b7b8:a084:5d7:d281:b3e3,4,4,0.00,58.37,0.00,SIN
2a06:98c1:3106:ca:1748:f8ea:92b5:1bcc,4,4,0.00,58.37,0.00,SIN
2a06:98c1:310b:f3:d05e:7bd4:37cb:fd6d,4,4,0.00,58.37,0.00,SIN
2a06:98c1:3100:0:a1:bebf:d399:366c,4,4,0.00,58.37,0.00,SIN
2a06:98c1:3103:9715:6361:5cc0:2a04:2b5e,4,4,0.00,58.37,0.00,SIN
2a06:98c1:3102:0:de:a87c:3cb7:457c,4,4,0.00,58.37,0.00,SIN
2a06:98c1:310b:f3:d05e:7bd4:cba9:7fc5,4,4,0.00,58.37,0.00,SIN
2a06:98c1:3101:f322:cb6d:c8b1:85d8:1e40,4,4,0.00,58.37,0.00,SIN
2a06:98c1:310b:0:c190:d431:9fe1:4ab2,4,4,0.00,58.37,0.00,SIN
2a06:98c1:310d:0:cd8:2b79:a6b2:d051,4,4,0.00,58.37,0.00,SIN
2a06:98c1:310e:c9e4:2107:7a7b:8600:44c7,4,4,0.00,58.37,0.00,SIN
2a06:98c1:3100:0:63:69d7:2e7a:5e6d,4,4,0.00,58.37,0.00,SIN
2a06:98c1:50:0:913b:c7a:d711:25c6,4,4,0.00,58.37,0.00,SIN
2a06:98c1:310c:14:4a8e:683d:c031:a5c0,4,4,0.00,58.37,0.00,SIN
2a06:98c1:50:6b76:649c:a419:56e4:7a28,4,4,0.00,58.38,0.00,SIN
2a06:98c1:3102:4e68:d314:b1be:f253:9107,4,4,0.00,58.38,0.00,SIN
2a06:98c1:310b:f3:d06a:e41d:fedb:da84,4,4,0.00,58.38,0.00,SIN
2a06:98c1:3105:b1:501a:d7f1:efe3:a08b,4,4,0.00,58.38,0.00,SIN
2400:cb00:2049:82:3cb6:f92b:4291:c440,4,4,0.00,58.38,0.00,SIN
2a06:98c1:310e:0:fa3c:21a6:5fa2:3ef3,4,4,0.00,58.38,0.00,SIN
2a06:98c1:310b:0:c0fa:dd4a:e46a:42c1,4,4,0.00,58.38,0.00,SIN
2400:cb00:2049:82:3cb6:a0e4:8966:19e7,4,4,0.00,58.38,0.00,SIN
2a06:98c1:3100:7ded:e0e1:5d3b:c92d:ddb9,4,4,0.00,58.38,0.00,SIN
2a06:98c1:3107:0:7edf:54fe:84a8:905,4,4,0.00,58.38,0.00,SIN
2a06:98c1:3104:64:caa1:84da:b463:729,4,4,0.00,58.38,0.00,SIN
2a06:98c1:3105:b1:501a:d73e:a5b9:a007,4,4,0.00,58.38,0.00,SIN
2a06:98c1:3106:8688:7a:e6c1:95ca:80db,4,4,0.00,58.38,0.00,SIN
2a06:98c1:3106:8688:6307:a91a:e4fe:566d,4,4,0.00,58.38,0.00,SIN
2400:cb00:2049:82:3c7c:67c1:a96f:a55c,4,4,0.00,58.38,0.00,SIN
2a06:98c1:310c:14:1c83:6ba1:2b0f:bf91,4,4,0.00,58.38,0.00,SIN
2a06:98c1:3109:8481:5f9f:d578:25cb:d3e9,4,4,0.00,58.38,0.00,SIN
2a06:98c1:3103:9728:baa2:19a5:e24b:e7b7,4,4,0.00,58.38,0.00,SIN
2a06:98c1:3102:0:de:80a1:a513:326b,4,4,0.00,58.38,0.00,SIN
2400:cb00:2049:29e6:f2be:b65b:dd96:5c93,4,4,0.00,58.38,0.00,SIN
2a06:98c1:3108:3a6e:9ac2:93f1:12e3:366,4,4,0.00,58.39,0.00,SIN
2a06:98c1:310e:c8:84d9:35d0:f985:974e,4,4,0.00,58.39,0.00,SIN
2a06:98c1:310a:36:414d:c4ed:1c95:2237,4,4,0.00,58.39,0.00,SIN
2a06:98c1:310a:0:ed:736f:a499:bb46,4,4,0.00,58.39,0.00,SIN
2a06:98c1:310b:0:c0fa:abac:72ed:f149,4,4,0.00,58.39,0.00,SIN
2a06:98c1:50:6b76:649c:a442:368d:b222,4,4,0.00,58.39,0.00,SIN
2a06:98c1:3107:90:d491:9532:95d0:b4a,4,4,0.00,58.39,0.00,SIN
2a06:98c1:3100:0:c6c4:4eec:b321:3fad,4,4,0.00,58.39,0.00,SIN
2a06:98c1:3107:0:2e:768f:d9e7:3c91,4,4,0.00,58.39,0.00,SIN
2a06:98c1:3106:8688:7dad:3189:e0d7:cc55,4,4,0.00,58.39,0.00,SIN
2a06:98c1:50:fd1d:6e03:b54b:3c19:5b30,4,4,0.00,58.39,0.00,SIN
2a06:98c1:3102::ddd4:70a8:d90a,4,4,0.00,58.39,0.00,SIN
2a06:98c1:50:74:4ed9:ba51:d710:8131,4,4,0.00,58.39,0.00,SIN
2a06:98c1:3107:aee4:c37e:e1f8:27e0:f569,4,4,0.00,58.40,0.00,SIN
2a06:98c1:310b:c4:7f1f:74df:ac85:215,4,4,0.00,58.40,0.00,SIN
2a06:98c1:3107:ae97:189f:caef:915:b9d9,4,4,0.00,58.40,0.00,SIN
2a06:98c1:3108:0:4f48:1fac:18b6:6554,4,4,0.00,58.40,0.00,SIN
2a06:98c1:3100:0:9f:63fb:389:cbaf,4,4,0.00,58.40,0.00,SIN
2a06:98c1:3100:0:a1:481c:8f31:bc92,4,4,0.00,58.40,0.00,SIN
2a06:98c1:3101:f322:d82:f625:53e9:e333,4,4,0.00,58.40,0.00,SIN
2a06:98c1:3106:8688:f648:105b:75fe:2dca,4,4,0.00,58.40,0.00,SIN
2a06:98c1:3108:3a6e:9a57:25c:f2d:8198,4,4,0.00,58.40,0.00,SIN
2400:cb00:2049:29e6:f2be:b6e6:e329:e0d7,4,4,0.00,58.40,0.00,SIN
2803:f800:50:f049:2608:fdda:40e7:18c5,4,4,0.00,58.40,0.00,SIN
2a06:98c1:3104::8a:4069:6fe9,4,4,0.00,58.40,0.00,SIN
2a06:98c1:3106:0:98:f0e8:c743:1158,4,4,0.00,58.40,0.00,SIN
2a06:98c1:3107:ae97:964b:f681:588e:456f,4,4,0.00,58.40,0.00,SIN
2a06:98c1:3104:de5f:5fdb:ecf6:1b40:157b,4,4,0.00,58.40,0.00,SIN
2a06:98c1:3102:4e68:60d9:23a5:87bf:54b,4,4,0.00,58.40,0.00,SIN
2a06:98c1:3102:4e68:60d9:2334:ca76:fa16,4,4,0.00,58.40,0.00,SIN
2a06:98c1:3100:7d14:9232:983b:def1:63b6,4,4,0.00,58.40,0.00,SIN
2803:f800:50:0:e77b:af0f:9555:6f38,4,4,0.00,58.40,0.00,SIN
2a06:98c1:310d:0:b4:6e10:4f5c:427a,4,4,0.00,58.41,0.00,SIN
2400:cb00:2049:0:4bb4:1ed9:4826:e734,4,4,0.00,58.41,0.00,SIN
2a06:98c1:3106:86ad:afc4:a8c:f960:3fdc,4,4,0.00,58.41,0.00,SIN
2a06:98c1:51:0:c5:abf7:84ab:d12e,4,4,0.00,58.41,0.00,SIN
2a06:98c1:3104:0:b2:9320:e67e:6e7d,4,4,0.00,58.41,0.00,SIN
2a06:98c1:3102:4e68:6d60:9fee:a650:1c06,4,4,0.00,58.41,0.00,SIN
2a06:98c1:3108:0:4f24:3ca9:d0ae:9682,4,4,0.00,58.41,0.00,SIN
2a06:98c1:3108:759c:209e:833e:c6ca:2cb7,4,4,0.00,58.41,0.00,SIN
2a06:98c1:3100:3525:ba13:6fba:4ccd:ca1d,4,4,0.00,58.41,0.00,SIN
2a06:98c1:3108:3a6e:1266:3c30:5afb:dcb1,4,4,0.00,58.41,0.00,SIN
2a06:98c1:3109:8481:c37f:5ebf:c65b:166f,4,4,0.00,58.41,0.00,SIN
2a06:98c1:3109:8481:c37f:5ebf:c641:f688,4,4,0.00,58.41,0.00,SIN
2a06:98c1:310c:f49c:7120:d60a:b77e:b434,4,4,0.00,58.41,0.00,SIN
2a06:98c1:310a:36:ecce:e566:adc6:2c5e,4,4,0.00,58.41,0.00,SIN
2a06:98c1:310b:c8:74b4:1608:a1b:886,4,4,0.00,58.41,0.00,SIN
2803:f800:51:0:8823:106:74fb:68a5,4,4,0.00,58.41,0.00,SIN
2a06:98c1:310d:e8:5e6a:d467:bce9:69bc,4,4,0.00,58.41,0.00,SIN
2a06:98c1:3107:aee4:4f1e:9662:d65e:8790,4,4,0.00,58.42,0.00,SIN
2a06:98c1:3102:4e68:60d9:524a:d266:7a52,4,4,0.00,58.42,0.00,SIN
2a06:98c1:3101:f322:e902:90c2:40c2:2717,4,4,0.00,58.42,0.00,SIN
2a06:98c1:3104:8b:81e2:51d2:3cc2:24bc,4,4,0.00,58.42,0.00,SIN
2a06:98c1:3107:b7b8:a0b9:e5fd:a0d4:f2e0,4,4,0.00,58.42,0.00,SIN
2a06:98c1:50:6b31:c13e:d2d5:1083:7829,4,4,0.00,58.42,0.00,SIN
2a06:98c1:3103:7d22:cecd:4f72:6202:3fd3,4,4,0.00,58.42,0.00,SIN
2a06:98c1:3105:854d:432c:6433:5076:1b5b,4,4,0.00,58.42,0.00,SIN
2a06:98c1:3103:e577:3997:7daa:1ba5:6050,4,4,0.00,58.42,0.00,SIN
2a06:98c1:3101:f322:e9db:c7d2:48d3:9152,4,4,0.00,58.42,0.00,SIN
2a06:98c1:3100:3525:ba2b:1ac3:e8b2:8f47,4,4,0.00,58.42,0.00,SIN
2a06:98c1:3109:8481:c30d:a331:39da:c2ad,4,4,0.00,58.43,0.00,SIN
2a06:98c1:3104:64:5718:7cae:6b93:c6e9,4,4,0.00,58.43,0.00,SIN
2803:f800:50:0:dd:1338:ca49:a39a,4,4,0.00,58.43,0.00,SIN
2a06:98c1:3101:f322:d27:8944:bb2b:8804,4,4,0.00,58.43,0.00,SIN
2400:cb00:2049:ab:fd08:702b:916a:2663,4,4,0.00,58.43,0.00,SIN
2a06:98c1:310c:0:7fca:79f:19b5:1268,4,4,0.00,58.43,0.00,SIN
2803:f800:50:85:28ac:a636:ea78:6961,4,4,0.00,58.43,0.00,SIN
2803:f800:51:676a:7da3:29e:3815:fa14,4,4,0.00,58.43,0.00,SIN
2a06:98c1:3106:ca:17d9:5970:ddcc:a6a0,4,4,0.00,58.43,0.00,SIN
2a06:98c1:310a:8d:d456:ca6d:6de8:cca7,4,4,0.00,58.43,0.00,SIN
2803:f800:51:d3:f328:1624:705d:7998,4,4,0.00,58.43,0.00,SIN
2a06:98c1:50:6b31:c13e:d2d5:8ce2:1e34,4,4,0.00,58.44,0.00,SIN
2803:f800:50:f049:26f8:372e:381e:e72e,4,4,0.00,58.44,0.00,SIN
2400:cb00:2049:2978:3861:bf45:ea2f:1418,4,4,0.00,58.44,0.00,SIN
2a06:98c1:3100:0:c632:1ed9:e9e8:989c,4,4,0.00,58.44,0.00,SIN
2a06:98c1:3107:aee4:c5bf:21d5:8771:51ca,4,4,0.00,58.44,0.00,SIN
2803:f800:51:0:7f:8ee:be14:6bda,4,4,0.00,58.44,0.00,SIN
2a06:98c1:3104:cef7:cd60:342e:3a42:b24c,4,4,0.00,58.44,0.00,SIN
2a06:98c1:3106:ca:5f84:ced9:a839:9852,4,4,0.00,58.44,0.00,SIN
2a06:98c1:3107:b7b8:a0b9:1998:9ba8:1b54,4,4,0.00,58.45,0.00,SIN
2a06:98c1:3103:18fc:3e2e:2bf1:98cc:e2b7,4,4,0.00,58.45,0.00,SIN
2a06:98c1:310c:eb:df51:354f:ff83:4772,4,4,0.00,58.45,0.00,SIN
2a06:98c1:310b:0:c0fa:44a6:8917:cb81,4,4,0.00,58.45,0.00,SIN
2803:f800:51::b809:88c,4,4,0.00,58.45,0.00,SIN
2a06:98c1:310e:883d:c991:dbba:cb7:4dad,4,4,0.00,58.45,0.00,SIN
2400:cb00:2049:2929:4609:525e:cd09:e6fb,4,4,0.00,58.45,0.00,SIN
2a06:98c1:3103:18fc:3e06:baaf:165b:cb3c,4,4,0.00,58.45,0.00,SIN
2a06:98c1:3103:f1:8755:1a54:7813:47de,4,4,0.00,58.45,0.00,SIN
2a06:98c1:310e:883d:c991:dbba:1fef:f549,4,4,0.00,58.45,0.00,SIN
2a06:98c1:310e:c98d:3c11:84c0:c1dc:9878,4,4,0.00,58.45,0.00,SIN
2a06:98c1:3104:64:578f:ecbf:24c4:bd8d,4,4,0.00,58.45,0.00,SIN
2a06:98c1:310f:a8:b4d2:1750:448d:450b,4,4,0.00,58.45,0.00,SIN
2a06:98c1:3103:b862:c39:623d:b3c5:262f,4,4,0.00,58.45,0.00,SIN
2a06:98c1:3104:8b:810b:9c06:ed05:1fc2,4,4,0.00,58.45,0.00,SIN
2a06:98c1:51::fe:f902:676d,4,4,0.00,58.45,0.00,SIN
2a06:98c1:50:0:913b:c7a:769f:a01a,4,4,0.00,58.45,0.00,SIN
2a06:98c1:3105:85a9:71c:b5b3:a333:367b,4,4,0.00,58.45,0.00,SIN
2a06:98c1:3108:759c:3af8:e59c:6031:86ef,4,4,0.00,58.45,0.00,SIN
2a06:98c1:3101:f322:d82:1736:b5bd:6a4,4,4,0.00,58.46,0.00,SIN
2a06:98c1:310e::80:2be7,4,4,0.00,58.46,0.00,SIN
2a06:98c1:3102:4e68:39ab:997b:6f9d:3cba,4,4,0.00,58.46,0.00,SIN
2a06:98c1:3103:9728:f49b:cbef:58a4:74d7,4,4,0.00,58.46,0.00,SIN
2803:f800:51:731b:a90e:5ec2:48ff:6da4,4,4,0.00,58.46,0.00,SIN
2a06:98c1:3108:759c:201e:7a6c:4e50:a1d2,4,4,0.00,58.46,0.00,SIN
2a06:98c1:50:0:b0a5:df6b:7e3d:4217,4,4,0.00,58.46,0.00,SIN
2a06:98c1:3108:759c:209e:8b7c:2f2c:1d57,4,4,0.00,58.46,0.00,SIN
2a06:98c1:3106:8688:7dad:310e:c2d8:7914,4,4,0.00,58.46,0.00,SIN
2a06:98c1:310d:f0c3:ad57:6c9:672c:8fb0,4,4,0.00,58.46,0.00,SIN
2a06:98c1:50:fd1d:6e03:cc22:4128:7811,4,4,0.00,58.46,0.00,SIN
2a06:98c1:50:0:b0a5:df52:e7fa:fc5f,4,4,0.00,58.46,0.00,SIN
2803:f800:51:d3:f328:1624:5f91:9ab0,4,4,0.00,58.46,0.00,SIN
2400:cb00:2049:29e6:1c93:a451:9ed9:d220,4,4,0.00,58.46,0.00,SIN
2a06:98c1:310a:36:c28f:424b:4fc8:5aa2,4,4,0.00,58.46,0.00,SIN
2a06:98c1:50:0:bcf0:d1b2:8773:7b1f,4,4,0.00,58.46,0.00,SIN
2a06:98c1:310a:0:7cb0:f2e9:7295:6017,4,4,0.00,58.46,0.00,SIN
2a06:98c1:3103:e577:3997:7dee:9748:418a,4,4,0.00,58.47,0.00,SIN
2a06:98c1:310b:7e91:95df:a1d3:83b7:e3b0,4,4,0.00,58.47,0.00,SIN
2803:f800:51:73fa:bf17:7255:bf19:ef03,4,4,0.00,58.47,0.00,SIN
2803:f800:51:0:3a:72fd:a551:a05c,4,4,0.00,58.47,0.00,SIN
2a06:98c1:310e:c8:efc5:d6a6:4b2f:1c54,4,4,0.00,58.47,0.00,SIN
2a06:98c1:3105:854d:ee44:42fc:c0da:719e,4,4,0.00,58.47,0.00,SIN
2a06:98c1:310a:36:c28f:42c9:11d1:b59,4,4,0.00,58.47,0.00,SIN
2a06:98c1:3108:759c:e0e8:cf04:d062:4874,4,4,0.00,58.47,0.00,SIN
2a06:98c1:3108:0:4f76:dea0:589c:8dab,4,4,0.00,58.47,0.00,SIN
2a06:98c1:3107:90:17b7:dbbc:73bf:5e7b,4,4,0.00,58.47,0.00,SIN
2a06:98c1:3103:c627:278b:c:6a4c:6e38,4,4,0.00,58.47,0.00,SIN
2a06:98c1:3108:759c:209e:833e:4e9b:1926,4,4,0.00,58.47,0.00,SIN
2a06:98c1:3107:0:2e:7666:880f:22f2,4,4,0.00,58.47,0.00,SIN
2a06:98c1:310c:f49c:7120:3702:8e14:74a1,4,4,0.00,58.47,0.00,SIN
2a06:98c1:3104:cef7:54b6:750a:1b8b:56a7,4,4,0.00,58.47,0.00,SIN
2a06:98c1:3102:ee60:1104:ba3:bc25:b876,4,4,0.00,58.47,0.00,SIN
2a06:98c1:3103:c627:2788:4372:2ae6:9e7b,4,4,0.00,58.47,0.00,SIN
2a06:98c1:3109:8481:5f9f:73c2:b6df:73a2,4,4,0.00,58.47,0.00,SIN
2a06:98c1:3107:0:524a:e3b7:2285:e226,4,4,0.00,58.47,0.00,SIN
2a06:98c1:3106:0:9:69d4:e7b2:19b9,4,4,0.00,58.47,0.00,SIN
2a06:98c1:3106:ca:1748:f8ea:b88b:5619,4,4,0.00,58.47,0.00,SIN
2a06:98c1:3102:ee60:d08d:b61c:acd5:ec24,4,4,0.00,58.47,0.00,SIN
2a06:98c1:3102:ee60:d0a9:8d93:8170:b1d3,4,4,0.00,58.47,0.00,SIN
2a06:98c1:310c:0:7fca:ea52:ec69:27aa,4,4,0.00,58.48,0.00,SIN
2a06:98c1:50:d5:5928:459:3747:a16,4,4,0.00,58.48,0.00,SIN
2a06:98c1:3102:4e68:d375:8136:38bc:2a16,4,4,0.00,58.48,0.00,SIN
2a06:98c1:3103:e577:343b:7972:fddb:72c,4,4,0.00,58.48,0.00,SIN
2400:cb00:2049:b200:48f9:6cef:d8d2:db9f,4,4,0.00,58.48,0.00,SIN
2a06:98c1:310a:17:1ad8:da5c:744e:eda7,4,4,0.00,58.48,0.00,SIN
2a06:98c1:310f:0:d01d:6f28:26c3:4146,4,4,0.00,58.48,0.00,SIN
2a06:98c1:3108::5978:8dfe:b7dd,4,4,0.00,58.48,0.00,SIN
2a06:98c1:310b:c4:7f0f:2f14:202a:e9d2,4,4,0.00,58.48,0.00,SIN
2803:f800:50:85:2838:d591:7e7b:3cde,4,4,0.00,58.48,0.00,SIN
2a06:98c1:3100:e7:ce47:7506:1aac:11a2,4,4,0.00,58.48,0.00,SIN
2a06:98c1:310b:f3:d05e:b4cb:d212:d79d,4,4,0.00,58.48,0.00,SIN
2a06:98c1:310c:f49c:7120:e5b2:2ce0:7c41,4,4,0.00,58.48,0.00,SIN
2a06:98c1:310a:17:1a6b:4aa2:1d57:a857,4,4,0.00,58.48,0.00,SIN
2a06:98c1:3103:e577:397b:e10:3dc:4d1e,4,4,0.00,58.48,0.00,SIN
2a06:98c1:50:4f1e:205c:b918:1846:1d8d,4,4,0.00,58.48,0.00,SIN
2a06:98c1:3103::7386:ee7b,4,4,0.00,58.48,0.00,SIN
2a06:98c1:50:4f1e:205c:9d79:f394:3f3c,4,4,0.00,58.49,0.00,SIN
2803:f800:51:676a:7da3:4b53:8c67:a253,4,4,0.00,58.49,0.00,SIN
2a06:98c1:3100:e7:ce47:7506:a02b:36c9,4,4,0.00,58.49,0.00,SIN
2400:cb00:2049:ab:fd26:ef3a:e54b:a063,4,4,0.00,58.49,0.00,SIN
2a06:98c1:310f:0:d5f2:c441:6b5b:4b8c,4,4,0.00,58.49,0.00,SIN
2a06:98c1:3106:86ad:af47:a38a:98cf:829a,4,4,0.00,58.49,0.00,SIN
2a06:98c1:310b:f3:d05e:fbd1:a73a:7be4,4,4,0.00,58.49,0.00,SIN
2a06:98c1:310c:d4:309e:cb70:3cb5:4fbe,4,4,0.00,58.49,0.00,SIN
2a06:98c1:3103:9728:f49b:9aea:6aed:b95a,4,4,0.00,58.49,0.00,SIN
2a06:98c1:310a::6791:b5e7:64d5,4,4,0.00,58.49,0.00,SIN
2a06:98c1:310e:0:fa5b:5aa6:87e:aa04,4,4,0.00,58.49,0.00,SIN
2a06:98c1:50:0:9164:9f14:cd04:ee13,4,4,0.00,58.49,0.00,SIN
2a06:98c1:310f::98c7:552d:daa9,4,4,0.00,58.49,0.00,SIN
2400:cb00:2049:2929:4609:ba99:177e:8a18,4,4,0.00,58.49,0.00,SIN
2a06:98c1:310e:883d:c95c:a0fd:46bc:2bf6,4,4,0.00,58.49,0.00,SIN
2a06:98c1:3104:f9:af98:c6bb:5a0c:4608,4,4,0.00,58.50,0.00,SIN
2a06:98c1:3106:86ad:af47:a38a:30f5:9b1f,4,4,0.00,58.50,0.00,SIN
2a06:98c1:3100:7d1b:1b81:8bd7:ef35:30e8,4,4,0.00,58.50,0.00,SIN
2a06:98c1:50:0:913b:f272:a91d:a358,4,4,0.00,58.50,0.00,SIN
2a06:98c1:310d:f04e:a54f:63ae:bf5f:9c31,4,4,0.00,58.50,0.00,SIN
2a06:98c1:3105:0:533f:a2a4:14e2:3d4d,4,4,0.00,58.50,0.00,SIN
2a06:98c1:310a:17:1ad8:da8a:b978:a1e8,4,4,0.00,58.50,0.00,SIN
2a06:98c1:3106:0:9:697b:4893:ccf4,4,4,0.00,58.50,0.00,SIN
2a06:98c1:310b::de:4da3:4c,4,4,0.00,58.50,0.00,SIN
2a06:98c1:310c:14:ee71:1ceb:a684:4e4b,4,4,0.00,58.50,0.00,SIN
2a06:98c1:310c:eb:dfaa:f984:52af:6335,4,4,0.00,58.50,0.00,SIN
2a06:98c1:3107:0:1510:fcfe:353:bbeb,4,4,0.00,58.50,0.00,SIN
2a06:98c1:310e:c8:5dc2:6d6f:6c5c:7bb3,4,4,0.00,58.50,0.00,SIN
2a06:98c1:3106::95b3:5d0f,4,4,0.00,58.50,0.00,SIN
2a06:98c1:3100:0:63:69d7:bb97:a23b,4,4,0.00,58.50,0.00,SIN
2400:cb00:2049:0:4bb4:3899:41b6:e055,4,4,0.00,58.50,0.00,SIN
2a06:98c1:50:0:c5:437:ff4:3966,4,4,0.00,58.50,0.00,SIN
2a06:98c1:3103:c627:278b:c:93b3:4a9f,4,4,0.00,58.50,0.00,SIN
2a06:98c1:3108:3a6e:9a57:245:939b:fc62,4,4,0.00,58.50,0.00,SIN
2a06:98c1:3105:0:533f:a285:7b42:881f,4,4,0.00,58.50,0.00,SIN
2a06:98c1:310e:c949:6c24:bd87:80a9:adc8,4,4,0.00,58.50,0.00,SIN
2a06:98c1:3104:8b:810b:9cac:cecf:ebce,4,4,0.00,58.51,0.00,SIN
2a06:98c1:310c:eb:df51:a1be:96c7:521c,4,4,0.00,58.51,0.00,SIN
2a06:98c1:310e:c949:6c24:e85c:ad7f:3d6d,4,4,0.00,58.51,0.00,SIN
2a06:98c1:3100:e7:8597:109e:5a61:2c33,4,4,0.00,58.51,0.00,SIN
2a06:98c1:310b:0:c0fa:4444:13c6:653,4,4,0.00,58.51,0.00,SIN
2a06:98c1:3104:ce0b:a2ff:7373:23de:863c,4,4,0.00,58.51,0.00,SIN
2a06:98c1:50:0:c5:31d4:dc1e:a911,4,4,0.00,58.51,0.00,SIN
2400:cb00:2049:2929:4609:525e:f0d5:b3ea,4,4,0.00,58.51,0.00,SIN
2a06:98c1:3104:64:ca50:b452:4777:5231,4,4,0.00,58.51,0.00,SIN
2a06:98c1:3104:f9:8f79:cf39:e21:84f3,4,4,0.00,58.51,0.00,SIN
2a06:98c1:3108:759c:e0e8:cf04:4115:b0fe,4,4,0.00,58.51,0.00,SIN
2a06:98c1:310b:f3:d05e:42a0:5014:d95a,4,4,0.00,58.51,0.00,SIN
2a06:98c1:3106:86ad:f69f:6404:93fc:9b83,4,4,0.00,58.51,0.00,SIN
2a06:98c1:3108:759c:209e:8b1f:9ae3:e5fd,4,4,0.00,58.51,0.00,SIN
2a06:98c1:310b::eb:f61a:d165,4,4,0.00,58.52,0.00,SIN
2400:cb00:2049:82:3cb6:f92b:428b:1687,4,4,0.00,58.52,0.00,SIN
2a06:98c1:3100:7ded:aa50:3a3d:1d8e:eeb3,4,4,0.00,58.52,0.00,SIN
2a06:98c1:3104:deb8:dc36:77b6:804f:dbeb,4,4,0.00,58.52,0.00,SIN
2a06:98c1:3103:e5b4:15bb:78de:d7d9:b2d,4,4,0.00,58.52,0.00,SIN
2a06:98c1:3107:0:7edf:bf93:3e1e:24ad,4,4,0.00,58.52,0.00,SIN
2a06:98c1:3107:aee4:c3f3:e91:a558:2c14,4,4,0.00,58.52,0.00,SIN
2a06:98c1:310c:f49c:7120:e5b2:decd:8ea,4,4,0.00,58.52,0.00,SIN
2a06:98c1:3106::610e:c750,4,4,0.00,58.52,0.00,SIN
2a06:98c1:310d:e8:5e16:f1c1:f1d4:b4a1,4,4,0.00,58.52,0.00,SIN
2a06:98c1:3104:cef7:cd60:342e:3a07:c57d,4,4,0.00,58.52,0.00,SIN
2a06:98c1:3104:cef7:cd60:342e:3ae8:62af,4,4,0.00,58.52,0.00,SIN
2a06:98c1:310b:f3:d05e:b463:7344:2fee,4,4,0.00,58.52,0.00,SIN
2a06:98c1:310c:eb:df51:a1e6:ec1a:bad7,4,4,0.00,58.52,0.00,SIN
2a06:98c1:3103:f1:bbb0:7a32:968e:9bf3,4,4,0.00,58.52,0.00,SIN
2803:f800:50:f049:b38a:522b:46e3:b395,4,4,0.00,58.52,0.00,SIN
2a06:98c1:3103:e577:2ffa:7b50:289c:3e18,4,4,0.00,58.53,0.00,SIN
2a06:98c1:310b:f3:d042:d6f6:bccb:cb06,4,4,0.00,58.53,0.00,SIN
2a06:98c1:3109:8481:d220:ab90:754a:8a1a,4,4,0.00,58.53,0.00,SIN
2a06:98c1:3103:e577:343b:796d:1b3d:326b,4,4,0.00,58.53,0.00,SIN
2a06:98c1:3103:0:c08f:931a:106f:cc19,4,4,0.00,58.53,0.00,SIN
2a06:98c1:3103:e577:34eb:bd61:2ace:e18f,4,4,0.00,58.53,0.00,SIN
2a06:98c1:310b:0:c0fa:abac:72f3:c7a9,4,4,0.00,58.53,0.00,SIN
2a06:98c1:3108:0:4f76:dea0:7f19:1b36,4,4,0.00,58.53,0.00,SIN
2a06:98c1:3103:f1:26a:288a:45ad:10cd,4,4,0.00,58.53,0.00,SIN
2a06:98c1:50:6b31:c13e:1f79:442d:2cb7,4,4,0.00,58.53,0.00,SIN
2a06:98c1:310e:c949:6cd9:8be7:8e83:3b46,4,4,0.00,58.53,0.00,SIN
2a06:98c1:3103:9715:6361:7ef5:c1b4:314c,4,4,0.00,58.53,0.00,SIN
2400:cb00:2049:82:1ac1:f73a:4dae:3a07,4,4,0.00,58.53,0.00,SIN
2a06:98c1:3103:b862:4302:13b5:782d:c220,4,4,0.00,58.53,0.00,SIN
2a06:98c1:3104:f9:af33:8e:e766:5b30,4,4,0.00,58.53,0.00,SIN
2a06:98c1:3105:0:53ff:e43b:bdf4:637a,4,4,0.00,58.53,0.00,SIN
2a06:98c1:51:aece:8ab9:c9f2:c7d6:8d2d,4,4,0.00,58.53,0.00,SIN
2a06:98c1:3105:0:50:69ab:f717:fa2e,4,4,0.00,58.53,0.00,SIN
2a06:98c1:3107:ae97:429e:4f39:26b2:657,4,4,0.00,58.53,0.00,SIN
2a06:98c1:310e:c8:5dc2:aec7:b325:795f,4,4,0.00,58.54,0.00,SIN
2a06:98c1:3107:ae97:183a:874b:1186:fd62,4,4,0.00,58.54,0.00,SIN
2a06:98c1:50:6b76:649c:65c5:b8b0:4608,4,4,0.00,58.54,0.00,SIN
2803:f800:50:f049:b38a:520e:5cda:19d9,4,4,0.00,58.54,0.00,SIN
2a06:98c1:3104:64:578f:2e5f:45bb:af87,4,4,0.00,58.54,0.00,SIN
2400:cb00:2049:82:3cb6:3ed6:a006:214e,4,4,0.00,58.54,0.00,SIN
2a06:98c1:310e:c8:5dc2:1e79:1cfc:de63,4,4,0.00,58.54,0.00,SIN
2a06:98c1:50:74:4ed9:ba51:d718:a9f1,4,4,0.00,58.54,0.00,SIN
2a06:98c1:310e:c949:cfa:c191:cf84:89bd,4,4,0.00,58.54,0.00,SIN
2a06:98c1:3103:9728:ba04:41df:5a04:73a3,4,4,0.00,58.54,0.00,SIN
2803:f800:51:379b:e55c:15c8:a6db:560d,4,4,0.00,58.54,0.00,SIN
2a06:98c1:3100:0:9f:5b4e:542c:8658,4,4,0.00,58.54,0.00,SIN
2a06:98c1:3105:0:53ff:e4bc:c810:7e8b,4,4,0.00,58.54,0.00,SIN
2a06:98c1:51:0:e5:1431:cd12:f448,4,4,0.00,58.54,0.00,SIN
2a06:98c1:3102:0:de:a87c:3cd0:d313,4,4,0.00,58.54,0.00,SIN
2a06:98c1:3100:7d14:928b:8012:6357:f679,4,4,0.00,58.55,0.00,SIN
2a06:98c1:3106:ca:9a85:c53d:acc2:9564,4,4,0.00,58.55,0.00,SIN
2803:f800:51:731b:a90e:5ec2:4801:2bcc,4,4,0.00,58.55,0.00,SIN
2a06:98c1:310e:c8:5dc2:aec7:b3f5:9a81,4,4,0.00,58.55,0.00,SIN
2a06:98c1:3103:b862:43f9:e1cb:868b:ab52,4,4,0.00,58.55,0.00,SIN
2a06:98c1:51:2d:a794:cacc:93c1:fc47,4,4,0.00,58.55,0.00,SIN
2a06:98c1:3105:0:53da:711b:49bc:7ff1,4,4,0.00,58.55,0.00,SIN
2a06:98c1:51:aece:fdcf:f8d0:2e81:9131,4,4,0.00,58.55,0.00,SIN
2a06:98c1:3104:de5f:5fdb:d094:86ca:9bbd,4,4,0.00,58.55,0.00,SIN
2a06:98c1:310b:7e91:730a:999d:f16a:7f8a,4,4,0.00,58.55,0.00,SIN
2a06:98c1:3104:de5f:5f42:15b6:420c:e1b4,4,4,0.00,58.56,0.00,SIN
2a06:98c1:310d:e8:5e6a:d467:ad35:439d,4,4,0.00,58.56,0.00,SIN
2a06:98c1:3106:8688:f648:10c1:5d8e:9855,4,4,0.00,58.56,0.00,SIN
2a06:98c1:3107:aee4:4f1e:bc5e:dc4c:d1b0,4,4,0.00,58.56,0.00,SIN
2a06:98c1:3109:0:1c72:8730:57f3:b46,4,4,0.00,58.56,0.00,SIN
2a06:98c1:310f:a8:b4d2:1750:4406:31c0,4,4,0.00,58.56,0.00,SIN
2a06:98c1:51:0:e5:1431:cdf1:1880,4,4,0.00,58.56,0.00,SIN
2a06:98c1:310e:c8:5d12:c2a1:ddec:cea1,4,4,0.00,58.56,0.00,SIN
2a06:98c1:51:aece:50a:760:4c86:7d2b,4,4,0.00,58.56,0.00,SIN
2a06:98c1:3108:0:f9fd:5a95:e6b8:41db,4,4,0.00,58.56,0.00,SIN
2a06:98c1:3105:854d:3bb1:3ec5:1d41:27d5,4,4,0.00,58.56,0.00,SIN
2a06:98c1:310c:d4:94e9:7326:aabf:76c8,4,4,0.00,58.56,0.00,SIN
2a06:98c1:3105:854d:ee1f:54fa:baf7:d316,4,4,0.00,58.56,0.00,SIN
2a06:98c1:3100:7d1b:2b3c:db0e:eb7f:d855,4,4,0.00,58.56,0.00,SIN
2a06:98c1:51:aece:296c:23c8:dc58:c93d,4,4,0.00,58.56,0.00,SIN
2803:f800:50:0:e71c:71f6:e710:d24f,4,4,0.00,58.57,0.00,SIN
2a06:98c1:3103:f1:bbb0:7a32:9632:3ab7,4,4,0.00,58.57,0.00,SIN
2a06:98c1:50:6b31:c13e:d2d5:8c6f:6c30,4,4,0.00,58.57,0.00,SIN
2a06:98c1:310c:5c:326e:3b9d:4147:8284,4,4,0.00,58.57,0.00,SIN
2a06:98c1:3107:ae51:4248:951a:64bd:68e9,4,4,0.00,58.57,0.00,SIN
2a06:98c1:3102:4e68:6d60:3cc:f6f4:dccb,4,4,0.00,58.57,0.00,SIN
2a06:98c1:3100:7d40:b225:b83e:e03e:864b,4,4,0.00,58.57,0.00,SIN
2a06:98c1:3107:aee4:c37e:150d:c7d3:2164,4,4,0.00,58.57,0.00,SIN
2a06:98c1:3100:3525:6fa9:6a31:98f9:9f5e,4,4,0.00,58.57,0.00,SIN
2400:cb00:2049:82:1a8d:8cc5:50e4:df10,4,4,0.00,58.57,0.00,SIN
2a06:98c1:3106:8688:f6af:c39f:25dd:e8f2,4,4,0.00,58.57,0.00,SIN
2a06:98c1:310c:0:7f3e:2de3:f4c7:4db4,4,4,0.00,58.57,0.00,SIN
2a06:98c1:3101:0:bcad:465a:f4c7:c69c,4,4,0.00,58.58,0.00,SIN
2a06:98c1:310a:ca56:cd07:8e8e:47ed:873c,4,4,0.00,58.58,0.00,SIN
2803:f800:51:676a:7da3:4b9b:8501:6306,4,4,0.00,58.58,0.00,SIN
2400:cb00:2049:b200:4824:aa5d:a201:4b85,4,4,0.00,58.58,0.00,SIN
2a06:98c1:3100:0:fa45:4d2b:2de2:671d,4,4,0.00,58.58,0.00,SIN
2a06:98c1:3106:ca:1748:a7f3:b619:e982,4,4,0.00,58.58,0.00,SIN
2803:f800:51:0:8823:106:2b3c:e9c7,4,4,0.00,58.58,0.00,SIN
2400:cb00:2049::7f19:a369:cbdd,4,4,0.00,58.58,0.00,SIN
2a06:98c1:3101:f322:2869:e908:e866:831b,4,4,0.00,58.58,0.00,SIN
2a06:98c1:310a:17:1ad8:c88d:e1a9:225e,4,4,0.00,58.58,0.00,SIN
2400:cb00:2049:82:3cb6:a0e4:fe35:b07a,4,4,0.00,58.58,0.00,SIN
2a06:98c1:310c:f49c:711d:4f84:fd58:c275,4,4,0.00,58.58,0.00,SIN
2803:f800:50::5036:9291,4,4,0.00,58.59,0.00,SIN
2a06:98c1:50:0:b0a5:51fe:8:4488,4,4,0.00,58.59,0.00,SIN
2a06:98c1:50:6b31:9760:34c9:77aa:5559,4,4,0.00,58.59,0.00,SIN
2a06:98c1:50:fdfe:9f3:8784:a198:5cb7,4,4,0.00,58.59,0.00,SIN
2a06:98c1:3104::8a:733f:bb5d,4,4,0.00,58.59,0.00,SIN
2a06:98c1:50:6b31:c8ea:c101:92ab:9eee,4,4,0.00,58.59,0.00,SIN
2a06:98c1:3107:aee4:c3f3:71:c2d9:9954,4,4,0.00,58.59,0.00,SIN
2a06:98c1:3100:3525:6fa9:f073:170b:cda3,4,4,0.00,58.59,0.00,SIN
2a06:98c1:50:d5:5928:8097:6c16:fbb9,4,4,0.00,58.59,0.00,SIN
2803:f800:50:f049:b256:d938:1d99:6f4b,4,4,0.00,58.59,0.00,SIN
2400:cb00:2049:b2a5:f128:a9e8:bce:a212,4,4,0.00,58.59,0.00,SIN
2a06:98c1:3108:0:f9c7:49fa:60ad:7d11,4,4,0.00,58.59,0.00,SIN
2400:cb00:2049:82:3cb6:d385:c1cd:9bae,4,4,0.00,58.60,0.00,SIN
2a06:98c1:3102:ee60:1104:ba3:64d8:4f4b,4,4,0.00,58.60,0.00,SIN
2a06:98c1:50:d5:5928:a99e:1428:a47f,4,4,0.00,58.60,0.00,SIN
2a06:98c1:310c:d4:94d9:32f0:c4e0:2bd1,4,4,0.00,58.60,0.00,SIN
2a06:98c1:3108:759c:3a94:1754:918f:4660,4,4,0.00,58.60,0.00,SIN
2a06:98c1:3104:f9:2dc4:34ec:5176:bc9c,4,4,0.00,58.60,0.00,SIN
2a06:98c1:50:0:9147:ccb2:c0bc:a910,4,4,0.00,58.60,0.00,SIN
2a06:98c1:3106:86ad:f637:6b1:16b5:b999,4,4,0.00,58.60,0.00,SIN
2a06:98c1:3102:4e68:d375:81ca:4cd6:b362,4,4,0.00,58.60,0.00,SIN
2a06:98c1:3104:ce0b:a2ac:8e8e:e8c3:e985,4,4,0.00,58.60,0.00,SIN
2a06:98c1:310c:d4:94d9:32f0:c4fb:9859,4,4,0.00,58.60,0.00,SIN
2a06:98c1:50:4f1e:a47f:74e3:c695:73b,4,4,0.00,58.60,0.00,SIN
2a06:98c1:3104:64:caa1:84da:3de4:79cc,4,4,0.00,58.60,0.00,SIN
2a06:98c1:3104:0:7:b269:c85d:e115,4,4,0.00,58.60,0.00,SIN
2a06:98c1:310c:f49c:711d:543f:4fd7:b81d,4,4,0.00,58.60,0.00,SIN
2a06:98c1:310d:f04e:fb9e:143e:b6a7:ef36,4,4,0.00,58.60,0.00,SIN
2a06:98c1:310b:0:c190:d4f6:85f3:2e36,4,4,0.00,58.60,0.00,SIN
2400:cb00:2049:b2a5:1700:77e3:9a52:48ac,4,4,0.00,58.60,0.00,SIN
2a06:98c1:3105:0:53ff:e43b:3948:7a01,4,4,0.00,58.60,0.00,SIN
2803:f800:51:0:3a:66d8:9171:2a60,4,4,0.00,58.60,0.00,SIN
2a06:98c1:310e:c8:efc5:d6a6:d4dd:46ba,4,4,0.00,58.60,0.00,SIN
2a06:98c1:3103:183b:c03a:c59c:9d0:2321,4,4,0.00,58.60,0.00,SIN
2a06:98c1:3103:c627:2788:4372:2a1c:e7c4,4,4,0.00,58.60,0.00,SIN
2a06:98c1:3104:8b:810b:9c45:e621:44d5,4,4,0.00,58.60,0.00,SIN
2a06:98c1:3102::75:d681:7cf4,4,4,0.00,58.60,0.00,SIN
2a06:98c1:3104:cef7:cd60:de29:de1e:3482,4,4,0.00,58.61,0.00,SIN
2a06:98c1:3107:aee4:c53e:7b2f:3871:4a55,4,4,0.00,58.61,0.00,SIN
2a06:98c1:310e:c949:6cd9:6402:3b4e:b980,4,4,0.00,58.61,0.00,SIN
2a06:98c1:3106:0:9:edc:32a8:787a,4,4,0.00,58.61,0.00,SIN
2a06:98c1:310e::45:b48f:2e9f,4,4,0.00,58.61,0.00,SIN
2a06:98c1:3102:4e68:d314:1a1a:e6f2:889b,4,4,0.00,58.61,0.00,SIN
2803:f800:50::34cc:cc99:7ca9,4,4,0.00,58.61,0.00,SIN
2a06:98c1:3106:6c:c3f:db99:519b:7e9a,4,4,0.00,58.61,0.00,SIN
2a06:98c1:310e:0:e2:94ad:aade:9790,4,4,0.00,58.61,0.00,SIN
2a06:98c1:3100:7d1b:8653:d0fc:acab:f51e,4,4,0.00,58.61,0.00,SIN
2a06:98c1:3101::5e45:b405:cbe4,4,4,0.00,58.61,0.00,SIN
2a06:98c1:310a:0:e7a6:93dd:a8a4:18ed,4,4,0.00,58.61,0.00,SIN
2a06:98c1:3106:0:2288:eac1:4d27:e9be,4,4,0.00,58.61,0.00,SIN
2400:cb00:2049:b2a5:f128:a90e:df0f:b698,4,4,0.00,58.61,0.00,SIN
2803:f800:51:0:7f:d1e3:2690:f24,4,4,0.00,58.62,0.00,SIN
2a06:98c1:3107:b7b8:a084:ec:3597:8655,4,4,0.00,58.62,0.00,SIN
2a06:98c1:50:fd1d:4c41:212d:8083:7ea5,4,4,0.00,58.62,0.00,SIN
2a06:98c1:310c:0:7fca:ea52:4ffd:998,4,4,0.00,58.62,0.00,SIN
2a06:98c1:3105:85a9:71c:b582:46c8:954a,4,4,0.00,58.62,0.00,SIN
2a06:98c1:3103::fccc:154c:f533,4,4,0.00,58.62,0.00,SIN
2a06:98c1:310b:f3:fe68:a6e0:4f05:bd90,4,4,0.00,58.62,0.00,SIN
2a06:98c1:50:0:913b:c7a:d7f1:42e4,4,4,0.00,58.62,0.00,SIN
2a06:98c1:310d:f0c3:ad57:b843:20cf:4d0b,4,4,0.00,58.62,0.00,SIN
2a06:98c1:3105:854d:3bb1:d10b:250f:48d2,4,4,0.00,58.62,0.00,SIN
2a06:98c1:3100:e7:ce47:4347:f2b4:e36c,4,4,0.00,58.62,0.00,SIN
2a06:98c1:3107:0:1510:fc1d:a68:4f89,4,4,0.00,58.62,0.00,SIN
2803:f800:50:85:2838:d591:67c8:47b9,4,4,0.00,58.62,0.00,SIN
2a06:98c1:3100:7ded:866b:5e7:46ee:cff6,4,4,0.00,58.62,0.00,SIN
2a06:98c1:3102:ee60:d044:cae3:4d5e:7dd,4,4,0.00,58.62,0.00,SIN
2a06:98c1:310c:14:7fd9:108c:df02:6e9c,4,4,0.00,58.62,0.00,SIN
2a06:98c1:50::a943:d23b:702d,4,4,0.00,58.63,0.00,SIN
2a06:98c1:3103:e5b4:ffd0:3817:246b:782f,4,4,0.00,58.63,0.00,SIN
2a06:98c1:3108::77:59b9:7754,4,4,0.00,58.63,0.00,SIN
2a06:98c1:3107:ae97:18a9:8fd7:464f:5f44,4,4,0.00,58.63,0.00,SIN
2a06:98c1:3100:7ded:e0e1:1570:e3cc:d9b9,4,4,0.00,58.63,0.00,SIN
2a06:98c1:3103:9715:1212:ef22:7709:6272,4,4,0.00,58.63,0.00,SIN
2803:f800:50::ed:150a:e9cf,4,4,0.00,58.63,0.00,SIN
2a06:98c1:3100:0:63:6936:6950:978,4,4,0.00,58.63,0.00,SIN
2a06:98c1:3106:ca:9a85:86cc:abf2:6d6e,4,4,0.00,58.63,0.00,SIN
2a06:98c1:3104:64:578f:2e5f:cade:9174,4,4,0.00,58.63,0.00,SIN
2a06:98c1:3103:e577:34eb:8388:354f:90f,4,4,0.00,58.63,0.00,SIN
2a06:98c1:3108:7568:4178:746b:a372:a0bc,4,4,0.00,58.63,0.00,SIN
2a06:98c1:3108:7568:4178:746b:a32b:706c,4,4,0.00,58.63,0.00,SIN
2803:f800:50:0:e77b:b538:2b06:d041,4,4,0.00,58.63,0.00,SIN
2a06:98c1:3108::5978:5500:e863,4,4,0.00,58.63,0.00,SIN
2a06:98c1:51:0:e5:14df:c8d0:97fe,4,4,0.00,58.63,0.00,SIN
2400:cb00:2049:2929:9e06:b17f:8782:80b6,4,4,0.00,58.63,0.00,SIN
2a06:98c1:3107:aee4:c3f3:93:e1cb:de2b,4,4,0.00,58.64,0.00,SIN
2a06:98c1:310b:0:c0fa:dda9:54d2:9244,4,4,0.00,58.64,0.00,SIN
2a06:98c1:3104:de5f:fdd4:dc2c:47cd:6936,4,4,0.00,58.64,0.00,SIN
2a06:98c1:3103:b862:43f9:e1cd:822f:495d,4,4,0.00,58.64,0.00,SIN
2a06:98c1:3100:0:41:b5b5:92c7:6dd8,4,4,0.00,58.64,0.00,SIN
2400:cb00:2049:b2a5:1700:f691:cca9:2419,4,4,0.00,58.64,0.00,SIN
2a06:98c1:310b:f3:d06a:e41d:fe3b:bc0e,4,4,0.00,58.64,0.00,SIN
2a06:98c1:310b:f3:d06a:e41d:fec3:51a6,4,4,0.00,58.64,0.00,SIN
2a06:98c1:3107:aee4:6f92:2fa7:a5b7:e422,4,4,0.00,58.64,0.00,SIN
2a06:98c1:3104:ce0b:a2ff:738e:ff6b:4597,4,4,0.00,58.64,0.00,SIN
2803:f800:51:676a:7de2:4c61:1916:bb24,4,4,0.00,58.64,0.00,SIN
2a06:98c1:3108:0:f9fd:4f80:3b65:cbd5,4,4,0.00,58.64,0.00,SIN
2a06:98c1:3103:e577:397b:bb00:4d3b:f94d,4,4,0.00,58.64,0.00,SIN
2a06:98c1:50:0:bcf0:e33c:cd3:efa2,4,4,0.00,58.64,0.00,SIN
2a06:98c1:310c:14:4a8e:683d:4152:2060,4,4,0.00,58.64,0.00,SIN
2a06:98c1:3100:e7:8597:109e:aa21:5712,4,4,0.00,58.64,0.00,SIN
2a06:98c1:3108:0:4f76:dea0:581f:3d6f,4,4,0.00,58.64,0.00,SIN
2803:f800:51:0:88c2:5e96:e0cd:4f60,4,4,0.00,58.64,0.00,SIN
2a06:98c1:310c:d4:309e:cb1b:8148:fb1a,4,4,0.00,58.64,0.00,SIN
2a06:98c1:3108:0:f917:e723:dbf1:7ff7,4,4,0.00,58.64,0.00,SIN
2a06:98c1:51:0:c5:9f09:af2a:ea42,4,4,0.00,58.64,0.00,SIN
2a06:98c1:50:4f1e:205c:b918:4ae1:cdf7,4,4,0.00,58.65,0.00,SIN
2a06:98c1:50:0:9164:9f33:3d85:3aec,4,4,0.00,58.65,0.00,SIN
2a06:98c1:3104:0:b2:98a3:c98f:1be,4,4,0.00,58.65,0.00,SIN
2a06:98c1:3102:4e68:d375:8190:d1d2:d339,4,4,0.00,58.65,0.00,SIN
2803:f800:51:731b:a90e:31c1:cb40:5399,4,4,0.00,58.65,0.00,SIN
2a06:98c1:3104:cef7:54b6:7540:cd5d:8f43,4,4,0.00,58.65,0.00,SIN
2803:f800:51:0:8823:106:2bd3:2434,4,4,0.00,58.65,0.00,SIN
2a06:98c1:3106:0:2288:ea29:2581:d8e0,4,4,0.00,58.65,0.00,SIN
2a06:98c1:3104:cef7:cd60:342e:3a6c:bb49,4,4,0.00,58.65,0.00,SIN
2a06:98c1:310c:5c:7ede:65d:1975:4ccd,4,4,0.00,58.65,0.00,SIN
2a06:98c1:3100:3525:6fa9:f073:fad0:471f,4,4,0.00,58.65,0.00,SIN
2803:f800:51::cd5e:9f50:ac53,4,4,0.00,58.65,0.00,SIN
2a06:98c1:3104:deb8:dccc:4689:3e0b:63f0,4,4,0.00,58.65,0.00,SIN
2a06:98c1:50:0:91b6:4a51:133f:586,4,4,0.00,58.66,0.00,SIN
2a06:98c1:3103:c627:c6c4:9375:b0ae:b0e7,4,4,0.00,58.66,0.00,SIN
2a06:98c1:3103:c627:c6c4:9375:b0b3:ab84,4,4,0.00,58.66,0.00,SIN
2a06:98c1:3107:90:d491:95ce:f25a:886a,4,4,0.00,58.66,0.00,SIN
2a06:98c1:3100:7d40:b2bd:3713:830c:2a61,4,4,0.00,58.66,0.00,SIN
2a06:98c1:310d:0:c94:c2ca:9795:44c4,4,4,0.00,58.66,0.00,SIN
2a06:98c1:3105:854d:ee44:44dc:20d3:9a7,4,4,0.00,58.66,0.00,SIN
2400:cb00:2049:ab:1e85:2893:98d7:5438,4,4,0.00,58.66,0.00,SIN
2a06:98c1:3103:9715:6361:7ef5:be6f:8a5e,4,4,0.00,58.66,0.00,SIN
2a06:98c1:50:fd1d:4d8a:f85b:6834:d05,4,4,0.00,58.66,0.00,SIN
2a06:98c1:310b:7e91:95df:a1d3:395b:5082,4,4,0.00,58.66,0.00,SIN
2a06:98c1:3103:e577:3997:9fa5:12aa:c900,4,4,0.00,58.66,0.00,SIN
2a06:98c1:3103:9715:1212:6842:555d:1425,4,4,0.00,58.66,0.00,SIN
2a06:98c1:50:4f1e:205c:9d79:bf65:a712,4,4,0.00,58.66,0.00,SIN
2a06:98c1:3104:f9:afe3:b652:2e0a:6f3b,4,4,0.00,58.66,0.00,SIN
2a06:98c1:3107::4994:5a67:842c,4,4,0.00,58.66,0.00,SIN
2a06:98c1:3102:4e68:6d60:9fee:a6d4:abe1,4,4,0.00,58.66,0.00,SIN
2a06:98c1:310c:eb:dfaa:4024:5124:72b2,4,4,0.00,58.66,0.00,SIN
2a06:98c1:3102:0:f1ca:1263:b1d2:7ea5,4,4,0.00,58.66,0.00,SIN
2a06:98c1:310b:0:c190:d4f6:5777:5650,4,4,0.00,58.66,0.00,SIN
2400:cb00:2049:29e6:f2be:b65b:8fa8:9163,4,4,0.00,58.66,0.00,SIN
2a06:98c1:310e:c8:5dc2:aec7:1e13:2949,4,4,0.00,58.67,0.00,SIN
2a06:98c1:3104:f9:8f79:cff5:223a:f84a,4,4,0.00,58.67,0.00,SIN
2a06:98c1:3101:f322:cb25:f3d2:ddd6:2df4,4,4,0.00,58.67,0.00,SIN
2a06:98c1:50:6b31:c8d3:348c:164a:6db1,4,4,0.00,58.67,0.00,SIN
2a06:98c1:3107:0:7edf:bf41:b0f:d603,4,4,0.00,58.67,0.00,SIN
2a06:98c1:3104:64:578f:2e5f:45bf:5979,4,4,0.00,58.67,0.00,SIN
2a06:98c1:310e:883d:c95c:a07c:a2dc:8914,4,4,0.00,58.67,0.00,SIN
2a06:98c1:310b:6c:bdab:4920:deba:9c0e,4,4,0.00,58.67,0.00,SIN
2a06:98c1:51:ae55:2d58:6843:3aac:8fce,4,4,0.00,58.67,0.00,SIN
2a06:98c1:310e::b063:56c0:b963,4,4,0.00,58.67,0.00,SIN
2803:f800:51:676a:7de2:4c3e:2ab6:8e9e,4,4,0.00,58.67,0.00,SIN
2400:cb00:2049:b2a5:f1b8:b967:6003:85a8,4,4,0.00,58.67,0.00,SIN
2a06:98c1:3106:8688:7a:846a:9eb9:6b82,4,4,0.00,58.67,0.00,SIN
2a06:98c1:310b:f3:d05e:55e4:6ee9:e6d,4,4,0.00,58.67,0.00,SIN
2a06:98c1:3108:759c:209e:83da:8b8f:6c0b,4,4,0.00,58.67,0.00,SIN
2a06:98c1:3105:8523:aa19:9168:25cd:8c11,4,4,0.00,58.68,0.00,SIN
2803:f800:50::ed:3d2:a9df,4,4,0.00,58.68,0.00,SIN
2a06:98c1:3102:4e68:6d60:9f5e:abc6:21e9,4,4,0.00,58.68,0.00,SIN
2400:cb00:2049:0:4b2a:323f:25a2:4e0,4,4,0.00,58.68,0.00,SIN
2a06:98c1:3100:e7:ce47:b414:e64d:6ffe,4,4,0.00,58.68,0.00,SIN
2a06:98c1:310c:14:ee71:1ceb:d2f6:9ee5,4,4,0.00,58.68,0.00,SIN
2803:f800:50:f049:b256:d977:925f:a16d,4,4,0.00,58.68,0.00,SIN
2a06:98c1:310a:36:ecdf:ae5f:49e5:1026,4,4,0.00,58.68,0.00,SIN
2a06:98c1:3100:0:c6c4:afcf:6540:4712,4,4,0.00,58.68,0.00,SIN
2a06:98c1:3106::afde:3410:dd48,4,4,0.00,58.68,0.00,SIN
2a06:98c1:3104:ce0b:a2ac:8e8e:e822:308e,4,4,0.00,58.68,0.00,SIN
2a06:98c1:310b:f3:d042:ad5:b538:d6a1,4,4,0.00,58.68,0.00,SIN
2803:f800:50:0:e77b:af8b:4d20:c5ce,4,4,0.00,58.68,0.00,SIN
2a06:98c1:3100:3525:ba13:6f6f:f7e:4939,4,4,0.00,58.68,0.00,SIN
2a06:98c1:3104:de5f:fdd4:dc81:123b:7f18,4,4,0.00,58.68,0.00,SIN
2a06:98c1:3109:84ab:6113:e8e6:f14a:a6ea,4,4,0.00,58.68,0.00,SIN
2a06:98c1:3105:8523:2e11:a9a2:5278:861e,4,4,0.00,58.68,0.00,SIN
2400:cb00:2049:b2a5:1ab4:28c2:3bea:c8a9,4,4,0.00,58.68,0.00,SIN
2a06:98c1:3103:e577:34eb:bd61:2a18:6af1,4,4,0.00,58.68,0.00,SIN
2a06:98c1:310e:c8:84d9:35d0:f965:a832,4,4,0.00,58.69,0.00,SIN
2a06:98c1:50:74:9d4b:25b5:f5db:42aa,4,4,0.00,58.69,0.00,SIN
2a06:98c1:51:aece:8ac0:3a85:a88c:9612,4,4,0.00,58.69,0.00,SIN
2a06:98c1:3100:0:c632:1ed9:dcd9:d7d,4,4,0.00,58.69,0.00,SIN
2a06:98c1:310d:f04e:3b25:f7f:1176:ed6c,4,4,0.00,58.69,0.00,SIN
2a06:98c1:3106:ca:1748:f8ea:5e53:ef67,4,4,0.00,58.69,0.00,SIN
2803:f800:51:676a:7da3:4b9b:855d:ac11,4,4,0.00,58.69,0.00,SIN
2a06:98c1:310b:0:c00a:9691:96fa:994a,4,4,0.00,58.69,0.00,SIN
2a06:98c1:3103:e5b4:ff7b:d759:af70:f9ba,4,4,0.00,58.69,0.00,SIN
2a06:98c1:3107:ae51:4248:3799:711e:d1e7,4,4,0.00,58.69,0.00,SIN
2a06:98c1:50:fd1d:4d8a:60fb:2224:a326,4,4,0.00,58.69,0.00,SIN
2a06:98c1:3101:0:c9:b1b0:3ed:83f9,4,4,0.00,58.69,0.00,SIN
2a06:98c1:3104:0:b63e:a8fd:104d:9939,4,4,0.00,58.70,0.00,SIN
2a06:98c1:310b:7e91:95df:a13b:a049:d7bb,4,4,0.00,58.70,0.00,SIN
2a06:98c1:50:4f1e:20be:20d9:ed56:5939,4,4,0.00,58.70,0.00,SIN
2a06:98c1:3107:0:83:a919:6b35:43bb,4,4,0.00,58.70,0.00,SIN
2a06:98c1:50:74:4ed1:9caa:8225:35c0,4,4,0.00,58.70,0.00,SIN
2a06:98c1:50:fd1d:4c41:1f49:9e70:b0b8,4,4,0.00,58.70,0.00,SIN
2a06:98c1:50:0:bc76:b4d7:fad:257,4,4,0.00,58.70,0.00,SIN
2a06:98c1:310c:f49c:7120:342f:9661:80ec,4,4,0.00,58.70,0.00,SIN
2a06:98c1:3103:e577:343b:799d:8478:d868,4,4,0.00,58.70,0.00,SIN
2a06:98c1:50:0:913b:2e58:6b44:1c7e,4,4,0.00,58.70,0.00,SIN
2a06:98c1:3101:f3af:743f:6ec:d4d1:858b,4,4,0.00,58.70,0.00,SIN
2a06:98c1:3101:f322:d27:3772:6d50:90bd,4,4,0.00,58.70,0.00,SIN
2a06:98c1:310a::865e:1497,4,4,0.00,58.70,0.00,SIN
2a06:98c1:310c:5c:7e38:aa74:2b04:d0a,4,4,0.00,58.70,0.00,SIN
2a06:98c1:3107:0:83:a919:6b6b:85f3,4,4,0.00,58.70,0.00,SIN
2a06:98c1:3100:7d1b:8653:3037:2da3:5eed,4,4,0.00,58.70,0.00,SIN
2803:f800:50:0:dd:1398:3a06:79c,4,4,0.00,58.70,0.00,SIN
2a06:98c1:3101:f322:d27:8944:bb25:b978,4,4,0.00,58.70,0.00,SIN
2a06:98c1:3100:e7:ce47:7550:2c73:29f0,4,4,0.00,58.70,0.00,SIN
2a06:98c1:3102:4e68:39ab:997b:4322:3b15,4,4,0.00,58.70,0.00,SIN
2a06:98c1:3100::d9ca:700d:3ac3,4,4,0.00,58.70,0.00,SIN
2a06:98c1:3103:7d22:cecd:4f72:62ba:7e26,4,4,0.00,58.71,0.00,SIN
2803:f800:51:0:8823:d5d4:c046:4708,4,4,0.00,58.71,0.00,SIN
2803:f800:50:0:e77b:b538:1d16:74d0,4,4,0.00,58.71,0.00,SIN
2803:f800:50:85:4f13:d390:51f:b313,4,4,0.00,58.71,0.00,SIN
2a06:98c1:310f:0:d5f2:c441:336f:523c,4,4,0.00,58.71,0.00,SIN
2400:cb00:2049:b2a5:f1b8:7255:c50b:e5b3,4,4,0.00,58.71,0.00,SIN
2a06:98c1:310e:c9e4:2170:1f48:153:6e2a,4,4,0.00,58.71,0.00,SIN
2a06:98c1:50:4f1e:20c8:89e4:17dd:a9ac,4,4,0.00,58.71,0.00,SIN
2400:cb00:2049:b2a5:f128:a9e8:b41:3db2,4,4,0.00,58.71,0.00,SIN
2a06:98c1:51:ae55:2d58:a229:16cb:2733,4,4,0.00,58.72,0.00,SIN
2a06:98c1:3109:e1:12e9:3ad3:9103:dff9,4,4,0.00,58.72,0.00,SIN
2a06:98c1:3106:8688:f648:e977:5d1d:86ca,4,4,0.00,58.72,0.00,SIN
2a06:98c1:310c:d4:94d9:d26a:b321:2613,4,4,0.00,58.72,0.00,SIN
2803:f800:51:379b:e55c:cf53:2f82:7932,4,4,0.00,58.72,0.00,SIN
2a06:98c1:310c:ed:b2aa:4f10:7671:3746,4,4,0.00,58.72,0.00,SIN
2a06:98c1:3105:854d:ee44:42fc:1863:7302,4,4,0.00,58.72,0.00,SIN
2a06:98c1:3103:7d22:cecd:8c46:21f:b33a,4,4,0.00,58.72,0.00,SIN
2a06:98c1:3104:f9:af33:6e37:ea84:124,4,4,0.00,58.72,0.00,SIN
2a06:98c1:3103:9728:f49b:cbef:ecd2:b441,4,4,0.00,58.72,0.00,SIN
2a06:98c1:3107:0:7e64:2be3:ad32:3903,4,4,0.00,58.72,0.00,SIN
2a06:98c1:3102:ee60:d0a9:d9c9:e7bb:2f86,4,4,0.00,58.72,0.00,SIN
2a06:98c1:310c:5c:7ede:78f8:bf5:960,4,4,0.00,58.72,0.00,SIN
2a06:98c1:3107:aee4:4f1e:bc5e:5eaf:af33,4,4,0.00,58.73,0.00,SIN
2a06:98c1:50:6b31:116a:1eb3:db1:9b3f,4,4,0.00,58.73,0.00,SIN
2803:f800:51:0:7f:812:cd45:cbcc,4,4,0.00,58.73,0.00,SIN
2a06:98c1:3104:f9:2dc4:34fd:3a64:a821,4,4,0.00,58.73,0.00,SIN
2a06:98c1:310f:0:d5f2:7abe:d5fb:181d,4,4,0.00,58.73,0.00,SIN
2a06:98c1:310b:f3:d05e:b415:a227:3460,4,4,0.00,58.73,0.00,SIN
2a06:98c1:3103:0:c08f:b439:5408:a691,4,4,0.00,58.73,0.00,SIN
2a06:98c1:310d:f04e:d852:356b:af77:b062,4,4,0.00,58.73,0.00,SIN
2a06:98c1:3101:0:319d:290f:13a1:a9d0,4,4,0.00,58.73,0.00,SIN
2a06:98c1:3104:deb8:dccc:4688:ba57:a38,4,4,0.00,58.73,0.00,SIN
2400:cb00:2049:b2a5:f128:9d01:c68f:ae4b,4,4,0.00,58.73,0.00,SIN
2a06:98c1:310c:ed:b2aa:4f10:a527:fa10,4,4,0.00,58.73,0.00,SIN
2a06:98c1:50:4f1e:205c:b99f:a7ae:6340,4,4,0.00,58.73,0.00,SIN
2a06:98c1:310c:14:7fd9:10ea:4403:7c4c,4,4,0.00,58.73,0.00,SIN
2a06:98c1:3103:c627:278b:c:9325:c62c,4,4,0.00,58.74,0.00,SIN
2a06:98c1:3103:e577:390b:819a:3818:9d00,4,4,0.00,58.74,0.00,SIN
2a06:98c1:310b:c4:7f0f:e3de:869b:a4f1,4,4,0.00,58.74,0.00,SIN
2a06:98c1:3101:f3af:edc0:f25f:5400:e79d,4,4,0.00,58.74,0.00,SIN
2a06:98c1:310b:f3:d065:aca5:8a03:84b9,4,4,0.00,58.74,0.00,SIN
2a06:98c1:3100:7d40:8436:8a9:77fd:4321,4,4,0.00,58.74,0.00,SIN
2a06:98c1:3102:ee60:d0a9:f90f:e683:c803,4,4,0.00,58.74,0.00,SIN
2a06:98c1:3104:64:ca50:b47a:a67e:5347,4,4,0.00,58.74,0.00,SIN
2a06:98c1:51:aece:50a:b904:9ba:9215,4,4,0.00,58.74,0.00,SIN
2a06:98c1:3106:6c:c3f:db99:5189:dcc,4,4,0.00,58.74,0.00,SIN
2a06:98c1:3107::a6fa:e336:e54d,4,4,0.00,58.74,0.00,SIN
2a06:98c1:3103:18fc:3e2e:8d8c:e7f5:9035,4,4,0.00,58.74,0.00,SIN
2a06:98c1:3106:8688:63d2:5b5a:d108:9e2,4,4,0.00,58.75,0.00,SIN
2a06:98c1:310d:0:cd8:784f:9e01:a189,4,4,0.00,58.75,0.00,SIN
2a06:98c1:3101:f3af:ed6e:b6e:2510:ded8,4,4,0.00,58.75,0.00,SIN
2a06:98c1:3100:e7:8597:109e:aac3:4706,4,4,0.00,58.75,0.00,SIN
2a06:98c1:3103:0:9e:a6c1:f439:e1a1,4,4,0.00,58.75,0.00,SIN
2a06:98c1:3109::e262:bee4,4,4,0.00,58.75,0.00,SIN
2a06:98c1:310b:7e91:730a:999d:16c1:df65,4,4,0.00,58.75,0.00,SIN
2a06:98c1:51:aece:29f1:be8:abec:f7ef,4,4,0.00,58.75,0.00,SIN
2a06:98c1:3106:86ad:f637:6b1:16a0:c0e0,4,4,0.00,58.75,0.00,SIN
2a06:98c1:50:6b31:c8aa:5156:e392:7b6b,4,4,0.00,58.75,0.00,SIN
2a06:98c1:310b:0:c0fa:abac:72e1:f300,4,4,0.00,58.75,0.00,SIN
2a06:98c1:3100:0:a1:be9a:5728:24e0,4,4,0.00,58.75,0.00,SIN
2a06:98c1:3104:64:5769:b41f:8310:d8f6,4,4,0.00,58.75,0.00,SIN
2a06:98c1:310e:c9e4:2170:fae1:283:4985,4,4,0.00,58.75,0.00,SIN
2a06:98c1:3102:ee60:d044:cae3:980d:5939,4,4,0.00,58.75,0.00,SIN
2a06:98c1:3104:64:cafb:4264:b51c:7487,4,4,0.00,58.75,0.00,SIN
2a06:98c1:310b::fdf0:2918:b4e1,4,4,0.00,58.75,0.00,SIN
2a06:98c1:3102:4e68:6d7e:fb3e:d594:2f56,4,4,0.00,58.76,0.00,SIN
2a06:98c1:3106:ca:239a:5d22:5c56:fe75,4,4,0.00,58.76,0.00,SIN
2a06:98c1:3100:e7:ce47:7506:a00f:5f49,4,4,0.00,58.76,0.00,SIN
2a06:98c1:3103:9715:1281:8b8f:440a:8219,4,4,0.00,58.76,0.00,SIN
2400:cb00:2049:82:1ac1:4f97:c818:4997,4,4,0.00,58.76,0.00,SIN
2400:cb00:2049:ab:fdce:8a2c:dd38:3535,4,4,0.00,58.76,0.00,SIN
2a06:98c1:3102:4e68:6d7e:fb58:977:f096,4,4,0.00,58.76,0.00,SIN
2a06:98c1:310d:f04e:fb9e:143e:f005:190c,4,4,0.00,58.76,0.00,SIN
2a06:98c1:3106::afde:a62a:314e,4,4,0.00,58.76,0.00,SIN
2a06:98c1:50:6b31:c1cf:56b3:22ed:e8e1,4,4,0.00,58.76,0.00,SIN
2a06:98c1:310e:c8:5d12:9627:d2ab:5157,4,4,0.00,58.76,0.00,SIN
2a06:98c1:310e:c8:5d12:6f62:59aa:3a9f,4,4,0.00,58.76,0.00,SIN
2a06:98c1:3100:7d1b:8653:3037:fa1e:5e6a,4,4,0.00,58.76,0.00,SIN
2a06:98c1:310d:f04e:fb9e:84cd:a170:34f5,4,4,0.00,58.76,0.00,SIN
2a06:98c1:3107:aee4:4fd5:413d:a7ff:e665,4,4,0.00,58.76,0.00,SIN
2a06:98c1:3100:7ded:aa50:a382:52e:4469,4,4,0.00,58.76,0.00,SIN
2803:f800:51:0:3a:72df:f515:285d,4,4,0.00,58.76,0.00,SIN
2a06:98c1:3108:0:4f24:3ca9:4100:afd,4,4,0.00,58.76,0.00,SIN
2a06:98c1:3102:4e68:6d60:ef49:4c81:2bcf,4,4,0.00,58.76,0.00,SIN
2a06:98c1:3102:ee60:1104:bf8:977d:9405,4,4,0.00,58.77,0.00,SIN
2a06:98c1:3104:de5f:5fdb:ecf6:1b9b:45c8,4,4,0.00,58.77,0.00,SIN
2a06:98c1:310b:0:365f:489a:664c:166b,4,4,0.00,58.77,0.00,SIN
2a06:98c1:310b:0:365f:489a:66d4:23e,4,4,0.00,58.77,0.00,SIN
2a06:98c1:3103:c627:c6c4:a6a:25ac:2d1a,4,4,0.00,58.77,0.00,SIN
2a06:98c1:3104:64:caa1:84da:768f:dd4,4,4,0.00,58.77,0.00,SIN
2a06:98c1:3103:b862:c39:9e8e:5783:ca09,4,4,0.00,58.77,0.00,SIN
2a06:98c1:3103:e5b4:ff7b:d759:8af7:6ded,4,4,0.00,58.77,0.00,SIN
2a06:98c1:50:4fa8:587f:9738:6cdc:5c5c,4,4,0.00,58.77,0.00,SIN
2a06:98c1:3109::9d05:a44c:9ffa,4,4,0.00,58.77,0.00,SIN
2a06:98c1:3100:0:63:6936:699a:7a16,4,4,0.00,58.77,0.00,SIN
2a06:98c1:3106:ca:5f84:cef3:7df4:1ee6,4,4,0.00,58.78,0.00,SIN
2a06:98c1:3106:ca:5f84:cef3:bde3:9788,4,4,0.00,58.78,0.00,SIN
2a06:98c1:3106:0:6f:1f9b:af94:2e57,4,4,0.00,58.78,0.00,SIN
2a06:98c1:310b:f3:d06a:e41d:fea1:5389,4,4,0.00,58.78,0.00,SIN
2a06:98c1:3100:7d40:8436:cb15:57ee:7418,4,4,0.00,58.78,0.00,SIN
2a06:98c1:3106:0:2288:ea22:396e:c935,4,4,0.00,58.78,0.00,SIN
2a06:98c1:50:fd1d:4d31:ca38:c30b:ebdf,4,4,0.00,58.78,0.00,SIN
2a06:98c1:3106:86ad:f6f1:4740:123d:a993,4,4,0.00,58.78,0.00,SIN
2a06:98c1:3106:86ad:f6f1:4740:12a6:58a3,4,4,0.00,58.78,0.00,SIN
2a06:98c1:3101:f322:d82:f625:89ab:76a8,4,4,0.00,58.78,0.00,SIN
2400:cb00:2049:b2a5:f128:a90e:e07a:303b,4,4,0.00,58.78,0.00,SIN
2a06:98c1:3107:aee4:c37e:e164:b932:1391,4,4,0.00,58.78,0.00,SIN
2a06:98c1:3103:e577:343b:796d:50fc:dcee,4,4,0.00,58.78,0.00,SIN
2803:f800:51:676a:7de2:4c61:1983:fa46,4,4,0.00,58.78,0.00,SIN
2a06:98c1:3108:3a23:83e0:65b1:e962:f4f7,4,4,0.00,58.78,0.00,SIN
2a06:98c1:3109:e1:12f5:3618:b1d2:a374,4,4,0.00,58.78,0.00,SIN
2a06:98c1:3107:0:7edf:54fe:c842:ccae,4,4,0.00,58.78,0.00,SIN
2a06:98c1:310e:c9e4:2170:1fe5:122c:87db,4,4,0.00,58.78,0.00,SIN
2a06:98c1:310e:c8:5dc2:6d6f:6cd5:796a,4,4,0.00,58.78,0.00,SIN
2a06:98c1:3106:8688:f648:10e1:682c:5177,4,4,0.00,58.78,0.00,SIN
2a06:98c1:310b:f3:d05e:b463:4699:a4a5,4,4,0.00,58.78,0.00,SIN
2a06:98c1:3100:7d40:b2bd:4be0:168d:9061,4,4,0.00,58.78,0.00,SIN
2a06:98c1:3105:854d:ee1f:54fa:ba96:f104,4,4,0.00,58.78,0.00,SIN
2a06:98c1:3101:f322:d82:1736:b52a:f78,4,4,0.00,58.79,0.00,SIN
2a06:98c1:3103:c627:c644:f143:f100:960d,4,4,0.00,58.79,0.00,SIN
2a06:98c1:310e:c8:84d9:35cb:119f:a252,4,4,0.00,58.79,0.00,SIN
2a06:98c1:310e:c9e4:3469:9b61:ce64:4a93,4,4,0.00,58.79,0.00,SIN
2a06:98c1:3108:0:4f76:dea0:7f24:eace,4,4,0.00,58.79,0.00,SIN
2a06:98c1:3103:7d40:b43e:a6e9:32ad:e664,4,4,0.00,58.79,0.00,SIN
2a06:98c1:3106:0:6f:1fc4:9899:c0f,4,4,0.00,58.79,0.00,SIN
2a06:98c1:310d::e1d3:9717:b664,4,4,0.00,58.79,0.00,SIN
2400:cb00:2049:82:3cb6:d385:ddef:796d,4,4,0.00,58.79,0.00,SIN
2803:f800:50:f049:b3e6:32d3:8fc6:c2a3,4,4,0.00,58.79,0.00,SIN
2803:f800:51:379b:e50c:8cdb:d465:4e63,4,4,0.00,58.79,0.00,SIN
2a06:98c1:3103:b862:4302:a77a:f34b:44be,4,4,0.00,58.79,0.00,SIN
2a06:98c1:3102:0:de:a8bf:2440:6a3a,4,4,0.00,58.79,0.00,SIN
2a06:98c1:3107:b7b8:a0b9:e50b:30b3:a2ce,4,4,0.00,58.79,0.00,SIN
2a06:98c1:3104:ce0b:a2ff:6790:8ef6:3c33,4,4,0.00,58.79,0.00,SIN
2a06:98c1:51::bf:6178,4,4,0.00,58.79,0.00,SIN
2a06:98c1:3100:7d1b:867f:63ba:cbe2:308,4,4,0.00,58.80,0.00,SIN
2a06:98c1:310f:0:69ac:a211:b4e7:87a,4,4,0.00,58.80,0.00,SIN
2a06:98c1:3100:3525:ba13:6f6f:f0b:a4c3,4,4,0.00,58.80,0.00,SIN
2a06:98c1:3100:3525:ba13:6fba:696a:daa,4,4,0.00,58.80,0.00,SIN
2a06:98c1:310e:883d:c95c:a0fd:46f8:c1ac,4,4,0.00,58.80,0.00,SIN
2a06:98c1:50:6b31:c8aa:5156:e3c3:6ec2,4,4,0.00,58.80,0.00,SIN
2a06:98c1:310e::b037:827d:3331,4,4,0.00,58.80,0.00,SIN
2a06:98c1:50:6b31:c8ea:7bd0:ef8:8096,4,4,0.00,58.80,0.00,SIN
2a06:98c1:310c:ed:b24a:ef9e:69e8:700b,4,4,0.00,58.80,0.00,SIN
2a06:98c1:50::f80c:e55,4,4,0.00,58.80,0.00,SIN
2a06:98c1:3106:ca:9a85:86cc:f644:6396,4,4,0.00,58.80,0.00,SIN
2a06:98c1:3108:0:d3:cc73:5b58:648a,4,4,0.00,58.80,0.00,SIN
2a06:98c1:50:fdfe:95d:ca06:4021:4840,4,4,0.00,58.80,0.00,SIN
2a06:98c1:310d:0:d3d2:4e4b:ce05:37d,4,4,0.00,58.80,0.00,SIN
2a06:98c1:3106::afc0:2335:e393,4,4,0.00,58.80,0.00,SIN
2a06:98c1:3108:3a6e:1266:3c30:fac6:2c3a,4,4,0.00,58.80,0.00,SIN
2a06:98c1:3105:85a9:8619:c40f:4d2b:3fa8,4,4,0.00,58.80,0.00,SIN
2a06:98c1:310c:14:ee71:1ceb:2a49:fca6,4,4,0.00,58.80,0.00,SIN
2a06:98c1:310c:14:ee71:1f3:7e4f:fd4b,4,4,0.00,58.80,0.00,SIN
2a06:98c1:3103:9715:120b:aea9:a251:1f99,4,4,0.00,58.80,0.00,SIN
2a06:98c1:50:74:4ed1:8bc:11fe:2ca2,4,4,0.00,58.80,0.00,SIN
2a06:98c1:310b:0:365f:aa7:aaa7:3953,4,4,0.00,58.80,0.00,SIN
2a06:98c1:310c:5c:7e38:bd01:e30:5b71,4,4,0.00,58.81,0.00,SIN
2a06:98c1:3108::5978:7473:6154,4,4,0.00,58.81,0.00,SIN
2a06:98c1:310b:f3:d06a:e4f7:64d9:b2f9,4,4,0.00,58.81,0.00,SIN
2a06:98c1:3107:0:7edf:278e:2d20:9865,4,4,0.00,58.81,0.00,SIN
2a06:98c1:3107:90:d491:9532:954d:b248,4,4,0.00,58.81,0.00,SIN
2a06:98c1:310d:0:c94:42bc:f9e3:d83,4,4,0.00,58.81,0.00,SIN
2a06:98c1:3102:4e68:d375:8190:d1f7:8439,4,4,0.00,58.81,0.00,SIN
2a06:98c1:3104:ce0b:a2ff:7373:ef27:8cc4,4,4,0.00,58.81,0.00,SIN
2a06:98c1:3100:7d40:8436:8a9:a9c6:17b6,4,4,0.00,58.81,0.00,SIN
2a06:98c1:3100:7d14:928b:8012:5801:17e0,4,4,0.00,58.81,0.00,SIN
2a06:98c1:3106:8688:7a:8432:1cb:705b,4,4,0.00,58.81,0.00,SIN
2a06:98c1:3107::4994:5a1b:20d2,4,4,0.00,58.81,0.00,SIN
2a06:98c1:3103:9715:6361:a4c8:cde8:46b5,4,4,0.00,58.81,0.00,SIN
2a06:98c1:3106:6c:655f:147d:6c88:1dca,4,4,0.00,58.81,0.00,SIN
2a06:98c1:310b:f3:6682:dda:4bb5:1e61,4,4,0.00,58.81,0.00,SIN
2a06:98c1:3104:8b:a44f:5a85:1194:1533,4,4,0.00,58.81,0.00,SIN
2a06:98c1:3107::d30a,4,4,0.00,58.81,0.00,SIN
2a06:98c1:3100:3525:ba2b:ae3e:b63d:477e,4,4,0.00,58.81,0.00,SIN
2a06:98c1:3104:8b:810b:9cac:f19:bf20,4,4,0.00,58.81,0.00,SIN
2a06:98c1:310d:f04e:3bef:871d:a5d1:cae4,4,4,0.00,58.82,0.00,SIN
2a06:98c1:3107:aee4:c37e:1574:17ee:e0b4,4,4,0.00,58.82,0.00,SIN
2a06:98c1:3107:b7b8:a084:33cf:76e8:a6b7,4,4,0.00,58.82,0.00,SIN
2a06:98c1:50:4f1e:a4a0:5c1e:95d7:1853,4,4,0.00,58.82,0.00,SIN
2400:cb00:2049:b200:61f6:2108:5806:d61e,4,4,0.00,58.82,0.00,SIN
2a06:98c1:310e:0:fa5b:5aa6:8c2:3e72,4,4,0.00,58.82,0.00,SIN
2a06:98c1:3103:7d22:28cd:a8d6:5914:5c09,4,4,0.00,58.82,0.00,SIN
2a06:98c1:50:fd1d:4d65:dd1b:5658:8fa7,4,4,0.00,58.82,0.00,SIN
2a06:98c1:310d:f04e:3bef:8e1e:e489:35b4,4,4,0.00,58.82,0.00,SIN
2a06:98c1:51:ae55:2d83:743c:1d4e:e703,4,4,0.00,58.82,0.00,SIN
2a06:98c1:3102:4e68:397d:1e6e:894e:2df0,4,4,0.00,58.82,0.00,SIN
2a06:98c1:50:0:9164:9fd6:5b3:a7dd,4,4,0.00,58.82,0.00,SIN
2a06:98c1:3100:7d40:8436:cb7e:b4ae:b902,4,4,0.00,58.82,0.00,SIN
2a06:98c1:3103:9715:6361:5cef:aa7a:ebdb,4,4,0.00,58.82,0.00,SIN
2a06:98c1:3100:3525:ba13:6fea:b82d:80b2,4,4,0.00,58.82,0.00,SIN
2a06:98c1:3107:ae97:183a:87d5:e2a0:671f,4,4,0.00,58.82,0.00,SIN
2400:cb00:2049:82:1a8d:8cb5:3871:e4d1,4,4,0.00,58.82,0.00,SIN
2a06:98c1:3106:8688:f6af:c39f:2588:3b46,4,4,0.00,58.82,0.00,SIN
2a06:98c1:3105:0:3a:d0b7:47a4:13cf,4,4,0.00,58.82,0.00,SIN
2a06:98c1:3109:0:1c72:8730:5740:6806,4,4,0.00,58.82,0.00,SIN
2a06:98c1:3103:b862:43a3:9e05:bd4c:194c,4,4,0.00,58.83,0.00,SIN
2a06:98c1:3108:6a:b7e3:2aa0:4243:ab93,4,4,0.00,58.83,0.00,SIN
2803:f800:51:0:8823:d5d4:c0ba:35ac,4,4,0.00,58.83,0.00,SIN
2803:f800:50:f049:b38a:520e:4f26:3103,4,4,0.00,58.83,0.00,SIN
2803:f800:51:379b:e50c:a6f:2593:30e2,4,4,0.00,58.83,0.00,SIN
2a06:98c1:3103:c627:c6d4:4ef5:bae9:cd79,4,4,0.00,58.83,0.00,SIN
2a06:98c1:3105:85a9:8619:c428:cdc6:133e,4,4,0.00,58.83,0.00,SIN
2a06:98c1:3107:aee4:c53e:7b2f:f632:256b,4,4,0.00,58.83,0.00,SIN
2a06:98c1:3103:18fc:3ee0:5648:e734:fb00,4,4,0.00,58.83,0.00,SIN
2a06:98c1:3103:b862:c39:9e57:ae89:feb6,4,4,0.00,58.83,0.00,SIN
2a06:98c1:3101:f322:d27:8920:7df8:4b94,4,4,0.00,58.83,0.00,SIN
2a06:98c1:3108:0:4f76:5e66:50eb:54ec,4,4,0.00,58.83,0.00,SIN
2803:f800:50:0:dd:effc:4199:f845,4,4,0.00,58.83,0.00,SIN
2a06:98c1:3101:f322:e9db:c74b:66e3:14a7,4,4,0.00,58.83,0.00,SIN
2a06:98c1:310e:c949:6cd9:6402:8cf8:4777,4,4,0.00,58.83,0.00,SIN
2a06:98c1:50:4fa8:58f3:f1d0:7b98:542,4,4,0.00,58.84,0.00,SIN
2a06:98c1:50:fd1d:4c41:1f2f:2b5:8857,4,4,0.00,58.84,0.00,SIN
2a06:98c1:310c:14:4ae8:a213:c2db:ec3,4,4,0.00,58.84,0.00,SIN
2a06:98c1:3105:854d:ee44:9515:24de:69db,4,4,0.00,58.84,0.00,SIN
2a06:98c1:3105:854d:ee44:9515:b983:5a68,4,4,0.00,58.84,0.00,SIN
2a06:98c1:50:4f1e:20c8:8998:5bed:51b,4,4,0.00,58.84,0.00,SIN
2a06:98c1:310c:f49c:7120:3702:8ef7:8403,4,4,0.00,58.84,0.00,SIN
2a06:98c1:50:4f1e:20be:2023:908b:1c0b,4,4,0.00,58.84,0.00,SIN
2a06:98c1:3103:c627:2721:a826:fa3c:d799,4,4,0.00,58.84,0.00,SIN
2a06:98c1:50:4f1e:20be:2025:61f2:52f2,4,4,0.00,58.84,0.00,SIN
2a06:98c1:50:fd1d:4d65:2cbb:658f:ee8e,4,4,0.00,58.84,0.00,SIN
2a06:98c1:3101:0:bcad:465a:f440:5b9,4,4,0.00,58.84,0.00,SIN
2400:cb00:2049:b2a5:f128:a9e8:b00:5533,4,4,0.00,58.84,0.00,SIN
2a06:98c1:50:74:9d4b:25b5:e2d8:af19,4,4,0.00,58.84,0.00,SIN
2a06:98c1:3104:de5f:5fdb:d0e0:3e79:8e4d,4,4,0.00,58.84,0.00,SIN
2803:f800:50:f049:b25c:894c:aab6:a714,4,4,0.00,58.84,0.00,SIN
2a06:98c1:310e:883d:c991:dbba:1fed:6657,4,4,0.00,58.84,0.00,SIN
2a06:98c1:310b:c4:7f1f:d5ef:c933:4c2d,4,4,0.00,58.84,0.00,SIN
2a06:98c1:3106:8688:7a:e6b9:2a86:57f3,4,4,0.00,58.84,0.00,SIN
2a06:98c1:310a:17:1ad8:da5c:d6de:13c7,4,4,0.00,58.84,0.00,SIN
2a06:98c1:3103:9715:6361:5cc0:eb00:c224,4,4,0.00,58.84,0.00,SIN
2a06:98c1:310d::97:ef7b:1bc0,4,4,0.00,58.84,0.00,SIN
2a06:98c1:310d:f04e:fb9e:143e:b6a1:fee6,4,4,0.00,58.84,0.00,SIN
2400:cb00:2049:b200:6167:b0d9:cd14:d2,4,4,0.00,58.84,0.00,SIN
2a06:98c1:3103:9728:f443:70ab:f81f:8646,4,4,0.00,58.85,0.00,SIN
2a06:98c1:3108:7568:417d:5a39:9ae4:c515,4,4,0.00,58.85,0.00,SIN
2a06:98c1:3104:f9:8f79:cf67:bee8:1db,4,4,0.00,58.85,0.00,SIN
2a06:98c1:3102:ee60:d044:ca05:44e0:d560,4,4,0.00,58.85,0.00,SIN
2a06:98c1:3106:8688:f6af:a642:4e42:159e,4,4,0.00,58.85,0.00,SIN
2803:f800:51:676a:7d0b:92a1:614d:876,4,4,0.00,58.85,0.00,SIN
2a06:98c1:3106:ca:1748:6f4a:8abc:72e3,4,4,0.00,58.85,0.00,SIN
2a06:98c1:310c:d4:94d9:d2da:9db2:410a,4,4,0.00,58.85,0.00,SIN
2803:f800:50:f049:b256:e85d:43b2:1e26,4,4,0.00,58.85,0.00,SIN
2a06:98c1:310c:d4:309e:85a7:f584:4fe2,4,4,0.00,58.85,0.00,SIN
2a06:98c1:3103:18fc:3e2e:2b89:5879:a4e,4,4,0.00,58.85,0.00,SIN
2a06:98c1:50:0:b0a5:511c:6988:25d7,4,4,0.00,58.85,0.00,SIN
2a06:98c1:51:aece:fd54:1cd6:8adb:8084,4,4,0.00,58.85,0.00,SIN
2a06:98c1:3104:8b:810b:9c06:131c:e76c,4,4,0.00,58.85,0.00,SIN
2a06:98c1:310f::986f:d508:767b,4,4,0.00,58.85,0.00,SIN
2a06:98c1:3101:3c35:1635:648b:85e6:5f54,4,4,0.00,58.85,0.00,SIN
2a06:98c1:3103:9728:f49b:cb7d:2e33:a2ef,4,4,0.00,58.85,0.00,SIN
2a06:98c1:310b:f3:fe68:7a34:b212:a704,4,4,0.00,58.85,0.00,SIN
2a06:98c1:3102:0:f1ca:71d9:a91f:1ff3,4,4,0.00,58.86,0.00,SIN
2a06:98c1:50:4f1e:a47f:74e3:c2dc:24d2,4,4,0.00,58.86,0.00,SIN
2a06:98c1:3105:854d:432c:644d:fcd9:fdb9,4,4,0.00,58.86,0.00,SIN
2a06:98c1:3105:854d:432c:644d:3e44:8f19,4,4,0.00,58.86,0.00,SIN
2a06:98c1:3103:c627:c643:2dba:623:9116,4,4,0.00,58.86,0.00,SIN
2a06:98c1:50:74:9d4b:25b5:e2b0:91ac,4,4,0.00,58.86,0.00,SIN
2a06:98c1:3100:7d40:b2bd:6834:1f18:e85,4,4,0.00,58.86,0.00,SIN
2a06:98c1:3104:8b:810b:9c45:f18a:231a,4,4,0.00,58.86,0.00,SIN
2a06:98c1:310b:f3:dd3d:5479:a13c:1754,4,4,0.00,58.86,0.00,SIN
2a06:98c1:51:aece:50a:b9f7:c851:d48b,4,4,0.00,58.86,0.00,SIN
2a06:98c1:310c:eb:df6c:19d7:39da:8dfd,4,4,0.00,58.86,0.00,SIN
2a06:98c1:310c:eb:df6c:19d7:4c39:ad7e,4,4,0.00,58.86,0.00,SIN
2a06:98c1:3103:e5b4:1543:a739:225f:acda,4,4,0.00,58.86,0.00,SIN
2a06:98c1:3102:ee60:1104:ba3:64d9:6228,4,4,0.00,58.86,0.00,SIN
2a06:98c1:3107:90:17b7:dbbc:7336:6462,4,4,0.00,58.86,0.00,SIN
2a06:98c1:3109:8481:5f9f:73c2:b6b2:ec23,4,4,0.00,58.86,0.00,SIN
2a06:98c1:3108:0:f917:20db:8f93:f885,4,4,0.00,58.86,0.00,SIN
2a06:98c1:3100:0:c632:78f9:ecf9:ec3e,4,4,0.00,58.87,0.00,SIN
2a06:98c1:3102::75:3ee1:7ebb,4,4,0.00,58.87,0.00,SIN
2a06:98c1:3101:f3af:ed6e:dd35:decc:7a38,4,4,0.00,58.87,0.00,SIN
2a06:98c1:310e:c8:5d12:5773:4f13:810d,4,4,0.00,58.87,0.00,SIN
2a06:98c1:310c:f49c:7120:342f:114d:429c,4,4,0.00,58.87,0.00,SIN
2a06:98c1:51:7b:5592:b1e6:73e7:3edf,4,4,0.00,58.87,0.00,SIN
2a06:98c1:3103:f1:8755:1a1f:fc6c:6e49,4,4,0.00,58.87,0.00,SIN
2a06:98c1:3103:e577:390b:819a:3818:5f26,4,4,0.00,58.87,0.00,SIN
2400:cb00:2049:b2a5:1700:f691:cc07:bb79,4,4,0.00,58.87,0.00,SIN
2a06:98c1:310d:0:cd8:2b79:3fdc:dc29,4,4,0.00,58.87,0.00,SIN
2400:cb00:2049:2978:3861:fe16:167d:ef9d,4,4,0.00,58.87,0.00,SIN
2a06:98c1:310d:f04e:3b65:1e25:ecf0:c751,4,4,0.00,58.87,0.00,SIN
2a06:98c1:3104:f9:af98:ca56:42b0:1175,4,4,0.00,58.87,0.00,SIN
2a06:98c1:3106:ca:17d9:5970:7ac4:a62e,4,4,0.00,58.87,0.00,SIN
2a06:98c1:50:fd1d:4d65:ddd4:f358:7fda,4,4,0.00,58.87,0.00,SIN
2a06:98c1:50:0:918a:7067:fa6b:b7e5,4,4,0.00,58.87,0.00,SIN
2a06:98c1:3104::8a:73a1:83f0,4,4,0.00,58.87,0.00,SIN
2a06:98c1:3106:6c:655f:1461:7d9:c4dc,4,4,0.00,58.87,0.00,SIN
2a06:98c1:3104:f9:2dc4:ed2:a858:aedc,4,4,0.00,58.87,0.00,SIN
2a06:98c1:310c:0:7fca:ea68:a46a:436f,4,4,0.00,58.88,0.00,SIN
2a06:98c1:3100:7d14:928b:cf10:eb5d:b632,4,4,0.00,58.88,0.00,SIN
2a06:98c1:3106:8688:6307:a97e:1fff:1110,4,4,0.00,58.88,0.00,SIN
2a06:98c1:3108:759c:201e:5ae:1dc0:96e6,4,4,0.00,58.88,0.00,SIN
2400:cb00:2049:29e6:f2be:b26d:902a:33f,4,4,0.00,58.88,0.00,SIN
2a06:98c1:310b::d4:c94d,4,4,0.00,58.88,0.00,SIN
2a06:98c1:3100:3525:ba2b:ae3e:ece:f3c5,4,4,0.00,58.88,0.00,SIN
2a06:98c1:310d:0:cd8:78dd:46a4:5535,4,4,0.00,58.88,0.00,SIN
2a06:98c1:3100:0:c6c4:afcf:65fc:cebb,4,4,0.00,58.88,0.00,SIN
2a06:98c1:310b:f3:d05e:55e4:f2a9:76aa,4,4,0.00,58.88,0.00,SIN
2a06:98c1:310f:fa9f:7c29:e201:eeb1:dc7d,4,4,0.00,58.88,0.00,SIN
2a06:98c1:3108:3a6e:9a57:245:bc78:ec6b,4,4,0.00,58.88,0.00,SIN
2a06:98c1:3102:ee60:d0a9:13c7:5c3c:9d2d,4,4,0.00,58.89,0.00,SIN
2a06:98c1:3107:0:1510:fc1d:a33:3d47,4,4,0.00,58.89,0.00,SIN
2a06:98c1:3100:7ded:aa50:3a49:9763:9dce,4,4,0.00,58.89,0.00,SIN
2400:cb00:2049:ab:fdce:8aca:b7b1:8b4a,4,4,0.00,58.89,0.00,SIN
2a06:98c1:3100:7d1b:8653:2d34:440d:45e8,4,4,0.00,58.89,0.00,SIN
2a06:98c1:3108:3a6e:9ac2:f069:fd91:2764,4,4,0.00,58.89,0.00,SIN
2a06:98c1:3106:0:98:75a:f8ab:42cf,4,4,0.00,58.89,0.00,SIN
2a06:98c1:3102:4e68:6d7e:fb58:dc58:a640,4,4,0.00,58.89,0.00,SIN
2a06:98c1:3102:4e68:6d7e:fb3e:3fba:c901,4,4,0.00,58.89,0.00,SIN
2a06:98c1:3103::20:b063,4,4,0.00,58.89,0.00,SIN
2a06:98c1:3106:ca:9a85:81c:a693:709f,4,4,0.00,58.89,0.00,SIN
2a06:98c1:3101::8f62:c289:71f1,4,4,0.00,58.89,0.00,SIN
2a06:98c1:50:0:913b:f272:1343:371c,4,4,0.00,58.89,0.00,SIN
2a06:98c1:50:fd1d:4ce6:b7fb:bd2b:f170,4,4,0.00,58.89,0.00,SIN
2a06:98c1:3100:7d40:b2bd:724:887f:1200,4,4,0.00,58.89,0.00,SIN
2a06:98c1:3100:7d40:b2bd:724:55c8:946a,4,4,0.00,58.89,0.00,SIN
2a06:98c1:310d:0:b4:2812:73b4:62bf,4,4,0.00,58.89,0.00,SIN
2400:cb00:2049:ab:fd08:702b:913a:5e45,4,4,0.00,58.89,0.00,SIN
2a06:98c1:3104:f9:af98:e754:8124:1fc2,4,4,0.00,58.89,0.00,SIN
2a06:98c1:3100:0:63:6936:11aa:51fe,4,4,0.00,58.90,0.00,SIN
2a06:98c1:3107::2514:7f24:ba8d,4,4,0.00,58.90,0.00,SIN
2a06:98c1:3100:e7:8597:10a9:6c32:860b,4,4,0.00,58.90,0.00,SIN
2400:cb00:2049:0:c2:f633:89a4:3b05,4,4,0.00,58.90,0.00,SIN
2400:cb00:2049:2929:9ec7:fd8b:7414:9001,4,4,0.00,58.90,0.00,SIN
2a06:98c1:3107:ae51:4248:9540:a40b:d837,4,4,0.00,58.90,0.00,SIN
2a06:98c1:3101:f322:2869:e9e4:5322:1521,4,4,0.00,58.90,0.00,SIN
2803:f800:51:379b:e50c:8ca4:cabe:cfa8,4,4,0.00,58.90,0.00,SIN
2a06:98c1:3105::f2a2,4,4,0.00,58.90,0.00,SIN
2a06:98c1:50:0:bcf0:e33c:1ac6:5b72,4,4,0.00,58.90,0.00,SIN
2a06:98c1:310a:17:1ad8:c808:e529:50a0,4,4,0.00,58.90,0.00,SIN
2a06:98c1:310e:c949:6c24:e84a:c04e:8720,4,4,0.00,58.90,0.00,SIN
2803:f800:50:0:e77b:b5ef:e1ac:8362,4,4,0.00,58.90,0.00,SIN
2a06:98c1:3103:e5b4:1543:a75f:e9f0:2406,4,4,0.00,58.90,0.00,SIN
2a06:98c1:50:6b31:116a:34d0:bb16:bb56,4,4,0.00,58.91,0.00,SIN
2a06:98c1:50:fd1d:4d31:c94e:951d:11ea,4,4,0.00,58.91,0.00,SIN
2a06:98c1:310e:c949:6c24:f1bb:4b0e:74e5,4,4,0.00,58.91,0.00,SIN
2a06:98c1:3107:0:2e:768f:d986:7a12,4,4,0.00,58.91,0.00,SIN
2400:cb00:2049:2978:38b3:4ed0:de4b:cdea,4,4,0.00,58.91,0.00,SIN
2a06:98c1:3104:cef7:54b6:750a:ce6:8ef7,4,4,0.00,58.91,0.00,SIN
2a06:98c1:3108:0:f917:e723:db8c:3ab5,4,4,0.00,58.91,0.00,SIN
2a06:98c1:3103:e5b4:ff7b:d759:8adc:25cf,4,4,0.00,58.91,0.00,SIN
2a06:98c1:3103:e577:343b:25ab:eaeb:34ae,4,4,0.00,58.91,0.00,SIN
2a06:98c1:50:0:915e:a4d7:e381:4333,4,4,0.00,58.91,0.00,SIN
2a06:98c1:3100:3525:6fa9:f073:fa91:a726,4,4,0.00,58.91,0.00,SIN
2803:f800:50:85:4f13:814e:4791:59e8,4,4,0.00,58.91,0.00,SIN
2a06:98c1:3103::c9:2f64:9630,4,4,0.00,58.91,0.00,SIN
2a06:98c1:310e:c949:c27:3af0:38aa:f6c4,4,4,0.00,58.91,0.00,SIN
2a06:98c1:3107:ae97:964b:f634:b0e2:ef6c,4,4,0.00,58.91,0.00,SIN
2a06:98c1:310b:f3:d05e:fbd1:fc30:7c64,4,4,0.00,58.91,0.00,SIN
2803:f800:51:d3:62bb:1df8:fb6d:f876,4,4,0.00,58.91,0.00,SIN
2803:f800:51::26:599d,4,4,0.00,58.91,0.00,SIN
2a06:98c1:3102:0:de:80a1:1d5e:bcbd,4,4,0.00,58.91,0.00,SIN
2a06:98c1:310c:0:78:2bf8:8b6f:edf6,4,4,0.00,58.91,0.00,SIN
2a06:98c1:3108:7568:41cb:6c92:788:5661,4,4,0.00,58.92,0.00,SIN
2a06:98c1:3101:f322:d82:1736:5ca4:9736,4,4,0.00,58.92,0.00,SIN
2a06:98c1:3104:f9:2d16:228e:55f1:7ef8,4,4,0.00,58.92,0.00,SIN
2a06:98c1:3101:f322:d82:f625:894d:df08,4,4,0.00,58.92,0.00,SIN
2803:f800:50:0:e77b:b51b:3d5e:e7ba,4,4,0.00,58.92,0.00,SIN
2a06:98c1:3104:cef7:cd60:342e:f066:c53d,4,4,0.00,58.92,0.00,SIN
2a06:98c1:3104:64:578f:ecbf:2405:3940,4,4,0.00,58.92,0.00,SIN
2a06:98c1:3104:64:578f:eca3:25a7:28d3,4,4,0.00,58.92,0.00,SIN
2a06:98c1:50:fd1d:4c41:ca09:e69:5d03,4,4,0.00,58.92,0.00,SIN
2a06:98c1:3103:f1:bbb0:7a32:32e6:6886,4,4,0.00,58.92,0.00,SIN
2a06:98c1:3108:0:4961:6426:771d:55d6,4,4,0.00,58.92,0.00,SIN
2a06:98c1:310f:fa9f:7c29:e2b1:7f9b:24c7,4,4,0.00,58.92,0.00,SIN
2803:f800:51:67e1:5adf:1acc:2b07:df9c,4,4,0.00,58.92,0.00,SIN
2a06:98c1:3102:4e68:6d60:3cc:f115:62d9,4,4,0.00,58.92,0.00,SIN
2a06:98c1:310b:c4:7f0f:2f14:208b:1e8a,4,4,0.00,58.92,0.00,SIN
2a06:98c1:3102:ee60:d0a9:f959:dc9a:c677,4,4,0.00,58.92,0.00,SIN
2a06:98c1:3102:ee60:d0a9:de3f:c1dc:8601,4,4,0.00,58.92,0.00,SIN
2a06:98c1:3102::95:b481:c693,4,4,0.00,58.92,0.00,SIN
2a06:98c1:3100:0:9f:5b4e:c56f:7ec7,4,4,0.00,58.92,0.00,SIN
2a06:98c1:3103:97b3:e77:85c5:a9cc:e8cc,4,4,0.00,58.93,0.00,SIN
2a06:98c1:3103:f1:26a:288a:4512:ad86,4,4,0.00,58.93,0.00,SIN
2400:cb00:2049:b200:61f6:e7ff:de45:64c5,4,4,0.00,58.93,0.00,SIN
2a06:98c1:310c:14:1c83:3858:c21f:44da,4,4,0.00,58.93,0.00,SIN
2a06:98c1:3100:0:c6c4:af34:795e:452f,4,4,0.00,58.93,0.00,SIN
2a06:98c1:3107:b7b8:a0b9:e50b:731d:e983,4,4,0.00,58.93,0.00,SIN
2a06:98c1:310b:6c:bdab:4920:4075:7168,4,4,0.00,58.93,0.00,SIN
2a06:98c1:310b:c4:7f0f:7d67:e500:6ba5,4,4,0.00,58.93,0.00,SIN
2a06:98c1:3107:ae97:429e:ee05:d91f:f0e3,4,4,0.00,58.93,0.00,SIN
2a06:98c1:310d:0:cd8:78dd:e79a:cab8,4,4,0.00,58.93,0.00,SIN
2a06:98c1:50:4f1e:a47f:7470:c148:48a1,4,4,0.00,58.93,0.00,SIN
2a06:98c1:50:4fc1:2a6a:f6c8:52b6:698,4,4,0.00,58.93,0.00,SIN
2a06:98c1:3106:8688:6307:a97e:4f26:d55b,4,4,0.00,58.93,0.00,SIN
2a06:98c1:3103:e577:2f2e:8155:65ff:a19e,4,4,0.00,58.93,0.00,SIN
2803:f800:50:0:e77b:af0f:612a:8951,4,4,0.00,58.93,0.00,SIN
2a06:98c1:310b:f3:ddff:507a:235:4dd7,4,4,0.00,58.94,0.00,SIN
2a06:98c1:310e:c949:cfa:c182:47:a4ca,4,4,0.00,58.94,0.00,SIN
2a06:98c1:310e:c949:cfa:c182:4b92:f531,4,4,0.00,58.94,0.00,SIN
2803:f800:51:73fa:a342:95e9:6a58:f78b,4,4,0.00,58.94,0.00,SIN
2a06:98c1:3103:7d22:cedf:95b9:5376:562e,4,4,0.00,58.94,0.00,SIN
2400:cb00:2049:b200:61f6:2108:5813:8316,4,4,0.00,58.94,0.00,SIN
2a06:98c1:310e:c9e4:3469:9bb6:ec50:3d6c,4,4,0.00,58.94,0.00,SIN
2a06:98c1:3102:4e68:39ab:99b4:6d92:4907,4,4,0.00,58.94,0.00,SIN
2a06:98c1:3109:8481:d220:8e94:350d:f828,4,4,0.00,58.94,0.00,SIN
2a06:98c1:3107:aee4:c3f3:e91:a5f7:7696,4,4,0.00,58.94,0.00,SIN
2a06:98c1:3107:aee4:c5bf:2154:ad44:7a42,4,4,0.00,58.94,0.00,SIN
2a06:98c1:3104:64:5769:b49c:4ac6:9e10,4,4,0.00,58.95,0.00,SIN
2a06:98c1:3106:8688:7a:846a:7f1a:d044,4,4,0.00,58.95,0.00,SIN
2803:f800:51:0:8034:1e4f:a7d5:cd80,4,4,0.00,58.95,0.00,SIN
2a06:98c1:310b:0:77:9840:fd4b:ea99,4,4,0.00,58.95,0.00,SIN
2a06:98c1:3102:4e68:60d9:5210:57bf:a3c4,4,4,0.00,58.95,0.00,SIN
2a06:98c1:3103:e577:39a2:5020:753b:3131,4,4,0.00,58.95,0.00,SIN
2a06:98c1:3102:ee60:d08d:b676:7613:e585,4,4,0.00,58.95,0.00,SIN
2a06:98c1:51:ae55:2d58:a2d9:6bcb:682a,4,4,0.00,58.95,0.00,SIN
2a06:98c1:310b:0:c00a:d45b:5597:5d0f,4,4,0.00,58.95,0.00,SIN
2a06:98c1:3103:9715:1281:8b8f:61ca:7e3b,4,4,0.00,58.96,0.00,SIN
2a06:98c1:3108:0:f917:b5a9:47ba:2e80,4,4,0.00,58.96,0.00,SIN
2a06:98c1:3106:6c:c7b:45ff:7f3f:b8dc,4,4,0.00,58.96,0.00,SIN
2a06:98c1:3108:0:4f76:de1b:c6a5:2df0,4,4,0.00,58.96,0.00,SIN
2a06:98c1:3102:4e68:d375:8136:2ee1:28d7,4,4,0.00,58.96,0.00,SIN
2a06:98c1:3101:0:319d:29b0:4ac4:cf91,4,4,0.00,58.96,0.00,SIN
2a06:98c1:3108:759c:e0e8:cf50:a66c:e9f1,4,4,0.00,58.96,0.00,SIN
2a06:98c1:3100:7d40:b225:b83e:97e2:ca0a,4,4,0.00,58.96,0.00,SIN
2a06:98c1:3108:0:4f76:dea0:124f:df83,4,4,0.00,58.96,0.00,SIN
2a06:98c1:3104:64:5718:7cae:6ba7:10bf,4,4,0.00,58.96,0.00,SIN
2a06:98c1:3102:4e68:60d9:2334:2c39:e0d1,4,4,0.00,58.96,0.00,SIN
2803:f800:51:73fa:a342:bd12:226c:d20,4,4,0.00,58.96,0.00,SIN
2a06:98c1:3106:86ad:f637:62d:b587:b553,4,4,0.00,58.96,0.00,SIN
2a06:98c1:3100:e7:ce3b:a3cf:a05f:a8a,4,4,0.00,58.96,0.00,SIN
2a06:98c1:3103:9715:6361:7e1b:4f45:b630,4,4,0.00,58.96,0.00,SIN
2a06:98c1:3101:0:bcad:465a:442b:dbab,4,4,0.00,58.96,0.00,SIN
2a06:98c1:310e:c8:84d9:35cb:11e0:ebb1,4,4,0.00,58.97,0.00,SIN
2803:f800:50:f049:b256:d9ee:7d23:65d8,4,4,0.00,58.97,0.00,SIN
2a06:98c1:3101:f322:e9db:20c3:9bbf:ee54,4,4,0.00,58.97,0.00,SIN
2803:f800:51:379b:e55c:15c4:9d59:bcc0,4,4,0.00,58.97,0.00,SIN
2a06:98c1:310b:0:c00a:6802:d42a:627a,4,4,0.00,58.97,0.00,SIN
2a06:98c1:3104:8b:81e2:df9e:257f:bb51,4,4,0.00,58.97,0.00,SIN
2a06:98c1:3102:4e68:3986:aaf1:cdc:4423,4,4,0.00,58.97,0.00,SIN
2a06:98c1:3107:0:7edf:bf93:6a59:2874,4,4,0.00,58.97,0.00,SIN
2a06:98c1:310c:5c:7e38:aa74:2bea:5462,4,4,0.00,58.97,0.00,SIN
2a06:98c1:3103:7d22:cecd:4f72:628f:fef0,4,4,0.00,58.97,0.00,SIN
2a06:98c1:3104:f9:2d16:4825:78b:832b,4,4,0.00,58.97,0.00,SIN
2a06:98c1:50:6b76:649c:a442:f66:25be,4,4,0.00,58.97,0.00,SIN
2a06:98c1:310d:f04e:d8a5:cb84:1933:21be,4,4,0.00,58.97,0.00,SIN
2a06:98c1:3101:f38f:88d2:bfaa:fb48:d3f9,4,4,0.00,58.97,0.00,SIN
2a06:98c1:3102:ee60:d0a9:9611:cdc3:7a4c,4,4,0.00,58.97,0.00,SIN
2a06:98c1:3104:ce0b:a2ff:6790:c18:d381,4,4,0.00,58.97,0.00,SIN
2a06:98c1:310e:c9e4:2170:1f48:677f:4b4,4,4,0.00,58.97,0.00,SIN
2a06:98c1:3102:ee60:d044:ca90:5dda:7123,4,4,0.00,58.98,0.00,SIN
2a06:98c1:3108:759c:e0e8:f54f:c886:a93e,4,4,0.00,58.98,0.00,SIN
2a06:98c1:310d:f04e:a54f:368c:d687:a3e4,4,4,0.00,58.98,0.00,SIN
2a06:98c1:3103:7d22:cecd:797b:7d71:437c,4,4,0.00,58.98,0.00,SIN
2a06:98c1:3107:b7b8:a0b9:5864:5ce8:66a5,4,4,0.00,58.98,0.00,SIN
2a06:98c1:310f:0:d5f2:6ce1:19f1:9386,4,4,0.00,58.98,0.00,SIN
2a06:98c1:50:6b31:c8ea:1419:f236:e53a,4,4,0.00,58.98,0.00,SIN
2a06:98c1:3107:aee4:c5bf:54a2:52bc:507,4,4,0.00,58.98,0.00,SIN
2a06:98c1:3104:cef7:54b6:750a:1bf7:d0ec,4,4,0.00,58.98,0.00,SIN
2a06:98c1:50:fd1d:4ce6:b7ce:cdf:b1f5,4,4,0.00,58.98,0.00,SIN
2a06:98c1:310c:ed:b2aa:4f8a:7b83:12fe,4,4,0.00,58.98,0.00,SIN
2803:f800:51:d3:62bb:1de4:c5d1:7313,4,4,0.00,58.98,0.00,SIN
2a06:98c1:3104::b1:b6f5,4,4,0.00,58.98,0.00,SIN
2a06:98c1:310d::e13e:9993:94,4,4,0.00,58.98,0.00,SIN
2a06:98c1:3103:9715:6361:5cc0:ebb3:5b81,4,4,0.00,58.98,0.00,SIN
2a06:98c1:310c::80da:686e:e35,4,4,0.00,58.98,0.00,SIN
2a06:98c1:3102:0:f1ca:12fc:b802:160c,4,4,0.00,58.99,0.00,SIN
2a06:98c1:3103:e577:343b:1be3:43f9:9ada,4,4,0.00,58.99,0.00,SIN
2803:f800:51:d3:62bb:35cb:a308:4a9c,4,4,0.00,58.99,0.00,SIN
2a06:98c1:3108:759c:209e:83da:a386:cb0e,4,4,0.00,58.99,0.00,SIN
2a06:98c1:310b:0:c00a:1a3d:c95e:56b3,4,4,0.00,58.99,0.00,SIN
2a06:98c1:310c:14:1c83:7c89:2b26:89a9,4,4,0.00,58.99,0.00,SIN
2a06:98c1:310b:7e91:95df:a1d3:4ecb:ddb3,4,4,0.00,58.99,0.00,SIN
2a06:98c1:3103:18fc:3e2e:2bd3:a86:67df,4,4,0.00,58.99,0.00,SIN
2a06:98c1:3105:0:fb:1998:13e2:6531,4,4,0.00,58.99,0.00,SIN
2a06:98c1:3104::d4d7:61e1:fc81,4,4,0.00,58.99,0.00,SIN
2a06:98c1:3105:854d:432c:644d:b999:530,4,4,0.00,58.99,0.00,SIN
2a06:98c1:3107:b7b8:a084:c89b:532f:1be3,4,4,0.00,58.99,0.00,SIN
2a06:98c1:310b:f3:d042:d6f6:abce:6048,4,4,0.00,58.99,0.00,SIN
2400:cb00:2049:b2a5:f128:7342:d2ee:8434,4,4,0.00,58.99,0.00,SIN
2a06:98c1:3107:aee4:c5bf:54a2:8817:abe,4,4,0.00,58.99,0.00,SIN
2a06:98c1:3103:e5b4:ffd0:38d1:9b5f:483d,4,4,0.00,58.99,0.00,SIN
2a06:98c1:3107:ae97:429e:4f39:c04c:2e2b,4,4,0.00,58.99,0.00,SIN
2a06:98c1:3100:7ded:866b:5e7:4610:d735,4,4,0.00,58.99,0.00,SIN
2a06:98c1:3107:ae51:4248:9526:fc36:6b22,4,4,0.00,59.00,0.00,SIN
2a06:98c1:3100:7d40:841d:40ae:62ac:58d1,4,4,0.00,59.00,0.00,SIN
2a06:98c1:310a::9e:292c:77b5,4,4,0.00,59.00,0.00,SIN
2a06:98c1:310e:883d:c991:dbba:ff4f:93d4,4,4,0.00,59.00,0.00,SIN
2a06:98c1:310b:0:36c7:25f0:943:d2ec,4,4,0.00,59.00,0.00,SIN
2a06:98c1:310c::e0:7426:de30,4,4,0.00,59.00,0.00,SIN
2a06:98c1:3106:0:98:7d6:6b20:e0cc,4,4,0.00,59.00,0.00,SIN
2a06:98c1:50:fd1d:4d8a:606b:7329:5f83,4,4,0.00,59.00,0.00,SIN
2a06:98c1:50:0:9164:9f33:3d89:1911,4,4,0.00,59.00,0.00,SIN
2a06:98c1:3108:0:f9fd:dd58:f52:c67f,4,4,0.00,59.00,0.00,SIN
2a06:98c1:3103:e577:2ffa:7b0b:4c6f:b00c,4,4,0.00,59.00,0.00,SIN
2a06:98c1:310b:f3:d05e:55e4:e364:7ac9,4,4,0.00,59.00,0.00,SIN
2a06:98c1:3103:c627:278b:eb:139c:ce92,4,4,0.00,59.00,0.00,SIN
2a06:98c1:310d:f04e:d8a5:4fdd:307e:3339,4,4,0.00,59.01,0.00,SIN
2a06:98c1:3104:de5f:fdd4:2383:741d:8630,4,4,0.00,59.01,0.00,SIN
2a06:98c1:50:4fc1:2a6a:a823:1a1:935b,4,4,0.00,59.01,0.00,SIN
2a06:98c1:51:aece:50a:b904:97c:e94a,4,4,0.00,59.01,0.00,SIN
2a06:98c1:310b:f3:d05e:42a0:5063:dda1,4,4,0.00,59.01,0.00,SIN
2a06:98c1:3102:4e68:6d60:3cc:3da9:9818,4,4,0.00,59.01,0.00,SIN
2803:f800:51:d3:62bb:3591:b643:408,4,4,0.00,59.01,0.00,SIN
2a06:98c1:3109:84ab:6113:e809:dd77:4492,4,4,0.00,59.01,0.00,SIN
2a06:98c1:3106:8688:6307:a949:592a:c9ce,4,4,0.00,59.01,0.00,SIN
2a06:98c1:310a:0:7cb0:f2e9:fc1a:785a,4,4,0.00,59.01,0.00,SIN
2a06:98c1:3103:18fc:3ee0:56f9:510:1a2e,4,4,0.00,59.01,0.00,SIN
2400:cb00:2049:ab:1e85:dedf:45ea:d677,4,4,0.00,59.01,0.00,SIN
2400:cb00:2049:82:1a8d:754:37c2:a7d2,4,4,0.00,59.01,0.00,SIN
2a06:98c1:3106:8688:7dad:bd90:f98a:607c,4,4,0.00,59.01,0.00,SIN
2a06:98c1:310d:f04e:a536:8391:ab53:1925,4,4,0.00,59.02,0.00,SIN
2a06:98c1:51:aece:fd54:1cd6:80db:87cf,4,4,0.00,59.02,0.00,SIN
2a06:98c1:3103:9728:4a8:5be2:5a66:8a4d,4,4,0.00,59.02,0.00,SIN
2a06:98c1:310c:ed:b24a:ef49:750e:3ba8,4,4,0.00,59.02,0.00,SIN
2a06:98c1:310d:e8:5e16:6617:acb5:d14f,4,4,0.00,59.02,0.00,SIN
2a06:98c1:3104:ce0b:d77f:a558:ee57:3847,4,4,0.00,59.02,0.00,SIN
2a06:98c1:3100:0:a1:be9a:57fc:b7dc,4,4,0.00,59.02,0.00,SIN
2a06:98c1:50:0:91b6:4af3:c487:a1fa,4,4,0.00,59.02,0.00,SIN
2a06:98c1:3104:f9:af33:6e37:ea29:7a1a,4,4,0.00,59.02,0.00,SIN
2a06:98c1:3104:cef7:cd60:3482:e594:fe49,4,4,0.00,59.02,0.00,SIN
2a06:98c1:3108:7568:4178:748c:43cc:1cd,4,4,0.00,59.02,0.00,SIN
2a06:98c1:310a:8d:d456:caa3:8a89:7cb8,4,4,0.00,59.02,0.00,SIN
2a06:98c1:50:d5:5928:459:3783:e4e8,4,4,0.00,59.02,0.00,SIN
2a06:98c1:3106:ca:5f84:cef3:eb6f:127a,4,4,0.00,59.02,0.00,SIN
2a06:98c1:3101:0:c9:175e:c40f:9bb6,4,4,0.00,59.03,0.00,SIN
2a06:98c1:3103:c627:c6d4:65a3:a434:55ca,4,4,0.00,59.03,0.00,SIN
2400:cb00:2049::609e:c929,4,4,0.00,59.03,0.00,SIN
2a06:98c1:310f:a8:b4d2:17dc:dc2d:3b11,4,4,0.00,59.03,0.00,SIN
2a06:98c1:3106:8688:f6af:c3d7:1ec:3e59,4,4,0.00,59.03,0.00,SIN
2a06:98c1:3100:7d40:b2bd:68d3:7486:ab05,4,4,0.00,59.03,0.00,SIN
2a06:98c1:3100:7d1b:867f:63ba:6a45:5292,4,4,0.00,59.03,0.00,SIN
2a06:98c1:3108:759c:e0e8:f54f:c809:1d67,4,4,0.00,59.03,0.00,SIN
2a06:98c1:3105:0:53ff:e4bc:c87d:d8de,4,4,0.00,59.03,0.00,SIN
2a06:98c1:50:6b76:649c:36b6:3662:fdd0,4,4,0.00,59.03,0.00,SIN
2a06:98c1:3109::9d39:14ae:2ca3,4,4,0.00,59.03,0.00,SIN
2a06:98c1:3100:0:ed98:665c:4c0d:847,4,4,0.00,59.03,0.00,SIN
2a06:98c1:3107:ae97:426a:a3b4:f126:9772,4,4,0.00,59.03,0.00,SIN
2a06:98c1:310a:0:e7a6:9387:b4f8:1223,4,4,0.00,59.04,0.00,SIN
2a06:98c1:310e:c949:6cd9:8be7:8e0d:ba2f,4,4,0.00,59.04,0.00,SIN
2a06:98c1:3106:86ad:f637:ed85:17cb:c3de,4,4,0.00,59.04,0.00,SIN
2a06:98c1:3103:9715:120b:5f68:94a7:31c4,4,4,0.00,59.04,0.00,SIN
2a06:98c1:3105::f4ae:b2f9,4,4,0.00,59.04,0.00,SIN
2a06:98c1:310c:0:7f3e:2de3:29:1d75,4,4,0.00,59.04,0.00,SIN
2a06:98c1:310c:0:7f3e:2de3:3b:3d22,4,4,0.00,59.04,0.00,SIN
2803:f800:50:0:e77b:b51b:3daa:1ef2,4,4,0.00,59.04,0.00,SIN
2400:cb00:2049:2929:4609:ba99:8113:9fbb,4,4,0.00,59.04,0.00,SIN
2803:f800:50:f049:b3e6:320d:6b85:f9cd,4,4,0.00,59.04,0.00,SIN
2a06:98c1:3101:f3af:743f:d7e9:789:29af,4,4,0.00,59.04,0.00,SIN
2803:f800:51:0:3a:7289:4511:6d17,4,4,0.00,59.04,0.00,SIN
2a06:98c1:3104:cef7:cd60:de93:6451:9a7,4,4,0.00,59.04,0.00,SIN
2a06:98c1:3108:759c:209e:833e:10d2:c3d9,4,4,0.00,59.05,0.00,SIN
2400:cb00:2049:b2a5:1700:f691:7440:52fd,4,4,0.00,59.05,0.00,SIN
2a06:98c1:310e:883d:c991:dbba:1f7b:c71,4,4,0.00,59.05,0.00,SIN
2a06:98c1:3108:0:4961:6426:7700:4f60,4,4,0.00,59.05,0.00,SIN
2a06:98c1:310c:5c:7ede:a9b3:8351:9053,4,4,0.00,59.05,0.00,SIN
2a06:98c1:50:fd1d:4d31:c94e:953d:1013,4,4,0.00,59.05,0.00,SIN
2a06:98c1:3103:f1:bbb0:15d3:fd42:ddaa,4,4,0.00,59.05,0.00,SIN
2a06:98c1:3109:e1:dbc7:ae1d:3fb7:677f,4,4,0.00,59.05,0.00,SIN
2a06:98c1:3105:854d:432c:6460:de72:2fea,4,4,0.00,59.05,0.00,SIN
2a06:98c1:310f:0:d5f2:c441:335a:c1aa,4,4,0.00,59.05,0.00,SIN
2a06:98c1:3109:8481:c37f:5ebf:c67f:8ca7,4,4,0.00,59.05,0.00,SIN
2a06:98c1:3103:9728:baa2:1919:bde5:8fc0,4,4,0.00,59.06,0.00,SIN
2a06:98c1:3108:759c:e0e8:cf50:a671:ec58,4,4,0.00,59.06,0.00,SIN
2a06:98c1:310d:0:c94:c254:4908:e63a,4,4,0.00,59.06,0.00,SIN
2a06:98c1:310d:f04e:3b41:2620:3064:e51d,4,4,0.00,59.06,0.00,SIN
2a06:98c1:3104:f9:af33:8e:8a1f:c332,4,4,0.00,59.06,0.00,SIN
2803:f800:51:73fa:a342:95e9:b10:761a,4,4,0.00,59.06,0.00,SIN
2a06:98c1:3106:6c:c7b:45ff:7f82:2daf,4,4,0.00,59.06,0.00,SIN
2a06:98c1:3101:f322:d82:f625:8969:76c8,4,4,0.00,59.06,0.00,SIN
2a06:98c1:3104:f9:af33:e462:2836:9639,4,4,0.00,59.06,0.00,SIN
2a06:98c1:3105:854d:eede:2e9e:2062:b0d2,4,4,0.00,59.06,0.00,SIN
2a06:98c1:3108:3a6e:9ac2:94f4:906b:673d,4,4,0.00,59.06,0.00,SIN
2a06:98c1:3106:6c:655f:147d:a839:e3a8,4,4,0.00,59.06,0.00,SIN
2a06:98c1:3100:e7:8597:109e:3d71:71cb,4,4,0.00,59.06,0.00,SIN
2a06:98c1:3106:6c:655f:147d:a844:bb46,4,4,0.00,59.06,0.00,SIN
2a06:98c1:310b:c4:7f0f:7d67:e554:26c7,4,4,0.00,59.06,0.00,SIN
2a06:98c1:310b:c4:7f0f:7dcf:6f6c:3e90,4,4,0.00,59.06,0.00,SIN
2a06:98c1:3107:0:524a:e3b7:2260:c510,4,4,0.00,59.06,0.00,SIN
2a06:98c1:50:6b31:c13e:d244:46dc:2808,4,4,0.00,59.06,0.00,SIN
2a06:98c1:50:6b31:c13e:d244:a4d9:252e,4,4,0.00,59.06,0.00,SIN
2400:cb00:2049:82:3cb6:3e22:a831:4c92,4,4,0.00,59.07,0.00,SIN
2400:cb00:2049:ab:1e85:de09:4ded:2835,4,4,0.00,59.07,0.00,SIN
2a06:98c1:50:74:4ed1:8bc:2589:71b9,4,4,0.00,59.07,0.00,SIN
2a06:98c1:310f::9fb7:1a90,4,4,0.00,59.07,0.00,SIN
2a06:98c1:3105:85a9:8619:7f74:8f8:f7d2,4,4,0.00,59.07,0.00,SIN
2a06:98c1:310e:c949:6c24:bdef:d05d:6085,4,4,0.00,59.07,0.00,SIN
2a06:98c1:3105:854d:432c:a0f6:f6ba:7118,4,4,0.00,59.07,0.00,SIN
2a06:98c1:3101:f322:cb25:f318:aa2e:114,4,4,0.00,59.07,0.00,SIN
2a06:98c1:3107:aee4:c3f3:e91:a5bc:e8ad,4,4,0.00,59.07,0.00,SIN
2a06:98c1:310c:5c:7e38:aad5:66cd:8036,4,4,0.00,59.07,0.00,SIN
2803:f800:51:676a:7d0b:9201:b923:69e9,4,4,0.00,59.07,0.00,SIN
2803:f800:50:85:28ac:a636:1ebe:d2b4,4,4,0.00,59.07,0.00,SIN
2a06:98c1:3107:0:7e64:8b3b:bf40:31a0,4,4,0.00,59.07,0.00,SIN
2a06:98c1:310e:b8:e9a1:bf4b:c2f1:666e,4,4,0.00,59.07,0.00,SIN
2a06:98c1:50:fd1d:4c41:1f2f:f6d5:cdd,4,4,0.00,59.07,0.00,SIN
2a06:98c1:3103:9715:1212:ef64:ff56:ad15,4,4,0.00,59.07,0.00,SIN
2a06:98c1:310c:14:4a8e:e653:ab56:65f5,4,4,0.00,59.07,0.00,SIN
2a06:98c1:3107:ae51:1377:1ce3:ccbc:29b9,4,4,0.00,59.07,0.00,SIN
2a06:98c1:50:6b76:649c:a442:fd6:2d07,4,4,0.00,59.07,0.00,SIN
2a06:98c1:3108::79a7,4,4,0.00,59.08,0.00,SIN
2a06:98c1:3106:ca:5f84:77e3:cbef:add7,4,4,0.00,59.08,0.00,SIN
2a06:98c1:3109::8:b9b2,4,4,0.00,59.08,0.00,SIN
2a06:98c1:3108:759c:e0e8:cf65:f3c:e825,4,4,0.00,59.08,0.00,SIN
2a06:98c1:3100:3525:bafc:a7f6:498c:f7c0,4,4,0.00,59.08,0.00,SIN
2a06:98c1:3108:3a6e:9ac2:94f4:9024:816,4,4,0.00,59.08,0.00,SIN
2a06:98c1:310c:eb:df51:a1e6:302e:c068,4,4,0.00,59.08,0.00,SIN
2a06:98c1:3107:aee4:c37e:1574:174b:6860,4,4,0.00,59.08,0.00,SIN
2a06:98c1:3108:6a:b7e3:2aa0:42bf:1189,4,4,0.00,59.08,0.00,SIN
2a06:98c1:50:6b31:c13e:1f65:a5fb:4781,4,4,0.00,59.08,0.00,SIN
2a06:98c1:310b:6c:bd54:f4a3:8bbe:ea09,4,4,0.00,59.08,0.00,SIN
2a06:98c1:3103:9728:ba04:416b:bedf:8a2d,4,4,0.00,59.08,0.00,SIN
2a06:98c1:310a:17:b383:b64f:baf7:f66e,4,4,0.00,59.08,0.00,SIN
2a06:98c1:3109:8481:5f9f:d594:55b5:133c,4,4,0.00,59.08,0.00,SIN
2a06:98c1:3107:aee4:4f1e:bc5e:5eaa:2652,4,4,0.00,59.08,0.00,SIN
2a06:98c1:310b:f3:6682:dda:733b:e1d4,4,4,0.00,59.09,0.00,SIN
2a06:98c1:50:4f1e:a4a0:44cf:95ee:7da8,4,4,0.00,59.09,0.00,SIN
2400:cb00:2049:b2a5:f4a0:cb8:c65a:2a1b,4,4,0.00,59.09,0.00,SIN
2a06:98c1:3102:4e68:6033:81a3:e2d7:5432,4,4,0.00,59.09,0.00,SIN
2a06:98c1:3102:4e68:6033:81a3:8a94:882e,4,4,0.00,59.09,0.00,SIN
2a06:98c1:51:aece:fdcf:f8d0:92c9:fb8f,4,4,0.00,59.09,0.00,SIN
2a06:98c1:51:aece:fdcf:f84a:c718:63f9,4,4,0.00,59.09,0.00,SIN
2a06:98c1:3104:8b:81e2:515c:4e69:34ea,4,4,0.00,59.09,0.00,SIN
2a06:98c1:3100:3525:6fa9:f073:fa05:4cae,4,4,0.00,59.09,0.00,SIN
2a06:98c1:310e:0:fafc:ce8a:8336:35ec,4,4,0.00,59.09,0.00,SIN
2a06:98c1:310c:f49c:7120:3797:3ea7:797a,4,4,0.00,59.09,0.00,SIN
2a06:98c1:3109:84ab:6179:1d3e:c328:e126,4,4,0.00,59.09,0.00,SIN
2a06:98c1:3107:aee4:c37e:150d:f1c1:dea1,4,4,0.00,59.09,0.00,SIN
2a06:98c1:310c:14:ee71:136:3437:7111,4,4,0.00,59.09,0.00,SIN
2a06:98c1:3100:e7:ce3b:a3cf:a000:4e79,4,4,0.00,59.09,0.00,SIN
2a06:98c1:50:fd1d:4d65:2cbb:bf02:12be,4,4,0.00,59.09,0.00,SIN
2803:f800:50:f049:b256:e85d:43f9:b6e7,4,4,0.00,59.09,0.00,SIN
2803:f800:51:73fa:a342:95e9:b7b:8bf2,4,4,0.00,59.09,0.00,SIN
2a06:98c1:310e:c8:84d9:35fd:7a1e:8ee7,4,4,0.00,59.09,0.00,SIN
2a06:98c1:310e:c98d:3c11:adce:1bc8:f42f,4,4,0.00,59.09,0.00,SIN
2a06:98c1:3106::afde:512d:d7eb,4,4,0.00,59.10,0.00,SIN
2a06:98c1:310b:f3:d05e:55e4:e30d:382c,4,4,0.00,59.10,0.00,SIN
2a06:98c1:50:fdfe:99c:803c:5477:25a6,4,4,0.00,59.10,0.00,SIN
2a06:98c1:3105:0:3a:d0b7:4707:1d4a,4,4,0.00,59.10,0.00,SIN
2a06:98c1:3100:3525:6f42:a173:ac36:c4d4,4,4,0.00,59.10,0.00,SIN
2400:cb00:2049:ab:1e85:f39a:f67:d835,4,4,0.00,59.10,0.00,SIN
2a06:98c1:310e::45:b4db:fc78,4,4,0.00,59.10,0.00,SIN
2400:cb00:2049:29e6:f2be:b6e6:8e0f:4299,4,4,0.00,59.10,0.00,SIN
2a06:98c1:3104:f9:af33:3371:cd88:9bf7,4,4,0.00,59.10,0.00,SIN
2a06:98c1:3107:0:7edf:bf41:7c3f:9bf9,4,4,0.00,59.10,0.00,SIN
2a06:98c1:3100:e7:ce3b:a3cb:76b:6f1e,4,4,0.00,59.10,0.00,SIN
2a06:98c1:3108:3a23:83e0:b045:72d3:3455,4,4,0.00,59.10,0.00,SIN
2a06:98c1:3100:7d1b:1b81:31b4:c892:1cdd,4,4,0.00,59.10,0.00,SIN
2a06:98c1:3100:7d1b:8653:d0fc:4829:e7c0,4,4,0.00,59.10,0.00,SIN
2a06:98c1:3109:0:1c91:603e:dbdb:bdba,4,4,0.00,59.10,0.00,SIN
2a06:98c1:3106::616c:f1de,4,4,0.00,59.10,0.00,SIN
2a06:98c1:3107:0:83:4c73:a996:163,4,4,0.00,59.10,0.00,SIN
2803:f800:50:f049:b256:d977:e197:7efa,4,4,0.00,59.10,0.00,SIN
2a06:98c1:310b:0:c0fa:44cc:9b13:e6,4,4,0.00,59.10,0.00,SIN
2a06:98c1:3103:9728:f443:70ab:f8f3:bcd1,4,4,0.00,59.11,0.00,SIN
2a06:98c1:3106:ca:5f84:77e3:6590:f313,4,4,0.00,59.11,0.00,SIN
2a06:98c1:310d:f04e:a536:8391:dfea:7ac6,4,4,0.00,59.11,0.00,SIN
2803:f800:51:d3:62bb:1df8:4529:66d8,4,4,0.00,59.11,0.00,SIN
2a06:98c1:3100:e7:ce47:8648:3ddb:1ad9,4,4,0.00,59.11,0.00,SIN
2a06:98c1:3105:85a9:8619:7f74:8b0:3f47,4,4,0.00,59.11,0.00,SIN
2a06:98c1:50:4f1e:20be:adba:8e7:df43,4,4,0.00,59.11,0.00,SIN
2a06:98c1:3108:0:4f76:dea0:124e:2b83,4,4,0.00,59.11,0.00,SIN
2a06:98c1:3108:0:f9c7:497a:5516:9716,4,4,0.00,59.11,0.00,SIN
2a06:98c1:3102:ee60:1104:6ee1:70e:205f,4,4,0.00,59.11,0.00,SIN
2803:f800:51:73fa:bf17:7255:55e0:fcdc,4,4,0.00,59.11,0.00,SIN
2a06:98c1:50:74:9d4b:25fc:10f6:9a65,4,4,0.00,59.12,0.00,SIN
2a06:98c1:310c:eb:df51:35c5:a3a0:8fe9,4,4,0.00,59.12,0.00,SIN
2a06:98c1:51:ae55:2d83:8e75:374d:cc09,4,4,0.00,59.12,0.00,SIN
2803:f800:51:731b:a962:32b3:2e2b:eef8,4,4,0.00,59.12,0.00,SIN
2a06:98c1:3102:ee60:d0a9:9658:d882:c9f2,4,4,0.00,59.12,0.00,SIN
2a06:98c1:310d:0:b4:6ecf:e4d1:9f6d,4,4,0.00,59.12,0.00,SIN
2a06:98c1:3101:f322:cb99:4626:247c:5e80,4,4,0.00,59.12,0.00,SIN
2a06:98c1:310c:5c:7e38:aa74:51a:4f04,4,4,0.00,59.12,0.00,SIN
2a06:98c1:3104:8b:810b:9c06:edf1:446d,4,4,0.00,59.12,0.00,SIN
2a06:98c1:310f:fa9f:7c29:b85b:1031:4bf9,4,4,0.00,59.12,0.00,SIN
2a06:98c1:3104:64:ca50:b436:654a:13e,4,4,0.00,59.12,0.00,SIN
2a06:98c1:3107:ae97:429e:4f39:81f0:1659,4,4,0.00,59.12,0.00,SIN
2a06:98c1:50:6b31:c8aa:5156:92b2:8e4d,4,4,0.00,59.12,0.00,SIN
2a06:98c1:310e:c949:c27:3af0:f6ad:13d0,4,4,0.00,59.12,0.00,SIN
2a06:98c1:3107:b7b8:a0b9:19d2:4896:5439,4,4,0.00,59.12,0.00,SIN
2a06:98c1:3104:64:caa1:8405:df35:e591,4,4,0.00,59.12,0.00,SIN
2400:cb00:2049:29e6:f2be:b26d:d8f1:99f,4,4,0.00,59.12,0.00,SIN
2a06:98c1:3103:18fc:3e2e:2bf1:983b:ab4a,4,4,0.00,59.12,0.00,SIN
2a06:98c1:3106:ca:1748:f8ea:b80a:98e,4,4,0.00,59.12,0.00,SIN
2a06:98c1:3104:ce0b:a2ac:8e8e:2254:28ad,4,4,0.00,59.12,0.00,SIN
2a06:98c1:3101:f38f:88d2:bfaa:dcb3:d093,4,4,0.00,59.13,0.00,SIN
2a06:98c1:3103:f1:8755:1a26:9edd:276,4,4,0.00,59.13,0.00,SIN
2a06:98c1:3100:7ded:aa50:3a49:97ec:952b,4,4,0.00,59.13,0.00,SIN
2a06:98c1:3102:ee60:d0a9:9611:68c8:9e7e,4,4,0.00,59.13,0.00,SIN
2a06:98c1:3102:ee60:d0a9:8d93:4526:903e,4,4,0.00,59.13,0.00,SIN
2a06:98c1:3104:de5f:5f42:15b6:f5fd:b9bc,4,4,0.00,59.13,0.00,SIN
2a06:98c1:50:fd1d:4c41:cad9:2b4c:c5f3,4,4,0.00,59.13,0.00,SIN
2a06:98c1:310d:f0c3:ad7d:ba61:9eee:443,4,4,0.00,59.13,0.00,SIN
2803:f800:50:f049:b256:22be:e329:da17,4,4,0.00,59.13,0.00,SIN
2a06:98c1:3104:de5f:5fdb:ecf6:7996:8408,4,4,0.00,59.13,0.00,SIN
2a06:98c1:3105:0:533f:d37:c25b:48b7,4,4,0.00,59.13,0.00,SIN
2803:f800:50:f049:b339:1002:7372:15e6,4,4,0.00,59.14,0.00,SIN
2a06:98c1:3101:3c35:1635:648b:85a3:a04,4,4,0.00,59.14,0.00,SIN
2a06:98c1:3105:8523:aafb:4f9e:6b3e:acf9,4,4,0.00,59.14,0.00,SIN
2a06:98c1:3100:3525:ba2b:8013:e19a:2aca,4,4,0.00,59.14,0.00,SIN
2803:f800:50::9253:e150,4,4,0.00,59.14,0.00,SIN
2803:f800:51:67e1:5abc:1c48:6eb:1180,4,4,0.00,59.14,0.00,SIN
2a06:98c1:3103:e5b4:ffd0:3887:895f:8df,4,4,0.00,59.14,0.00,SIN
2a06:98c1:3103:e5b4:ffd0:3887:893a:1337,4,4,0.00,59.14,0.00,SIN
2a06:98c1:310c:5c:326e:19df:b206:4dbb,4,4,0.00,59.14,0.00,SIN
2a06:98c1:51:0:c5:9f09:7aae:ca99,4,4,0.00,59.14,0.00,SIN
2400:cb00:2049:2929:4609:525e:f220:f47c,4,4,0.00,59.14,0.00,SIN
2a06:98c1:310c:f49c:7120:34f8:9619:f06c,4,4,0.00,59.14,0.00,SIN
2400:cb00:2049::e600:3888:f6b8,4,4,0.00,59.14,0.00,SIN
2a06:98c1:310a::72:d5fa,4,4,0.00,59.14,0.00,SIN
2400:cb00:2049:0:c2:f633:8958:d6d6,4,4,0.00,59.14,0.00,SIN
2a06:98c1:310e:883d:c912:ddac:535e:4495,4,4,0.00,59.14,0.00,SIN
2a06:98c1:3103:e577:39a2:5020:f30b:ad4b,4,4,0.00,59.15,0.00,SIN
2a06:98c1:3101:0:bcad:4621:460c:a286,4,4,0.00,59.15,0.00,SIN
2a06:98c1:3105:85a9:86be:7220:41f5:c905,4,4,0.00,59.15,0.00,SIN
2a06:98c1:3105:85a9:86be:7220:4100:700d,4,4,0.00,59.15,0.00,SIN
2a06:98c1:3105:85a9:8629:a01c:444f:9b8,4,4,0.00,59.15,0.00,SIN
2400:cb00:2049:29e6:f2be:b65b:8ff0:98ae,4,4,0.00,59.15,0.00,SIN
2803:f800:51:d3:62bb:1d8d:c94c:350c,4,4,0.00,59.15,0.00,SIN
2a06:98c1:3103:18fc:3ee0:56f9:7e14:95e0,4,4,0.00,59.15,0.00,SIN
2a06:98c1:310a:17:1ad8:1f55:910a:f0dc,4,4,0.00,59.15,0.00,SIN
2a06:98c1:3101:f322:cb99:2e8d:6403:233b,4,4,0.00,59.15,0.00,SIN
2a06:98c1:310b:0:77:9840:774e:37dd,4,4,0.00,59.15,0.00,SIN
2a06:98c1:3106:8688:7a:e6c1:8cf2:e204,4,4,0.00,59.15,0.00,SIN
2a06:98c1:3102:ee60:d044:7567:61e8:e317,4,4,0.00,59.15,0.00,SIN
2a06:98c1:310b:0:3607:7866:614d:2dc8,4,4,0.00,59.15,0.00,SIN
2a06:98c1:3103:e577:3997:9fa5:121c:72fd,4,4,0.00,59.15,0.00,SIN
2a06:98c1:3103:9715:1281:8b8f:44e7:354c,4,4,0.00,59.15,0.00,SIN
2a06:98c1:51:7b:55d8:7f47:603b:62d3,4,4,0.00,59.15,0.00,SIN
2a06:98c1:50:0:c5:31d4:42c4:597e,4,4,0.00,59.15,0.00,SIN
2a06:98c1:3106:8688:f6af:c33b:9b49:f75d,4,4,0.00,59.15,0.00,SIN
2a06:98c1:3104:f9:af33:6e37:df09:b0f,4,4,0.00,59.15,0.00,SIN
2a06:98c1:310a:17:1a6b:4aa2:3bae:c6c1,4,4,0.00,59.15,0.00,SIN
2a06:98c1:310c:f49c:71fc:e0d8:bda:7f85,4,4,0.00,59.15,0.00,SIN
2a06:98c1:3101:f322:d27:8944:89ae:57,4,4,0.00,59.15,0.00,SIN
2a06:98c1:3100:7d1b:1b81:8b3a:85cf:508e,4,4,0.00,59.16,0.00,SIN
2a06:98c1:50:4f1e:20c8:8970:b37b:e170,4,4,0.00,59.16,0.00,SIN
2a06:98c1:3105:0:53ff:1630:b2b:9fd4,4,4,0.00,59.16,0.00,SIN
2400:cb00:2049:0:4bb4:c154:456e:4871,4,4,0.00,59.16,0.00,SIN
2a06:98c1:3100:e7:ce3b:21ba:9c8b:19,4,4,0.00,59.16,0.00,SIN
2803:f800:51:0:3a:669c:4b1:18f5,4,4,0.00,59.16,0.00,SIN
2a06:98c1:3107:0:156f:edce:8b:d798,4,4,0.00,59.16,0.00,SIN
2a06:98c1:50:fd1d:4ce6:fed1:f34c:5ab8,4,4,0.00,59.16,0.00,SIN
2a06:98c1:310c:14:4a8e:683d:41e1:6476,4,4,0.00,59.16,0.00,SIN
2a06:98c1:310c:d4:94d9:32f0:42e6:b24d,4,4,0.00,59.16,0.00,SIN
2a06:98c1:310b::fd9d:ce01:a505,4,4,0.00,59.16,0.00,SIN
2803:f800:50::c8:2f6b:9d06,4,4,0.00,59.16,0.00,SIN
2a06:98c1:3103:b862:43f9:2e97:457b:f903,4,4,0.00,59.16,0.00,SIN
2a06:98c1:3106:8688:f6af:c3d7:10d:e3c8,4,4,0.00,59.17,0.00,SIN
2a06:98c1:310e:c8:5dc2:aec7:f891:f937,4,4,0.00,59.17,0.00,SIN
2a06:98c1:3103:9715:6361:ec8d:d0b3:7fe5,4,4,0.00,59.17,0.00,SIN
2a06:98c1:3106:0:98:7d6:6be8:ea5,4,4,0.00,59.17,0.00,SIN
2a06:98c1:3107:aee4:4f1e:bc5e:eb22:3dea,4,4,0.00,59.17,0.00,SIN
2400:cb00:2049::86:446d:10b1,4,4,0.00,59.17,0.00,SIN
2a06:98c1:3106:0:227b:60c8:3a13:a095,4,4,0.00,59.17,0.00,SIN
2a06:98c1:50:4fa8:58f3:f10f:f3e6:fb64,4,4,0.00,59.18,0.00,SIN
2a06:98c1:310c:f49c:71fc:e0d8:c6fe:10d8,4,4,0.00,59.18,0.00,SIN
2400:cb00:2049:b200:4824:aa5d:30b2:2f25,4,4,0.00,59.18,0.00,SIN
2803:f800:50:f049:2608:fdda:401f:21bb,4,4,0.00,59.18,0.00,SIN
2a06:98c1:310f:0:d503:b48c:bdf5:778b,4,4,0.00,59.18,0.00,SIN
2a06:98c1:310a:36:ecce:712:5d76:e858,4,4,0.00,59.18,0.00,SIN
2a06:98c1:3101:f322:d54:c880:2c7a:9748,4,4,0.00,59.18,0.00,SIN
2a06:98c1:3101:f322:d54:6af8:6be3:33be,4,4,0.00,59.18,0.00,SIN
2400:cb00:2049:b2a5:17fd:8131:a7e8:942e,4,4,0.00,59.18,0.00,SIN
2a06:98c1:50:0:913b:f265:8f91:d95a,4,4,0.00,59.18,0.00,SIN
2a06:98c1:310d:e8:5e6a:4875:5c05:ba9d,4,4,0.00,59.18,0.00,SIN
2a06:98c1:3107:90:17b7:889c:b423:dfa,4,4,0.00,59.18,0.00,SIN
2a06:98c1:310d:0:b4:28ca:44f0:5497,4,4,0.00,59.18,0.00,SIN
2a06:98c1:3104:de5f:5fdb:25af:72e7:2263,4,4,0.00,59.18,0.00,SIN
2a06:98c1:3100:7d14:9232:a358:c22c:d9fb,4,4,0.00,59.18,0.00,SIN
2a06:98c1:3108:0:4961:6426:21b5:67ce,4,4,0.00,59.18,0.00,SIN
2a06:98c1:3108:3a23:83e0:65b1:e9e9:b1c6,4,4,0.00,59.18,0.00,SIN
2a06:98c1:3108:3a23:83e0:65b1:5c33:cf25,4,4,0.00,59.18,0.00,SIN
2a06:98c1:310d:0:b4:6e10:c75c:5d9e,4,4,0.00,59.18,0.00,SIN
2400:cb00:2049:0:c2:4a:3eae:7121,4,4,0.00,59.19,0.00,SIN
2a06:98c1:3108:7568:417d:5a39:7e23:d3f7,4,4,0.00,59.19,0.00,SIN
2a06:98c1:310e:c8:efc5:25a8:9c7d:25ba,4,4,0.00,59.19,0.00,SIN
2a06:98c1:310b:f3:d06a:4ab2:50a9:de61,4,4,0.00,59.19,0.00,SIN
2a06:98c1:3105:85a9:8619:7f8f:5e35:4dc9,4,4,0.00,59.19,0.00,SIN
2a06:98c1:3101:f322:cb25:486d:ddf2:c1a1,4,4,0.00,59.19,0.00,SIN
2a06:98c1:310b:f3:d06a:e41d:5d6d:bc4c,4,4,0.00,59.19,0.00,SIN
2a06:98c1:3104:ce0b:a2ff:4288:14d3:dc2a,4,4,0.00,59.19,0.00,SIN
2803:f800:51:379b:e50c:a6f:b757:7edf,4,4,0.00,59.19,0.00,SIN
2a06:98c1:3106:ca:1748:a7f3:b605:6381,4,4,0.00,59.19,0.00,SIN
2a06:98c1:3102:ee60:d08d:b662:9dd7:557e,4,4,0.00,59.19,0.00,SIN
2a06:98c1:3107:ae51:1377:ec5b:7d8c:b150,4,4,0.00,59.19,0.00,SIN
2a06:98c1:310d:e8:5e6a:4875:5cb5:8a61,4,4,0.00,59.19,0.00,SIN
2a06:98c1:3107:b7b8:a0b9:e50b:739c:ca0c,4,4,0.00,59.19,0.00,SIN
2a06:98c1:3102:4e68:60d9:23a5:f8ed:30df,4,4,0.00,59.19,0.00,SIN
2a06:98c1:310c:14:ee71:1c4b:93cb:92af,4,4,0.00,59.19,0.00,SIN
2a06:98c1:50::db10:4e7e,4,4,0.00,59.20,0.00,SIN
2a06:98c1:310e:c9e4:2107:7a7b:869b:926b,4,4,0.00,59.20,0.00,SIN
2a06:98c1:310b:c4:7f0f:2ffc:5efe:6045,4,4,0.00,59.20,0.00,SIN
2a06:98c1:310b:c4:7f0f:7dcf:fe4a:9093,4,4,0.00,59.20,0.00,SIN
2a06:98c1:3100:e7:8597:101b:82c6:ec66,4,4,0.00,59.20,0.00,SIN
2a06:98c1:50:4f1e:20be:cef7:a978:70e3,4,4,0.00,59.20,0.00,SIN
2a06:98c1:310f:fa9f:7c29:e2b1:2fab:c9c9,4,4,0.00,59.20,0.00,SIN
2a06:98c1:3106:ca:5f84:ced9:beb6:fc0e,4,4,0.00,59.20,0.00,SIN
2a06:98c1:310a:36:414d:5efa:1fb2:3248,4,4,0.00,59.20,0.00,SIN
2a06:98c1:3100:e7:ce3b:8dc3:a49:9284,4,4,0.00,59.20,0.00,SIN
2a06:98c1:3103:b862:c39:62a0:5f87:5b01,4,4,0.00,59.20,0.00,SIN
2a06:98c1:3104:8b:810b:9cac:ced3:92aa,4,4,0.00,59.20,0.00,SIN
2a06:98c1:3103:c627:278b:fd:df77:f944,4,4,0.00,59.20,0.00,SIN
2a06:98c1:3103:c627:278b:4fda:c685:769a,4,4,0.00,59.20,0.00,SIN
2a06:98c1:51:7b:5592:b112:7076:fd8c,4,4,0.00,59.20,0.00,SIN
2a06:98c1:3102:ee60:d08d:b662:19fc:6095,4,4,0.00,59.20,0.00,SIN
2a06:98c1:3102:ee60:d08d:b662:19c0:34f4,4,4,0.00,59.20,0.00,SIN
2a06:98c1:3102:ee60:d08d:b662:191d:b6e0,4,4,0.00,59.20,0.00,SIN
2a06:98c1:310d:f04e:3b41:2620:8e2d:6207,4,4,0.00,59.20,0.00,SIN
2a06:98c1:3104:f9:af98:e796:e0ed:9767,4,4,0.00,59.20,0.00,SIN
2a06:98c1:310c:14:4ae8:a213:c2a2:f0ac,4,4,0.00,59.20,0.00,SIN
2803:f800:50:f049:b256:d94b:83ca:512f,4,4,0.00,59.21,0.00,SIN
2a06:98c1:3104:f9:2d16:22e1:1aec:9a54,4,4,0.00,59.21,0.00,SIN
2a06:98c1:3103:e577:343b:f6b8:57bd:878f,4,4,0.00,59.21,0.00,SIN
2a06:98c1:310a:0:ed:31a9:b857:e953,4,4,0.00,59.21,0.00,SIN
2a06:98c1:310b:0:77:9840:778c:f9d5,4,4,0.00,59.21,0.00,SIN
2a06:98c1:310c:14:4ae8:a2af:941b:865f,4,4,0.00,59.21,0.00,SIN
2400:cb00:2049:29e6:1c9b:53b1:972e:385b,4,4,0.00,59.21,0.00,SIN
2a06:98c1:3108::5978:8d55:2080,4,4,0.00,59.21,0.00,SIN
2a06:98c1:3104:8b:a44f:7b5a:235d:5bc,4,4,0.00,59.21,0.00,SIN
2a06:98c1:50:f:8cdb:1b65:c659:dd63,4,4,0.00,59.22,0.00,SIN
2400:cb00:2049::e600:18c1:d8ca,4,4,0.00,59.22,0.00,SIN
2400:cb00:2049:2929:4609:525e:f2e8:2638,4,4,0.00,59.22,0.00,SIN
2a06:98c1:51:ae55:2d83:1e5:7545:540c,4,4,0.00,59.22,0.00,SIN
2a06:98c1:3103:7d22:28f8:17b2:4abb:78ef,4,4,0.00,59.22,0.00,SIN
2a06:98c1:3108:0:4f76:db5d:eefb:4018,4,4,0.00,59.22,0.00,SIN
2a06:98c1:310a:8d:d456:ca6d:6842:8469,4,4,0.00,59.22,0.00,SIN
2a06:98c1:3105:0:533f:c61d:99f6:fb53,4,4,0.00,59.22,0.00,SIN
2a06:98c1:3103:c627:c644:f1fd:1ff1:4c57,4,4,0.00,59.22,0.00,SIN
2a06:98c1:3103:c627:c644:f1fd:1f2f:fe33,4,4,0.00,59.22,0.00,SIN
2a06:98c1:50:4fa8:58f3:7b45:1c51:351e,4,4,0.00,59.22,0.00,SIN
2803:f800:51:73fa:a342:12fc:22fc:baf5,4,4,0.00,59.22,0.00,SIN
2a06:98c1:3102:4e68:6033:81a3:dbe3:b549,4,4,0.00,59.22,0.00,SIN
2a06:98c1:310c:5c:7ede:6e7:b70c:27,4,4,0.00,59.22,0.00,SIN
2a06:98c1:50:fd1d:6e03:cccc:382b:8a99,4,4,0.00,59.22,0.00,SIN
2a06:98c1:3100:7d14:9232:983b:c02a:bae2,4,4,0.00,59.22,0.00,SIN
2a06:98c1:50:6b31:c8ea:14dd:9acd:ae78,4,4,0.00,59.22,0.00,SIN
2a06:98c1:310d:f04e:3bef:8e1e:28c6:33d7,4,4,0.00,59.22,0.00,SIN
2a06:98c1:3101::8f62:a25f:8c4f,4,4,0.00,59.22,0.00,SIN
2a06:98c1:3103:b862:c39:62a0:b13e:8ba4,4,4,0.00,59.23,0.00,SIN
2a06:98c1:50:0:c5:4aa:2b18:6659,4,4,0.00,59.23,0.00,SIN
2400:cb00:2049:ab:fd26:294:3f07:44d5,4,4,0.00,59.23,0.00,SIN
2a06:98c1:3101:f322:e9db:c7c5:6088:4442,4,4,0.00,59.23,0.00,SIN
2a06:98c1:3103:9728:bac7:bd71:cebe:79f7,4,4,0.00,59.23,0.00,SIN
2a06:98c1:3100:7d1b:8653:d0fc:650:ef51,4,4,0.00,59.23,0.00,SIN
2a06:98c1:3100:e7:85ee:5a20:45fd:82aa,4,4,0.00,59.23,0.00,SIN
2a06:98c1:51:7b:557f:b2c1:6fe0:7ec0,4,4,0.00,59.23,0.00,SIN
2a06:98c1:310d:0:c94:42bc:54c0:bbca,4,4,0.00,59.23,0.00,SIN
2a06:98c1:310e:c9e4:3469:9bd7:16e6:e6a2,4,4,0.00,59.23,0.00,SIN
2803:f800:50:0:e77b:b538:bb05:b49e,4,4,0.00,59.23,0.00,SIN
2a06:98c1:310f:0:d9:6b76:4a02:f3d5,4,4,0.00,59.23,0.00,SIN
2a06:98c1:310b:0:c00a:962b:5a96:bc13,4,4,0.00,59.23,0.00,SIN
2a06:98c1:3101:f3af:ed6e:2e38:c3a:eedc,4,4,0.00,59.24,0.00,SIN
2400:cb00:2049:b2a5:f128:9ddc:fd83:796f,4,4,0.00,59.24,0.00,SIN
2a06:98c1:3103:e5b4:ff7b:1332:d345:ef6a,4,4,0.00,59.24,0.00,SIN
2a06:98c1:3100:e7:ce47:7506:a08a:5816,4,4,0.00,59.24,0.00,SIN
2a06:98c1:310b:0:c0fa:44cc:8710:e127,4,4,0.00,59.24,0.00,SIN
2400:cb00:2049:b2a5:f4a0:c70:d682:9fe0,4,4,0.00,59.24,0.00,SIN
2a06:98c1:310c:ed:b24a:efe2:ffc0:ef18,4,4,0.00,59.24,0.00,SIN
2803:f800:51::5b:a6c7:6bc0,4,4,0.00,59.24,0.00,SIN
2a06:98c1:310d:f04e:d8a5:cbbf:bd61:681a,4,4,0.00,59.24,0.00,SIN
2a06:98c1:3100:7d1b:8653:3085:7c47:a501,4,4,0.00,59.24,0.00,SIN
2a06:98c1:3105:85a9:8619:c40f:1553:b226,4,4,0.00,59.25,0.00,SIN
2a06:98c1:3101:0:bcad:cac3:c0f9:7bc1,4,4,0.00,59.25,0.00,SIN
2400:cb00:2049:29e6:f2be:c0b6:942c:e191,4,4,0.00,59.25,0.00,SIN
2a06:98c1:3103:7d22:cecd:f3df:507b:110f,4,4,0.00,59.25,0.00,SIN
2a06:98c1:3103:7d22:cecd:f3df:ef18:6e0d,4,4,0.00,59.25,0.00,SIN
2a06:98c1:3101:f322:e9db:20c3:b49b:208,4,4,0.00,59.25,0.00,SIN
2a06:98c1:50:0:b0a5:511c:5b0a:46d1,4,4,0.00,59.25,0.00,SIN
2803:f800:51:0:8034:b4d7:ee18:2dbf,4,4,0.00,59.25,0.00,SIN
2a06:98c1:310d:0:b4:31f2:69a8:a800,4,4,0.00,59.25,0.00,SIN
2a06:98c1:3105::9fc2:5466:41eb,4,4,0.00,59.25,0.00,SIN
2a06:98c1:3105:0:53ff:e43b:697c:a252,4,4,0.00,59.25,0.00,SIN
2a06:98c1:310d:f04e:d8a5:cbbf:37a:2cc6,4,4,0.00,59.25,0.00,SIN
2a06:98c1:3100:e7:ce3b:2169:99f8:d89a,4,4,0.00,59.25,0.00,SIN
2a06:98c1:3105:85a9:8619:34ac:8435:1b22,4,4,0.00,59.26,0.00,SIN
2a06:98c1:310a:36:c2f5:2bbc:ec12:3ba2,4,4,0.00,59.26,0.00,SIN
2a06:98c1:3103:c627:278b:ca45:966d:1f4c,4,4,0.00,59.26,0.00,SIN
2a06:98c1:3104:0:b63e:5cfe:6523:1180,4,4,0.00,59.26,0.00,SIN
2a06:98c1:3104:0:b63e:a8fd:7f00:4b26,4,4,0.00,59.26,0.00,SIN
2a06:98c1:310c:5c:7e38:bd99:24f9:b511,4,4,0.00,59.26,0.00,SIN
2a06:98c1:3101:f322:d27:8944:89ab:c4f1,4,4,0.00,59.26,0.00,SIN
2a06:98c1:3105:0:533f:a2a4:f60c:9917,4,4,0.00,59.26,0.00,SIN
2a06:98c1:3103:9715:1212:6842:a061:de89,4,4,0.00,59.26,0.00,SIN
2a06:98c1:50:4f1e:205c:b99f:26a6:1cd,4,4,0.00,59.26,0.00,SIN
2a06:98c1:310a:36:c28f:42c9:fd17:f624,4,4,0.00,59.26,0.00,SIN
2a06:98c1:3107:0:2e:6135:5704:2a27,4,4,0.00,59.26,0.00,SIN
2a06:98c1:51:0:c5:9fb0:aa84:b5b0,4,4,0.00,59.26,0.00,SIN
2a06:98c1:3103::cc4e:9f0f:c937,4,4,0.00,59.26,0.00,SIN
2a06:98c1:3100:3525:ba13:6fea:7bb2:86c8,4,4,0.00,59.26,0.00,SIN
2a06:98c1:3103:9715:6361:a4c8:ebcb:942a,4,4,0.00,59.26,0.00,SIN
2a06:98c1:310d::e13e:99da:816d,4,4,0.00,59.26,0.00,SIN
2a06:98c1:50:4fa8:58f3:f177:249f:a745,4,4,0.00,59.27,0.00,SIN
2a06:98c1:51:0:c5:aa25:7a23:cd4a,4,4,0.00,59.27,0.00,SIN
2a06:98c1:3103:0:c0df:98c0:399b:56d,4,4,0.00,59.27,0.00,SIN
2a06:98c1:310d:0:b4:8a2f:75cb:f5b2,4,4,0.00,59.27,0.00,SIN
2a06:98c1:3102:ee60:1104:6ee1:734:5ba4,4,4,0.00,59.27,0.00,SIN
2a06:98c1:51:ae55:a453:aa17:10b0:4181,4,4,0.00,59.27,0.00,SIN
2803:f800:50:f049:2608:7275:b17a:57c1,4,4,0.00,59.27,0.00,SIN
2a06:98c1:3102:ee60:11f6:1b9b:24a:fc4f,4,4,0.00,59.27,0.00,SIN
2803:f800:50:f049:b38a:520e:4ffe:a183,4,4,0.00,59.27,0.00,SIN
2a06:98c1:3103::fc1a:81b9:9cb1,4,4,0.00,59.27,0.00,SIN
2a06:98c1:3104:f9:af98:c62e:7ac2:759c,4,4,0.00,59.27,0.00,SIN
2a06:98c1:3104:8b:a44f:5a85:94aa:7704,4,4,0.00,59.27,0.00,SIN
2a06:98c1:310e:0:fa3c:58a8:8036:ca2e,4,4,0.00,59.27,0.00,SIN
2a06:98c1:50::e3:2cce:373d,4,4,0.00,59.27,0.00,SIN
2803:f800:50::5095:59b4,4,4,0.00,59.27,0.00,SIN
2a06:98c1:3107:0:2e:6193:d050:d55b,4,4,0.00,59.27,0.00,SIN
2a06:98c1:310d:f04e:3b65:1e25:ecbb:b783,4,4,0.00,59.28,0.00,SIN
2a06:98c1:3103:c627:c6c4:935e:d15d:d52f,4,4,0.00,59.28,0.00,SIN
2a06:98c1:51:ae55:2d58:6843:3a7f:482a,4,4,0.00,59.28,0.00,SIN
2a06:98c1:3103:9728:f42c:8b5f:157:6dc2,4,4,0.00,59.28,0.00,SIN
2a06:98c1:3104:de5f:5fdb:ecf6:7913:7911,4,4,0.00,59.28,0.00,SIN
2a06:98c1:310a::6791:b506:841,4,4,0.00,59.28,0.00,SIN
2a06:98c1:3107:aee4:c5bf:80ee:86a3:74bd,4,4,0.00,59.28,0.00,SIN
2a06:98c1:3101:0:c9:b1d3:77f2:1f20,4,4,0.00,59.28,0.00,SIN
2a06:98c1:3101:0:c9:b1d3:771b:6ee6,4,4,0.00,59.28,0.00,SIN
2a06:98c1:3103:e5b4:15d8:a887:ee66:d9d1,4,4,0.00,59.28,0.00,SIN
2a06:98c1:50:fd1d:4c41:ca09:bdf0:42e3,4,4,0.00,59.28,0.00,SIN
2a06:98c1:50:4fa8:58f3:f177:24a8:5e57,4,4,0.00,59.28,0.00,SIN
2a06:98c1:310a:17:1ad8:1f55:91d8:1d5,4,4,0.00,59.28,0.00,SIN
2a06:98c1:3105:85a9:8619:34dc:b1a8:5166,4,4,0.00,59.28,0.00,SIN
2a06:98c1:3100:7d14:9232:983b:e7c0:b0f2,4,4,0.00,59.28,0.00,SIN
2a06:98c1:3107:aee4:c3f3:93:a0ce:baab,4,4,0.00,59.28,0.00,SIN
2a06:98c1:310c::e0:74d7:7334,4,4,0.00,59.28,0.00,SIN
2a06:98c1:3104::d4ac:985f:5d5a,4,4,0.00,59.29,0.00,SIN
2a06:98c1:3105:85a9:86be:7220:d3c3:f39f,4,4,0.00,59.29,0.00,SIN
2a06:98c1:3105:85a9:8619:c452:aa07:c954,4,4,0.00,59.29,0.00,SIN
2a06:98c1:3107:0:7edf:27db:198f:b5c,4,4,0.00,59.29,0.00,SIN
2a06:98c1:310d:f04e:d852:356b:af5c:620d,4,4,0.00,59.29,0.00,SIN
2a06:98c1:3103:c627:2788:4337:3c32:779f,4,4,0.00,59.29,0.00,SIN
2a06:98c1:310f:0:d01d:103c:366d:3b,4,4,0.00,59.29,0.00,SIN
2a06:98c1:3100:0:a1:be9a:bb86:bfa1,4,4,0.00,59.29,0.00,SIN
2a06:98c1:310d:f04e:3b25:875c:f62b:802b,4,4,0.00,59.29,0.00,SIN
2a06:98c1:50:fd1d:6e98:9da0:aa48:26e2,4,4,0.00,59.29,0.00,SIN
2a06:98c1:50:0:913b:c0a:1ab7:75e,4,4,0.00,59.30,0.00,SIN
2a06:98c1:310c:14:ee71:1ceb:2ac7:1447,4,4,0.00,59.30,0.00,SIN
2a06:98c1:3102:ee60:d044:ca76:53dd:f07b,4,4,0.00,59.30,0.00,SIN
2a06:98c1:3107:b7b8:a0b9:5864:5cbc:9813,4,4,0.00,59.30,0.00,SIN
2a06:98c1:3106::afde:668d:99f2,4,4,0.00,59.30,0.00,SIN
2a06:98c1:310c:eb:4a53:4d45:fd4:76c9,4,4,0.00,59.30,0.00,SIN
2a06:98c1:310b:f3:6682:dda:73fe:5d93,4,4,0.00,59.30,0.00,SIN
2400:cb00:2049:29e6:1c93:a449:ba21:41e6,4,4,0.00,59.30,0.00,SIN
2400:cb00:2049:2929:9ec7:1435:89b9:914d,4,4,0.00,59.30,0.00,SIN
2a06:98c1:3107:0:1510:fcfe:66aa:f5d0,4,4,0.00,59.30,0.00,SIN
2a06:98c1:3107:0:156f:edce:d6e1:6da0,4,4,0.00,59.30,0.00,SIN
2a06:98c1:3109:e1:dbc7:aed6:e1ae:870a,4,4,0.00,59.30,0.00,SIN
2a06:98c1:3109:e1:dbc7:aebe:4b9f:892,4,4,0.00,59.30,0.00,SIN
2a06:98c1:3104::d4d7:611e:cdc7,4,4,0.00,59.30,0.00,SIN
2a06:98c1:310e:c949:cfa:c182:f5b2:d73,4,4,0.00,59.30,0.00,SIN
2a06:98c1:3105:854d:eede:e692:d2d2:961a,4,4,0.00,59.30,0.00,SIN
2a06:98c1:50:fd1d:4ce6:fed1:819a:8394,4,4,0.00,59.30,0.00,SIN
2a06:98c1:3106:0:2288:ea22:39b2:3460,4,4,0.00,59.31,0.00,SIN
2a06:98c1:310d:f04e:d852:74c3:50e2:46b3,4,4,0.00,59.31,0.00,SIN
2a06:98c1:310c:f49c:7120:d6e7:7f6b:510e,4,4,0.00,59.31,0.00,SIN
2a06:98c1:310b:c4:7fb6:5b6a:4b05:af08,4,4,0.00,59.31,0.00,SIN
2a06:98c1:310d:e8:5e6a:274f:6905:6969,4,4,0.00,59.31,0.00,SIN
2a06:98c1:3102:4e68:60d9:524a:d29d:3967,4,4,0.00,59.31,0.00,SIN
2a06:98c1:3103:e577:2f2e:28:7954:de23,4,4,0.00,59.31,0.00,SIN
2a06:98c1:3102:ee60:d08d:b61c:2fe3:fd84,4,4,0.00,59.31,0.00,SIN
2a06:98c1:3100:7ded:e0e1:8721:b7c5:14a3,4,4,0.00,59.31,0.00,SIN
2a06:98c1:3104:ce0b:d740:c200:6d1e:35f5,4,4,0.00,59.31,0.00,SIN
2a06:98c1:50:0:9164:9fd6:ea03:d96f,4,4,0.00,59.31,0.00,SIN
2a06:98c1:3101:f3af:ed6e:be9:9307:8372,4,4,0.00,59.31,0.00,SIN
2a06:98c1:310b:f3:d05e:b463:7368:887,4,4,0.00,59.31,0.00,SIN
2a06:98c1:3106:8688:f648:e977:5de1:b856,4,4,0.00,59.31,0.00,SIN
2a06:98c1:3108:7568:41cb:6c92:3d36:5274,4,4,0.00,59.31,0.00,SIN
2a06:98c1:310c:5c:7ede:c435:48ae:ed7a,4,4,0.00,59.32,0.00,SIN
2a06:98c1:3104:de5f:fdd4:dc81:9b23:b4e1,4,4,0.00,59.32,0.00,SIN
2a06:98c1:310e:b8:e9a1:bf4b:c2a6:6814,4,4,0.00,59.32,0.00,SIN
2a06:98c1:3104:f9:af33:8e:8a0f:a068,4,4,0.00,59.32,0.00,SIN
2a06:98c1:310e:0:e2:581e:8e5b:48f,4,4,0.00,59.32,0.00,SIN
2a06:98c1:3106:ca:1748:a731:86ab:9945,4,4,0.00,59.32,0.00,SIN
2a06:98c1:3106:ca:1748:6f4a:f1ae:5484,4,4,0.00,59.32,0.00,SIN
2a06:98c1:3106:ca:1748:a7f3:668a:ad6d,4,4,0.00,59.32,0.00,SIN
2a06:98c1:50:4f1e:20be:cef7:a9bd:20d,4,4,0.00,59.32,0.00,SIN
2a06:98c1:51:ae55:a472:8ad9:7e68:a822,4,4,0.00,59.33,0.00,SIN
2a06:98c1:3107:ae51:4248:9573:2a4e:8dee,4,4,0.00,59.33,0.00,SIN
2a06:98c1:3107:aee4:c3f3:71:906:37fe,4,4,0.00,59.33,0.00,SIN
2a06:98c1:50:0:b0a5:2568:a89a:fcb3,4,4,0.00,59.33,0.00,SIN
2a06:98c1:3103:9715:120b:5fa5:c5b1:8381,4,4,0.00,59.33,0.00,SIN
2a06:98c1:310d:0:b4:3123:86cb:1ca0,4,4,0.00,59.33,0.00,SIN
2a06:98c1:51:7b:557f:b20f:70b8:5a64,4,4,0.00,59.33,0.00,SIN
2803:f800:51:0:8823:1d6:53fd:e38d,4,4,0.00,59.34,0.00,SIN
2a06:98c1:3103:f1:bbb0:15d3:3c0:427f,4,4,0.00,59.34,0.00,SIN
2a06:98c1:3107:0:7e64:8b3b:686f:5d40,4,4,0.00,59.34,0.00,SIN
2a06:98c1:3103:e5b4:ff7b:13df:963e:b504,4,4,0.00,59.34,0.00,SIN
2a06:98c1:310b:c4:7f0f:7dcf:ec2:5adf,4,4,0.00,59.34,0.00,SIN
2a06:98c1:50:74:9d4b:25b5:e28b:7c55,4,4,0.00,59.34,0.00,SIN
2a06:98c1:50:fd1d:6e03:cccc:1eb9:bbec,4,4,0.00,59.34,0.00,SIN
2a06:98c1:50:fd1d:6e03:cc22:41cd:352c,4,4,0.00,59.34,0.00,SIN
2a06:98c1:310c:f49c:7120:e5b2:c0da:ce57,4,4,0.00,59.34,0.00,SIN
2a06:98c1:3102:0:f1ca:1263:5bd6:af48,4,4,0.00,59.34,0.00,SIN
2a06:98c1:3104:64:ca50:b47a:8521:8e7c,4,4,0.00,59.34,0.00,SIN
2a06:98c1:50:f:8cdb:1bee:6a48:d845,4,4,0.00,59.35,0.00,SIN
2803:f800:50:f049:b339:935d:c343:1c16,4,4,0.00,59.35,0.00,SIN
2a06:98c1:3105:854d:ee44:953a:6150:fa99,4,4,0.00,59.35,0.00,SIN
2400:cb00:2049:29e6:1c9b:9e57:4710:89a8,4,4,0.00,59.35,0.00,SIN
2a06:98c1:310b:c8:74b4:1608:d6db:9565,4,4,0.00,59.35,0.00,SIN
2a06:98c1:310b::de:8239:dd32,4,4,0.00,59.35,0.00,SIN
2400:cb00:2049:29e6:f2be:c0b6:e956:d7b6,4,4,0.00,59.35,0.00,SIN
2a06:98c1:310e:c9e4:3469:9b61:f38e:e405,4,4,0.00,59.35,0.00,SIN
2a06:98c1:310f:0:d5f2:7abe:d535:d704,4,4,0.00,59.35,0.00,SIN
2a06:98c1:310f:0:69ac:a211:7c16:d058,4,4,0.00,59.35,0.00,SIN
2a06:98c1:3108:6a:b7e3:fa30:b64c:753d,4,4,0.00,59.35,0.00,SIN
2a06:98c1:3101:0:319d:2910:620a:1eaf,4,4,0.00,59.35,0.00,SIN
2a06:98c1:3107::2514:7f48:42a2,4,4,0.00,59.35,0.00,SIN
2a06:98c1:50:d5:5928:459:cb9b:f4bb,4,4,0.00,59.35,0.00,SIN
2a06:98c1:3108::9cba:5f56:1fc9,4,4,0.00,59.36,0.00,SIN
2a06:98c1:3107:ae97:429e:4f78:c9e0:8e80,4,4,0.00,59.36,0.00,SIN
2a06:98c1:3106:6c:655f:147d:a8ed:c3c0,4,4,0.00,59.36,0.00,SIN
2a06:98c1:3103:7d40:b43e:a608:492a:1d20,4,4,0.00,59.36,0.00,SIN
2a06:98c1:3108:759c:3a94:1754:91e3:2e4d,4,4,0.00,59.36,0.00,SIN
2803:f800:51:676a:7da3:4b9b:8527:c2e0,4,4,0.00,59.36,0.00,SIN
2a06:98c1:3101:f322:e902:9061:c37a:9e1d,4,4,0.00,59.36,0.00,SIN
2a06:98c1:3103:b862:43f9:7181:809f:99de,4,4,0.00,59.36,0.00,SIN
2a06:98c1:310b:f3:ddff:507a:3767:2ec9,4,4,0.00,59.36,0.00,SIN
2a06:98c1:310b:f3:ddff:507a:2ca:dfe7,4,4,0.00,59.36,0.00,SIN
2a06:98c1:3109:8481:c30d:a331:398f:6480,4,4,0.00,59.36,0.00,SIN
2a06:98c1:3109:84ab:6179:daf1:a849:6343,4,4,0.00,59.36,0.00,SIN
2a06:98c1:3108:0:4f48:1fac:1802:f2b0,4,4,0.00,59.36,0.00,SIN
2803:f800:50:0:e77b:5193:e46c:ace9,4,4,0.00,59.36,0.00,SIN
2803:f800:50:0:e77b:5193:e4fc:2e7b,4,4,0.00,59.36,0.00,SIN
2a06:98c1:310e:c949:6c24:e85c:a4e:dbb,4,4,0.00,59.36,0.00,SIN
2a06:98c1:310c:14:ee71:136:3447:2d33,4,4,0.00,59.37,0.00,SIN
2a06:98c1:51::fe:1494:9031,4,4,0.00,59.37,0.00,SIN
2a06:98c1:3101:f322:cb6d:c8b1:2b87:284a,4,4,0.00,59.37,0.00,SIN
2a06:98c1:3103:e577:343b:1be3:430d:5aaf,4,4,0.00,59.37,0.00,SIN
2a06:98c1:51:ae55:2d58:6843:2ad0:a753,4,4,0.00,59.37,0.00,SIN
2a06:98c1:50:0:bcf0:6939:928:cd50,4,4,0.00,59.37,0.00,SIN
2803:f800:50:f049:b25c:894c:f38:7aa,4,4,0.00,59.37,0.00,SIN
2400:cb00:2049:ab:fd26:2c6:124c:573f,4,4,0.00,59.37,0.00,SIN
2a06:98c1:3109:8481:5f9f:d578:e4b:316a,4,4,0.00,59.37,0.00,SIN
2a06:98c1:3100:3525:6fa9:f01e:e617:41c2,4,4,0.00,59.37,0.00,SIN
2803:f800:51:676a:7da3:29e:48b:8309,4,4,0.00,59.37,0.00,SIN
2a06:98c1:3100:3525:6fa9:f01e:8234:1242,4,4,0.00,59.37,0.00,SIN
2a06:98c1:310d:f04e:fb9e:84cd:5cec:13de,4,4,0.00,59.37,0.00,SIN
2a06:98c1:310c:ed:b2aa:4f10:a587:7a67,4,4,0.00,59.37,0.00,SIN
2a06:98c1:310d:e8:5e5b:dc2c:36b1:508c,4,4,0.00,59.37,0.00,SIN
2a06:98c1:3101:f3af:ed6e:b6e:a193:1cc,4,4,0.00,59.37,0.00,SIN
2a06:98c1:310c:14:1cfb:295b:4b77:183,4,4,0.00,59.38,0.00,SIN
2803:f800:51:731b:a962:b663:7ce4:222b,4,4,0.00,59.38,0.00,SIN
2a06:98c1:3105:0:533f:d92:b3a8:9c4,4,4,0.00,59.38,0.00,SIN
2a06:98c1:310b:c8:74b4:1608:a62:de4f,4,4,0.00,59.38,0.00,SIN
2400:cb00:2049:0:4bb4:1e1d:8e7e:c222,4,4,0.00,59.38,0.00,SIN
2a06:98c1:3105:0:53ff:1630:a130:1644,4,4,0.00,59.38,0.00,SIN
2a06:98c1:3104:cef7:cd54:4807:5d0f:7b25,4,4,0.00,59.38,0.00,SIN
2a06:98c1:50:0:bcf0:e33c:e88e:b7b6,4,4,0.00,59.38,0.00,SIN
2a06:98c1:3102:4e68:6d7e:fbfd:c4e4:6429,4,4,0.00,59.38,0.00,SIN
2a06:98c1:3103:f1:bbb0:7a4f:e430:3c87,4,4,0.00,59.38,0.00,SIN
2a06:98c1:3104:de5f:5fdb:25af:725c:4927,4,4,0.00,59.38,0.00,SIN
2a06:98c1:3101:da:a589:fc9d:648e:a79f,4,4,0.00,59.39,0.00,SIN
2a06:98c1:3102:4e68:6d60:ef99:1a2a:cbe,4,4,0.00,59.39,0.00,SIN
2a06:98c1:3102:0:de:a8bf:157:a58e,4,4,0.00,59.39,0.00,SIN
2a06:98c1:310b:0:365f:48e5:5b17:2520,4,4,0.00,59.39,0.00,SIN
2a06:98c1:3103:7d22:cecd:f361:ba5e:dc50,4,4,0.00,59.39,0.00,SIN
2a06:98c1:3101:f38f:88d2:bfaa:3dde:b3f,4,4,0.00,59.39,0.00,SIN
2803:f800:51:73fa:a342:1251:4897:589,4,4,0.00,59.39,0.00,SIN
2a06:98c1:3103:e577:343b:79d5:7a2b:4ed,4,4,0.00,59.39,0.00,SIN
2803:f800:51:d3:62bb:1de4:c0e9:5860,4,4,0.00,59.39,0.00,SIN
2a06:98c1:50:0:b0a5:51fe:a538:488d,4,4,0.00,59.39,0.00,SIN
2a06:98c1:3100:3525:ba2b:8013:db8e:104e,4,4,0.00,59.39,0.00,SIN
2a06:98c1:3108:0:d3:466:b712:e1cb,4,4,0.00,59.39,0.00,SIN
2a06:98c1:310d:f04e:3bef:8ea2:296f:befc,4,4,0.00,59.39,0.00,SIN
2a06:98c1:50:74:4ed1:9caa:c32f:1cee,4,4,0.00,59.39,0.00,SIN
2803:f800:51:d3:f328:16d3:7936:42c4,4,4,0.00,59.40,0.00,SIN
2a06:98c1:3101:f322:cb6d:c8b1:408e:8d3b,4,4,0.00,59.40,0.00,SIN
2a06:98c1:3105:85a9:8629:a01c:bfa5:b9ec,4,4,0.00,59.40,0.00,SIN
2a06:98c1:310c:5c:7e38:aa74:a7b2:6d1f,4,4,0.00,59.40,0.00,SIN
2a06:98c1:3107:aee4:6f92:2f21:1027:e7e5,4,4,0.00,59.40,0.00,SIN
2a06:98c1:3108:6a:b7e3:faa8:e9fb:f211,4,4,0.00,59.40,0.00,SIN
2a06:98c1:3108:0:f917:e723:db01:a18,4,4,0.00,59.40,0.00,SIN
2a06:98c1:51:ae55:2d83:743c:6080:9ccd,4,4,0.00,59.40,0.00,SIN
2a06:98c1:310d:e8:5e16:f1d6:a26b:9fde,4,4,0.00,59.40,0.00,SIN
2803:f800:51:0:7f:812:cdfd:fa3c,4,4,0.00,59.40,0.00,SIN
2a06:98c1:3103:9715:6361:7ef5:80db:dbfd,4,4,0.00,59.40,0.00,SIN
2a06:98c1:3103:e577:2f2e:28:7944:7a43,4,4,0.00,59.40,0.00,SIN
2a06:98c1:3106:86ad:f637:6b1:ae5b:4c6,4,4,0.00,59.40,0.00,SIN
2a06:98c1:3106:86ad:f637:6b1:bd22:16be,4,4,0.00,59.40,0.00,SIN
2a06:98c1:3100:e7:8597:109e:5a95:737b,4,4,0.00,59.40,0.00,SIN
2a06:98c1:3103:c627:2721:a826:4ef7:4e56,4,4,0.00,59.40,0.00,SIN
2a06:98c1:3103:c627:c6c4:935e:d109:66ad,4,4,0.00,59.40,0.00,SIN
2a06:98c1:310b:0:c00a:1ad0:38fe:1407,4,4,0.00,59.40,0.00,SIN
2a06:98c1:3104:f9:2dc4:3471:7faf:e71,4,4,0.00,59.40,0.00,SIN
2a06:98c1:310d:f04e:3b25:8765:7997:e037,4,4,0.00,59.41,0.00,SIN
2a06:98c1:310d:f04e:3b25:8765:7926:ea41,4,4,0.00,59.41,0.00,SIN
2a06:98c1:310d:f04e:3b25:8765:7953:c12a,4,4,0.00,59.41,0.00,SIN
2a06:98c1:310e:c98d:3c11:adce:b96c:bf9a,4,4,0.00,59.41,0.00,SIN
2a06:98c1:3103:97b3:e77:85c5:a9ae:999,4,4,0.00,59.41,0.00,SIN
2a06:98c1:50:4f1e:205c:9d32:a2a1:8fbd,4,4,0.00,59.41,0.00,SIN
2a06:98c1:3100:7ded:e0e1:5d3b:f00d:4e3,4,4,0.00,59.41,0.00,SIN
2a06:98c1:3102:4e68:60d9:525e:ff34:fd2d,4,4,0.00,59.41,0.00,SIN
2a06:98c1:3103:18fc:3e2e:8da9:6ab9:dbca,4,4,0.00,59.41,0.00,SIN
2a06:98c1:3103:18fc:3e2e:8da9:467a:4584,4,4,0.00,59.41,0.00,SIN
2a06:98c1:3103:18fc:3e2e:8da9:46c3:e354,4,4,0.00,59.41,0.00,SIN
2400:cb00:2049:0:4bb4:e928:7142:1743,4,4,0.00,59.41,0.00,SIN
2400:cb00:2049:82:1ac1:4f97:68ec:2da,4,4,0.00,59.41,0.00,SIN
2a06:98c1:3100:e7:ce3b:2169:991a:b671,4,4,0.00,59.41,0.00,SIN
2a06:98c1:3104::8a:62ad:94ac,4,4,0.00,59.41,0.00,SIN
2a06:98c1:3103:e5b4:ffd0:3817:2463:b9e,4,4,0.00,59.41,0.00,SIN
2a06:98c1:310d:0:b4:8a0c:574:43da,4,4,0.00,59.42,0.00,SIN
2803:f800:51:379b:e50c:8ca4:5226:8177,4,4,0.00,59.42,0.00,SIN
2a06:98c1:3105:854d:3bb1:3e51:655b:b42c,4,4,0.00,59.42,0.00,SIN
2a06:98c1:3102:4e68:6d60:ef99:cfb0:9cac,4,4,0.00,59.42,0.00,SIN
2a06:98c1:310e:c9e4:2107:f3cb:a7b7:affc,4,4,0.00,59.42,0.00,SIN
2a06:98c1:310c:0:7fca:79f:d57f:df33,4,4,0.00,59.42,0.00,SIN
2400:cb00:2049:b200:4824:aa5d:a27d:1b06,4,4,0.00,59.42,0.00,SIN
2a06:98c1:310c:f49c:71fc:6756:568e:c138,4,4,0.00,59.43,0.00,SIN
2a06:98c1:310c:d4:309e:85a7:2e5a:bea3,4,4,0.00,59.43,0.00,SIN
2a06:98c1:3102:ee60:11f6:1b9b:8d18:285b,4,4,0.00,59.43,0.00,SIN
2a06:98c1:3109:e1:dbc7:ae5c:9fd:c42a,4,4,0.00,59.43,0.00,SIN
2a06:98c1:310d:e8:5e6a:d467:aded:2a9c,4,4,0.00,59.43,0.00,SIN
2a06:98c1:3105:854d:ee44:44dc:50bf:bcf2,4,4,0.00,59.43,0.00,SIN
2a06:98c1:310b:c4:7f1f:d5ef:c9cb:3775,4,4,0.00,59.43,0.00,SIN
2a06:98c1:50:4f1e:20be:cef7:5cd4:ba1a,4,4,0.00,59.43,0.00,SIN
2a06:98c1:50:fd1d:4c41:cad9:d736:9e6b,4,4,0.00,59.44,0.00,SIN
2a06:98c1:50:6b31:116a:348a:985e:a5b4,4,4,0.00,59.44,0.00,SIN
2a06:98c1:3107:ae51:4248:9540:34f1:fdf4,4,4,0.00,59.44,0.00,SIN
2a06:98c1:3105:85a9:8619:7f8f:405f:258,4,4,0.00,59.44,0.00,SIN
2a06:98c1:3107:0:1510:6f77:5d4d:4b6d,4,4,0.00,59.44,0.00,SIN
2a06:98c1:3107:0:83:c4b1:9961:5527,4,4,0.00,59.44,0.00,SIN
2a06:98c1:310a:36:ecdf:ae5f:490a:541a,4,4,0.00,59.44,0.00,SIN
2a06:98c1:310f:a8:b4d2:e9bf:a4bf:50ef,4,4,0.00,59.44,0.00,SIN
2a06:98c1:310c:eb:4a0d:6d0c:90f1:d2f9,4,4,0.00,59.44,0.00,SIN
2a06:98c1:310e:0:fa5b:5aa6:a32c:14,4,4,0.00,59.45,0.00,SIN
2a06:98c1:310d:f04e:a54f:63ae:14e6:b37d,4,4,0.00,59.45,0.00,SIN
2a06:98c1:3103:7d40:b43e:a608:806:a2fe,4,4,0.00,59.45,0.00,SIN
2a06:98c1:3106:ca:234c:534f:ecbb:3bd7,4,4,0.00,59.45,0.00,SIN
2a06:98c1:310c:ed:b2aa:4f8a:7be5:7848,4,4,0.00,59.45,0.00,SIN
2a06:98c1:50:4f1e:205c:9d79:bea6:dce7,4,4,0.00,59.45,0.00,SIN
2a06:98c1:3100:7d14:9232:a358:c20a:aca7,4,4,0.00,59.45,0.00,SIN
2a06:98c1:50:fd1d:4ce6:b7ce:eaf2:fb1c,4,4,0.00,59.45,0.00,SIN
2a06:98c1:310d:f04e:d8a5:4fdd:4033:52b5,4,4,0.00,59.45,0.00,SIN
2a06:98c1:3107:90:17b7:889c:36b7:59cc,4,4,0.00,59.45,0.00,SIN
2a06:98c1:3103:c627:c644:f143:f17f:1fba,4,4,0.00,59.45,0.00,SIN
2803:f800:50:85:28ac:a636:40ae:1c0e,4,4,0.00,59.45,0.00,SIN
2a06:98c1:3108:0:d3:466:3078:c9ba,4,4,0.00,59.45,0.00,SIN
2a06:98c1:3101:f322:cb6d:c810:1c75:9a,4,4,0.00,59.46,0.00,SIN
2a06:98c1:3107:ae97:18a9:8f26:8055:8cc7,4,4,0.00,59.46,0.00,SIN
2a06:98c1:3106::d5:545b:d8f9,4,4,0.00,59.46,0.00,SIN
2a06:98c1:3100:7ded:aa50:3a49:bdb:f8dd,4,4,0.00,59.46,0.00,SIN
2a06:98c1:3105::9f17:5ed9:da2,4,4,0.00,59.46,0.00,SIN
2a06:98c1:3108:0:4961:6426:dc07:7a72,4,4,0.00,59.46,0.00,SIN
2a06:98c1:3104::8a:7a26:6fca,4,4,0.00,59.46,0.00,SIN
2803:f800:51:379b:e55c:15c8:abb7:b2c6,4,4,0.00,59.46,0.00,SIN
2a06:98c1:310c:14:ee71:1de:1fe:d0e,4,4,0.00,59.46,0.00,SIN
2a06:98c1:3100:7d1b:8653:d0fc:d9a6:14dd,4,4,0.00,59.46,0.00,SIN
2a06:98c1:310c:0:78:2b5a:1510:ebc8,4,4,0.00,59.46,0.00,SIN
2a06:98c1:310c::80da:6894:6dca,4,4,0.00,59.46,0.00,SIN
2a06:98c1:3103:e577:2f2e:8155:6539:f7e3,4,4,0.00,59.47,0.00,SIN
2a06:98c1:3103:7d22:cecd:f32f:2be5:314c,4,4,0.00,59.47,0.00,SIN
2803:f800:51:67e1:d3d7:bae:8b7b:b645,4,4,0.00,59.47,0.00,SIN
2a06:98c1:3101:f322:e902:90c2:a13:1635,4,4,0.00,59.47,0.00,SIN
2a06:98c1:3105:854d:ee44:95c6:3c66:4179,4,4,0.00,59.47,0.00,SIN
2a06:98c1:3100:7ded:aa50:a344:5f65:d445,4,4,0.00,59.48,0.00,SIN
2a06:98c1:51:7b:55d8:7f53:5b2c:e972,4,4,0.00,59.48,0.00,SIN
2a06:98c1:3109::d79e,4,4,0.00,59.48,0.00,SIN
2a06:98c1:51:0:c5:aa25:ac07:4af9,4,4,0.00,59.48,0.00,SIN
2a06:98c1:310e:0:fa3c:21ee:a1f:5516,4,4,0.00,59.48,0.00,SIN
2a06:98c1:50:fd1d:997c:e00:7e2e:45f0,4,4,0.00,59.48,0.00,SIN
2a06:98c1:310f:a8:b4d2:1750:1708:6af7,4,4,0.00,59.48,0.00,SIN
2a06:98c1:3103:c627:c644:b49d:23ff:7b97,4,4,0.00,59.48,0.00,SIN
2400:cb00:2049:ab:1e85:f39e:ed97:3932,4,4,0.00,59.48,0.00,SIN
2a06:98c1:3103:18fc:3ee0:971:670a:8706,4,4,0.00,59.48,0.00,SIN
2a06:98c1:3108:3a6e:9ac2:9415:1072:5adc,4,4,0.00,59.48,0.00,SIN
2a06:98c1:310b:7e91:95df:3b4:8daf:ad25,4,4,0.00,59.48,0.00,SIN
2a06:98c1:3103:9715:63e5:1661:c13a:9e32,4,4,0.00,59.49,0.00,SIN
2a06:98c1:310c:d4:309e:85a7:f507:166d,4,4,0.00,59.49,0.00,SIN
2a06:98c1:3104:8b:a44f:5ad9:cdb6:502a,4,4,0.00,59.49,0.00,SIN
2a06:98c1:50:0:91b6:a99:af6c:9e1f,4,4,0.00,59.49,0.00,SIN
2a06:98c1:310b:7e91:95df:3b4:a743:506a,4,4,0.00,59.49,0.00,SIN
2a06:98c1:310b:7e91:9501:3fe4:b8c4:3297,4,4,0.00,59.49,0.00,SIN
2a06:98c1:3106:ca:9a85:c5aa:758:e52f,4,4,0.00,59.49,0.00,SIN
2a06:98c1:50:6b31:c8aa:5156:62fd:9a49,4,4,0.00,59.49,0.00,SIN
2400:cb00:2049:b2a5:1700:f6cb:c109:c129,4,4,0.00,59.49,0.00,SIN
2a06:98c1:3107:aee4:c5bf:54a2:88c3:c308,4,4,0.00,59.50,0.00,SIN
2a06:98c1:310f:a8:b4d2:17dc:e77b:a7e9,4,4,0.00,59.50,0.00,SIN
2a06:98c1:3107:0:83:a9cf:5c56:29ba,4,4,0.00,59.50,0.00,SIN
2a06:98c1:3104::d4ac:937c:fcda,4,4,0.00,59.50,0.00,SIN
2a06:98c1:3103:e5b4:15d8:a887:ba8d:81a6,4,4,0.00,59.50,0.00,SIN
2a06:98c1:3107:0:7edf:bf93:5a3c:9f6d,4,4,0.00,59.50,0.00,SIN
2a06:98c1:3103:b862:4302:13b5:a0e3:69cc,4,4,0.00,59.50,0.00,SIN
2a06:98c1:3108:0:4f76:5e3b:341c:c42d,4,4,0.00,59.50,0.00,SIN
2400:cb00:2049:ab:1e85:e506:3911:9d4a,4,4,0.00,59.50,0.00,SIN
2a06:98c1:3109:84ab:6113:3b77:2e19:e15d,4,4,0.00,59.50,0.00,SIN
2a06:98c1:3104:8b:a44f:5ad9:cd76:9b36,4,4,0.00,59.50,0.00,SIN
2a06:98c1:3105:b1:501a:d7f1:95ee:3b75,4,4,0.00,59.50,0.00,SIN
2a06:98c1:3109:0:84:c8c6:9395:78b6,4,4,0.00,59.50,0.00,SIN
2a06:98c1:3107::4994:f860:594c,4,4,0.00,59.50,0.00,SIN
2400:cb00:2049:b200:4824:aa5d:301a:1ed,4,4,0.00,59.51,0.00,SIN
2a06:98c1:310e::45:46ba:1d5,4,4,0.00,59.51,0.00,SIN
2a06:98c1:3103:18fc:3e06:ad97:c634:4dd4,4,4,0.00,59.51,0.00,SIN
2a06:98c1:3109:84ab:6179:dac8:715a:5396,4,4,0.00,59.51,0.00,SIN
2a06:98c1:3108:0:d3:482:c9f8:73de,4,4,0.00,59.51,0.00,SIN
2803:f800:51:379b:e55c:15c8:abbb:88e7,4,4,0.00,59.51,0.00,SIN
2a06:98c1:3104:de5f:fdd4:2383:74ab:716c,4,4,0.00,59.51,0.00,SIN
2a06:98c1:310e:c9e4:3469:9b75:f8a9:6bfc,4,4,0.00,59.51,0.00,SIN
2a06:98c1:3108:6a:b7e3:fa30:3d21:75e8,4,4,0.00,59.51,0.00,SIN
2a06:98c1:3102:4e68:d314:b1be:3b21:f55a,4,4,0.00,59.51,0.00,SIN
2a06:98c1:3101::5e45:766:2487,4,4,0.00,59.51,0.00,SIN
2a06:98c1:3108:759c:3a94:1737:9786:a45d,4,4,0.00,59.51,0.00,SIN
2a06:98c1:3108:759c:3a94:1737:9740:7620,4,4,0.00,59.51,0.00,SIN
2a06:98c1:3108:759c:3a94:1737:9761:a129,4,4,0.00,59.51,0.00,SIN
2a06:98c1:3104:8b:81e2:515c:4eca:f325,4,4,0.00,59.51,0.00,SIN
2a06:98c1:310c:14:1cfb:295b:4b72:ccae,4,4,0.00,59.51,0.00,SIN
2a06:98c1:3103:18fc:3e06:ad97:c603:e2e4,4,4,0.00,59.51,0.00,SIN
2a06:98c1:3103:183b:c03a:c59c:c76f:bd9b,4,4,0.00,59.51,0.00,SIN
2a06:98c1:3104:deb8:dc36:77b6:9d42:2b6,4,4,0.00,59.51,0.00,SIN
2a06:98c1:3103:0:c0df:4f68:7875:b702,4,4,0.00,59.51,0.00,SIN
2a06:98c1:3106:0:9:69d4:2214:fdb1,4,4,0.00,59.52,0.00,SIN
2a06:98c1:310d:f04e:a54f:6313:de62:19d1,4,4,0.00,59.52,0.00,SIN
2a06:98c1:50:6b76:649c:6507:e42c:4d8c,4,4,0.00,59.52,0.00,SIN
2a06:98c1:50:6b76:649c:6507:e4e2:20a8,4,4,0.00,59.52,0.00,SIN
2a06:98c1:3103:7d40:b43e:439e:2a42:b37c,4,4,0.00,59.52,0.00,SIN
2a06:98c1:50:0:b0a5:dea7:ffe9:ef52,4,4,0.00,59.52,0.00,SIN
2a06:98c1:3101:f322:cb6d:c8b1:4072:ed8e,4,4,0.00,59.52,0.00,SIN
2a06:98c1:3101:f322:cb6d:c8b1:36a:6c84,4,4,0.00,59.52,0.00,SIN
2a06:98c1:50:6b31:116a:1eb3:8e:f205,4,4,0.00,59.52,0.00,SIN
2a06:98c1:3103::cc4e:9f11:e385,4,4,0.00,59.52,0.00,SIN
2a06:98c1:3103:b862:4302:a7e6:a534:bef4,4,4,0.00,59.53,0.00,SIN
2a06:98c1:3100:7d1b:1b81:31b4:9205:e6d4,4,4,0.00,59.53,0.00,SIN
2a06:98c1:3105:0:3a:d04f:ebbe:1565,4,4,0.00,59.53,0.00,SIN
2a06:98c1:3108:0:f917:b5a9:473e:7217,4,4,0.00,59.53,0.00,SIN
2a06:98c1:3107:90:17b7:f381:d8f1:4e1e,4,4,0.00,59.53,0.00,SIN
2a06:98c1:310b:0:36c7:254b:3574:59bf,4,4,0.00,59.53,0.00,SIN
2a06:98c1:3103:e577:397b:bbd7:b5f5:1cd5,4,4,0.00,59.53,0.00,SIN
2a06:98c1:3108:0:f9fd:dd58:406d:29b9,4,4,0.00,59.53,0.00,SIN
2a06:98c1:3105:0:53ff:1630:a1ea:a241,4,4,0.00,59.53,0.00,SIN
2a06:98c1:3107:aee4:4f1e:bc5e:eba2:6933,4,4,0.00,59.53,0.00,SIN
2a06:98c1:310e:0:e2:94ad:32fd:8abf,4,4,0.00,59.53,0.00,SIN
2a06:98c1:3103:c627:2721:a826:4eb0:c74b,4,4,0.00,59.53,0.00,SIN
2a06:98c1:3104:f9:2d16:50c5:800e:4702,4,4,0.00,59.53,0.00,SIN
2a06:98c1:310a:0:ed:81c0:79f9:a802,4,4,0.00,59.54,0.00,SIN
2a06:98c1:3100:7d40:b225:b851:cd11:73af,4,4,0.00,59.54,0.00,SIN
2a06:98c1:50:fd1d:997c:e00:7eb8:2d56,4,4,0.00,59.54,0.00,SIN
2a06:98c1:50:fd1d:997c:efb:589f:2c76,4,4,0.00,59.54,0.00,SIN
2a06:98c1:3104:de5f:5f42:fe5a:b7c3:4de7,4,4,0.00,59.54,0.00,SIN
2a06:98c1:3103:b862:43a3:9ee3:cc9e:ab51,4,4,0.00,59.54,0.00,SIN
2803:f800:51:73fa:bf17:7255:bfab:1355,4,4,0.00,59.54,0.00,SIN
2a06:98c1:51:0:e5bd:355b:d898:36e7,4,4,0.00,59.54,0.00,SIN
2a06:98c1:310e:883d:c95c:a07c:a215:382,4,4,0.00,59.54,0.00,SIN
2a06:98c1:3103:7d22:cecd:797b:9bc:1899,4,4,0.00,59.54,0.00,SIN
2400:cb00:2049::5772:43b:e459,4,4,0.00,59.54,0.00,SIN
2a06:98c1:3100::d9ca:1339:175a,4,4,0.00,59.55,0.00,SIN
2a06:98c1:3100:e7:8597:101b:8255:5a0a,4,4,0.00,59.55,0.00,SIN
2a06:98c1:50:fd1d:4c41:cad9:8b12:5008,4,4,0.00,59.55,0.00,SIN
2803:f800:50:f049:26ba:451d:53ad:701e,4,4,0.00,59.55,0.00,SIN
2a06:98c1:3103:c627:2788:4366:8ad1:b9c5,4,4,0.00,59.55,0.00,SIN
2a06:98c1:310e:8876:a784:8be8:7848:ff2,4,4,0.00,59.55,0.00,SIN
2803:f800:51:73fa:a342:bd12:22af:b889,4,4,0.00,59.55,0.00,SIN
2a06:98c1:3101:f322:cb99:2e8d:64d2:66de,4,4,0.00,59.55,0.00,SIN
2a06:98c1:310e:c949:cfa:c182:73b3:ec57,4,4,0.00,59.55,0.00,SIN
2a06:98c1:310c:d4:9478:5fa6:7abe:5b80,4,4,0.00,59.55,0.00,SIN
2a06:98c1:3102:ee60:d0a9:8d93:45db:5456,4,4,0.00,59.55,0.00,SIN
2a06:98c1:3101:f3af:ed6e:2e96:4c95:9f75,4,4,0.00,59.56,0.00,SIN
2a06:98c1:3102:4e68:6d7e:fb3e:3fe1:b3be,4,4,0.00,59.56,0.00,SIN
2a06:98c1:3102:4e68:6d7e:fbfd:c456:749f,4,4,0.00,59.56,0.00,SIN
2a06:98c1:3108:759c:209e:9e5c:409:41f,4,4,0.00,59.56,0.00,SIN
2a06:98c1:3105:85a9:8629:a01c:44d2:92d8,4,4,0.00,59.56,0.00,SIN
2a06:98c1:3106:ca:9a85:86cc:5589:e08c,4,4,0.00,59.56,0.00,SIN
2a06:98c1:3109:8481:d220:ab90:ec0f:aaa0,4,4,0.00,59.56,0.00,SIN
2a06:98c1:3109:84ab:6113:3b63:7aed:562d,4,4,0.00,59.56,0.00,SIN
2a06:98c1:3103:9728:baa2:151a:8693:ab3,4,4,0.00,59.56,0.00,SIN
2a06:98c1:310b:0:c00a:1ad0:3887:b5cd,4,4,0.00,59.56,0.00,SIN
2a06:98c1:3109:e1:dbc7:aed6:ab54:c8c0,4,4,0.00,59.56,0.00,SIN
2a06:98c1:50:4f1e:205c:b918:4a0f:9ecb,4,4,0.00,59.56,0.00,SIN
2a06:98c1:50:d5:5928:a975:4d48:bd88,4,4,0.00,59.56,0.00,SIN
2a06:98c1:310b:0:c0fa:44cc:ae27:1486,4,4,0.00,59.56,0.00,SIN
2a06:98c1:310b:0:c0fa:44cc:aef7:9711,4,4,0.00,59.56,0.00,SIN
2a06:98c1:310c:5c:7e38:bd01:e74:7090,4,4,0.00,59.56,0.00,SIN
2a06:98c1:310c:5c:7e38:bd01:ee5:e531,4,4,0.00,59.56,0.00,SIN
2a06:98c1:3105:85a9:8619:c40f:4d3e:9504,4,4,0.00,59.56,0.00,SIN
2a06:98c1:3105:8523:aafb:4f08:b733:eb21,4,4,0.00,59.56,0.00,SIN
2a06:98c1:310e:c949:cfa:c191:4ee3:3fed,4,4,0.00,59.56,0.00,SIN
2a06:98c1:3106::afc0:23fe:80e6,4,4,0.00,59.57,0.00,SIN
2a06:98c1:310e:c9e4:2170:3d8:4ebe:726b,4,4,0.00,59.57,0.00,SIN
2a06:98c1:3103:b862:4302:132d:95fa:50e0,4,4,0.00,59.57,0.00,SIN
2a06:98c1:310c:5c:7ede:78f8:8abf:3c6,4,4,0.00,59.57,0.00,SIN
2a06:98c1:310b:f3:d042:d6f6:4736:6a00,4,4,0.00,59.57,0.00,SIN
2a06:98c1:310e:c9e4:2107:f32c:705a:37d2,4,4,0.00,59.57,0.00,SIN
2a06:98c1:3102:ee60:11f6:1b9b:275:ea47,4,4,0.00,59.57,0.00,SIN
2a06:98c1:310d:f0c3:ad57:ca05:b759:b0c0,4,4,0.00,59.57,0.00,SIN
2a06:98c1:3102:0:de:80a1:dbc8:c53b,4,4,0.00,59.58,0.00,SIN
2a06:98c1:3103:c627:278b:eb:13b9:d383,4,4,0.00,59.58,0.00,SIN
2a06:98c1:3100:7ded:e0e1:8721:b76c:9a6a,4,4,0.00,59.58,0.00,SIN
2a06:98c1:3100:0:63:6916:740a:c105,4,4,0.00,59.58,0.00,SIN
2a06:98c1:3102::95:6ae7:cd8f,4,4,0.00,59.58,0.00,SIN
2a06:98c1:3108:7568:417d:9880:ada:a24f,4,4,0.00,59.58,0.00,SIN
2a06:98c1:3108:7568:417d:9880:3223:9b67,4,4,0.00,59.58,0.00,SIN
2a06:98c1:51:aece:8ac0:3a1a:24bf:2c59,4,4,0.00,59.58,0.00,SIN
2a06:98c1:310d:f04e:d8a5:4fc2:8904:ba21,4,4,0.00,59.58,0.00,SIN
2a06:98c1:50:f:8cdb:1b54:6da4:f995,4,4,0.00,59.58,0.00,SIN
2a06:98c1:3103:c627:c6d3:90e7:9744:a562,4,4,0.00,59.58,0.00,SIN
2a06:98c1:310d:e8:5e6a:4875:daf1:5ecc,4,4,0.00,59.59,0.00,SIN
2a06:98c1:3103:c627:2788:5a99:b398:8616,4,4,0.00,59.59,0.00,SIN
2a06:98c1:310c:14:ee71:136:23a2:1a19,4,4,0.00,59.59,0.00,SIN
2a06:98c1:3102:4e68:6d60:31f:f9c7:6654,4,4,0.00,59.59,0.00,SIN
2a06:98c1:310c:0:7fca:ea68:f82c:2b1d,4,4,0.00,59.59,0.00,SIN
2a06:98c1:310b:6c:bd54:c644:100f:25cb,4,4,0.00,59.59,0.00,SIN
2a06:98c1:310b:f3:d05e:7b84:d0f5:c0c8,4,4,0.00,59.59,0.00,SIN
2a06:98c1:3103::58:3087,4,4,0.00,59.59,0.00,SIN
2a06:98c1:310e:883d:c95c:a07c:a2b3:46ae,4,4,0.00,59.59,0.00,SIN
2a06:98c1:3105:0:3a:d04f:53b4:e17e,4,4,0.00,59.59,0.00,SIN
2a06:98c1:50:fdfe:95d:d131:bbe9:9f78,4,4,0.00,59.59,0.00,SIN
2a06:98c1:3101:f322:cb25:29e1:fd5d:b3be,4,4,0.00,59.59,0.00,SIN
2a06:98c1:3106:ca:5f84:cef3:bdc0:e218,4,4,0.00,59.59,0.00,SIN
2a06:98c1:3100:e7:ce47:8648:c9f5:e910,4,4,0.00,59.59,0.00,SIN
2a06:98c1:310b:c8:74b4:1608:ad7:b5c5,4,4,0.00,59.60,0.00,SIN
2a06:98c1:3101::8f62:29a1:695,4,4,0.00,59.60,0.00,SIN
2a06:98c1:50:fd1d:6e03:cccc:cb5e:949c,4,4,0.00,59.60,0.00,SIN
2a06:98c1:3103:e577:2f2e:8155:a8e9:2066,4,4,0.00,59.60,0.00,SIN
2a06:98c1:3104:ce0b:d740:c200:6dac:b52f,4,4,0.00,59.60,0.00,SIN
2400:cb00:2049:29e6:f2be:b6e6:e358:eba2,4,4,0.00,59.60,0.00,SIN
2a06:98c1:3104:cef7:cd60:de93:30c5:717d,4,4,0.00,59.60,0.00,SIN
2a06:98c1:50:4f1e:20be:ce00:7485:9faf,4,4,0.00,59.60,0.00,SIN
2a06:98c1:3107:0:7e64:8b3b:a7af:c04e,4,4,0.00,59.60,0.00,SIN
2a06:98c1:3107:0:7e64:8b3b:bfb2:6ef6,4,4,0.00,59.60,0.00,SIN
2a06:98c1:3102:ee60:1104:ba3:91c8:cc64,4,4,0.00,59.61,0.00,SIN
2a06:98c1:310c:14:4a8e:e653:3269:30b5,4,4,0.00,59.61,0.00,SIN
2a06:98c1:51:aece:50a:d0aa:ab91:b158,4,4,0.00,59.61,0.00,SIN
2a06:98c1:3103:9728:ba04:41df:bd9a:f718,4,4,0.00,59.61,0.00,SIN
2a06:98c1:310b:c4:7f1f:d5ef:c90d:5c9,4,4,0.00,59.61,0.00,SIN
2a06:98c1:3103:c627:c6c4:a28:8a77:4591,4,4,0.00,59.61,0.00,SIN
2a06:98c1:310b:6c:bdab:4920:711c:2527,4,4,0.00,59.61,0.00,SIN
2a06:98c1:3107:ae97:426a:a3b4:f15b:902f,4,4,0.00,59.61,0.00,SIN
2a06:98c1:310e:c8:5d12:c2a1:dd19:ce82,4,4,0.00,59.61,0.00,SIN
2a06:98c1:50:fdfe:99c:92d5:c6d9:c300,4,4,0.00,59.61,0.00,SIN
2400:cb00:2049:ab:fd08:70b9:47d0:977d,4,4,0.00,59.61,0.00,SIN
2a06:98c1:3108:7568:4161:a941:e6a0:53b3,4,4,0.00,59.61,0.00,SIN
2a06:98c1:51:0:c5:aa25:7a3e:ea1e,4,4,0.00,59.62,0.00,SIN
2a06:98c1:50:0:91b6:4af3:a932:1b4a,4,4,0.00,59.62,0.00,SIN
2a06:98c1:3106:86ad:f637:62d:b5f4:e03,4,4,0.00,59.62,0.00,SIN
2a06:98c1:3107:ae97:189f:1897:8c72:53f8,4,4,0.00,59.62,0.00,SIN
2400:cb00:2049::57ed:4652:480a,4,4,0.00,59.62,0.00,SIN
2a06:98c1:51:ae55:a453:5be8:478a:931,4,4,0.00,59.62,0.00,SIN
2a06:98c1:3106:ca:9a85:81c:a6f9:d7a1,4,4,0.00,59.62,0.00,SIN
2a06:98c1:51:0:c5:aa25:90cf:d84d,4,4,0.00,59.62,0.00,SIN
2a06:98c1:3101:f322:e902:9061:1e7c:e0ec,4,4,0.00,59.62,0.00,SIN
2a06:98c1:3102:4e68:6d60:ef49:f051:9cf,4,4,0.00,59.62,0.00,SIN
2a06:98c1:3101::8f33:744d:3bd9,4,4,0.00,59.62,0.00,SIN
2a06:98c1:51:7b:5592:b112:1eb5:d2a8,4,4,0.00,59.62,0.00,SIN
2a06:98c1:310b:7e91:730a:999d:1636:68b7,4,4,0.00,59.63,0.00,SIN
2a06:98c1:310b:0:77:98e1:a57a:f61a,4,4,0.00,59.63,0.00,SIN
2a06:98c1:50::cf2e,4,4,0.00,59.63,0.00,SIN
2a06:98c1:310a:0:7cb0:f2e9:f993:106b,4,4,0.00,59.63,0.00,SIN
2a06:98c1:3101:0:319d:290f:13a0:dadc,4,4,0.00,59.63,0.00,SIN
2a06:98c1:3100:e7:ce3b:a3cb:7be:edd9,4,4,0.00,59.63,0.00,SIN
2a06:98c1:3107:0:83:a919:952e:6283,4,4,0.00,59.63,0.00,SIN
2803:f800:51:731b:625a:c043:640b:844d,4,4,0.00,59.63,0.00,SIN
2400:cb00:2049:0:4bb4:e95f:54ca:addf,4,4,0.00,59.63,0.00,SIN
2a06:98c1:3100:7ded:aa50:3af9:702d:7ab8,4,4,0.00,59.63,0.00,SIN
2a06:98c1:50:0:bc76:4e23:d7dc:5977,4,4,0.00,59.63,0.00,SIN
2a06:98c1:51:aece:29f1:f6e4:b90e:f80c,4,4,0.00,59.63,0.00,SIN
2a06:98c1:310d:e8:5e16:66ac:46b5:587f,4,4,0.00,59.63,0.00,SIN
2803:f800:51:d3:62bb:1df8:a4a9:d3ca,4,4,0.00,59.63,0.00,SIN
2a06:98c1:3103:e5b4:15bb:7866:1a4e:3bdc,4,4,0.00,59.63,0.00,SIN
2a06:98c1:3103:0:c08f:b439:e205:db48,4,4,0.00,59.63,0.00,SIN
2a06:98c1:3103:18fc:3e2e:8d8c:799b:b4a,4,4,0.00,59.64,0.00,SIN
2a06:98c1:3100:3525:6fa9:f005:383b:c385,4,4,0.00,59.64,0.00,SIN
2400:cb00:2049:ab:fd26:2c6:8976:986c,4,4,0.00,59.64,0.00,SIN
2a06:98c1:310d:f04e:a54f:368c:8fb7:d5f7,4,4,0.00,59.64,0.00,SIN
2a06:98c1:310c:f49c:711d:4fd2:5f1d:975,4,4,0.00,59.64,0.00,SIN
2803:f800:50:0:dd:d6bb:b8c9:e706,4,4,0.00,59.64,0.00,SIN
2a06:98c1:3100:7d14:928b:cf10:372f:621a,4,4,0.00,59.64,0.00,SIN
2a06:98c1:3103:e5b4:15bb:78de:d7c6:58b,4,4,0.00,59.64,0.00,SIN
2803:f800:51:0:8034:b41d:6a74:9e1a,4,4,0.00,59.64,0.00,SIN
2a06:98c1:310d:0:b4:8a0c:f34a:ccf1,4,4,0.00,59.64,0.00,SIN
2a06:98c1:3102:0:f1ca:12fc:b8b4:34cc,4,4,0.00,59.64,0.00,SIN
2a06:98c1:50:0:bc76:b49e:2750:4f75,4,4,0.00,59.64,0.00,SIN
2a06:98c1:3106:ca:234c:b345:26f:c545,4,4,0.00,59.64,0.00,SIN
2a06:98c1:310c:14:7fd9:108c:76b9:5655,4,4,0.00,59.65,0.00,SIN
2a06:98c1:3107:0:2e:617c:4cae:75ac,4,4,0.00,59.65,0.00,SIN
2a06:98c1:3108:759c:3a94:bd13:7676:de3d,4,4,0.00,59.65,0.00,SIN
2a06:98c1:3108:0:d3:cc73:2f0d:aaf5,4,4,0.00,59.65,0.00,SIN
2a06:98c1:3106:0:9:69d4:e754:45fa,4,4,0.00,59.66,0.00,SIN
2a06:98c1:3100:e7:ce3b:8dc3:a72b:bb50,4,4,0.00,59.66,0.00,SIN
2a06:98c1:3103:7d22:cedf:95b9:466f:2a40,4,4,0.00,59.66,0.00,SIN
2a06:98c1:3103:7d22:cecd:f3df:7da3:6690,4,4,0.00,59.66,0.00,SIN
2a06:98c1:3105:85a9:8619:34ac:33a6:bf99,4,4,0.00,59.66,0.00,SIN
2a06:98c1:3104:64:ca50:b452:523a:3a49,4,4,0.00,59.66,0.00,SIN
2a06:98c1:3101:f322:2869:a86c:49fa:27c3,4,4,0.00,59.66,0.00,SIN
2a06:98c1:3103:e577:343b:799d:84b3:ea29,4,4,0.00,59.66,0.00,SIN
2a06:98c1:3107:aee4:c3f3:71:133e:fabf,4,4,0.00,59.66,0.00,SIN
2a06:98c1:3105::9fc2:47c2:8125,4,4,0.00,59.66,0.00,SIN
2a06:98c1:3106:86ad:f6f1:40cb:c37f:465b,4,4,0.00,59.66,0.00,SIN
2a06:98c1:50:fd1d:4c41:2174:1ce2:449,4,4,0.00,59.66,0.00,SIN
2a06:98c1:3100:7d40:b2bd:4b55:e24c:7cfd,4,4,0.00,59.66,0.00,SIN
2a06:98c1:3103:b862:43a3:9ee3:2c63:d299,4,4,0.00,59.66,0.00,SIN
2a06:98c1:3108:0:4f48:1fac:6154:ef7a,4,4,0.00,59.66,0.00,SIN
2a06:98c1:50:d5:5928:407:3c7e:b0a5,4,4,0.00,59.67,0.00,SIN
2a06:98c1:3106:0:98:f0bb:49a5:52bb,4,4,0.00,59.67,0.00,SIN
2a06:98c1:3102:ee60:d0a9:13c7:5ceb:bbf7,4,4,0.00,59.67,0.00,SIN
2a06:98c1:3102:ee60:d08d:b6f1:a0a3:b83f,4,4,0.00,59.67,0.00,SIN
2a06:98c1:3103:f1:bbb0:fc98:8c76:45ab,4,4,0.00,59.67,0.00,SIN
2400:cb00:2049:ab:fd26:28b4:4eb0:a95,4,4,0.00,59.67,0.00,SIN
2a06:98c1:3104:8b:a44f:5a85:110f:2981,4,4,0.00,59.67,0.00,SIN
2a06:98c1:310d:0:c94:4268:f6e9:3c54,4,4,0.00,59.67,0.00,SIN
2a06:98c1:3106:0:2288:eac1:4d39:e107,4,4,0.00,59.67,0.00,SIN
2a06:98c1:3105:0:533f:d37:c2f9:35eb,4,4,0.00,59.67,0.00,SIN
2a06:98c1:51:aece:8ac0:3a1a:503e:3135,4,4,0.00,59.67,0.00,SIN
2a06:98c1:310f:0:d5f2:c441:6523:f4d5,4,4,0.00,59.68,0.00,SIN
2a06:98c1:3100:7ded:e0e1:8721:b70e:8328,4,4,0.00,59.68,0.00,SIN
2a06:98c1:3104:f9:af98:c62e:1463:5aeb,4,4,0.00,59.68,0.00,SIN
2a06:98c1:3100:7ded:866b:5e7:7e3b:95c1,4,4,0.00,59.68,0.00,SIN
2a06:98c1:310e:0:fa3c:bebe:c623:c107,4,4,0.00,59.68,0.00,SIN
2a06:98c1:50:6b31:c1cf:c22b:53f:e63a,4,4,0.00,59.68,0.00,SIN
2a06:98c1:310d:0:b4:8a9b:a5da:c0b0,4,4,0.00,59.68,0.00,SIN
2a06:98c1:310a:17:b383:b64f:c1cd:4183,4,4,0.00,59.68,0.00,SIN
2a06:98c1:50:0:918a:7067:5a6d:ad20,4,4,0.00,59.68,0.00,SIN
2a06:98c1:3101:da:a589:4fd3:8331:e6de,4,4,0.00,59.68,0.00,SIN
2a06:98c1:3103:9715:6361:5cc0:f990:5185,4,4,0.00,59.68,0.00,SIN
2a06:98c1:3100:e7:8597:101b:82bb:5dd0,4,4,0.00,59.68,0.00,SIN
2a06:98c1:3104:f9:af98:c6bb:f3ec:8107,4,4,0.00,59.68,0.00,SIN
2803:f800:51:0:8823:d571:3b66:27ed,4,4,0.00,59.68,0.00,SIN
2a06:98c1:50:6b31:c8aa:3321:9c06:f486,4,4,0.00,59.68,0.00,SIN
2a06:98c1:3102::95:788d:4291,4,4,0.00,59.69,0.00,SIN
2a06:98c1:3102::95:9cf2:69c8,4,4,0.00,59.69,0.00,SIN
2a06:98c1:3105:854d:432c:644d:b9fc:2a0d,4,4,0.00,59.69,0.00,SIN
2a06:98c1:3109:e1:12f5:1a71:61ef:eca0,4,4,0.00,59.69,0.00,SIN
2a06:98c1:3106:ca:239a:b817:70e0:245c,4,4,0.00,59.69,0.00,SIN
2a06:98c1:3100:7d40:b2bd:4bd8:1a53:5c8e,4,4,0.00,59.69,0.00,SIN
2a06:98c1:3103:c627:c645:8884:5567:5867,4,4,0.00,59.69,0.00,SIN
2a06:98c1:3109:84ab:6113:e8e6:f133:9cd6,4,4,0.00,59.69,0.00,SIN
2a06:98c1:50:6b31:116a:8b3c:7b59:7f24,4,4,0.00,59.69,0.00,SIN
2a06:98c1:310e:0:fa3c:5816:1efe:6e8,4,4,0.00,59.69,0.00,SIN
2a06:98c1:3100:e7:8597:101b:52ac:a16f,4,4,0.00,59.69,0.00,SIN
2a06:98c1:3108:759c:3ab2:a2c8:99df:c054,4,4,0.00,59.69,0.00,SIN
2a06:98c1:3103:f1:bbb0:1532:3c3f:5552,4,4,0.00,59.69,0.00,SIN
2a06:98c1:3103:c627:2788:4372:f6e8:f036,4,4,0.00,59.69,0.00,SIN
2a06:98c1:3109:8481:5f9f:d594:5974:c5ba,4,4,0.00,59.69,0.00,SIN
2803:f800:51:d3:62bb:1df8:81ac:3848,4,4,0.00,59.70,0.00,SIN
2a06:98c1:3108:7568:417d:9880:3092:d75d,4,4,0.00,59.70,0.00,SIN
2a06:98c1:50:4f1e:e868:e56f:423d:29fa,4,4,0.00,59.70,0.00,SIN
2a06:98c1:3108:759c:3ab2:e8b3:7dfd:d9a,4,4,0.00,59.70,0.00,SIN
2803:f800:50:f049:26ba:451d:2d9a:2639,4,4,0.00,59.70,0.00,SIN
2a06:98c1:50:6b31:c14f:ab6d:fa47:d4c6,4,4,0.00,59.70,0.00,SIN
2a06:98c1:50:0:b0a5:2524:ae9a:473b,4,4,0.00,59.70,0.00,SIN
2a06:98c1:3103:e525:6032:3894:8f27:1754,4,4,0.00,59.70,0.00,SIN
2a06:98c1:3108:0:f9fd:4f48:6e6:8d83,4,4,0.00,59.70,0.00,SIN
2a06:98c1:310c:5c:7ede:65d:192a:4687,4,4,0.00,59.70,0.00,SIN
2a06:98c1:50:fd1d:4d8a:60fb:b817:4c2e,4,4,0.00,59.71,0.00,SIN
2a06:98c1:50:fd1d:4d8a:60fb:c526:aeef,4,4,0.00,59.71,0.00,SIN
2a06:98c1:3102:d4:d2d3:23b6:70af:6669,4,4,0.00,59.71,0.00,SIN
2a06:98c1:3101:f3af:74ae:77b9:573:cde2,4,4,0.00,59.71,0.00,SIN
2a06:98c1:3100:7ded:aa50:3a49:970a:9bd8,4,4,0.00,59.71,0.00,SIN
2a06:98c1:310b:0:c00a:1ad0:fe04:996,4,4,0.00,59.71,0.00,SIN
2a06:98c1:3107:aee4:c37e:e164:b9c4:ba8c,4,4,0.00,59.71,0.00,SIN
2803:f800:51:731b:625a:c043:faa2:a3a1,4,4,0.00,59.71,0.00,SIN
2a06:98c1:3106:86ad:f6f1:4740:127d:7201,4,4,0.00,59.71,0.00,SIN
2a06:98c1:310e:0:fa3c:bebe:3a4c:2322,4,4,0.00,59.71,0.00,SIN
2a06:98c1:3107:ae97:426a:a3b4:5bf3:a0e1,4,4,0.00,59.71,0.00,SIN
2a06:98c1:310e:c949:6c24:bd87:8074:681d,4,4,0.00,59.71,0.00,SIN
2a06:98c1:50:4fc1:2a6a:f6c8:aff6:f5f5,4,4,0.00,59.71,0.00,SIN
2a06:98c1:310a:0:ed:736f:36d3:3254,4,4,0.00,59.72,0.00,SIN
2a06:98c1:3104:0:b2:9320:bbba:5ce4,4,4,0.00,59.72,0.00,SIN
2a06:98c1:3105:85a9:8619:c428:cd16:3c90,4,4,0.00,59.72,0.00,SIN
2a06:98c1:3104:0:b63e:a8fd:d1ec:9f8b,4,4,0.00,59.72,0.00,SIN
2a06:98c1:50:fd1d:4c41:1f2f:f60a:bdf3,4,4,0.00,59.72,0.00,SIN
2a06:98c1:50:fd1d:4c41:1f49:9e37:919e,4,4,0.00,59.72,0.00,SIN
2a06:98c1:3106:8688:f648:e977:5deb:c4c0,4,4,0.00,59.72,0.00,SIN
2a06:98c1:3103:183b:c02e:6f2e:dd99:da2e,4,4,0.00,59.72,0.00,SIN
2a06:98c1:3102:d4:d2d3:d9cb:fc29:e65f,4,4,0.00,59.72,0.00,SIN
2a06:98c1:3100:7d14:928b:cf55:855f:4f48,4,4,0.00,59.72,0.00,SIN
2a06:98c1:3103:c627:c645:8813:8184:6269,4,4,0.00,59.72,0.00,SIN
2a06:98c1:310c:f49c:7120:3702:e0d:412c,4,4,0.00,59.72,0.00,SIN
2400:cb00:2049:29e6:1c93:a53b:9351:bab0,4,4,0.00,59.72,0.00,SIN
2a06:98c1:3100:7d1b:2b3c:db0e:43d9:a682,4,4,0.00,59.72,0.00,SIN
2a06:98c1:3108:3a23:83e0:65b1:e974:b0d0,4,4,0.00,59.72,0.00,SIN
2a06:98c1:310c:14:ee71:1de:11e:d696,4,4,0.00,59.72,0.00,SIN
2a06:98c1:3101:f38f:88d2:bf16:bb1a:55e8,4,4,0.00,59.72,0.00,SIN
2a06:98c1:3104:deb8:dccc:e62d:6537:e4ae,4,4,0.00,59.72,0.00,SIN
2a06:98c1:50:fd1d:6e03:b54b:3cc7:1791,4,4,0.00,59.73,0.00,SIN
2a06:98c1:3102:4e68:60d9:2334:2ceb:5e74,4,4,0.00,59.73,0.00,SIN
2a06:98c1:310a:36:ecdf:ae5f:768b:bd31,4,4,0.00,59.73,0.00,SIN
2a06:98c1:3102:ee60:d08d:b6f1:a014:1a7d,4,4,0.00,59.73,0.00,SIN
2a06:98c1:310e:0:e2:581e:e07b:9cbc,4,4,0.00,59.73,0.00,SIN
2a06:98c1:3100:7d1b:8653:3cd4:b392:9b80,4,4,0.00,59.73,0.00,SIN
2a06:98c1:3101::8f62:2937:fe37,4,4,0.00,59.73,0.00,SIN
2a06:98c1:3100:7ded:e0e1:1570:77db:86b8,4,4,0.00,59.73,0.00,SIN
2a06:98c1:310d:f04e:a54f:36b3:df7e:662e,4,4,0.00,59.74,0.00,SIN
2a06:98c1:3106:ca:5f84:772e:8b1e:5547,4,4,0.00,59.74,0.00,SIN
2a06:98c1:3106:ca:5f84:775b:984a:70b6,4,4,0.00,59.74,0.00,SIN
2a06:98c1:3107:ae51:4248:9526:730:d9dc,4,4,0.00,59.74,0.00,SIN
2a06:98c1:3103:f1:bbb0:1532:3c5b:2916,4,4,0.00,59.74,0.00,SIN
2a06:98c1:50:6b31:9760:34c9:8d7e:5614,4,4,0.00,59.74,0.00,SIN
2a06:98c1:3106::afc0:2307:a3a9,4,4,0.00,59.74,0.00,SIN
2a06:98c1:50:4fc1:2a6a:f6c8:3518:13fd,4,4,0.00,59.74,0.00,SIN
2a06:98c1:310f::986f:6422:c6f7,4,4,0.00,59.74,0.00,SIN
2400:cb00:2049:b2a5:17dd:e969:d082:7cda,4,4,0.00,59.74,0.00,SIN
2a06:98c1:310c:eb:df6c:bc0a:d954:b8d8,4,4,0.00,59.74,0.00,SIN
2a06:98c1:3104:64:caa1:84b2:ce4a:b6eb,4,4,0.00,59.75,0.00,SIN
2a06:98c1:310e:c949:6c24:e8c6:c6e6:8e88,4,4,0.00,59.75,0.00,SIN
2a06:98c1:3103:c627:c6d4:4ef5:7518:4438,4,4,0.00,59.75,0.00,SIN
2a06:98c1:3103:c627:c6d4:4ef5:add1:91fe,4,4,0.00,59.75,0.00,SIN
2400:cb00:2049:b200:6167:b03a:2c63:594e,4,4,0.00,59.75,0.00,SIN
2a06:98c1:310e:0:fafc:77d0:4b4:7b4c,4,4,0.00,59.75,0.00,SIN
2a06:98c1:50:4fc1:2a6a:a8f5:cac7:b74a,4,4,0.00,59.75,0.00,SIN
2a06:98c1:310c:ed:b2aa:f465:c92a:b1f5,4,4,0.00,59.75,0.00,SIN
2a06:98c1:3107:ae51:4248:3703:945a:144e,4,4,0.00,59.75,0.00,SIN
2a06:98c1:3103:9715:6361:5cc0:2aa7:ee26,4,4,0.00,59.75,0.00,SIN
2a06:98c1:3103:c627:c6d4:4ef5:add6:b16,4,4,0.00,59.75,0.00,SIN
2a06:98c1:50:0:bcf0:69d5:6927:a1bc,4,4,0.00,59.75,0.00,SIN
2a06:98c1:3100:7ded:e0e1:15bd:81df:5929,4,4,0.00,59.75,0.00,SIN
2a06:98c1:310c:14:4a8e:e653:391b:f315,4,4,0.00,59.75,0.00,SIN
2a06:98c1:50:0:c5:4aa:e8b2:27f5,4,4,0.00,59.75,0.00,SIN
2a06:98c1:3101:f322:cb25:6854:81cf:d76d,4,4,0.00,59.75,0.00,SIN
2a06:98c1:3105:85a9:86be:7220:4195:b22f,4,4,0.00,59.76,0.00,SIN
2a06:98c1:310c:14:ee71:136:344e:142a,4,4,0.00,59.76,0.00,SIN
2400:cb00:2049:0:4bb4:3899:48e5:50d6,4,4,0.00,59.76,0.00,SIN
2400:cb00:2049:0:4bb4:3899:481c:9539,4,4,0.00,59.76,0.00,SIN
2a06:98c1:310e:0:fa3c:21a6:2cba:5bb6,4,4,0.00,59.76,0.00,SIN
2a06:98c1:3107:aee4:c387:841e:c528:3d79,4,4,0.00,59.76,0.00,SIN
2a06:98c1:50:0:913b:ccf:d088:32a2,4,4,0.00,59.76,0.00,SIN
2a06:98c1:3102:4e68:39ab:fdac:e211:245a,4,4,0.00,59.76,0.00,SIN
2a06:98c1:310b:f3:dd17:f04a:ea74:44d9,4,4,0.00,59.76,0.00,SIN
2a06:98c1:3105:b1:501a:d74d:7a50:797c,4,4,0.00,59.76,0.00,SIN
2a06:98c1:3103:9728:ba04:416b:18fd:58a3,4,4,0.00,59.76,0.00,SIN
2a06:98c1:3104:ce0b:a2ac:aaa8:fbb3:d015,4,4,0.00,59.76,0.00,SIN
2400:cb00:2049:b200:48f9:6cef:2454:a5c3,4,4,0.00,59.76,0.00,SIN
2a06:98c1:310e:c9e4:2170:3ae:2b4a:ef1f,4,4,0.00,59.77,0.00,SIN
2a06:98c1:310a:0:7cb0:f2e9:72ce:8732,4,4,0.00,59.77,0.00,SIN
2a06:98c1:3106:8688:63d2:5b31:4b21:f1d1,4,4,0.00,59.77,0.00,SIN
2a06:98c1:3101:f322:e9db:20c3:9b10:7bdf,4,4,0.00,59.77,0.00,SIN
2a06:98c1:50:4f1e:20be:2023:bf4d:a940,4,4,0.00,59.77,0.00,SIN
2a06:98c1:310e:c8:5dc2:1e79:1c06:c9a,4,4,0.00,59.77,0.00,SIN
2a06:98c1:50:fd1d:4d65:2c19:c390:4349,4,4,0.00,59.77,0.00,SIN
2a06:98c1:3106:86ad:f6f1:4740:fde2:a1d5,4,4,0.00,59.77,0.00,SIN
2a06:98c1:3107::6a:e9e6,4,4,0.00,59.77,0.00,SIN
2a06:98c1:3107::c85d:faa7,4,4,0.00,59.77,0.00,SIN
2a06:98c1:3107::60:945:3c80,4,4,0.00,59.77,0.00,SIN
2a06:98c1:50:fdfe:99c:803c:5405:f871,4,4,0.00,59.77,0.00,SIN
2400:cb00:2049:ab:fd08:386:3cb6:153f,4,4,0.00,59.77,0.00,SIN
2a06:98c1:50:fd1d:4ce6:b70b:a83f:28b8,4,4,0.00,59.77,0.00,SIN
2a06:98c1:3100:e7:ce3b:8dc3:a22:ef7c,4,4,0.00,59.77,0.00,SIN
2a06:98c1:50:0:913b:f265:304a:eb3a,4,4,0.00,59.77,0.00,SIN
2a06:98c1:310e:c949:6c24:e84a:c05a:3488,4,4,0.00,59.77,0.00,SIN
2a06:98c1:3108:0:f9c7:497a:2bc5:8ff8,4,4,0.00,59.77,0.00,SIN
2a06:98c1:310e:c8:efc5:2fae:97da:5323,4,4,0.00,59.78,0.00,SIN
2a06:98c1:3103:9715:1212:6842:ae18:a277,4,4,0.00,59.78,0.00,SIN
2a06:98c1:51:7b:55d8:7f53:5b05:fada,4,4,0.00,59.78,0.00,SIN
2a06:98c1:3101:0:318c:90e0:f81:1405,4,4,0.00,59.78,0.00,SIN
2a06:98c1:51:7b:557f:b2c1:37a8:3a38,4,4,0.00,59.78,0.00,SIN
2a06:98c1:51:ae55:2d83:1aa:76b1:1e00,4,4,0.00,59.78,0.00,SIN
2a06:98c1:3107:ae51:4248:3799:7152:8d8d,4,4,0.00,59.78,0.00,SIN
2a06:98c1:3102:4e68:6d60:31f:f95c:b4d5,4,4,0.00,59.78,0.00,SIN
2a06:98c1:310b:f3:d05e:b4f6:75d9:1a5d,4,4,0.00,59.78,0.00,SIN
2a06:98c1:50:6b31:c8ea:c1ba:b4a3:f626,4,4,0.00,59.78,0.00,SIN
2a06:98c1:310e:c8:84b1:ac39:eb89:a7d1,4,4,0.00,59.78,0.00,SIN
2a06:98c1:3109::984c:c747:473c,4,4,0.00,59.78,0.00,SIN
2a06:98c1:310a:36:ec4b:612d:d4d:c659,4,4,0.00,59.79,0.00,SIN
2a06:98c1:310b:f3:dd3d:5479:2165:336e,4,4,0.00,59.79,0.00,SIN
2803:f800:51:d3:62bb:2582:9aab:c1ac,4,4,0.00,59.79,0.00,SIN
2a06:98c1:310c:5c:7ede:784c:4965:f0d1,4,4,0.00,59.79,0.00,SIN
2a06:98c1:3109::78:da4e:faf0,4,4,0.00,59.79,0.00,SIN
2a06:98c1:3104:deb8:dccc:e6ad:f228:f846,4,4,0.00,59.79,0.00,SIN
2a06:98c1:310b:f3:dd17:3e8b:e723:41d5,4,4,0.00,59.79,0.00,SIN
2a06:98c1:310b:f3:dd22:9aed:7c09:34af,4,4,0.00,59.79,0.00,SIN
2a06:98c1:50:4f1e:20c8:89e4:13ad:ecfb,4,4,0.00,59.79,0.00,SIN
2a06:98c1:3104:f9:af98:c6bb:5a53:60c3,4,4,0.00,59.79,0.00,SIN
2a06:98c1:310b:0:365f:a41:1fea:ac1c,4,4,0.00,59.79,0.00,SIN
2a06:98c1:310b:0:365f:a75:bea2:aad7,4,4,0.00,59.79,0.00,SIN
2a06:98c1:310e:0:fa3c:1177:5bd1:88fd,4,4,0.00,59.79,0.00,SIN
2a06:98c1:3103::c9:c7c1:c13c,4,4,0.00,59.80,0.00,SIN
2803:f800:50:f049:26ba:4563:478f:4ef5,4,4,0.00,59.80,0.00,SIN
2a06:98c1:310a:0:7cb0:f211:c385:3cf5,4,4,0.00,59.80,0.00,SIN
2400:cb00:2049:29e6:1c9b:53b1:974a:b456,4,4,0.00,59.80,0.00,SIN
2a06:98c1:3100:7d40:b2bd:4b55:8755:74e8,4,4,0.00,59.80,0.00,SIN
2a06:98c1:3103:e577:2ffa:7b0b:1936:68d9,4,4,0.00,59.80,0.00,SIN
2a06:98c1:3104:f9:2d16:5068:ebb4:8094,4,4,0.00,59.80,0.00,SIN
2a06:98c1:3104:f9:2d16:5068:b0f0:4af0,4,4,0.00,59.80,0.00,SIN
2a06:98c1:3104:f9:2d16:5068:eb0d:2b1b,4,4,0.00,59.80,0.00,SIN
2a06:98c1:3103:18fc:3e06:ade3:fc87:2da4,4,4,0.00,59.80,0.00,SIN
2a06:98c1:3107:ae97:189f:1897:719a:fae8,4,4,0.00,59.80,0.00,SIN
2a06:98c1:3102:ee60:d0a9:13c7:5c6e:f75f,4,4,0.00,59.80,0.00,SIN
2a06:98c1:3102:ee60:d0a9:8d93:450d:291e,4,4,0.00,59.80,0.00,SIN
2a06:98c1:3102:ee60:d044:75a4:1273:9ca6,4,4,0.00,59.81,0.00,SIN
2400:cb00:2049:82:3cb6:d385:dd25:a11a,4,4,0.00,59.81,0.00,SIN
2a06:98c1:3100:0:c6c4:af34:790a:14ed,4,4,0.00,59.81,0.00,SIN
2a06:98c1:3100:0:c6c4:4eec:b34c:93cd,4,4,0.00,59.81,0.00,SIN
2a06:98c1:3104:ce0b:a2ac:8e8e:e8e8:c7b2,4,4,0.00,59.81,0.00,SIN
2a06:98c1:3103:c627:c6c4:a6a:f65b:270e,4,4,0.00,59.81,0.00,SIN
2a06:98c1:3100:3525:ba2b:ae3e:b6bc:d40d,4,4,0.00,59.81,0.00,SIN
2a06:98c1:310b:f3:ddff:50c3:c3ef:1330,4,4,0.00,59.81,0.00,SIN
2a06:98c1:310b:f3:dd22:9ace:c301:893b,4,4,0.00,59.81,0.00,SIN
2a06:98c1:3103:18fc:3e06:ad21:bd79:7106,4,4,0.00,59.81,0.00,SIN
2a06:98c1:310d:0:cd8:78dd:466c:745a,4,4,0.00,59.81,0.00,SIN
2a06:98c1:310c:eb:dfaa:4024:518c:6a04,4,4,0.00,59.82,0.00,SIN
2a06:98c1:310e:c8:5d12:9627:1a15:8230,4,4,0.00,59.82,0.00,SIN
2a06:98c1:310a:0:ed:73f8:c48b:352b,4,4,0.00,59.82,0.00,SIN
2a06:98c1:3109:8481:c30d:a331:39bf:b3f0,4,4,0.00,59.82,0.00,SIN
2a06:98c1:3105:8523:2e11:a9a2:fb58:de18,4,4,0.00,59.82,0.00,SIN
2a06:98c1:310d:0:d3d2:d552:f6e9:b87a,4,4,0.00,59.82,0.00,SIN
2a06:98c1:3104:cef7:cd54:488f:3148:f4f1,4,4,0.00,59.82,0.00,SIN
2a06:98c1:3108:759c:3ab2:a2c8:4bd4:f31,4,4,0.00,59.82,0.00,SIN
2a06:98c1:3106:0:9:edc:18d6:db50,4,4,0.00,59.82,0.00,SIN
2a06:98c1:3103:9715:6361:a4c8:9a34:dc99,4,4,0.00,59.82,0.00,SIN
2a06:98c1:3102:4e68:39ab:997b:6fb1:d35f,4,4,0.00,59.82,0.00,SIN
2a06:98c1:3100:0:63:69d7:2ede:d66a,4,4,0.00,59.83,0.00,SIN
2a06:98c1:310b::fdf0:29c9:9df9,4,4,0.00,59.83,0.00,SIN
2a06:98c1:3106:8688:7dad:3189:e08e:7a20,4,4,0.00,59.83,0.00,SIN
2803:f800:51::cd5e:14ff:d93,4,4,0.00,59.83,0.00,SIN
2400:cb00:2049:0:c2:f676:a460:43ef,4,4,0.00,59.83,0.00,SIN
2a06:98c1:3106:ca:9a85:86cc:f6c4:2348,4,4,0.00,59.83,0.00,SIN
2a06:98c1:3100:3525:6fa9:f073:5242:5a5b,4,4,0.00,59.83,0.00,SIN
2a06:98c1:50:f:8cdb:1b65:56c0:8180,4,4,0.00,59.83,0.00,SIN
2a06:98c1:310d:f04e:d8a5:4fc2:89cd:5416,4,4,0.00,59.83,0.00,SIN
2a06:98c1:310d:f04e:d8a5:4fac:d085:bc7d,4,4,0.00,59.83,0.00,SIN
2a06:98c1:3106:ca:9a85:8fe:5759:d059,4,4,0.00,59.83,0.00,SIN
2803:f800:51:0:3a:72fd:a545:2c18,4,4,0.00,59.83,0.00,SIN
2a06:98c1:50:fdfe:99c:92fb:e17c:4ae3,4,4,0.00,59.84,0.00,SIN
2a06:98c1:310c:f49c:7120:3797:ecc5:acc4,4,4,0.00,59.84,0.00,SIN
2a06:98c1:310d:f04e:d8a5:4fac:fcf5:e4cd,4,4,0.00,59.84,0.00,SIN
2a06:98c1:3106:0:98:1d14:681f:b4ca,4,4,0.00,59.84,0.00,SIN
2803:f800:51:379b:e55c:cf53:2f68:f710,4,4,0.00,59.84,0.00,SIN
2803:f800:51:676a:7d0b:9201:6c7b:b82c,4,4,0.00,59.84,0.00,SIN
2a06:98c1:310c:f49c:7120:d6ea:e565:4def,4,4,0.00,59.84,0.00,SIN
2a06:98c1:3103:9728:ba04:416b:be3d:3ee2,4,4,0.00,59.84,0.00,SIN
2a06:98c1:310b:0:c0fa:4444:6a88:12fa,4,4,0.00,59.84,0.00,SIN
2400:cb00:2049:ab:1e85:e5b0:18a8:9615,4,4,0.00,59.84,0.00,SIN
2a06:98c1:310d:f04e:3b25:875c:497e:420a,4,4,0.00,59.84,0.00,SIN
2a06:98c1:310d:f04e:3b25:f7f:fbb1:19f2,4,4,0.00,59.84,0.00,SIN
2a06:98c1:3108:3a23:83e0:f080:7c89:6ada,4,4,0.00,59.84,0.00,SIN
2a06:98c1:50:0:c5:437:f37:b2a2,4,4,0.00,59.84,0.00,SIN
2a06:98c1:310a:36:c2f5:c830:3e35:68be,4,4,0.00,59.84,0.00,SIN
2a06:98c1:310b:c4:7fb6:5b6a:f241:c71,4,4,0.00,59.85,0.00,SIN
2a06:98c1:310b:6c:bdab:4920:de08:2a8e,4,4,0.00,59.85,0.00,SIN
2400:cb00:2049:b2a5:f4a0:c70:273e:8314,4,4,0.00,59.85,0.00,SIN
2a06:98c1:3102:ee60:d08d:b676:763c:ab76,4,4,0.00,59.85,0.00,SIN
2400:cb00:2049:82:3cb6:d385:4056:780b,4,4,0.00,59.85,0.00,SIN
2a06:98c1:3103:c627:c643:2dba:6a0:2f27,4,4,0.00,59.85,0.00,SIN
2803:f800:50:f049:b3e6:37ce:60b9:5b4f,4,4,0.00,59.85,0.00,SIN
2a06:98c1:3104:64:cafb:42d8:d31b:69e3,4,4,0.00,59.85,0.00,SIN
2a06:98c1:51:aece:fdcf:2f8a:d951:928,4,4,0.00,59.86,0.00,SIN
2a06:98c1:50:4f1e:20be:adba:843:db5,4,4,0.00,59.86,0.00,SIN
2a06:98c1:310a:0:e7a6:9387:c49c:4042,4,4,0.00,59.86,0.00,SIN
2a06:98c1:3100::d3:8312:fb9c,4,4,0.00,59.86,0.00,SIN
2a06:98c1:3100:0:9f:5b4e:548d:1865,4,4,0.00,59.86,0.00,SIN
2a06:98c1:3108:3a23:83e0:b0d8:3d82:eb55,4,4,0.00,59.86,0.00,SIN
2a06:98c1:3107:aee4:c37e:150d:e8c6:80c5,4,4,0.00,59.86,0.00,SIN
2a06:98c1:310d:0:d3d2:b989:4474:69a4,4,4,0.00,59.86,0.00,SIN
2a06:98c1:310c:14:4a8e:e653:39fd:2d4b,4,4,0.00,59.86,0.00,SIN
2a06:98c1:3108:0:4f48:ef51:ce24:9971,4,4,0.00,59.86,0.00,SIN
2a06:98c1:3103:c627:c6d4:65a3:a431:a253,4,4,0.00,59.86,0.00,SIN
2a06:98c1:3106:8688:7dad:310e:4457:562e,4,4,0.00,59.87,0.00,SIN
2a06:98c1:310b:f3:d05e:fbd1:1198:a1ef,4,4,0.00,59.87,0.00,SIN
2a06:98c1:3109::78:f49:9f12,4,4,0.00,59.87,0.00,SIN
2a06:98c1:3103:b862:c39:62a0:4ca5:2e85,4,4,0.00,59.87,0.00,SIN
2a06:98c1:310c:eb:df51:354f:2fc6:3aaa,4,4,0.00,59.87,0.00,SIN
2803:f800:51:0:3a:7289:5cd1:3ccd,4,4,0.00,59.87,0.00,SIN
2a06:98c1:3100:7ded:e0e1:152f:c491:9a0c,4,4,0.00,59.87,0.00,SIN
2a06:98c1:310b:0:36c7:979b:393:c0bd,4,4,0.00,59.87,0.00,SIN
2a06:98c1:51:0:e5bd:f948:8f83:23b1,4,4,0.00,59.87,0.00,SIN
2a06:98c1:3103:183b:c02e:dd74:38c8:ea39,4,4,0.00,59.87,0.00,SIN
2a06:98c1:3107:0:7edf:27b0:6c6c:eb48,4,4,0.00,59.87,0.00,SIN
2a06:98c1:3106:6c:c3f:db99:5119:e0e2,4,4,0.00,59.88,0.00,SIN
2a06:98c1:3106::d5:fc0f:ab9a,4,4,0.00,59.88,0.00,SIN
2a06:98c1:3103:7d22:28cd:a895:22e2:a8ea,4,4,0.00,59.88,0.00,SIN
2a06:98c1:3106:6c:655f:1461:7edd:91b8,4,4,0.00,59.88,0.00,SIN
2a06:98c1:3100:7d14:928b:cfef:8477:899c,4,4,0.00,59.88,0.00,SIN
2a06:98c1:3108:6a:b7e3:2aa0:42b7:cc37,4,4,0.00,59.88,0.00,SIN
2a06:98c1:310e:c8:5d12:c2a1:58ba:bdeb,4,4,0.00,59.88,0.00,SIN
2a06:98c1:3107:ae97:426a:30ce:8cf9:69d5,4,4,0.00,59.88,0.00,SIN
2a06:98c1:3100:3525:6f42:a173:d949:df08,4,4,0.00,59.88,0.00,SIN
2803:f800:50:85:4f13:d390:fa24:1d21,4,4,0.00,59.88,0.00,SIN
2a06:98c1:3106:6c:c7b:451f:3119:a61c,4,4,0.00,59.88,0.00,SIN
2a06:98c1:310c:eb:df6c:bc0a:d9da:ed0c,4,4,0.00,59.88,0.00,SIN
2a06:98c1:310c:f49c:7120:3797:ecc1:784b,4,4,0.00,59.88,0.00,SIN
2a06:98c1:310c:eb:4a53:4d45:83a2:77a,4,4,0.00,59.88,0.00,SIN
2a06:98c1:3107:0:2e:6193:be73:ec69,4,4,0.00,59.88,0.00,SIN
2a06:98c1:3103:0:c0df:4f02:f96b:9b00,4,4,0.00,59.89,0.00,SIN
2803:f800:50:f049:b256:e85d:430f:a5cc,4,4,0.00,59.89,0.00,SIN
2a06:98c1:3103:e577:397b:edc:7e5f:13f3,4,4,0.00,59.89,0.00,SIN
2a06:98c1:3108:3a6e:9ac2:93bb:7842:1124,4,4,0.00,59.89,0.00,SIN
2a06:98c1:3102:4e68:39ab:fdac:299a:97cc,4,4,0.00,59.89,0.00,SIN
2a06:98c1:3103:e577:343b:1be3:432f:a4fb,4,4,0.00,59.89,0.00,SIN
2a06:98c1:3106:8688:f6af:c33b:b7f7:80bf,4,4,0.00,59.89,0.00,SIN
2a06:98c1:3103:9728:baa2:1592:f44:5fdd,4,4,0.00,59.89,0.00,SIN
2a06:98c1:310d:f0c3:ad57:ca70:89e5:9243,4,4,0.00,59.89,0.00,SIN
2a06:98c1:3104:8b:a44f:5ad9:127c:e1fb,4,4,0.00,59.89,0.00,SIN
2a06:98c1:3106:ca:234c:b345:ec26:b789,4,4,0.00,59.89,0.00,SIN
2803:f800:51:0:3a:66d8:e621:754d,4,4,0.00,59.90,0.00,SIN
2a06:98c1:310c:eb:df51:a1cc:7122:89fe,4,4,0.00,59.90,0.00,SIN
2a06:98c1:3106:8688:f6af:c33b:306d:ad8d,4,4,0.00,59.90,0.00,SIN
2a06:98c1:3104:64:5718:7cae:f2c3:763c,4,4,0.00,59.90,0.00,SIN
2a06:98c1:3107:0:7edf:27db:15a4:b91b,4,4,0.00,59.90,0.00,SIN
2a06:98c1:310e:c949:6c24:e8d0:752b:87b4,4,4,0.00,59.90,0.00,SIN
2803:f800:50:f049:b339:935d:10af:cc1b,4,4,0.00,59.90,0.00,SIN
2a06:98c1:3101:0:9ae7:c33:fb07:b3d7,4,4,0.00,59.90,0.00,SIN
2a06:98c1:310c:14:1c83:7c89:fccc:b245,4,4,0.00,59.90,0.00,SIN
2a06:98c1:310a:17:1ad8:c88d:78f0:ac17,4,4,0.00,59.90,0.00,SIN
2a06:98c1:3108::9cba:3f84:25ed,4,4,0.00,59.90,0.00,SIN
2a06:98c1:310b:f3:ddff:507a:2cb:99ef,4,4,0.00,59.91,0.00,SIN
2a06:98c1:3102:ee60:d08d:b662:b42:293,4,4,0.00,59.91,0.00,SIN
2803:f800:50:0:e77b:5193:97ec:7b55,4,4,0.00,59.91,0.00,SIN
2a06:98c1:3108:7568:41cb:6c92:e1a4:741e,4,4,0.00,59.91,0.00,SIN
2a06:98c1:310c:5c:326e:19df:d335:3060,4,4,0.00,59.91,0.00,SIN
2a06:98c1:3103:9728:bac7:c64:be14:165a,4,4,0.00,59.91,0.00,SIN
2a06:98c1:310c:5c:7ede:78f8:b3f:ba09,4,4,0.00,59.91,0.00,SIN
2803:f800:51:0:7f:8ee:be99:25f0,4,4,0.00,59.91,0.00,SIN
2a06:98c1:310c:eb:df6c:197a:9e85:d9f9,4,4,0.00,59.91,0.00,SIN
2a06:98c1:310e:c8:efc5:2f47:8969:2155,4,4,0.00,59.91,0.00,SIN
2a06:98c1:3103:9715:120b:5f86:3216:ac,4,4,0.00,59.91,0.00,SIN
2803:f800:51:67e1:5adf:1acc:65ad:bd4e,4,4,0.00,59.91,0.00,SIN
2a06:98c1:50:0:b0a5:511c:d32f:4c4f,4,4,0.00,59.91,0.00,SIN
2a06:98c1:3101:f38f:88d2:bfaa:3d0c:4458,4,4,0.00,59.91,0.00,SIN
2400:cb00:2049:b200:61f6:e75a:ba27:e8e7,4,4,0.00,59.91,0.00,SIN
2a06:98c1:3101:0:bcad:4621:46fd:6ff0,4,4,0.00,59.91,0.00,SIN
2a06:98c1:50:0:913b:2e71:7b8b:a0a0,4,4,0.00,59.91,0.00,SIN
2a06:98c1:51:aece:50a:b904:cd61:ce09,4,4,0.00,59.92,0.00,SIN
2a06:98c1:3106:6c:655f:1457:e1ee:a847,4,4,0.00,59.92,0.00,SIN
2a06:98c1:50:4f1e:205c:9d32:26c3:ca46,4,4,0.00,59.92,0.00,SIN
2a06:98c1:3103:b862:43a3:9e05:9922:51d2,4,4,0.00,59.92,0.00,SIN
2400:cb00:2049:2929:9ec7:fd8b:4915:512c,4,4,0.00,59.92,0.00,SIN
2a06:98c1:3102:0:f5b1:d0f3:c36d:83da,4,4,0.00,59.92,0.00,SIN
2a06:98c1:3102:0:f1ca:1299:10e1:6002,4,4,0.00,59.92,0.00,SIN
2a06:98c1:3106:8688:f6af:c33b:b7d8:9605,4,4,0.00,59.92,0.00,SIN
2a06:98c1:3100:0:c632:78f9:fb79:2492,4,4,0.00,59.92,0.00,SIN
2a06:98c1:310b:f3:dd22:9ace:c336:f12c,4,4,0.00,59.92,0.00,SIN
2a06:98c1:51:2d:a794:cacc:9395:907c,4,4,0.00,59.92,0.00,SIN
2a06:98c1:51:ae55:2d58:6843:7a04:6c48,4,4,0.00,59.92,0.00,SIN
2a06:98c1:3106:8688:7a:e6b9:e157:d551,4,4,0.00,59.92,0.00,SIN
2a06:98c1:3105:0:533f:a2a4:2cf2:b8b2,4,4,0.00,59.93,0.00,SIN
2a06:98c1:310f:0:d5f2:7abe:6ab7:883a,4,4,0.00,59.93,0.00,SIN
2a06:98c1:310c:14:4ae8:a2af:955a:73cb,4,4,0.00,59.93,0.00,SIN
2a06:98c1:50:0:bc76:4e23:6465:b0b4,4,4,0.00,59.93,0.00,SIN
2a06:98c1:310b:0:365f:aa7:d174:1e5d,4,4,0.00,59.93,0.00,SIN
2a06:98c1:310b:0:365f:aeae:29dd:8a41,4,4,0.00,59.93,0.00,SIN
2a06:98c1:3100:e7:85ee:3924:3fc1:fe7f,4,4,0.00,59.93,0.00,SIN
2803:f800:50:0:dd:1338:c35:e70e,4,4,0.00,59.93,0.00,SIN
2a06:98c1:3104::d4ac:936b:5c4a,4,4,0.00,59.93,0.00,SIN
2a06:98c1:3103:c627:278b:ca86:c97e:45a5,4,4,0.00,59.93,0.00,SIN
2a06:98c1:3104:de5f:fdd4:cf53:e3bf:e441,4,4,0.00,59.93,0.00,SIN
2a06:98c1:3101:da:a589:4fbd:d576:5ecf,4,4,0.00,59.93,0.00,SIN
2a06:98c1:3107:ae97:964b:c997:ab01:450c,4,4,0.00,59.93,0.00,SIN
2400:cb00:2049:b2a5:17fd:8131:d3a2:eb62,4,4,0.00,59.94,0.00,SIN
2a06:98c1:3100:7ded:e0e1:36e6:e4fc:b7a,4,4,0.00,59.94,0.00,SIN
2a06:98c1:3102:ee60:d044:ca05:daac:742a,4,4,0.00,59.94,0.00,SIN
2a06:98c1:310d:f04e:3bef:87b2:8258:d529,4,4,0.00,59.94,0.00,SIN
2a06:98c1:3103:e577:397b:e10:7dca:4276,4,4,0.00,59.94,0.00,SIN
2400:cb00:2049:2929:9ec7:fd05:ae80:fb3e,4,4,0.00,59.94,0.00,SIN
2a06:98c1:50:6b31:c13e:1f65:6075:8d4b,4,4,0.00,59.94,0.00,SIN
2a06:98c1:310d:e8:5e5b:dc2c:362b:91ac,4,4,0.00,59.95,0.00,SIN
2a06:98c1:310b:c4:7f0f:2ffc:2a75:e47b,4,4,0.00,59.95,0.00,SIN
2400:cb00:2049:ab:fd26:2c6:12f0:797f,4,4,0.00,59.95,0.00,SIN
2a06:98c1:310a:17:b383:b64f:2007:4e10,4,4,0.00,59.95,0.00,SIN
2a06:98c1:3100:0:a1:48bd:5c43:d863,4,4,0.00,59.95,0.00,SIN
2a06:98c1:3103:e577:2f2e:8155:476:17a6,4,4,0.00,59.95,0.00,SIN
2a06:98c1:3104::d4d7:614e:e76c,4,4,0.00,59.95,0.00,SIN
2a06:98c1:3106::af55:b633:7ee8,4,4,0.00,59.95,0.00,SIN
2a06:98c1:3109:8481:5f9f:d51d:56c7:f977,4,4,0.00,59.95,0.00,SIN
2a06:98c1:310d:0:d3d2:d599:6f2f:c06a,4,4,0.00,59.95,0.00,SIN
2a06:98c1:3100:7ded:e0e1:1570:e36c:57d1,4,4,0.00,59.95,0.00,SIN
2a06:98c1:3100:7ded:aa50:a300:d216:a2cc,4,4,0.00,59.95,0.00,SIN
2a06:98c1:3104:f9:af33:3371:f882:5fa7,4,4,0.00,59.95,0.00,SIN
2a06:98c1:3102:4e68:6d60:ef99:cfd8:738c,4,4,0.00,59.95,0.00,SIN
2a06:98c1:3107:ae97:964b:f681:3b8:8810,4,4,0.00,59.95,0.00,SIN
2a06:98c1:3106:0:98:ad0d:6388:8e1c,4,4,0.00,59.96,0.00,SIN
2a06:98c1:310c:eb:df51:35c5:8d6f:434c,4,4,0.00,59.96,0.00,SIN
2400:cb00:2049:b2a5:f434:2ae6:2772:573,4,4,0.00,59.96,0.00,SIN
2a06:98c1:3108:0:4f24:3ca9:41b2:b55f,4,4,0.00,59.96,0.00,SIN
2a06:98c1:50:4f1e:205c:b918:4a4e:1ba9,4,4,0.00,59.96,0.00,SIN
2a06:98c1:3100:7ded:e0e1:5d3b:f03d:1f5,4,4,0.00,59.96,0.00,SIN
2a06:98c1:310a:17:1a6b:4aa2:1d88:f348,4,4,0.00,59.96,0.00,SIN
2803:f800:51:0:7f:812:cd01:5d0e,4,4,0.00,59.96,0.00,SIN
2a06:98c1:3106:8688:f6af:c3d7:143:9879,4,4,0.00,59.96,0.00,SIN
2a06:98c1:51:aece:50a:b9f7:cea9:8ccd,4,4,0.00,59.96,0.00,SIN
2803:f800:50::65:4c88:c824,4,4,0.00,59.96,0.00,SIN
2a06:98c1:3106:6c:655f:147d:274f:a6bf,4,4,0.00,59.97,0.00,SIN
2a06:98c1:3106:8688:7dad:bd4b:bcbe:8a04,4,4,0.00,59.97,0.00,SIN
2a06:98c1:3105:0:533f:c61d:193:ac7,4,4,0.00,59.97,0.00,SIN
2a06:98c1:50:fdfe:99c:803c:547c:3a48,4,4,0.00,59.97,0.00,SIN
2a06:98c1:3103:c627:c6c4:9375:7db:cc03,4,4,0.00,59.97,0.00,SIN
2a06:98c1:50:0:c5:437:d49:de99,4,4,0.00,59.97,0.00,SIN
2a06:98c1:50:0:9164:9fd6:59e:f17b,4,4,0.00,59.97,0.00,SIN
2a06:98c1:3103:c627:2721:9f95:6d5c:e71c,4,4,0.00,59.97,0.00,SIN
2a06:98c1:310e:0:fa3c:bebe:3af9:278d,4,4,0.00,59.97,0.00,SIN
2a06:98c1:3106:8688:f648:e977:5d6d:1c2a,4,4,0.00,59.97,0.00,SIN
2a06:98c1:3103:9728:ba04:416b:e9d3:a416,4,4,0.00,59.97,0.00,SIN
2a06:98c1:50:0:c5:dbab:a8ad:739c,4,4,0.00,59.97,0.00,SIN
2a06:98c1:310b:6c:bd54:f45e:adf1:4dd,4,4,0.00,59.97,0.00,SIN
2a06:98c1:3104:8b:81e2:5112:1ba3:d47d,4,4,0.00,59.97,0.00,SIN
2a06:98c1:3109:e1:7bde:f25b:d1f4:3e50,4,4,0.00,59.97,0.00,SIN
2a06:98c1:50:4f1e:2008:a513:ac3f:d6f0,4,4,0.00,59.97,0.00,SIN
2a06:98c1:3101:f322:d27:aa85:b65e:5312,4,4,0.00,59.97,0.00,SIN
2a06:98c1:310b:f3:dd17:3e11:62e3:2ad8,4,4,0.00,59.98,0.00,SIN
2a06:98c1:3100:3525:6fa9:f073:5273:554e,4,4,0.00,59.98,0.00,SIN
2a06:98c1:50:fd1d:4c41:cad9:d76b:4890,4,4,0.00,59.98,0.00,SIN
2a06:98c1:3108:0:d3:466:f871:f2cc,4,4,0.00,59.98,0.00,SIN
2a06:98c1:3101:f322:cb25:6854:8117:dfc7,4,4,0.00,59.98,0.00,SIN
2a06:98c1:310e:c949:c27:3af0:cc3d:63ed,4,4,0.00,59.98,0.00,SIN
2a06:98c1:3107:0:2e:768f:d918:ea2e,4,4,0.00,59.98,0.00,SIN
2a06:98c1:3103:e577:397b:edc:f749:f74d,4,4,0.00,59.98,0.00,SIN
2a06:98c1:310e:c98d:3c11:84c0:c103:7836,4,4,0.00,59.98,0.00,SIN
2a06:98c1:310b:0:d3:6e8c:7412:ef64,4,4,0.00,59.98,0.00,SIN
2a06:98c1:3107:ae51:1377:ec5b:7d5c:2da8,4,4,0.00,59.98,0.00,SIN
2a06:98c1:3108:759c:3ab2:a2c8:4bba:30ef,4,4,0.00,59.98,0.00,SIN
2a06:98c1:3104:cef7:cd54:488f:f860:9641,4,4,0.00,59.99,0.00,SIN
2803:f800:50:0:e77b:b538:2bdc:381c,4,4,0.00,59.99,0.00,SIN
2a06:98c1:310a:36:414d:c4ed:f0ac:6f15,4,4,0.00,59.99,0.00,SIN
2a06:98c1:3106:ca:5f84:775b:61b0:c67c,4,4,0.00,59.99,0.00,SIN
2a06:98c1:3103:9715:1212:ef64:6a47:7f36,4,4,0.00,59.99,0.00,SIN
2a06:98c1:3101:f322:d82:1736:b570:1274,4,4,0.00,59.99,0.00,SIN
2803:f800:50:0:e77b:afc9:9bc4:5d5a,4,4,0.00,59.99,0.00,SIN
2a06:98c1:3103:183b:c02e:6f2e:dd71:a136,4,4,0.00,59.99,0.00,SIN
2a06:98c1:3105:85a9:8619:7f74:841:97a5,4,4,0.00,59.99,0.00,SIN
2a06:98c1:50:0:bcf0:d1b2:8741:2c26,4,4,0.00,59.99,0.00,SIN
2a06:98c1:310e:c8:efc5:25a8:1f09:5b24,4,4,0.00,59.99,0.00,SIN
2a06:98c1:3100:0:c6c4:afcf:6593:45ee,4,4,0.00,59.99,0.00,SIN
2a06:98c1:51:0:c5:9f09:7aca:3db9,4,4,0.00,59.99,0.00,SIN
2a06:98c1:3107:aee4:c53e:9a81:ba5b:1907,4,4,0.00,59.99,0.00,SIN
2400:cb00:2049:0:4bb4:1ed9:48e2:dfed,4,4,0.00,59.99,0.00,SIN
2a06:98c1:50:fd1d:4d65:2cbb:5ba5:6255,4,4,0.00,59.99,0.00,SIN
2a06:98c1:50:6b76:649c:65f7:80b6:6da6,4,4,0.00,60.00,0.00,SIN
2a06:98c1:310c:5c:7ede:784c:650:bfc6,4,4,0.00,60.00,0.00,SIN
2a06:98c1:3105:854d:3bb1:3e51:b339:f2d0,4,4,0.00,60.00,0.00,SIN
2a06:98c1:310c:d4:9478:3cc8:af70:182f,4,4,0.00,60.00,0.00,SIN
2a06:98c1:310a:36:c2f5:c830:3ed4:6617,4,4,0.00,60.00,0.00,SIN
2a06:98c1:3103:9715:120b:5f86:3222:c6d6,4,4,0.00,60.00,0.00,SIN
2a06:98c1:310b:0:d3:6e8c:74a0:b2ce,4,4,0.00,60.00,0.00,SIN
2a06:98c1:3102:ee60:d044:cae3:6af2:cce2,4,4,0.00,60.00,0.00,SIN
2803:f800:51::d8fd:fd28,4,4,0.00,60.00,0.00,SIN
2a06:98c1:51:aece:8ab9:81c0:91f6:d43c,4,4,0.00,60.00,0.00,SIN
2400:cb00:2049:b2a5:f4a0:349f:adb5:50b2,4,4,0.00,60.00,0.00,SIN
2a06:98c1:310c:5c:7e38:aaa5:bf3b:f5b6,4,4,0.00,60.00,0.00,SIN
2a06:98c1:3100:e7:85ee:5a20:cd65:ca2d,4,4,0.00,60.00,0.00,SIN
2803:f800:50:0:e77b:af8b:4dce:1c25,4,4,0.00,60.00,0.00,SIN
2a06:98c1:3100:7d1b:2b3c:db83:5c99:5560,4,4,0.00,60.01,0.00,SIN
2a06:98c1:3108:0:4f24:3c24:52e3:662c,4,4,0.00,60.01,0.00,SIN
2a06:98c1:3106:6c:655f:147d:6c4d:e875,4,4,0.00,60.01,0.00,SIN
2a06:98c1:310d:f04e:a536:8391:dff3:5582,4,4,0.00,60.01,0.00,SIN
2a06:98c1:310f:a8:42db:9359:3832:d722,4,4,0.00,60.01,0.00,SIN
2a06:98c1:50:4fc1:2a6a:a8f5:5de2:ee07,4,4,0.00,60.01,0.00,SIN
2a06:98c1:3106:8688:6307:a91a:e432:22df,4,4,0.00,60.01,0.00,SIN
2a06:98c1:310a:ca56:cd07:8e8e:4723:55ae,4,4,0.00,60.01,0.00,SIN
2a06:98c1:3103:183b:c03a:c59c:c7dc:4a8f,4,4,0.00,60.01,0.00,SIN
2a06:98c1:3107:ae97:189f:1897:8c64:96da,4,4,0.00,60.01,0.00,SIN
2a06:98c1:51:ae55:a453:5b3c:38df:a99d,4,4,0.00,60.01,0.00,SIN
2a06:98c1:3100:e7:ce3b:8dc3:a7e5:52e6,4,4,0.00,60.01,0.00,SIN
2a06:98c1:3106:86ad:f6f1:4740:fd02:ef1d,4,4,0.00,60.02,0.00,SIN
2a06:98c1:3100:7d14:9232:a358:c2a2:4561,4,4,0.00,60.02,0.00,SIN
2a06:98c1:3103:9715:120b:5fa5:c5a4:5d52,4,4,0.00,60.02,0.00,SIN
2a06:98c1:3108::591a:c70:ef7c,4,4,0.00,60.02,0.00,SIN
2a06:98c1:50:74:9d4b:25fc:10b9:e257,4,4,0.00,60.02,0.00,SIN
2a06:98c1:310c:0:7f3e:2d87:3420:1eb,4,4,0.00,60.02,0.00,SIN
2a06:98c1:3108:759c:3a94:bd45:dde7:a3aa,4,4,0.00,60.02,0.00,SIN
2a06:98c1:3102:4e68:d314:b19c:41cf:a7f7,4,4,0.00,60.02,0.00,SIN
2400:cb00:2049::6066:770b,4,4,0.00,60.02,0.00,SIN
2a06:98c1:3103:9728:baa2:1919:1026:6b07,4,4,0.00,60.02,0.00,SIN
2a06:98c1:3104:64:ca50:b47a:a60c:ac09,4,4,0.00,60.02,0.00,SIN
2803:f800:50:f049:2608:fdda:9545:f7cd,4,4,0.00,60.02,0.00,SIN
2a06:98c1:51:ae55:2d58:a211:866c:cd72,4,4,0.00,60.03,0.00,SIN
2a06:98c1:3104:64:578f:ecbf:8da3:a9d,4,4,0.00,60.03,0.00,SIN
2a06:98c1:310c:eb:df51:a1cc:711d:9342,4,4,0.00,60.03,0.00,SIN
2a06:98c1:3106:6c:655f:1457:5b1c:12da,4,4,0.00,60.03,0.00,SIN
2a06:98c1:3101:0:bcad:465a:3f1d:a8d2,4,4,0.00,60.03,0.00,SIN
2a06:98c1:3105:8523:aa0a:9e6b:b828:a18,4,4,0.00,60.03,0.00,SIN
2400:cb00:2049:b2a5:f4a0:349f:a832:30bd,4,4,0.00,60.03,0.00,SIN
2a06:98c1:310c:eb:4a53:6282:505f:1694,4,4,0.00,60.03,0.00,SIN
2a06:98c1:3106:0:98:f0bb:499b:edbe,4,4,0.00,60.04,0.00,SIN
2a06:98c1:3101:f322:e9db:c7c5:6093:42f4,4,4,0.00,60.04,0.00,SIN
2a06:98c1:310c:eb:df51:354f:f55b:7965,4,4,0.00,60.04,0.00,SIN
2a06:98c1:310c:eb:4a0d:6d0c:90aa:3cf8,4,4,0.00,60.04,0.00,SIN
2a06:98c1:3104:ce0b:a2ff:67dd:4190:7f25,4,4,0.00,60.04,0.00,SIN
2a06:98c1:3106:86ad:f637:621:c5aa:3ae0,4,4,0.00,60.04,0.00,SIN
2a06:98c1:3100:e7:85ee:5a20:19bc:5105,4,4,0.00,60.04,0.00,SIN
2a06:98c1:310c:d4:94d9:d26a:74a:5843,4,4,0.00,60.04,0.00,SIN
2a06:98c1:3103:c627:c6c4:a28:2d24:90df,4,4,0.00,60.05,0.00,SIN
2a06:98c1:51:aece:50a:b9f7:c8d4:4312,4,4,0.00,60.05,0.00,SIN
2a06:98c1:50:fd1d:4d65:ddd4:d0e7:143a,4,4,0.00,60.05,0.00,SIN
2a06:98c1:3105:854d:3bb1:d10b:2542:b2df,4,4,0.00,60.05,0.00,SIN
2a06:98c1:51::2a4a:a8d8,4,4,0.00,60.05,0.00,SIN
2a06:98c1:3106:ca:9a85:c5f9:6f02:7d0b,4,4,0.00,60.05,0.00,SIN
2a06:98c1:50:0:bcf0:e346:b088:226c,4,4,0.00,60.05,0.00,SIN
2a06:98c1:310c:14:4ae8:a2af:190f:2196,4,4,0.00,60.05,0.00,SIN
2a06:98c1:50:0:b0a5:511c:5bde:d48b,4,4,0.00,60.05,0.00,SIN
2a06:98c1:310e:c8:5d12:5773:4f96:95ea,4,4,0.00,60.05,0.00,SIN
2a06:98c1:3100:0:9f:6331:1cb6:59d6,4,4,0.00,60.05,0.00,SIN
2a06:98c1:3105:0:53ff:e4a0:90c9:725f,4,4,0.00,60.05,0.00,SIN
2803:f800:50:0:e77b:b51b:904a:841,4,4,0.00,60.05,0.00,SIN
2a06:98c1:50:fd1d:4d8a:f85b:6811:f11f,4,4,0.00,60.05,0.00,SIN
2a06:98c1:50:fd1d:6e03:b54b:538d:3945,4,4,0.00,60.05,0.00,SIN
2a06:98c1:51:aece:fd54:1cd6:11b2:c766,4,4,0.00,60.05,0.00,SIN
2a06:98c1:310d:0:c94:42bc:549d:b21,4,4,0.00,60.05,0.00,SIN
2a06:98c1:3107:aee4:c53e:7b0c:c857:dd1,4,4,0.00,60.05,0.00,SIN
2a06:98c1:3106:ca:1748:6f4a:7dd5:be34,4,4,0.00,60.05,0.00,SIN
2a06:98c1:3103:9715:1212:6842:7ec5:70b5,4,4,0.00,60.05,0.00,SIN
2803:f800:51:d3:62bb:25d0:f6d3:5c9e,4,4,0.00,60.06,0.00,SIN
2a06:98c1:3106:8688:7dad:310e:44fa:931b,4,4,0.00,60.06,0.00,SIN
2a06:98c1:310a:17:1ad8:c808:ff11:a887,4,4,0.00,60.06,0.00,SIN
2a06:98c1:3102:ee60:d0fd:5188:fa1f:f2cc,4,4,0.00,60.06,0.00,SIN
2a06:98c1:3102:ee60:d0fd:5188:5b21:1c94,4,4,0.00,60.06,0.00,SIN
2a06:98c1:3102:ee60:d0a9:f9c6:f5cb:9d6e,4,4,0.00,60.06,0.00,SIN
2a06:98c1:3102:ee60:d0fd:5134:e171:a1a2,4,4,0.00,60.06,0.00,SIN
2a06:98c1:3104:f9:af98:c6bb:5a27:f547,4,4,0.00,60.06,0.00,SIN
2a06:98c1:3103:9715:63e5:16d0:9a53:8439,4,4,0.00,60.06,0.00,SIN
2a06:98c1:3101:f3af:ed6e:dd35:dedb:23a5,4,4,0.00,60.06,0.00,SIN
2a06:98c1:3103:e577:343b:f629:8827:ccf1,4,4,0.00,60.06,0.00,SIN
2a06:98c1:51:aece:296c:23bb:a623:9c3c,4,4,0.00,60.07,0.00,SIN
2a06:98c1:3105:b1:501a:d74d:7a94:27b4,4,4,0.00,60.07,0.00,SIN
2a06:98c1:310d::97:98b7:6052,4,4,0.00,60.07,0.00,SIN
2a06:98c1:51:ae55:2d83:8e75:ed61:78a7,4,4,0.00,60.07,0.00,SIN
2a06:98c1:3100:3525:ba13:6f6f:df9a:e3f1,4,4,0.00,60.07,0.00,SIN
2400:cb00:2049:29e6:f2be:b29e:b616:6ea6,4,4,0.00,60.07,0.00,SIN
2803:f800:51:67e1:5abc:1c48:fbb8:d65e,4,4,0.00,60.07,0.00,SIN
2a06:98c1:3109:8481:5f9f:d578:e603:4444,4,4,0.00,60.07,0.00,SIN
2a06:98c1:3108:7568:41cb:6c92:e1c7:2455,4,4,0.00,60.07,0.00,SIN
2a06:98c1:310c:0:7f3e:2de3:1325:3b9f,4,4,0.00,60.07,0.00,SIN
2a06:98c1:3104:ce0b:a2ff:4288:c6fe:2632,4,4,0.00,60.07,0.00,SIN
2a06:98c1:3103:7d22:cedf:2d3:9911:19dd,4,4,0.00,60.07,0.00,SIN
2a06:98c1:50:6b31:c1cf:c251:f2d:5acd,4,4,0.00,60.07,0.00,SIN
2a06:98c1:3100:7d40:b2bd:6834:9690:1b55,4,4,0.00,60.07,0.00,SIN
2a06:98c1:3101:da:a589:4fbd:9852:9368,4,4,0.00,60.08,0.00,SIN
2a06:98c1:3101:da:a589:c2a7:7469:4733,4,4,0.00,60.08,0.00,SIN
2a06:98c1:50:6b31:c8aa:5156:e325:b59d,4,4,0.00,60.08,0.00,SIN
2a06:98c1:310b:f3:fe68:54d5:cb42:a3bf,4,4,0.00,60.08,0.00,SIN
2400:cb00:2049:b2a5:f4a0:c70:2700:f0f5,4,4,0.00,60.08,0.00,SIN
2a06:98c1:310a:36:ecdf:aec3:d637:b7a9,4,4,0.00,60.08,0.00,SIN
2400:cb00:2049:0:4bb4:e928:71d3:a6d,4,4,0.00,60.08,0.00,SIN
2a06:98c1:3103:c627:2721:a8f0:be73:1b12,4,4,0.00,60.08,0.00,SIN
2a06:98c1:3106:0:2288:eac1:ff30:12d4,4,4,0.00,60.08,0.00,SIN
2a06:98c1:3104:0:7:b212:edd4:d02e,4,4,0.00,60.09,0.00,SIN
2a06:98c1:3107:0:7edf:27db:9326:bba7,4,4,0.00,60.09,0.00,SIN
2a06:98c1:50:fd1d:4c41:1f2f:8db3:331d,4,4,0.00,60.09,0.00,SIN
2a06:98c1:50:74:9d4b:25b5:78d6:a958,4,4,0.00,60.09,0.00,SIN
2a06:98c1:3104:deb8:dccc:46dc:c74:deae,4,4,0.00,60.09,0.00,SIN
2a06:98c1:3100:e7:ce3b:8dea:6e9b:449b,4,4,0.00,60.09,0.00,SIN
2a06:98c1:3104:de5f:5fdb:ecf6:7967:9946,4,4,0.00,60.09,0.00,SIN
2a06:98c1:51:ae55:2d58:a2d9:b1da:7f33,4,4,0.00,60.09,0.00,SIN
2a06:98c1:50:0:91b6:a91:7a13:4533,4,4,0.00,60.09,0.00,SIN
2a06:98c1:3100:e7:ce47:386b:ab86:427e,4,4,0.00,60.09,0.00,SIN
2a06:98c1:3101:0:318c:90e0:33ec:5c19,4,4,0.00,60.09,0.00,SIN
2a06:98c1:310c:d4:94d9:d26a:7185:9f1a,4,4,0.00,60.09,0.00,SIN
2a06:98c1:3108:759c:3af8:e59c:60ce:1729,4,4,0.00,60.10,0.00,SIN
2a06:98c1:3102:ee60:d044:cae3:9818:bebb,4,4,0.00,60.10,0.00,SIN
2a06:98c1:310b:0:c00a:9652:3742:afb2,4,4,0.00,60.10,0.00,SIN
2a06:98c1:50:0:9147:cc3d:c32e:159b,4,4,0.00,60.10,0.00,SIN
2803:f800:50::65:4c04:7a34,4,4,0.00,60.10,0.00,SIN
2a06:98c1:3108:3a6e:9ac2:93bb:26d7:2731,4,4,0.00,60.10,0.00,SIN
2a06:98c1:50:4f1e:205c:9d79:f32e:ea80,4,4,0.00,60.10,0.00,SIN
2a06:98c1:3100:7ded:aa50:a300:3de4:8586,4,4,0.00,60.10,0.00,SIN
2a06:98c1:50:fdfe:95d:d164:8e04:375c,4,4,0.00,60.10,0.00,SIN
2a06:98c1:3105:0:533f:c61d:9982:5500,4,4,0.00,60.10,0.00,SIN
2a06:98c1:3103:18fc:3e2e:8d8c:7906:b046,4,4,0.00,60.11,0.00,SIN
2a06:98c1:3103:b862:43f9:e1cd:2085:8b4f,4,4,0.00,60.11,0.00,SIN
2a06:98c1:51::640a:b2da,4,4,0.00,60.11,0.00,SIN
2a06:98c1:310c:f49c:7120:3797:3e41:7f37,4,4,0.00,60.11,0.00,SIN
2a06:98c1:3103:c627:c6d4:6576:dc63:5aac,4,4,0.00,60.11,0.00,SIN
2a06:98c1:3108:759c:3ab2:a2c8:4b74:9ef,4,4,0.00,60.11,0.00,SIN
2a06:98c1:310b:c4:7f1f:d5ef:79e2:96ac,4,4,0.00,60.11,0.00,SIN
2400:cb00:2049:2978:3861:dcfe:39ba:8887,4,4,0.00,60.12,0.00,SIN
2a06:98c1:3106:0:98:ad82:c9a7:7727,4,4,0.00,60.12,0.00,SIN
2a06:98c1:3107:0:1510:fc1d:f68c:415f,4,4,0.00,60.12,0.00,SIN
2a06:98c1:3104:f9:8f79:cff5:22f1:e962,4,4,0.00,60.12,0.00,SIN
2a06:98c1:310b:f3:d065:acfb:bfb8:3201,4,4,0.00,60.12,0.00,SIN
2a06:98c1:3104:8b:a44f:5ad9:cdd1:31b3,4,4,0.00,60.12,0.00,SIN
2a06:98c1:3105::d791:ab1d:50aa,4,4,0.00,60.12,0.00,SIN
2a06:98c1:3103:9715:1212:ef22:77c1:e7ae,4,4,0.00,60.12,0.00,SIN
2a06:98c1:3104:de5f:5f42:1551:56c3:476c,4,4,0.00,60.12,0.00,SIN
2a06:98c1:3103:e5b4:1543:a7f1:863f:4079,4,4,0.00,60.12,0.00,SIN
2a06:98c1:310c:d4:94d9:d26a:f112:86ad,4,4,0.00,60.12,0.00,SIN
2a06:98c1:3102:ee60:d0a9:d9c9:bc41:c28e,4,4,0.00,60.12,0.00,SIN
2a06:98c1:3103:9728:f443:7094:63b:c5fc,4,4,0.00,60.13,0.00,SIN
2a06:98c1:310e:c9e4:2107:7a7b:47b8:4595,4,4,0.00,60.13,0.00,SIN
2a06:98c1:3103:183b:c03a:c59c:c7d6:a31c,4,4,0.00,60.13,0.00,SIN
2a06:98c1:310f:a8:b4d2:e9bf:a400:1690,4,4,0.00,60.13,0.00,SIN
2a06:98c1:3103:7d22:cecd:f32f:9845:4ecd,4,4,0.00,60.13,0.00,SIN
2a06:98c1:3103:b862:43f9:7181:80ee:2e45,4,4,0.00,60.13,0.00,SIN
2a06:98c1:3107:ae97:426a:a3b4:8729:a400,4,4,0.00,60.13,0.00,SIN
2a06:98c1:3107:aee4:c5bf:21d5:6dd2:cd1,4,4,0.00,60.13,0.00,SIN
2a06:98c1:3105::9f17:5dc1:b56f,4,4,0.00,60.13,0.00,SIN
2a06:98c1:50:fd1d:4d65:dd1b:56f6:d780,4,4,0.00,60.13,0.00,SIN
2a06:98c1:3107:ae97:189f:ca43:b037:f1d5,4,4,0.00,60.13,0.00,SIN
2a06:98c1:3100:3525:ba2b:8048:43a8:64c6,4,4,0.00,60.13,0.00,SIN
2a06:98c1:3107:aee4:c3f3:e4f:19b1:4da,4,4,0.00,60.14,0.00,SIN
2a06:98c1:310d:f04e:3b41:26e9:8cc7:e333,4,4,0.00,60.14,0.00,SIN
2a06:98c1:3105:0:50:69ab:f76a:a606,4,4,0.00,60.14,0.00,SIN
2a06:98c1:3101:f322:cb25:6854:48a8:f5c6,4,4,0.00,60.14,0.00,SIN
2a06:98c1:310b:0:c00a:d45b:7548:8fd9,4,4,0.00,60.14,0.00,SIN
2a06:98c1:310e:c8:5d12:6f62:5936:71bf,4,4,0.00,60.14,0.00,SIN
2803:f800:50:f049:b256:d94b:446a:ebde,4,4,0.00,60.14,0.00,SIN
2a06:98c1:3101:0:c9:17f2:73d8:642f,4,4,0.00,60.14,0.00,SIN
2a06:98c1:3107:0:7e64:2be3:cb29:ec0,4,4,0.00,60.15,0.00,SIN
2a06:98c1:3104:64:cafb:42d8:563d:9a3f,4,4,0.00,60.15,0.00,SIN
2a06:98c1:50:fd1d:4d65:dd1b:56d3:f7f8,4,4,0.00,60.16,0.00,SIN
2a06:98c1:3104:8b:810b:9c45:f1bc:8dc2,4,4,0.00,60.16,0.00,SIN
2a06:98c1:50:4f1e:20be:2023:1d2f:a2f7,4,4,0.00,60.16,0.00,SIN
2a06:98c1:3103:e577:343b:796d:508f:f1d1,4,4,0.00,60.16,0.00,SIN
2400:cb00:2049:ab:1e85:f39e:ed55:76da,4,4,0.00,60.16,0.00,SIN
2a06:98c1:3106:86ad:f6f1:40cb:7e03:b081,4,4,0.00,60.16,0.00,SIN
2a06:98c1:310e:c9e4:2107:117e:e0cd:4609,4,4,0.00,60.17,0.00,SIN
2803:f800:51:676a:7de2:4c40:262f:be9b,4,4,0.00,60.17,0.00,SIN
2803:f800:50:85:4f13:814e:76e7:5098,4,4,0.00,60.17,0.00,SIN
2a06:98c1:3101::5e45:b4c2:4775,4,4,0.00,60.17,0.00,SIN
2a06:98c1:3100:e7:ce47:b414:e6fe:1d0b,4,4,0.00,60.17,0.00,SIN
2803:f800:51:731b:a90e:5e47:3f06:48bb,4,4,0.00,60.17,0.00,SIN
2a06:98c1:3104:64:ca50:b452:8ffd:1a7e,4,4,0.00,60.17,0.00,SIN
2803:f800:50:85:4f13:814e:88d6:143a,4,4,0.00,60.17,0.00,SIN
2a06:98c1:310c:14:1c83:7c89:150f:8481,4,4,0.00,60.17,0.00,SIN
2a06:98c1:3109::f0:d734,4,4,0.00,60.17,0.00,SIN
2a06:98c1:3107:0:7e64:8bef:6b65:d08c,4,4,0.00,60.17,0.00,SIN
2a06:98c1:310e:0:fa3c:bebe:c6ff:b875,4,4,0.00,60.17,0.00,SIN
2a06:98c1:3107::60:9ff:e20f,4,4,0.00,60.18,0.00,SIN
2803:f800:50:85:2838:d52f:113c:aeb2,4,4,0.00,60.18,0.00,SIN
2a06:98c1:3103:7d40:b43e:a608:845:cc36,4,4,0.00,60.18,0.00,SIN
2a06:98c1:3101:f322:d82:1736:5c67:5eee,4,4,0.00,60.18,0.00,SIN
2a06:98c1:50:0:bcf0:e3ea:9921:ed5a,4,4,0.00,60.18,0.00,SIN
2a06:98c1:3100:0:c632:78f9:fbe7:848d,4,4,0.00,60.18,0.00,SIN
2a06:98c1:3100:e7:8534:88e9:8da9:1e8e,4,4,0.00,60.18,0.00,SIN
2a06:98c1:3105:0:533f:a2a4:1416:2c26,4,4,0.00,60.18,0.00,SIN
2a06:98c1:310c:5c:7e38:aa74:52a:ef99,4,4,0.00,60.18,0.00,SIN
2a06:98c1:3100:e7:ce3b:a3cb:788:60d9,4,4,0.00,60.18,0.00,SIN
2a06:98c1:3100:e7:ce3b:a3cb:b8bc:26e3,4,4,0.00,60.18,0.00,SIN
2803:f800:50:0:dd:ef1b:3334:3b00,4,4,0.00,60.19,0.00,SIN
2a06:98c1:310e:0:fa3c:21a6:b873:4eb6,4,4,0.00,60.19,0.00,SIN
2a06:98c1:50:6b31:c8ea:7bd0:dc1d:a681,4,4,0.00,60.19,0.00,SIN
2a06:98c1:3108:7568:4178:746b:a3af:d28d,4,4,0.00,60.19,0.00,SIN
2a06:98c1:3107:aee4:c3f3:894b:ac99:363f,4,4,0.00,60.19,0.00,SIN
2803:f800:50:0:dd:d6bb:aff5:22e8,4,4,0.00,60.19,0.00,SIN
2a06:98c1:3107:b7b8:a084:5d7:e594:73c0,4,4,0.00,60.19,0.00,SIN
2a06:98c1:3102:ee60:11f6:c961:4a0a:b0b,4,4,0.00,60.19,0.00,SIN
2a06:98c1:51:aece:5ff:44fa:9d62:b705,4,4,0.00,60.19,0.00,SIN
2a06:98c1:3103:c627:278b:ca86:f28d:203c,4,4,0.00,60.19,0.00,SIN
2a06:98c1:3101:f3af:edc0:99b5:6a8a:4eaa,4,4,0.00,60.19,0.00,SIN
2a06:98c1:3101:f3af:edc0:99b5:8b48:c1ab,4,4,0.00,60.19,0.00,SIN
2a06:98c1:3103:c627:278b:b0:4f80:7a87,4,4,0.00,60.20,0.00,SIN
2a06:98c1:3107:0:83:4c1f:d4a1:6151,4,4,0.00,60.20,0.00,SIN
2a06:98c1:3106:8688:f648:105b:751a:bd91,4,4,0.00,60.20,0.00,SIN
2a06:98c1:3103:f1:bb3b:5ffe:e7d4:99f0,4,4,0.00,60.20,0.00,SIN
2a06:98c1:50:fd1d:4c41:ca09:bdbb:2390,4,4,0.00,60.20,0.00,SIN
2a06:98c1:310c:14:1c83:7c15:5331:59df,4,4,0.00,60.20,0.00,SIN
2a06:98c1:3101:0:bcad:ca6c:d464:e095,4,4,0.00,60.20,0.00,SIN
2a06:98c1:310f:0:d01d:103c:3687:7269,4,4,0.00,60.20,0.00,SIN
2a06:98c1:310b:7e91:95df:a1d3:4e61:3eb7,4,4,0.00,60.20,0.00,SIN
2a06:98c1:3102:0:f1ca:1215:f1f7:98ea,4,4,0.00,60.20,0.00,SIN
2a06:98c1:3104:8b:810b:9c06:1381:c787,4,4,0.00,60.20,0.00,SIN
2a06:98c1:3104:cef7:5430:861b:365b:f2ec,4,4,0.00,60.20,0.00,SIN
2a06:98c1:3103:18fc:3e2e:8da9:a889:117f,4,4,0.00,60.20,0.00,SIN
2a06:98c1:3104:f9:2dc4:3471:7f41:9e10,4,4,0.00,60.20,0.00,SIN
2a06:98c1:3103:c627:2788:43c5:d5d1:47b9,4,4,0.00,60.21,0.00,SIN
2a06:98c1:3102:4e68:6d7e:fb3e:54bb:fdcd,4,4,0.00,60.21,0.00,SIN
2400:cb00:2049:82:3cb6:f9f1:2d91:a805,4,4,0.00,60.21,0.00,SIN
2a06:98c1:3101:0:bcad:465a:3f27:4459,4,4,0.00,60.21,0.00,SIN
2a06:98c1:3101:f322:cb99:ab9a:1e95:516d,4,4,0.00,60.21,0.00,SIN
2a06:98c1:3101:f322:cb6d:c810:1c22:e6b8,4,4,0.00,60.21,0.00,SIN
2a06:98c1:3100:3525:ba13:6fea:5fd4:64fd,4,4,0.00,60.21,0.00,SIN
2a06:98c1:3100:7d14:928b:cfef:b5c4:9c89,4,4,0.00,60.22,0.00,SIN
2a06:98c1:3103:c627:c644:f1ba:a0dd:7aed,4,4,0.00,60.22,0.00,SIN
2a06:98c1:3104:0:7:b269:aea6:a31a,4,4,0.00,60.22,0.00,SIN
2a06:98c1:3100:0:41:b522:c50a:4f79,4,4,0.00,60.22,0.00,SIN
2a06:98c1:3105:0:95:2f00:99ee:bb19,4,4,0.00,60.22,0.00,SIN
2a06:98c1:3105:85a9:8619:7f8f:5ef9:36c4,4,4,0.00,60.22,0.00,SIN
2a06:98c1:50:6b31:c13e:1f65:a515:2e1b,4,4,0.00,60.22,0.00,SIN
2a06:98c1:3103:18fc:3e2e:2bd3:78a2:3912,4,4,0.00,60.22,0.00,SIN
2a06:98c1:3104:8b:810b:3c40:d4ed:a8bf,4,4,0.00,60.22,0.00,SIN
2a06:98c1:3104:ce0b:a2ff:4288:1488:9a60,4,4,0.00,60.23,0.00,SIN
2a06:98c1:50:4fa8:587f:9738:6c44:c2d1,4,4,0.00,60.23,0.00,SIN
2a06:98c1:3101:0:318c:909e:95ef:f875,4,4,0.00,60.23,0.00,SIN
2a06:98c1:3103:e577:34eb:bda6:9ceb:a554,4,4,0.00,60.23,0.00,SIN
2a06:98c1:310c:d4:94d9:3259:6b73:9b1b,4,4,0.00,60.23,0.00,SIN
2a06:98c1:3107:aee4:c37e:e164:2623:7a78,4,4,0.00,60.23,0.00,SIN
2a06:98c1:3100:e7:ce3b:216b:bd2d:421b,4,4,0.00,60.23,0.00,SIN
2a06:98c1:3100:3525:6fa9:f073:515:31bd,4,4,0.00,60.23,0.00,SIN
2a06:98c1:310b:f3:ddff:507a:376b:8d34,4,4,0.00,60.23,0.00,SIN
2a06:98c1:3108:0:f9fd:ded7:7384:3319,4,4,0.00,60.24,0.00,SIN
2803:f800:51:379b:e50c:8ca4:6ed2:ab89,4,4,0.00,60.24,0.00,SIN
2a06:98c1:3109:8481:5f9f:d585:6dfd:8b4b,4,4,0.00,60.24,0.00,SIN
2a06:98c1:3100:0:c632:1ed9:dc16:dc98,4,4,0.00,60.24,0.00,SIN
2a06:98c1:3102:0:f5b1:d0f3:c37a:8e72,4,4,0.00,60.24,0.00,SIN
2a06:98c1:3109::9d39:1481:2b1f,4,4,0.00,60.24,0.00,SIN
2a06:98c1:3106:ca:9a85:86cc:1d88:2154,4,4,0.00,60.24,0.00,SIN
2a06:98c1:3103:9715:6361:5cc0:f952:bae5,4,4,0.00,60.24,0.00,SIN
2400:cb00:2049:29e6:1ce4:ae7b:6949:8d56,4,4,0.00,60.24,0.00,SIN
2a06:98c1:3107:90:17b7:db5e:423b:fbf5,4,4,0.00,60.24,0.00,SIN
2a06:98c1:310c:d4:94d9:3259:e668:dcca,4,4,0.00,60.24,0.00,SIN
2a06:98c1:3102:4e68:60d9:524a:2873:6d9b,4,4,0.00,60.24,0.00,SIN
2a06:98c1:3103:9728:f49b:9aea:a69c:68f2,4,4,0.00,60.24,0.00,SIN
2a06:98c1:3107:b7b8:a0b9:e5fd:4139:fbab,4,4,0.00,60.24,0.00,SIN
2a06:98c1:3101:f3af:ed6e:2e96:f388:2bf4,4,4,0.00,60.24,0.00,SIN
2a06:98c1:3104:64:caa1:af95:44a3:1793,4,4,0.00,60.24,0.00,SIN
2a06:98c1:3104:64:cafb:4264:790c:a3cd,4,4,0.00,60.24,0.00,SIN
2a06:98c1:310f:0:d01d:6f28:2658:7a17,4,4,0.00,60.24,0.00,SIN
2a06:98c1:3108:0:4f48:1fac:1824:2cba,4,4,0.00,60.24,0.00,SIN
2a06:98c1:50:74:4ed1:9caa:29b0:57e4,4,4,0.00,60.25,0.00,SIN
2a06:98c1:3103:0:cf8b:4a9f:1deb:7f45,4,4,0.00,60.25,0.00,SIN
2a06:98c1:50:74:4ed1:8bc:11e5:af0f,4,4,0.00,60.25,0.00,SIN
2a06:98c1:3106:8688:7a:e67b:707b:4b9b,4,4,0.00,60.25,0.00,SIN
2a06:98c1:50:d5:5928:407:3c11:a643,4,4,0.00,60.25,0.00,SIN
2a06:98c1:310c:d4:94d9:d26a:f175:792b,4,4,0.00,60.25,0.00,SIN
2a06:98c1:50:fd1d:4d65:ddd4:d075:bdeb,4,4,0.00,60.25,0.00,SIN
2a06:98c1:50:6b31:c13e:1f65:3b07:c491,4,4,0.00,60.25,0.00,SIN
2a06:98c1:3103:9728:f443:70ab:1a81:cbd1,4,4,0.00,60.25,0.00,SIN
2a06:98c1:310d:f04e:a54f:63ae:872:fd52,4,4,0.00,60.25,0.00,SIN
2803:f800:50:f049:b339:1002:7302:f92b,4,4,0.00,60.26,0.00,SIN
2803:f800:50:f049:b339:1002:308:f4a0,4,4,0.00,60.26,0.00,SIN
2803:f800:50:f049:b339:1002:e542:4ec5,4,4,0.00,60.26,0.00,SIN
2803:f800:50:f049:b339:935d:1001:8286,4,4,0.00,60.26,0.00,SIN
2803:f800:51:0:8823:1d6:5395:22f6,4,4,0.00,60.26,0.00,SIN
2a06:98c1:310b:c8:74b4:1608:d6c3:2f3,4,4,0.00,60.26,0.00,SIN
2a06:98c1:310d:0:cd8:77b:241d:2f41,4,4,0.00,60.26,0.00,SIN
2803:f800:51:0:8036:b447:a60d:5b57,4,4,0.00,60.26,0.00,SIN
2a06:98c1:3108:759c:201e:7a6c:4e29:bb6b,4,4,0.00,60.26,0.00,SIN
2400:cb00:2049:29e6:f288:f5f4:5027:d990,4,4,0.00,60.27,0.00,SIN
2a06:98c1:3100:e7:ce47:8648:3d83:91b9,4,4,0.00,60.27,0.00,SIN
2a06:98c1:50:4fc1:2a6a:f6c8:af2d:7334,4,4,0.00,60.27,0.00,SIN
2400:cb00:2049:29e6:f2be:b65b:dd08:3db8,4,4,0.00,60.27,0.00,SIN
2a06:98c1:3108:3a6e:9a57:25c:f3a:b359,4,4,0.00,60.27,0.00,SIN
2a06:98c1:50:6b31:c14f:ca3:7dab:1ddc,4,4,0.00,60.27,0.00,SIN
2a06:98c1:3104:f9:af33:3371:cd17:ca5e,4,4,0.00,60.27,0.00,SIN
2a06:98c1:3103:0:c08f:b439:abb4:6521,4,4,0.00,60.27,0.00,SIN
2a06:98c1:3102:0:f5b1:d0f3:2e34:3f5d,4,4,0.00,60.27,0.00,SIN
2a06:98c1:3103:b862:4302:a726:2a83:7f21,4,4,0.00,60.27,0.00,SIN
2a06:98c1:3108:0:f9fd:dd58:40d9:5050,4,4,0.00,60.28,0.00,SIN
2a06:98c1:3103:e525:6032:38cf:a0ea:1e64,4,4,0.00,60.28,0.00,SIN
2a06:98c1:3105:b1:501a:d7f1:ef9d:a9e2,4,4,0.00,60.28,0.00,SIN
2a06:98c1:3104:de5f:5fdb:ec37:aba0:789b,4,4,0.00,60.28,0.00,SIN
2a06:98c1:3103:e577:34eb:bd61:e341:cf9f,4,4,0.00,60.28,0.00,SIN
2a06:98c1:50:74:4ed1:8bc:f824:360f,4,4,0.00,60.28,0.00,SIN
2a06:98c1:310b:0:36c7:979b:76c5:45b,4,4,0.00,60.28,0.00,SIN
2a06:98c1:310d:f04e:d8a5:cb84:3da4:78c2,4,4,0.00,60.29,0.00,SIN
2a06:98c1:3108:3a6e:1266:3ccc:40b1:174a,4,4,0.00,60.29,0.00,SIN
2a06:98c1:3102:ee60:1104:b62:c8c3:2852,4,4,0.00,60.29,0.00,SIN
2a06:98c1:3109:e1:7bde:f25b:d1ee:f55d,4,4,0.00,60.29,0.00,SIN
2a06:98c1:3104:64:578f:2e5f:d751:bfe7,4,4,0.00,60.29,0.00,SIN
2a06:98c1:3100:e7:ce3b:2169:7749:5bc2,4,4,0.00,60.29,0.00,SIN
2a06:98c1:3109:e1:12f5:1a5a:77a2:29e1,4,4,0.00,60.29,0.00,SIN
2a06:98c1:51::fe:9ebb:3c16,4,4,0.00,60.29,0.00,SIN
2a06:98c1:3103:7d22:cecd:4f72:624f:957,4,4,0.00,60.29,0.00,SIN
2a06:98c1:3100:3525:6fa9:f073:17c8:d29e,4,4,0.00,60.29,0.00,SIN
2a06:98c1:3107:0:2e:73b5:d8a9:ada1,4,4,0.00,60.29,0.00,SIN
2a06:98c1:3108:0:f9fd:4f80:3b38:1bc3,4,4,0.00,60.30,0.00,SIN
2a06:98c1:310c:eb:df51:a1be:96c7:ce18,4,4,0.00,60.30,0.00,SIN
2a06:98c1:3105:85a9:8619:c473:d78c:a340,4,4,0.00,60.30,0.00,SIN
2a06:98c1:3103:9728:baa2:19a5:e2d8:1c4b,4,4,0.00,60.30,0.00,SIN
2a06:98c1:3103:e5b4:ff7b:1332:d352:63aa,4,4,0.00,60.30,0.00,SIN
2803:f800:50:f049:b3e6:320d:1d53:858c,4,4,0.00,60.30,0.00,SIN
2a06:98c1:3108:7568:41cb:6c92:e142:607,4,4,0.00,60.30,0.00,SIN
2a06:98c1:3106:86ad:f637:ed85:b30b:dd08,4,4,0.00,60.30,0.00,SIN
2a06:98c1:50:d5:5928:80da:28e0:ef56,4,4,0.00,60.30,0.00,SIN
2a06:98c1:3104:f9:8f79:cf39:f8db:dc32,4,4,0.00,60.30,0.00,SIN
2a06:98c1:3103:b862:43f9:e1cd:4376:1d80,4,4,0.00,60.31,0.00,SIN
2a06:98c1:3108::9c4e:3c82:d78c,4,4,0.00,60.31,0.00,SIN
2a06:98c1:3102:4e68:d375:81ca:c996:cf3d,4,4,0.00,60.31,0.00,SIN
2a06:98c1:310d:0:d3d2:d552:4c7b:5cb9,4,4,0.00,60.31,0.00,SIN
2a06:98c1:310c:eb:df6c:19d7:e4fc:8a3f,4,4,0.00,60.31,0.00,SIN
2a06:98c1:3102:ee60:11f6:c961:4a99:ba7c,4,4,0.00,60.31,0.00,SIN
2a06:98c1:3100:7ded:aa50:3a3d:1d81:90a0,4,4,0.00,60.31,0.00,SIN
2a06:98c1:51:aece:fdcf:2f8a:d9a5:92d7,4,4,0.00,60.31,0.00,SIN
2a06:98c1:3105:854d:432c:64fa:e330:a03b,4,4,0.00,60.31,0.00,SIN
2a06:98c1:310e:883d:c95c:a0fd:9387:b9fa,4,4,0.00,60.32,0.00,SIN
2a06:98c1:3101:0:c9:175e:1ae8:99b8,4,4,0.00,60.32,0.00,SIN
2a06:98c1:3102:ee60:d0a9:f90f:e616:8987,4,4,0.00,60.32,0.00,SIN
2a06:98c1:3103:e5b4:ff7b:2fc5:2f43:365,4,4,0.00,60.32,0.00,SIN
2a06:98c1:3100:7ded:aa50:3af9:70f9:448b,4,4,0.00,60.32,0.00,SIN
2a06:98c1:310f:fa9f:7c29:e2b1:7fd6:9812,4,4,0.00,60.32,0.00,SIN
2400:cb00:2049:82:3cb6:f9f1:b06d:28b3,4,4,0.00,60.32,0.00,SIN
2a06:98c1:50:4f1e:a4a0:44cf:bd0c:b601,4,4,0.00,60.32,0.00,SIN
2a06:98c1:3100:7d40:b2bd:37d3:bf64:3f54,4,4,0.00,60.32,0.00,SIN
2803:f800:50:0:dd:d6bb:af25:f420,4,4,0.00,60.32,0.00,SIN
2a06:98c1:3106:8688:7a:8432:6118:d409,4,4,0.00,60.33,0.00,SIN
2a06:98c1:3108::9c4e:f6a6:9581,4,4,0.00,60.33,0.00,SIN
2a06:98c1:3107:b7b8:a084:3361:5e58:9f89,4,4,0.00,60.33,0.00,SIN
2a06:98c1:3103:e5b4:1543:2f8c:998a:1e84,4,4,0.00,60.33,0.00,SIN
2a06:98c1:3103:c627:278b:ca86:f252:29d0,4,4,0.00,60.33,0.00,SIN
2a06:98c1:3103:c627:278b:ca8d:75e4:b222,4,4,0.00,60.33,0.00,SIN
2a06:98c1:310b:c4:7f1f:d598:5933:563e,4,4,0.00,60.33,0.00,SIN
2a06:98c1:3103:7d22:28cd:a8d6:32e9:383b,4,4,0.00,60.33,0.00,SIN
2a06:98c1:50:6b31:c8aa:5166:9dcc:bf9d,4,4,0.00,60.33,0.00,SIN
2a06:98c1:310d:f04e:fb9e:143e:b683:b957,4,4,0.00,60.33,0.00,SIN
2a06:98c1:50:0:bcf0:d1e0:c40b:e39,4,4,0.00,60.33,0.00,SIN
2a06:98c1:3107:aee4:c53e:5547:cb3c:f24a,4,4,0.00,60.34,0.00,SIN
2a06:98c1:310d:f04e:a59a:27a2:ca23:14dc,4,4,0.00,60.34,0.00,SIN
2a06:98c1:310b:0:c0fa:dd4a:7a80:40c8,4,4,0.00,60.34,0.00,SIN
2a06:98c1:3106:ca:5f84:775c:c712:8355,4,4,0.00,60.34,0.00,SIN
2a06:98c1:3103:18fc:3ee0:56f9:523:e758,4,4,0.00,60.34,0.00,SIN
2a06:98c1:3109:84ab:6116:cdb4:9e35:66cb,4,4,0.00,60.34,0.00,SIN
2a06:98c1:3100:0:a1:48bd:d600:b46a,4,4,0.00,60.34,0.00,SIN
2a06:98c1:3101:0:318c:909e:9549:2239,4,4,0.00,60.35,0.00,SIN
2a06:98c1:51:0:c5:ab09:c443:8480,4,4,0.00,60.35,0.00,SIN
2a06:98c1:310e:883d:c912:8f57:8f1c:46cb,4,4,0.00,60.35,0.00,SIN
2a06:98c1:3101:f322:2869:a86c:e7c9:d838,4,4,0.00,60.35,0.00,SIN
2a06:98c1:3107:aee4:c53e:7b0c:c89b:836,4,4,0.00,60.35,0.00,SIN
2a06:98c1:310c:f49c:71fc:369c:a7e9:6915,4,4,0.00,60.35,0.00,SIN
2a06:98c1:3103:9715:6361:a4c8:eb2d:7653,4,4,0.00,60.35,0.00,SIN
2a06:98c1:3109:8481:c37f:5e2f:687:ec10,4,4,0.00,60.35,0.00,SIN
2a06:98c1:3100:e7:ce47:7506:1a17:e878,4,4,0.00,60.36,0.00,SIN
2a06:98c1:3100:e7:ce47:7506:1a63:18b3,4,4,0.00,60.36,0.00,SIN
2a06:98c1:3106:0:6f:1fc4:105e:451f,4,4,0.00,60.36,0.00,SIN
2a06:98c1:3109:8481:c37f:5ebf:5b88:af22,4,4,0.00,60.36,0.00,SIN
2a06:98c1:3108:0:4f48:1f61:3487:4f3a,4,4,0.00,60.36,0.00,SIN
2a06:98c1:310e:c8:efc5:2fae:6929:6a47,4,4,0.00,60.36,0.00,SIN
2a06:98c1:3105:85a9:8619:7f8f:408c:c839,4,4,0.00,60.36,0.00,SIN
2a06:98c1:3108:759c:201e:7a97:c268:849,4,4,0.00,60.36,0.00,SIN
2a06:98c1:3103:b862:43f9:e1cd:43b8:c785,4,4,0.00,60.36,0.00,SIN
2a06:98c1:50:4f1e:2008:6f97:a4cb:804,4,4,0.00,60.36,0.00,SIN
2a06:98c1:3102:ee60:d044:75a4:1240:6cc1,4,4,0.00,60.36,0.00,SIN
2a06:98c1:310e:c949:cfa:c182:73a7:3602,4,4,0.00,60.36,0.00,SIN
2a06:98c1:3104::e6:1bb6,4,4,0.00,60.36,0.00,SIN
2a06:98c1:3102:4e68:d314:b19c:f4:383f,4,4,0.00,60.36,0.00,SIN
2a06:98c1:50:6b31:c8aa:3321:a25:abd7,4,4,0.00,60.36,0.00,SIN
2a06:98c1:3103:7d40:b43e:a6e9:322d:611a,4,4,0.00,60.37,0.00,SIN
2a06:98c1:3107:aee4:c37e:e164:4532:4afe,4,4,0.00,60.37,0.00,SIN
2803:f800:51:d3:62bb:2582:9a5e:2bcc,4,4,0.00,60.37,0.00,SIN
2a06:98c1:310b:0:3607:7866:61e5:7e2f,4,4,0.00,60.37,0.00,SIN
2a06:98c1:310c:14:1c83:3858:1506:e1f5,4,4,0.00,60.37,0.00,SIN
2a06:98c1:50:4f1e:205c:9d32:bd38:28ac,4,4,0.00,60.37,0.00,SIN
2a06:98c1:310d:e8:5e6a:274f:6974:a461,4,4,0.00,60.37,0.00,SIN
2a06:98c1:3102:0:f5b1:d0bb:d5d:1ba4,4,4,0.00,60.37,0.00,SIN
2a06:98c1:3102:0:f5b1:d0bb:8d83:8e1e,4,4,0.00,60.37,0.00,SIN
2a06:98c1:3103:e577:2ffa:7b50:f4dd:8443,4,4,0.00,60.37,0.00,SIN
2a06:98c1:310c:d4:9478:3cc8:af74:8a6e,4,4,0.00,60.37,0.00,SIN
2803:f800:50:f049:b339:935d:c300:1453,4,4,0.00,60.37,0.00,SIN
2a06:98c1:3102:0:f5e4:a1f0:e434:a0e3,4,4,0.00,60.37,0.00,SIN
2a06:98c1:3104:f9:af33:f693:39e9:a54c,4,4,0.00,60.37,0.00,SIN
2a06:98c1:310f:0:d01d:6f28:26a8:6121,4,4,0.00,60.38,0.00,SIN
2400:cb00:2049:b200:6167:b0d9:84b8:e0a1,4,4,0.00,60.38,0.00,SIN
2a06:98c1:310e:0:fa3c:11e8:4f56:b0e9,4,4,0.00,60.38,0.00,SIN
2a06:98c1:3104:deb8:dc36:7742:feb5:9d3d,4,4,0.00,60.38,0.00,SIN
2a06:98c1:3102:4e68:d314:1adf:ab05:f93d,4,4,0.00,60.38,0.00,SIN
2a06:98c1:3103:97b3:e77:85c5:d6:2fd7,4,4,0.00,60.38,0.00,SIN
2a06:98c1:3107:ae97:189f:1897:7179:4fbf,4,4,0.00,60.38,0.00,SIN
2a06:98c1:3104:deb8:dccc:e63d:8218:805c,4,4,0.00,60.38,0.00,SIN
2a06:98c1:3102:ee60:d0a9:8d93:81c9:6c73,4,4,0.00,60.39,0.00,SIN
2a06:98c1:3102:ee60:d0a9:9611:683c:cbc5,4,4,0.00,60.39,0.00,SIN
2400:cb00:2049:2929:4609:ba99:8199:effb,4,4,0.00,60.39,0.00,SIN
2a06:98c1:3104:de5f:fdd4:cf53:2ca3:f9d4,4,4,0.00,60.39,0.00,SIN
2a06:98c1:310d:e8:5e6a:4875:daaf:cc77,4,4,0.00,60.39,0.00,SIN
2a06:98c1:310e:c8:efc5:2fae:97ee:86bb,4,4,0.00,60.39,0.00,SIN
2a06:98c1:3108:7568:4178:746b:a34a:99c6,4,4,0.00,60.39,0.00,SIN
2803:f800:51:d3:f328:16d3:7910:9d97,4,4,0.00,60.39,0.00,SIN
2400:cb00:2049:b200:61f6:2108:1407:70cc,4,4,0.00,60.39,0.00,SIN
2803:f800:51:0:3a:669c:426:868f,4,4,0.00,60.39,0.00,SIN
2a06:98c1:3100:e7:ce3b:8dc3:dadb:103d,4,4,0.00,60.40,0.00,SIN
2a06:98c1:50:6b31:c13e:d2d5:1009:6c6a,4,4,0.00,60.40,0.00,SIN
2a06:98c1:50:fdfe:95d:d164:8e85:eca,4,4,0.00,60.40,0.00,SIN
2a06:98c1:3103:b862:4302:a77a:f343:296b,4,4,0.00,60.40,0.00,SIN
2a06:98c1:3103:b862:c39:9e94:d9fc:2b3a,4,4,0.00,60.40,0.00,SIN
2803:f800:51:0:8823:1d6:5339:8c79,4,4,0.00,60.40,0.00,SIN
2a06:98c1:3106:8688:7a:e6b9:2ad5:2fdb,4,4,0.00,60.40,0.00,SIN
2a06:98c1:310e:c949:c27:3af0:ccea:c906,4,4,0.00,60.40,0.00,SIN
2a06:98c1:310d:f04e:3b41:bd59:c33:dc,4,4,0.00,60.40,0.00,SIN
2a06:98c1:310d:f04e:3b41:bd59:c38:c00e,4,4,0.00,60.40,0.00,SIN
2a06:98c1:310c:eb:df51:a1cc:7128:ab36,4,4,0.00,60.41,0.00,SIN
2a06:98c1:3100:7d1b:8653:2d81:6cd8:1d44,4,4,0.00,60.41,0.00,SIN
2a06:98c1:50:0:91b6:a2f:2066:2417,4,4,0.00,60.41,0.00,SIN
2a06:98c1:3102:ee60:d0a9:de3f:c11f:3075,4,4,0.00,60.41,0.00,SIN
2a06:98c1:310c:5c:7e38:3886:149c:8260,4,4,0.00,60.41,0.00,SIN
2a06:98c1:310b::fde8:92a6:cef9,4,4,0.00,60.41,0.00,SIN
2a06:98c1:3102:4e68:60d9:525e:9872:778a,4,4,0.00,60.41,0.00,SIN
2a06:98c1:3103:e5b4:ffd0:38d1:e99:5618,4,4,0.00,60.41,0.00,SIN
2a06:98c1:3101:f322:2869:e9e4:3e92:de1,4,4,0.00,60.41,0.00,SIN
2a06:98c1:3107:aee4:c387:841e:c5e9:6f7d,4,4,0.00,60.41,0.00,SIN
2a06:98c1:310e::e055:d52a,4,4,0.00,60.41,0.00,SIN
2803:f800:51:379b:e55c:15c4:9dd3:14c6,4,4,0.00,60.41,0.00,SIN
2a06:98c1:3100:e7:ce47:8648:3d12:4585,4,4,0.00,60.42,0.00,SIN
2a06:98c1:3107:aee4:c53e:7bcb:daad:ecef,4,4,0.00,60.42,0.00,SIN
2a06:98c1:50:4f1e:205c:9d2f:54bd:cbfc,4,4,0.00,60.42,0.00,SIN
2a06:98c1:3101::5e45:b47b:af25,4,4,0.00,60.42,0.00,SIN
2a06:98c1:310d:f04e:a54f:36b3:db81:8205,4,4,0.00,60.42,0.00,SIN
2a06:98c1:3109:84ab:6113:3b63:7ab2:78c9,4,4,0.00,60.42,0.00,SIN
2a06:98c1:310c:eb:df51:35c6:dd33:6f2f,4,4,0.00,60.42,0.00,SIN
2a06:98c1:3103:18fc:3e2e:2bd3:aab:688d,4,4,0.00,60.42,0.00,SIN
2a06:98c1:3101::5e45:b497:ce3b,4,4,0.00,60.42,0.00,SIN
2a06:98c1:3102:0:f5b1:d0f3:c315:28f9,4,4,0.00,60.42,0.00,SIN
2a06:98c1:3107:0:2e:3875:47cf:908b,4,4,0.00,60.43,0.00,SIN
2803:f800:50:85:4f13:814e:760c:80ac,4,4,0.00,60.43,0.00,SIN
2a06:98c1:3108:759c:e0e8:f54f:c8d7:5e60,4,4,0.00,60.43,0.00,SIN
2a06:98c1:3108:759c:e0e8:f54f:c80c:3f0c,4,4,0.00,60.43,0.00,SIN
2a06:98c1:50:fdfe:9f3:8784:a108:159a,4,4,0.00,60.43,0.00,SIN
2a06:98c1:3103:183b:c02e:3e49:88f7:dc77,4,4,0.00,60.43,0.00,SIN
2a06:98c1:3108:6a:b7e3:fa30:60e4:88d1,4,4,0.00,60.43,0.00,SIN
2a06:98c1:3101:0:bcad:46ef:b5a:822b,4,4,0.00,60.43,0.00,SIN
2a06:98c1:310b:0:c0fa:44a6:89fa:75f0,4,4,0.00,60.44,0.00,SIN
2a06:98c1:310c:d4:94d9:3259:e6f2:d9e7,4,4,0.00,60.44,0.00,SIN
2a06:98c1:3100:e7:ce3b:a328:307c:f803,4,4,0.00,60.44,0.00,SIN
2a06:98c1:3102::ddd4:700e:5585,4,4,0.00,60.44,0.00,SIN
2a06:98c1:310e:c949:c27:3a64:7964:4a57,4,4,0.00,60.44,0.00,SIN
2a06:98c1:3101:f322:e9db:204f:707d:9f16,4,4,0.00,60.44,0.00,SIN
2a06:98c1:3105:0:53ff:1630:b11:a91,4,4,0.00,60.44,0.00,SIN
2a06:98c1:3107:0:2e:7310:f611:4af5,4,4,0.00,60.44,0.00,SIN
2a06:98c1:310d:e8:5e5b:7b8d:7c11:e225,4,4,0.00,60.44,0.00,SIN
2a06:98c1:50:fd1d:4d31:ca38:c3ff:13e3,4,4,0.00,60.44,0.00,SIN
2a06:98c1:3105:854d:eede:2e9e:d8e6:fd56,4,4,0.00,60.44,0.00,SIN
2803:f800:50::bcd2:58e1:1739,4,4,0.00,60.44,0.00,SIN
2a06:98c1:50:0:b0a5:511c:6974:d1a9,4,4,0.00,60.45,0.00,SIN
2a06:98c1:3104:8b:810b:3ce1:6eb8:dfc9,4,4,0.00,60.45,0.00,SIN
2a06:98c1:3105:85a9:8619:c473:2e:43f5,4,4,0.00,60.45,0.00,SIN
2a06:98c1:3105:85a9:8619:c452:5368:de5f,4,4,0.00,60.45,0.00,SIN
2a06:98c1:310c:14:1c83:7c89:fc9b:bb53,4,4,0.00,60.45,0.00,SIN
2a06:98c1:3106:ca:239a:5d7e:4569:10d4,4,4,0.00,60.45,0.00,SIN
2a06:98c1:50:fd1d:4d65:2cfc:9aaa:bac4,4,4,0.00,60.45,0.00,SIN
2a06:98c1:50:6b31:c14f:ab6d:fa97:9b28,4,4,0.00,60.45,0.00,SIN
2a06:98c1:50:6b31:c14f:ab6d:fafc:2d62,4,4,0.00,60.45,0.00,SIN
2a06:98c1:51:aece:fdcf:2f8a:de33:da91,4,4,0.00,60.45,0.00,SIN
2a06:98c1:310d:e8:5e5b:7b8d:7c52:dcc1,4,4,0.00,60.45,0.00,SIN
2803:f800:51:379b:e50c:8ca4:6e4b:d86d,4,4,0.00,60.45,0.00,SIN
2803:f800:50:f049:26f8:37ce:97cf:da,4,4,0.00,60.45,0.00,SIN
2a06:98c1:3104:f9:afe3:b652:c4a2:2203,4,4,0.00,60.46,0.00,SIN
2a06:98c1:3104:f9:afe3:b6b3:25ee:2499,4,4,0.00,60.46,0.00,SIN
2a06:98c1:3104:f9:af98:c695:36fe:5961,4,4,0.00,60.46,0.00,SIN
2a06:98c1:50:0:913b:f22e:6055:8987,4,4,0.00,60.46,0.00,SIN
2a06:98c1:3109:84ab:6113:e8a3:3059:479f,4,4,0.00,60.46,0.00,SIN
2a06:98c1:3104:64:5769:b49c:4a4c:5b85,4,4,0.00,60.46,0.00,SIN
2a06:98c1:310b:c4:7f0f:2f14:208b:78e9,4,4,0.00,60.46,0.00,SIN
2a06:98c1:310d:f04e:d852:356b:af5c:9212,4,4,0.00,60.46,0.00,SIN
2a06:98c1:3105::9fc2:4c55:40b1,4,4,0.00,60.46,0.00,SIN
2a06:98c1:3104:f9:af98:c695:954e:ad24,4,4,0.00,60.46,0.00,SIN
2a06:98c1:50:6b31:c8aa:5156:e3f0:1691,4,4,0.00,60.46,0.00,SIN
2a06:98c1:3104:0:7:b212:4a9f:535c,4,4,0.00,60.46,0.00,SIN
2400:cb00:2049::57ed:a83e:ddc3,4,4,0.00,60.47,0.00,SIN
2400:cb00:2049:82:3cb6:a0bc:e85f:28,4,4,0.00,60.47,0.00,SIN
2a06:98c1:3104:0:7:b269:c8ef:d9e8,4,4,0.00,60.47,0.00,SIN
2a06:98c1:3102:4e68:39ab:99b4:4f5c:350e,4,4,0.00,60.47,0.00,SIN
2a06:98c1:50:0:9164:9f14:cdc4:297a,4,4,0.00,60.47,0.00,SIN
2a06:98c1:50:6b31:c1cf:c22b:5ca:bd5e,4,4,0.00,60.47,0.00,SIN
2a06:98c1:50:6b31:c1cf:c22b:5a6:1e0a,4,4,0.00,60.47,0.00,SIN
2a06:98c1:3104:de5f:5fdb:d03b:e81f:e3e2,4,4,0.00,60.47,0.00,SIN
2a06:98c1:50:fd1d:997c:e00:7e9e:3323,4,4,0.00,60.47,0.00,SIN
2a06:98c1:3100:7d40:b2bd:6834:7f93:aee3,4,4,0.00,60.47,0.00,SIN
2a06:98c1:3101:f322:2869:a86c:4924:6088,4,4,0.00,60.47,0.00,SIN
2a06:98c1:50:74:4ed9:ba51:222:1448,4,4,0.00,60.48,0.00,SIN
2a06:98c1:3108:3a6e:9a57:245:7110:36af,4,4,0.00,60.48,0.00,SIN
2803:f800:51:379b:e50c:8c41:f502:e750,4,4,0.00,60.48,0.00,SIN
2a06:98c1:3103:e525:6032:3894:a89b:d9db,4,4,0.00,60.48,0.00,SIN
2a06:98c1:310a:17:1ad8:1fe9:a9e7:8c0d,4,4,0.00,60.48,0.00,SIN
2a06:98c1:310f::c1ae:b6d2,4,4,0.00,60.48,0.00,SIN
2a06:98c1:3106:ca:9a85:52d9:9f49:c483,4,4,0.00,60.48,0.00,SIN
2a06:98c1:310e:c949:6c24:e85c:ad76:b650,4,4,0.00,60.48,0.00,SIN
2a06:98c1:3108:759c:3a94:bd13:76ef:cb27,4,4,0.00,60.48,0.00,SIN
2a06:98c1:3107:0:7e64:8b3b:a7f6:a1d4,4,4,0.00,60.48,0.00,SIN
2a06:98c1:3104:ce0b:d740:552c:e674:5fcd,4,4,0.00,60.48,0.00,SIN
2803:f800:51::d3:512a:55f8,4,4,0.00,60.49,0.00,SIN
2a06:98c1:50:fd1d:4ce6:fefb:50da:f683,4,4,0.00,60.49,0.00,SIN
2a06:98c1:3103:9715:6361:a4c8:4776:4fdc,4,4,0.00,60.49,0.00,SIN
2a06:98c1:3109:e1:dbc7:ae6f:5bc7:83ad,4,4,0.00,60.49,0.00,SIN
2a06:98c1:50:6b31:c1cf:56c6:eb42:ce05,4,4,0.00,60.49,0.00,SIN
2a06:98c1:3106:0:98:ad0d:63d7:a461,4,4,0.00,60.49,0.00,SIN
2a06:98c1:310b:6c:bd54:c67d:24c9:49ce,4,4,0.00,60.49,0.00,SIN
2a06:98c1:310e:c8:5d12:9627:d2dd:4ac9,4,4,0.00,60.49,0.00,SIN
2803:f800:50:f049:b256:d938:1d75:68dd,4,4,0.00,60.49,0.00,SIN
2a06:98c1:310c:eb:df6c:bc4c:67a3:16b2,4,4,0.00,60.50,0.00,SIN
2a06:98c1:3101:0:319d:290f:8532:93c5,4,4,0.00,60.50,0.00,SIN
2a06:98c1:3108:3a6e:9ac2:931d:71b4:6e69,4,4,0.00,60.50,0.00,SIN
2a06:98c1:50:6b31:c14f:abc6:9fef:695f,4,4,0.00,60.50,0.00,SIN
2a06:98c1:51:ae55:2d58:a211:8d7e:722a,4,4,0.00,60.50,0.00,SIN
2803:f800:51::b8bc:eb2f,4,4,0.00,60.50,0.00,SIN
2a06:98c1:3105::3c:a693:cd99,4,4,0.00,60.50,0.00,SIN
2a06:98c1:3103:b862:43a3:9e05:bdbe:427d,4,4,0.00,60.50,0.00,SIN
2a06:98c1:3103:c627:c6d4:6576:7d6c:e210,4,4,0.00,60.50,0.00,SIN
2a06:98c1:3102:0:de:a87c:3cae:aa0b,4,4,0.00,60.50,0.00,SIN
2a06:98c1:3106:ca:234c:534f:56a5:e5d6,4,4,0.00,60.51,0.00,SIN
2a06:98c1:310d:e8:5e6a:4817:544e:35ec,4,4,0.00,60.51,0.00,SIN
2803:f800:51:67e1:5abc:1ce4:c28f:65b,4,4,0.00,60.51,0.00,SIN
2803:f800:51:0:88c2:5e96:36a3:17a,4,4,0.00,60.51,0.00,SIN
2a06:98c1:3106:8688:63d2:5b5a:d1d5:2ed3,4,4,0.00,60.51,0.00,SIN
2a06:98c1:3103:b862:43f9:2e97:e3bb:2afc,4,4,0.00,60.51,0.00,SIN
2a06:98c1:310d:0:b4:6e10:4f14:c340,4,4,0.00,60.52,0.00,SIN
2a06:98c1:50:6b31:9775:3015:33:c654,4,4,0.00,60.52,0.00,SIN
2400:cb00:2049:b200:48f9:dea5:4837:a9cd,4,4,0.00,60.52,0.00,SIN
2a06:98c1:3106:86ad:f69f:6404:9356:a9f9,4,4,0.00,60.52,0.00,SIN
2a06:98c1:3103:7d22:28cd:a895:2278:6420,4,4,0.00,60.52,0.00,SIN
2a06:98c1:3108:3a23:83e0:b045:c5ed:ba35,4,4,0.00,60.53,0.00,SIN
2a06:98c1:3103:e577:343b:796d:1b5b:2e71,4,4,0.00,60.53,0.00,SIN
2a06:98c1:310b:6c:bd54:f4a3:3059:7bb,4,4,0.00,60.53,0.00,SIN
2a06:98c1:310b:6c:bd54:f4a3:3002:779d,4,4,0.00,60.53,0.00,SIN
2a06:98c1:3103:e577:3997:9fa5:120f:60d5,4,4,0.00,60.53,0.00,SIN
2a06:98c1:3103:9728:4a8:5be2:5ae4:fe41,4,4,0.00,60.53,0.00,SIN
2a06:98c1:3102:4e68:d314:1a1a:3446:95b1,4,4,0.00,60.53,0.00,SIN
2a06:98c1:3106:86ad:af47:a38a:9845:dc7b,4,4,0.00,60.53,0.00,SIN
2a06:98c1:3105::d73a:a12c:de98,4,4,0.00,60.53,0.00,SIN
2a06:98c1:50:6b31:9760:3425:bdd8:3be5,4,4,0.00,60.54,0.00,SIN
2a06:98c1:310e:c98d:3c11:adce:1b3a:840d,4,4,0.00,60.54,0.00,SIN
2a06:98c1:3103:0:c08f:b404:b1db:146c,4,4,0.00,60.54,0.00,SIN
2a06:98c1:3100:3525:6fa9:f005:f758:2826,4,4,0.00,60.54,0.00,SIN
2a06:98c1:3101:0:9ae7:cae:cac7:d96,4,4,0.00,60.54,0.00,SIN
2a06:98c1:3100:e7:ce3b:a328:1f07:1d25,4,4,0.00,60.54,0.00,SIN
2a06:98c1:50:6b76:649c:a442:4ac8:6622,4,4,0.00,60.54,0.00,SIN
2a06:98c1:50:4f1e:e8d0:c753:b362:3f4c,4,4,0.00,60.54,0.00,SIN
2a06:98c1:310b:0:c00a:1a3d:c78e:d049,4,4,0.00,60.54,0.00,SIN
2a06:98c1:310d:f0c3:ad7d:ba61:9ea3:73e7,4,4,0.00,60.54,0.00,SIN
2a06:98c1:3108:759c:e0e8:cf04:379f:b145,4,4,0.00,60.54,0.00,SIN
2a06:98c1:3106:8688:63d2:5b31:cb1a:b145,4,4,0.00,60.54,0.00,SIN
2a06:98c1:3106:8688:63d2:5b31:4bf0:f941,4,4,0.00,60.54,0.00,SIN
2a06:98c1:3107:0:7edf:548f:bc23:76e5,4,4,0.00,60.55,0.00,SIN
2a06:98c1:3107:b7b8:a0b9:19d2:b267:c4a1,4,4,0.00,60.55,0.00,SIN
2a06:98c1:51:aece:29f1:b35:a4f:35eb,4,4,0.00,60.56,0.00,SIN
2a06:98c1:310d:0:b4:8a9b:a585:aa88,4,4,0.00,60.56,0.00,SIN
2a06:98c1:310c:14:1c83:3858:c2f4:3133,4,4,0.00,60.56,0.00,SIN
2a06:98c1:3106::d5:fceb:c1c4,4,4,0.00,60.56,0.00,SIN
2a06:98c1:50:6b76:649c:36e1:c761:fc60,4,4,0.00,60.56,0.00,SIN
2a06:98c1:3105:854d:3bb1:d188:997d:4e88,4,4,0.00,60.56,0.00,SIN
2a06:98c1:3104:64:5769:b49c:efbe:434f,4,4,0.00,60.56,0.00,SIN
2400:cb00:2049:0:4bb4:1e1d:5c28:3f5e,4,4,0.00,60.56,0.00,SIN
2a06:98c1:3101:f322:e9db:c7d2:4894:5012,4,4,0.00,60.56,0.00,SIN
2a06:98c1:3103:c627:c644:f1ba:d76f:52d1,4,4,0.00,60.57,0.00,SIN
2a06:98c1:3106:86ad:f69f:64e3:92b1:d735,4,4,0.00,60.57,0.00,SIN
2a06:98c1:3109::78:daf3:e09b,4,4,0.00,60.57,0.00,SIN
2a06:98c1:310b:f3:dd22:9a43:d91e:cd93,4,4,0.00,60.58,0.00,SIN
2a06:98c1:50:0:91b6:a91:cb49:5e19,4,4,0.00,60.58,0.00,SIN
2a06:98c1:310c:5c:7ede:784c:4957:15f0,4,4,0.00,60.58,0.00,SIN
2a06:98c1:3107:aee4:c37e:e177:d12a:c1bc,4,4,0.00,60.58,0.00,SIN
2a06:98c1:310c:14:7fd9:108c:7650:37f7,4,4,0.00,60.58,0.00,SIN
2a06:98c1:50:4f1e:205c:b99f:a7a3:9721,4,4,0.00,60.58,0.00,SIN
2a06:98c1:3102:0:f5e4:a1f0:d0a:6011,4,4,0.00,60.59,0.00,SIN
2a06:98c1:50:fd1d:4c41:c11c:6f6e:cd9c,4,4,0.00,60.59,0.00,SIN
2a06:98c1:3102:0:f5e4:a1f0:d89:fb7c,4,4,0.00,60.59,0.00,SIN
2a06:98c1:310b:0:365f:a41:1f39:f878,4,4,0.00,60.59,0.00,SIN
2a06:98c1:3103:c627:2788:4337:3c99:da09,4,4,0.00,60.59,0.00,SIN
2a06:98c1:310d:f04e:d8a5:cbbf:bdf6:ea4,4,4,0.00,60.59,0.00,SIN
2803:f800:50:f049:b339:935d:1096:b5c3,4,4,0.00,60.59,0.00,SIN
2a06:98c1:3102:0:de:ae3b:9dc6:637a,4,4,0.00,60.60,0.00,SIN
2a06:98c1:3106:8688:7a:e649:5ebc:2ffb,4,4,0.00,60.60,0.00,SIN
2a06:98c1:3106:8688:7a:e649:5e4d:af79,4,4,0.00,60.60,0.00,SIN
2a06:98c1:310a:8d:d456:ca6d:6d20:534e,4,4,0.00,60.60,0.00,SIN
2400:cb00:2049:ab:fd26:28b4:a0bd:ce57,4,4,0.00,60.60,0.00,SIN
2803:f800:50:f049:26ba:451d:b008:f8c5,4,4,0.00,60.60,0.00,SIN
2803:f800:51:67e1:d3d7:c283:4bbd:dd29,4,4,0.00,60.60,0.00,SIN
2a06:98c1:310a:0:7cb0:f2fa:be0d:ec65,4,4,0.00,60.60,0.00,SIN
2803:f800:51:731b:a962:32b3:5e6e:49aa,4,4,0.00,60.61,0.00,SIN
2a06:98c1:3103:f1:bb3b:5ffe:1614:f2c1,4,4,0.00,60.61,0.00,SIN
2a06:98c1:3101:f322:cb6d:c810:1cad:3a29,4,4,0.00,60.61,0.00,SIN
2a06:98c1:3101:0:bcad:ca6c:d4e1:436d,4,4,0.00,60.61,0.00,SIN
2a06:98c1:3107:aee4:c3f3:e4f:d399:5033,4,4,0.00,60.61,0.00,SIN
2a06:98c1:3103:9728:4a8:55a:9330:21f5,4,4,0.00,60.62,0.00,SIN
2803:f800:51:0:3a:6619:93d7:907e,4,4,0.00,60.62,0.00,SIN
2a06:98c1:51:aece:fd54:ccee:58a7:3c0,4,4,0.00,60.62,0.00,SIN
2a06:98c1:310d::97:6539:dffb,4,4,0.00,60.62,0.00,SIN
2a06:98c1:3100:7ded:e0e1:152f:6451:ebe2,4,4,0.00,60.62,0.00,SIN
2a06:98c1:50:6b31:c8aa:51bc:5e9d:8c68,4,4,0.00,60.63,0.00,SIN
2400:cb00:2049:82:1a8d:7e4:1c88:9226,4,4,0.00,60.63,0.00,SIN
2a06:98c1:310f:fa9f:7c29:e2b1:eda3:db2f,4,4,0.00,60.63,0.00,SIN
2a06:98c1:51:aece:50a:d0aa:baa4:bd29,4,4,0.00,60.63,0.00,SIN
2a06:98c1:3106:0:6f:1fc4:9889:cca4,4,4,0.00,60.63,0.00,SIN
2a06:98c1:50:fd1d:4c41:ca09:ec8:9198,4,4,0.00,60.63,0.00,SIN
2a06:98c1:3100:7ded:aa50:3a49:b46:f014,4,4,0.00,60.63,0.00,SIN
2a06:98c1:310b:f3:fe68:7a34:d5b9:d55e,4,4,0.00,60.63,0.00,SIN
2a06:98c1:3103:e577:397b:bbd7:b554:b5fe,4,4,0.00,60.63,0.00,SIN
2a06:98c1:3103:e5b4:15bb:7866:d897:f111,4,4,0.00,60.63,0.00,SIN
2a06:98c1:310b:0:c00a:1ad0:c561:3b1e,4,4,0.00,60.64,0.00,SIN
2a06:98c1:3105:85a9:8619:34dc:b161:2660,4,4,0.00,60.64,0.00,SIN
2a06:98c1:3109:8481:5f9f:d51d:b0ba:195f,4,4,0.00,60.64,0.00,SIN
2a06:98c1:310e:c949:6c24:bd87:124a:a9a,4,4,0.00,60.64,0.00,SIN
2a06:98c1:310d:f04e:a54f:6344:7e9f:dc52,4,4,0.00,60.64,0.00,SIN
2a06:98c1:3102:4e68:60d9:525e:ffea:499,4,4,0.00,60.64,0.00,SIN
2a06:98c1:50:6b31:9775:3074:83a8:fc93,4,4,0.00,60.64,0.00,SIN
2a06:98c1:3106:ca:5f84:775c:c7cf:9267,4,4,0.00,60.64,0.00,SIN
2a06:98c1:3103:0:9e:a6c1:f429:ac56,4,4,0.00,60.65,0.00,SIN
2a06:98c1:3101:f322:e9db:c7e2:2dd1:3ce,4,4,0.00,60.65,0.00,SIN
2a06:98c1:3100:7ded:866b:f765:8696:3ecd,4,4,0.00,60.65,0.00,SIN
2a06:98c1:3108:7568:4161:a9ac:565e:4c5e,4,4,0.00,60.65,0.00,SIN
2a06:98c1:3100:7d1b:867f:63ba:6a03:cc46,4,4,0.00,60.65,0.00,SIN
2400:cb00:2049:82:1ac1:f73a:7972:29b6,4,4,0.00,60.65,0.00,SIN
2a06:98c1:3103:b862:c39:9e8e:57b8:6b8c,4,4,0.00,60.65,0.00,SIN
2a06:98c1:50:fd1d:4d65:2ce4:8ca6:5011,4,4,0.00,60.65,0.00,SIN
2a06:98c1:310e:c949:6c24:f1bb:413f:cd25,4,4,0.00,60.65,0.00,SIN
2a06:98c1:310e:c949:6cd9:8bbd:6182:5c9,4,4,0.00,60.66,0.00,SIN
2a06:98c1:50:0:9164:9f5f:2451:1949,4,4,0.00,60.66,0.00,SIN
2a06:98c1:310b:c4:7f1f:d598:17ce:5f97,4,4,0.00,60.66,0.00,SIN
2a06:98c1:3108:7568:4178:748c:438e:26c5,4,4,0.00,60.66,0.00,SIN
2a06:98c1:3104:f9:af98:ca56:8373:51b2,4,4,0.00,60.66,0.00,SIN
2a06:98c1:3101:f3af:ed6e:b6e:1c4a:6621,4,4,0.00,60.66,0.00,SIN
2400:cb00:2049:2978:3861:fe16:fc2f:491f,4,4,0.00,60.66,0.00,SIN
2a06:98c1:310b:0:77:dec:6504:2ca5,4,4,0.00,60.66,0.00,SIN
2a06:98c1:3108:6a:b7e3:fa30:5f0c:43d,4,4,0.00,60.67,0.00,SIN
2a06:98c1:3101:f3af:ed6e:2e38:6eae:7dfb,4,4,0.00,60.67,0.00,SIN
2a06:98c1:3105:0:53ff:e43b:69a4:fc4f,4,4,0.00,60.67,0.00,SIN
2a06:98c1:310d::922c:98a,4,4,0.00,60.67,0.00,SIN
2a06:98c1:3101::5e45:295f:c869,4,4,0.00,60.67,0.00,SIN
2803:f800:51::cd5e:1461:b926,4,4,0.00,60.67,0.00,SIN
2a06:98c1:3104::8a:626d:c8e7,4,4,0.00,60.67,0.00,SIN
2803:f800:51:73fa:bf2e:65b8:2cac:ad23,4,4,0.00,60.68,0.00,SIN
2a06:98c1:3101:f322:cb25:486d:dd41:1b5c,4,4,0.00,60.68,0.00,SIN
2a06:98c1:310b:c4:7f1f:74df:93d3:87a9,4,4,0.00,60.68,0.00,SIN
2a06:98c1:310b:c4:7f0f:e3de:8618:220a,4,4,0.00,60.68,0.00,SIN
2a06:98c1:310c:0:78:2bf8:cfb7:44db,4,4,0.00,60.68,0.00,SIN
2a06:98c1:3100:3525:6fa9:6a31:9843:1035,4,4,0.00,60.68,0.00,SIN
2a06:98c1:3104:0:b63e:a8fd:d1f3:7c85,4,4,0.00,60.68,0.00,SIN
2a06:98c1:3102:d4:d2d3:d9cb:e203:d3d6,4,4,0.00,60.68,0.00,SIN
2a06:98c1:3102:d4:d2d3:d9cb:e294:8a45,4,4,0.00,60.68,0.00,SIN
2a06:98c1:3103:9728:ba04:416b:f06a:7d54,4,4,0.00,60.68,0.00,SIN
2a06:98c1:3104:de5f:fdd4:dc2c:b886:543c,4,4,0.00,60.68,0.00,SIN
2a06:98c1:3103:c627:2721:a826:4e30:3619,4,4,0.00,60.69,0.00,SIN
2a06:98c1:50:0:c5:31d4:b899:76b3,4,4,0.00,60.69,0.00,SIN
2a06:98c1:3106:8688:7a:8432:121:4149,4,4,0.00,60.69,0.00,SIN
2a06:98c1:50:fd1d:4ce6:fed1:3c9a:4084,4,4,0.00,60.69,0.00,SIN
2a06:98c1:3109:e1:12f5:1a71:612a:8dd1,4,4,0.00,60.69,0.00,SIN
2a06:98c1:3106::610e:3944,4,4,0.00,60.69,0.00,SIN
2a06:98c1:3101:0:bcad:4621:fe37:b37b,4,4,0.00,60.69,0.00,SIN
2a06:98c1:3100:3525:6fa9:f073:fae3:e24a,4,4,0.00,60.69,0.00,SIN
2a06:98c1:3103:c627:c644:65f3:44ad:b13a,4,4,0.00,60.69,0.00,SIN
2a06:98c1:3101:0:318c:90e0:3378:86b5,4,4,0.00,60.69,0.00,SIN
2a06:98c1:310b:f3:d05e:55c5:f7e7:84f8,4,4,0.00,60.69,0.00,SIN
2803:f800:51::d3:515e:fcf,4,4,0.00,60.70,0.00,SIN
2a06:98c1:3103:7d22:28f8:fd4e:438c:6ca1,4,4,0.00,60.70,0.00,SIN
2a06:98c1:3108:759c:e0e8:f54f:78f:e797,4,4,0.00,60.70,0.00,SIN
2a06:98c1:3101:f322:d54:196c:974a:a2a1,4,4,0.00,60.70,0.00,SIN
2a06:98c1:310e:0:fafc:77d0:42a:71e6,4,4,0.00,60.70,0.00,SIN
2a06:98c1:3103:e5b4:15d8:a887:2930:9b30,4,4,0.00,60.71,0.00,SIN
2400:cb00:2049:b2a5:f4a0:349f:3367:c2b3,4,4,0.00,60.71,0.00,SIN
2a06:98c1:310d:0:d3d2:b989:a78f:be4a,4,4,0.00,60.71,0.00,SIN
2a06:98c1:3102:4e68:39ab:99b4:6de6:c7ef,4,4,0.00,60.71,0.00,SIN
2a06:98c1:3108:0:f917:b5a9:68e7:8144,4,4,0.00,60.71,0.00,SIN
2a06:98c1:3106:ca:239a:b89b:cd33:48ef,4,4,0.00,60.71,0.00,SIN
2a06:98c1:3106:ca:239a:b817:6f60:d681,4,4,0.00,60.71,0.00,SIN
2a06:98c1:3103:9715:1281:8bcb:6e90:f768,4,4,0.00,60.72,0.00,SIN
2a06:98c1:50:4f1e:20be:2025:61a9:99ca,4,4,0.00,60.72,0.00,SIN
2400:cb00:2049:82:3cb6:3ed6:a708:a151,4,4,0.00,60.72,0.00,SIN
2a06:98c1:310d:f04e:d852:356b:277a:875e,4,4,0.00,60.72,0.00,SIN
2a06:98c1:50:6b76:649c:a442:36aa:39ef,4,4,0.00,60.72,0.00,SIN
2a06:98c1:50:0:913b:2e71:49a1:6b3e,4,4,0.00,60.72,0.00,SIN
2400:cb00:2049:82:1a8d:8cb5:3893:109,4,4,0.00,60.72,0.00,SIN
2a06:98c1:3104:f9:2dc4:34fd:292a:1a99,4,4,0.00,60.73,0.00,SIN
2a06:98c1:3103:f1:bbb0:7a32:3212:737,4,4,0.00,60.73,0.00,SIN
2a06:98c1:3102:0:f5b1:d0f3:2e54:d92,4,4,0.00,60.73,0.00,SIN
2a06:98c1:3109:84ab:6113:e8e6:120c:919f,4,4,0.00,60.74,0.00,SIN
2a06:98c1:310b:0:77:9840:a2d6:8bf4,4,4,0.00,60.74,0.00,SIN
2a06:98c1:310b:f3:dd17:3e11:626a:bb6,4,4,0.00,60.74,0.00,SIN
2a06:98c1:310b:f3:dd17:3e11:d267:9263,4,4,0.00,60.74,0.00,SIN
2a06:98c1:50:fd1d:4ce6:b7ce:c11:c8dc,4,4,0.00,60.75,0.00,SIN
2a06:98c1:3103:f1:bbb0:fc1b:9755:f129,4,4,0.00,60.75,0.00,SIN
2803:f800:51:379b:e50c:aa5:3892:ede4,4,4,0.00,60.75,0.00,SIN
2a06:98c1:3103:7d22:28cd:a8d6:de97:efc6,4,4,0.00,60.75,0.00,SIN
2a06:98c1:310a:ca56:cd07:8e31:219c:ca26,4,4,0.00,60.75,0.00,SIN
2400:cb00:2049:b2a5:f1b8:b9a6:5281:3f73,4,4,0.00,60.75,0.00,SIN
2a06:98c1:3103:e5b4:ff7b:13df:ea70:173d,4,4,0.00,60.76,0.00,SIN
2a06:98c1:50:0:bcf0:69bb:b161:c19c,4,4,0.00,60.76,0.00,SIN
2a06:98c1:3106:6c:655f:1461:7e53:1482,4,4,0.00,60.76,0.00,SIN
2a06:98c1:310e:c8:efc5:d6a6:d40b:acd3,4,4,0.00,60.76,0.00,SIN
2a06:98c1:310e:c8:5dc2:ae3b:bf6a:94d8,4,4,0.00,60.76,0.00,SIN
2a06:98c1:3106:8688:6307:a91a:89c:cc19,4,4,0.00,60.76,0.00,SIN
2a06:98c1:50:0:9164:9f33:fe55:bb0d,4,4,0.00,60.76,0.00,SIN
2a06:98c1:3102:0:de:80a1:a5fb:d555,4,4,0.00,60.77,0.00,SIN
2a06:98c1:50:d5:5928:806c:f1c9:82cf,4,4,0.00,60.77,0.00,SIN
2a06:98c1:310a:17:b383:b64f:203c:ea61,4,4,0.00,60.77,0.00,SIN
2803:f800:50:0:dd:1398:3ae6:d137,4,4,0.00,60.77,0.00,SIN
2a06:98c1:3101::8f62:a27d:7c91,4,4,0.00,60.77,0.00,SIN
2a06:98c1:310a:36:414d:c428:c9ce:51f8,4,4,0.00,60.78,0.00,SIN
2400:cb00:2049:82:3cb6:f9f1:b0eb:6f36,4,4,0.00,60.78,0.00,SIN
2400:cb00:2049:ab:1e85:de09:97f4:933a,4,4,0.00,60.78,0.00,SIN
2a06:98c1:310c:ed:b24a:efe2:ff12:811b,4,4,0.00,60.78,0.00,SIN
2a06:98c1:3105:854d:ee1f:54fa:baba:3395,4,4,0.00,60.78,0.00,SIN
2a06:98c1:3107:ae51:1377:1ce3:a4bf:a178,4,4,0.00,60.78,0.00,SIN
2a06:98c1:51:ae55:2d83:1aa:7619:6c02,4,4,0.00,60.78,0.00,SIN
2a06:98c1:51:ae55:2d83:1aa:7705:e295,4,4,0.00,60.78,0.00,SIN
2a06:98c1:3102:4e68:d314:b19c:89:19e4,4,4,0.00,60.78,0.00,SIN
2a06:98c1:3107:ae97:426a:301f:7551:1d87,4,4,0.00,60.78,0.00,SIN
2a06:98c1:310e::45:46f5:99e5,4,4,0.00,60.78,0.00,SIN
2a06:98c1:50:0:913b:c7a:be0a:5a0d,4,4,0.00,60.79,0.00,SIN
2a06:98c1:3106:6c:c7b:451f:c984:f325,4,4,0.00,60.79,0.00,SIN
2a06:98c1:3102:ee60:d0a9:f90f:aa5a:937c,4,4,0.00,60.79,0.00,SIN
2a06:98c1:3103:e577:390b:8122:d9b8:93f0,4,4,0.00,60.79,0.00,SIN
2a06:98c1:310e:883d:c912:8fb6:53cd:f340,4,4,0.00,60.79,0.00,SIN
2a06:98c1:310c:ed:b2aa:f465:6c0e:f471,4,4,0.00,60.79,0.00,SIN
2a06:98c1:3102:ee60:d0a9:96a0:d0a8:414d,4,4,0.00,60.79,0.00,SIN
2a06:98c1:51::fe:14da:366e,4,4,0.00,60.79,0.00,SIN
2a06:98c1:3108:7568:417d:5a39:124c:6662,4,4,0.00,60.80,0.00,SIN
2a06:98c1:310c:f49c:71fc:3618:61fb:3069,4,4,0.00,60.80,0.00,SIN
2a06:98c1:3106::afde:34f1:46fd,4,4,0.00,60.80,0.00,SIN
2a06:98c1:3103:9715:63e5:1608:a488:cc33,4,4,0.00,60.80,0.00,SIN
2a06:98c1:3100:7d14:928b:cf55:decb:3b0a,4,4,0.00,60.80,0.00,SIN
2a06:98c1:310b:0:c00a:1ad0:c588:4176,4,4,0.00,60.80,0.00,SIN
2a06:98c1:3108:0:f917:b5a9:682a:e773,4,4,0.00,60.80,0.00,SIN
2a06:98c1:3108:0:f917:b5a9:6865:9637,4,4,0.00,60.80,0.00,SIN
2a06:98c1:3101:f322:cb25:29e1:75d:9722,4,4,0.00,60.80,0.00,SIN
2803:f800:51:0:7f:8ee:9055:36e,4,4,0.00,60.80,0.00,SIN
2a06:98c1:310a:36:ec4b:612d:d14:f3cf,4,4,0.00,60.80,0.00,SIN
2a06:98c1:310f:a8:b4d2:17dc:4865:5f0,4,4,0.00,60.81,0.00,SIN
2a06:98c1:310e:0:e2:581e:9377:9d54,4,4,0.00,60.81,0.00,SIN
2a06:98c1:3108:0:f9c7:93db:dd8b:9df6,4,4,0.00,60.81,0.00,SIN
2a06:98c1:3101:f322:2869:e9e4:53dd:3b78,4,4,0.00,60.81,0.00,SIN
2a06:98c1:3100:e7:ce3b:a328:1f85:8a1d,4,4,0.00,60.81,0.00,SIN
2a06:98c1:310b:c4:7f1f:d5ef:c957:e54c,4,4,0.00,60.81,0.00,SIN
2a06:98c1:51::fe:1406:2b73,4,4,0.00,60.82,0.00,SIN
2a06:98c1:3104:de5f:5fdb:d0e0:d7e1:fedb,4,4,0.00,60.82,0.00,SIN
2a06:98c1:3103:9715:63e5:1608:a4eb:eb68,4,4,0.00,60.82,0.00,SIN
2a06:98c1:3103:e5b4:15d8:a83e:9079:3892,4,4,0.00,60.82,0.00,SIN
2a06:98c1:50:0:c5:437:22a7:9d2f,4,4,0.00,60.82,0.00,SIN
2a06:98c1:3105:85a9:71c:b5d1:963a:9e36,4,4,0.00,60.82,0.00,SIN
2a06:98c1:3108:0:f917:e7c2:9246:fa0e,4,4,0.00,60.83,0.00,SIN
2a06:98c1:3100:e7:85ee:3924:e787:1dfc,4,4,0.00,60.83,0.00,SIN
2a06:98c1:3103:c627:278b:c:6a09:822d,4,4,0.00,60.83,0.00,SIN
2a06:98c1:3107:0:524a:e3b7:8fa3:f640,4,4,0.00,60.83,0.00,SIN
2400:cb00:2049:b2a5:1ab4:28c2:6fee:8dc8,4,4,0.00,60.83,0.00,SIN
2a06:98c1:3101:0:c9:b1d3:f7d6:db0,4,4,0.00,60.83,0.00,SIN
2a06:98c1:310a:17:1ad8:1fe9:a1e9:fcc1,4,4,0.00,60.83,0.00,SIN
2a06:98c1:3103:e5b4:15d8:a887:296b:f0ac,4,4,0.00,60.83,0.00,SIN
2a06:98c1:310c:14:4ae8:a2b0:2f0a:acb1,4,4,0.00,60.83,0.00,SIN
2a06:98c1:3103:c627:c6d4:4ef5:75ad:5c25,4,4,0.00,60.84,0.00,SIN
2a06:98c1:3104:f9:af33:6eac:bd45:36c3,4,4,0.00,60.84,0.00,SIN
2a06:98c1:3102:4e68:d314:1a1a:e67c:9397,4,4,0.00,60.84,0.00,SIN
2a06:98c1:50:0:913b:f22e:6095:6f2e,4,4,0.00,60.84,0.00,SIN
2a06:98c1:3104:8b:a44f:5ad9:cd76:1cd2,4,4,0.00,60.84,0.00,SIN
2a06:98c1:3105::9f17:5e6b:7566,4,4,0.00,60.85,0.00,SIN
2a06:98c1:3104:f9:af98:c695:369f:947f,4,4,0.00,60.85,0.00,SIN
2a06:98c1:3103:e577:2f2e:8155:d2c0:29a1,4,4,0.00,60.85,0.00,SIN
2a06:98c1:3106:ca:5f84:772e:8b05:4779,4,4,0.00,60.85,0.00,SIN
2a06:98c1:310e:c9e4:3469:9b32:1ba5:a4bf,4,4,0.00,60.85,0.00,SIN
2a06:98c1:3109::984c:6d47:434,4,4,0.00,60.85,0.00,SIN
2a06:98c1:3103:9715:1281:8b8f:97a8:8954,4,4,0.00,60.86,0.00,SIN
2a06:98c1:3103:18fc:3ee0:56f9:9190:28f4,4,4,0.00,60.86,0.00,SIN
2a06:98c1:310c:f49c:711d:4f21:56b0:12d1,4,4,0.00,60.86,0.00,SIN
2a06:98c1:3103:b862:c39:62a0:946d:20b9,4,4,0.00,60.86,0.00,SIN
2a06:98c1:3102:4e68:60d9:23a5:2d57:68da,4,4,0.00,60.86,0.00,SIN
2a06:98c1:3103:7d22:cecd:f3df:efee:2e41,4,4,0.00,60.86,0.00,SIN
2400:cb00:2049:ab:1e85:f39a:f3d:70a0,4,4,0.00,60.87,0.00,SIN
2400:cb00:2049:29e6:1c9b:1789:cc1f:2704,4,4,0.00,60.87,0.00,SIN
2a06:98c1:3102:0:de:ae3b:9da2:abd8,4,4,0.00,60.87,0.00,SIN
2400:cb00:2049:29e6:1c9b:1789:ccfa:1d7,4,4,0.00,60.87,0.00,SIN
2a06:98c1:310c::e0:ddc4:b516,4,4,0.00,60.88,0.00,SIN
2a06:98c1:310d:e8:5e5b:dcad:6c7c:91fd,4,4,0.00,60.88,0.00,SIN
2a06:98c1:310d:e8:5e5b:dcad:291:22e3,4,4,0.00,60.88,0.00,SIN
2400:cb00:2049:0:4bb4:1e1d:59ae:f282,4,4,0.00,60.88,0.00,SIN
2400:cb00:2049:b200:6167:fb9a:2202:c58,4,4,0.00,60.88,0.00,SIN
2a06:98c1:3103:e577:34eb:bd61:2ade:80be,4,4,0.00,60.89,0.00,SIN
2400:cb00:2049:b2a5:f434:2ae6:4e04:bcaf,4,4,0.00,60.89,0.00,SIN
2a06:98c1:310e:0:fa3c:21ee:cd78:9995,4,4,0.00,60.89,0.00,SIN
2a06:98c1:310c:14:7fd9:108c:a859:7553,4,4,0.00,60.90,0.00,SIN
2a06:98c1:51:ae55:2d83:743c:1dd4:bfb1,4,4,0.00,60.90,0.00,SIN
2a06:98c1:310d:f04e:d852:7413:6340:85ad,4,4,0.00,60.90,0.00,SIN
2a06:98c1:3105:85a9:8619:7f8f:407b:2ae8,4,4,0.00,60.90,0.00,SIN
2a06:98c1:50:4f1e:205c:b939:4f1a:b7dc,4,4,0.00,60.90,0.00,SIN
2a06:98c1:3108:7568:4161:a9ac:de40:1347,4,4,0.00,60.90,0.00,SIN
2a06:98c1:50:fd1d:4c41:1f49:9e4a:c936,4,4,0.00,60.90,0.00,SIN
2a06:98c1:3104:0:b63e:5c0b:b9c2:8301,4,4,0.00,60.90,0.00,SIN
2a06:98c1:3103:9715:1212:6842:55f6:c9e0,4,4,0.00,60.90,0.00,SIN
2a06:98c1:3104:0:b63e:a8fd:7fba:af03,4,4,0.00,60.91,0.00,SIN
2a06:98c1:3107:ae51:4248:3799:71c8:9749,4,4,0.00,60.91,0.00,SIN
2a06:98c1:3106:86ad:f6f1:40cb:7eb8:f0cd,4,4,0.00,60.91,0.00,SIN
2a06:98c1:50:fdfe:99c:92fb:e178:2441,4,4,0.00,60.91,0.00,SIN
2a06:98c1:3105:8523:2e11:a9a2:5222:74ed,4,4,0.00,60.91,0.00,SIN
2a06:98c1:3104:deb8:dc36:7742:10ae:560,4,4,0.00,60.92,0.00,SIN
2a06:98c1:3106:6c:c7b:451f:c6ed:d992,4,4,0.00,60.92,0.00,SIN
2803:f800:51:d3:62bb:1df8:a458:5c7c,4,4,0.00,60.92,0.00,SIN
2a06:98c1:310b:0:77:9840:fd06:8c83,4,4,0.00,60.92,0.00,SIN
2a06:98c1:3103:c627:2788:4337:3c8b:a9c5,4,4,0.00,60.93,0.00,SIN
2a06:98c1:3106:8688:7a:e6b9:9374:c429,4,4,0.00,60.93,0.00,SIN
2a06:98c1:3109:84ab:6113:e8a3:303e:4a5c,4,4,0.00,60.93,0.00,SIN
2a06:98c1:310f:0:d01d:6f28:f297:f95d,4,4,0.00,60.93,0.00,SIN
2a06:98c1:50:4fc1:2a6a:f6c8:af86:4af7,4,4,0.00,60.93,0.00,SIN
2a06:98c1:3107:ae51:4248:951a:f47a:7ad6,4,4,0.00,60.93,0.00,SIN
2a06:98c1:3106:86ad:afc4:e371:2d85:95a4,4,4,0.00,60.93,0.00,SIN
2a06:98c1:3106:86ad:afc4:af3:3fea:eed,4,4,0.00,60.93,0.00,SIN
2a06:98c1:3101:da:a589:4fbd:eeac:e222,4,4,0.00,60.93,0.00,SIN
2a06:98c1:3100:7d14:928b:8012:58c6:1c3,4,4,0.00,60.94,0.00,SIN
2a06:98c1:3108:759c:201e:5ae:1dcc:5f71,4,4,0.00,60.94,0.00,SIN
2400:cb00:2049:ab:1e85:de09:4d21:24fc,4,4,0.00,60.94,0.00,SIN
2a06:98c1:3100:e7:ce47:3877:a8ad:488e,4,4,0.00,60.94,0.00,SIN
2a06:98c1:3104::d439:c53d:11c9,4,4,0.00,60.94,0.00,SIN
2a06:98c1:3105:85a9:86be:7220:d3e3:a76f,4,4,0.00,60.94,0.00,SIN
2a06:98c1:310c:f49c:7120:34f8:9652:fd62,4,4,0.00,60.94,0.00,SIN
2a06:98c1:50:0:913b:f265:ad3a:c76a,4,4,0.00,60.94,0.00,SIN
2a06:98c1:310b::de:198e:633f,4,4,0.00,60.95,0.00,SIN
2a06:98c1:3101:f38f:88d2:bfaa:dccc:e6f2,4,4,0.00,60.95,0.00,SIN
2a06:98c1:50:4f1e:e868:6eb:4039:3b0b,4,4,0.00,60.95,0.00,SIN
2a06:98c1:3100:e7:ce47:4347:471a:cbd7,4,4,0.00,60.95,0.00,SIN
2a06:98c1:3101:f322:d27:3772:b00a:4867,4,4,0.00,60.96,0.00,SIN
2a06:98c1:3107:0:7e64:8b3b:686b:48fc,4,4,0.00,60.96,0.00,SIN
2a06:98c1:50:4f1e:e868:607:7570:8c6f,4,4,0.00,60.96,0.00,SIN
2a06:98c1:310b:f3:dd17:f04a:4001:6a12,4,4,0.00,60.96,0.00,SIN
2a06:98c1:310a:0:7cb0:f211:f43f:dbce,4,4,0.00,60.96,0.00,SIN
2a06:98c1:3107:0:524a:d2cc:5f48:5ce3,4,4,0.00,60.96,0.00,SIN
2a06:98c1:3102:4e68:3986:aaf1:c52:a8e0,4,4,0.00,60.97,0.00,SIN
2a06:98c1:3102::dd3f:8a65:d508,4,4,0.00,60.97,0.00,SIN
2a06:98c1:310e:c9e4:2170:3d8:c5c1:854,4,4,0.00,60.97,0.00,SIN
2a06:98c1:3104:de5f:5fdb:d03b:1ade:8f57,4,4,0.00,60.97,0.00,SIN
2a06:98c1:3102:ee60:d044:75a4:dfc3:8520,4,4,0.00,60.97,0.00,SIN
2a06:98c1:3103::c9:c7c7:47d,4,4,0.00,60.97,0.00,SIN
2a06:98c1:3106:ca:1748:6f4a:4422:a390,4,4,0.00,60.97,0.00,SIN
2a06:98c1:3101:0:9ae7:c33:33e0:d4cc,4,4,0.00,60.97,0.00,SIN
2a06:98c1:51:2d:a794:ca45:5b34:6ea5,4,4,0.00,60.97,0.00,SIN
2803:f800:51:676a:7da3:29e:c679:861c,4,4,0.00,60.97,0.00,SIN
2a06:98c1:3108::ebbb:783a:9244,4,4,0.00,60.97,0.00,SIN
2a06:98c1:3104::d4ac:85bf:fa8,4,4,0.00,60.97,0.00,SIN
2a06:98c1:50:fd1d:4d8a:606b:735a:1ed9,4,4,0.00,60.97,0.00,SIN
2a06:98c1:3107:aee4:4f1e:bc4e:a66f:f90f,4,4,0.00,60.98,0.00,SIN
2a06:98c1:3100:e7:ce47:7506:a072:3b19,4,4,0.00,60.98,0.00,SIN
2a06:98c1:50:4f1e:a47f:74e3:bc45:8818,4,4,0.00,60.98,0.00,SIN
2a06:98c1:3108::5978:742b:d503,4,4,0.00,60.98,0.00,SIN
2a06:98c1:310a:17:1ad8:1fe9:a9c5:9a8d,4,4,0.00,60.98,0.00,SIN
2a06:98c1:50:fd1d:4d31:ca38:619:81ee,4,4,0.00,60.99,0.00,SIN
2a06:98c1:310b:0:c190:d4f6:859f:c77b,4,4,0.00,60.99,0.00,SIN
2803:f800:51:731b:625a:c07b:8333:9bd7,4,4,0.00,60.99,0.00,SIN
2803:f800:50:0:e77b:b538:2b31:514a,4,4,0.00,60.99,0.00,SIN
2a06:98c1:3104:8b:81e2:5112:69f:7049,4,4,0.00,60.99,0.00,SIN
2a06:98c1:3103:7d22:28f8:fdf5:26d2:294d,4,4,0.00,60.99,0.00,SIN
2a06:98c1:3103:7d22:28f8:fdf5:6e4b:8631,4,4,0.00,60.99,0.00,SIN
2a06:98c1:3109:e1:1242:3c0a:46fb:68fa,4,4,0.00,60.99,0.00,SIN
2400:cb00:2049:b2a5:f128:9ddc:fdd4:96ef,4,4,0.00,60.99,0.00,SIN
2a06:98c1:3104:f9:2dc4:3471:7fb6:b039,4,4,0.00,61.00,0.00,SIN
2a06:98c1:50:4f1e:e868:6eb:3a2e:8c59,4,4,0.00,61.00,0.00,SIN
2a06:98c1:3107:b7b8:a084:3361:970b:a5aa,4,4,0.00,61.00,0.00,SIN
2a06:98c1:50:f:8cdb:1bee:9b56:b8f5,4,4,0.00,61.01,0.00,SIN
2a06:98c1:3100:0:a1:481c:93ad:7438,4,4,0.00,61.01,0.00,SIN
2a06:98c1:310b:0:c0fa:447a:b2fd:5975,4,4,0.00,61.01,0.00,SIN
2a06:98c1:3104:f9:2d16:5068:eb4d:f3d0,4,4,0.00,61.01,0.00,SIN
2a06:98c1:3105:85a9:8619:34ac:847b:73e7,4,4,0.00,61.01,0.00,SIN
2a06:98c1:3100:e7:85ee:3924:7a90:66f4,4,4,0.00,61.01,0.00,SIN
2a06:98c1:310e:c8:5dc2:1e79:bc6:f319,4,4,0.00,61.01,0.00,SIN
2a06:98c1:3104:f9:2d16:50c5:80e1:4620,4,4,0.00,61.01,0.00,SIN
2a06:98c1:310a:17:b383:b64f:c15e:eb07,4,4,0.00,61.02,0.00,SIN
2a06:98c1:51:0:c5:9f09:afce:2224,4,4,0.00,61.02,0.00,SIN
2a06:98c1:50:6b31:c1cf:56c6:11c:80b3,4,4,0.00,61.02,0.00,SIN
2a06:98c1:50:6b31:c1cf:56c6:d9cb:380e,4,4,0.00,61.02,0.00,SIN
2a06:98c1:310c:eb:dfaa:40a6:3e7a:b54,4,4,0.00,61.02,0.00,SIN
2a06:98c1:50:0:913b:f272:13bc:bc87,4,4,0.00,61.03,0.00,SIN
2a06:98c1:50:0:9147:cc3d:5721:a86c,4,4,0.00,61.03,0.00,SIN
2a06:98c1:310b:f3:ddff:507a:cdb8:3d47,4,4,0.00,61.03,0.00,SIN
2a06:98c1:3104:de5f:fdd4:cf53:2c1e:8994,4,4,0.00,61.03,0.00,SIN
2a06:98c1:3108:0:f9fd:4f48:6d0:7082,4,4,0.00,61.03,0.00,SIN
2a06:98c1:3103:e5b4:15d8:a83e:793:d7f1,4,4,0.00,61.03,0.00,SIN
2a06:98c1:3105:85a9:8619:c473:a5ce:9e36,4,4,0.00,61.03,0.00,SIN
2a06:98c1:50:fdfe:99c:92fb:e13b:818e,4,4,0.00,61.03,0.00,SIN
2a06:98c1:3102:0:f5b1:d0f3:2e03:7442,4,4,0.00,61.04,0.00,SIN
2a06:98c1:3100:7d40:b2bd:4b55:597a:959a,4,4,0.00,61.04,0.00,SIN
2a06:98c1:50:74:9d4b:25b5:f57a:561a,4,4,0.00,61.04,0.00,SIN
2a06:98c1:3104:f9:8f79:cf39:f832:f7ac,4,4,0.00,61.04,0.00,SIN
2a06:98c1:3104::d4ac:9358:9b6b,4,4,0.00,61.04,0.00,SIN
2a06:98c1:3104:f9:2d16:5068:b06f:ac3d,4,4,0.00,61.05,0.00,SIN
2a06:98c1:3109:e1:1242:3c0a:4642:1a19,4,4,0.00,61.05,0.00,SIN
2a06:98c1:3104:8b:810b:3ce1:a836:a281,4,4,0.00,61.05,0.00,SIN
2a06:98c1:310d:f04e:3b25:f0e:3c16:2894,4,4,0.00,61.05,0.00,SIN
2a06:98c1:3105:85a9:8619:c40f:d1d0:1a6c,4,4,0.00,61.05,0.00,SIN
2a06:98c1:3105:85a9:8619:c428:cdb7:7baa,4,4,0.00,61.05,0.00,SIN
2a06:98c1:3107:0:2e:7310:f626:420d,4,4,0.00,61.06,0.00,SIN
2a06:98c1:51:ae55:a453:5b05:b12e:3ba0,4,4,0.00,61.06,0.00,SIN
2a06:98c1:3106:8688:f6af:c3d7:bba0:5ab3,4,4,0.00,61.06,0.00,SIN
2a06:98c1:3100:e7:ce3b:a328:2185:1c66,4,4,0.00,61.06,0.00,SIN
2a06:98c1:3103:7d22:28cd:a824:8f0e:9d,4,4,0.00,61.07,0.00,SIN
2a06:98c1:50:fdfe:99c:92fb:e7fb:2a4d,4,4,0.00,61.07,0.00,SIN
2a06:98c1:3109:0:84:23d2:57b7:a252,4,4,0.00,61.07,0.00,SIN
2a06:98c1:50:fdfe:9f3:8784:a110:cf28,4,4,0.00,61.07,0.00,SIN
2a06:98c1:3101:0:9ae7:cde:b74f:5545,4,4,0.00,61.07,0.00,SIN
2a06:98c1:3108:0:f917:b5a9:d29d:6f48,4,4,0.00,61.07,0.00,SIN
2a06:98c1:3103:9728:ba04:41df:5abf:ef80,4,4,0.00,61.07,0.00,SIN
2a06:98c1:3102:4e68:39ab:997b:be5e:7087,4,4,0.00,61.07,0.00,SIN
2a06:98c1:3101:f3af:ed6e:2e66:5a16:3bfd,4,4,0.00,61.08,0.00,SIN
2a06:98c1:3107::2514:7fb7:c57b,4,4,0.00,61.08,0.00,SIN
2a06:98c1:310f::986f:bef6:8818,4,4,0.00,61.09,0.00,SIN
2a06:98c1:3100:7d1b:8653:3037:a97f:9aa2,4,4,0.00,61.09,0.00,SIN
2a06:98c1:3103::733c:4b6a,4,4,0.00,61.09,0.00,SIN
2a06:98c1:3103:9715:63e5:16d0:918:d3fe,4,4,0.00,61.09,0.00,SIN
2a06:98c1:51:ae55:2d58:a211:8d95:3558,4,4,0.00,61.09,0.00,SIN
2a06:98c1:3107:aee4:4fd5:413d:a710:90bc,4,4,0.00,61.09,0.00,SIN
2a06:98c1:3104:ce0b:a2ff:6790:8e11:6274,4,4,0.00,61.10,0.00,SIN
2a06:98c1:3107:0:7edf:548f:8b53:4c54,4,4,0.00,61.10,0.00,SIN
2a06:98c1:3100:7ded:aa50:3a3d:1d6e:a5d,4,4,0.00,61.10,0.00,SIN
2a06:98c1:3108:0:f917:2029:dfe1:5e4d,4,4,0.00,61.10,0.00,SIN
2a06:98c1:3100:0:9f:6331:1c2b:6c9d,4,4,0.00,61.10,0.00,SIN
2a06:98c1:3108:0:4f76:5e66:f9d5:444a,4,4,0.00,61.10,0.00,SIN
2a06:98c1:3108:0:4f76:db5d:ee94:b31d,4,4,0.00,61.10,0.00,SIN
2a06:98c1:3103:9728:baa2:19a5:81c8:a8b,4,4,0.00,61.10,0.00,SIN
2a06:98c1:3103:e577:397b:bb79:9d11:4c7b,4,4,0.00,61.10,0.00,SIN
2a06:98c1:50:74:4ed1:8bc:f8f1:46d1,4,4,0.00,61.10,0.00,SIN
2803:f800:50:f049:b256:d938:b46d:26af,4,4,0.00,61.10,0.00,SIN
2a06:98c1:3103:e525:6032:3894:8fbe:214a,4,4,0.00,61.11,0.00,SIN
2a06:98c1:3101:f322:cb25:f3d2:4943:4866,4,4,0.00,61.11,0.00,SIN
2a06:98c1:3102:4e68:39ab:99b4:4fff:44bd,4,4,0.00,61.11,0.00,SIN
2a06:98c1:50:4f1e:20c8:89e4:b87d:971f,4,4,0.00,61.11,0.00,SIN
2a06:98c1:3103:7d22:28cd:a8d6:5987:ddce,4,4,0.00,61.11,0.00,SIN
2a06:98c1:3100:7d1b:8653:3037:a92d:27eb,4,4,0.00,61.11,0.00,SIN
2a06:98c1:3103:e577:34eb:bda6:593d:d271,4,4,0.00,61.11,0.00,SIN
2a06:98c1:3104:64:578f:2e5f:ca09:1cc7,4,4,0.00,61.11,0.00,SIN
2a06:98c1:3100:7ded:e0e1:152f:64bc:20c9,4,4,0.00,61.11,0.00,SIN
2400:cb00:2049:ab:fd08:702b:477:3216,4,4,0.00,61.11,0.00,SIN
2a06:98c1:50:4f1e:2008:a513:aced:1bf0,4,4,0.00,61.12,0.00,SIN
2a06:98c1:310b:f3:dd17:3e11:8ab:18d3,4,4,0.00,61.12,0.00,SIN
2a06:98c1:310a:36:c28f:4283:4ca6:7931,4,4,0.00,61.12,0.00,SIN
2a06:98c1:3100:7d40:b2bd:724:555e:3f50,4,4,0.00,61.12,0.00,SIN
2a06:98c1:3102:4e68:3986:aaf1:6f17:5882,4,4,0.00,61.12,0.00,SIN
2a06:98c1:3101:0:bcad:46ef:b2d:b307,4,4,0.00,61.13,0.00,SIN
2a06:98c1:310e:883d:c95c:a0fd:e6ab:22c2,4,4,0.00,61.13,0.00,SIN
2a06:98c1:3103:e577:343b:f6d7:b969:4eb1,4,4,0.00,61.13,0.00,SIN
2a06:98c1:51:ae55:2d83:8e75:ed9f:2d94,4,4,0.00,61.13,0.00,SIN
2a06:98c1:3107:0:524a:d2cc:5fd9:4f01,4,4,0.00,61.13,0.00,SIN
2a06:98c1:3108::9c4e:f67f:4ef4,4,4,0.00,61.14,0.00,SIN
2a06:98c1:3100:3525:ba13:6f6f:df1a:5c8,4,4,0.00,61.15,0.00,SIN
2803:f800:50:0:dd:d6bb:1417:882e,4,4,0.00,61.15,0.00,SIN
2a06:98c1:3109:84ab:6113:e8e6:12ce:5aec,4,4,0.00,61.15,0.00,SIN
2a06:98c1:50:fdfe:95d:d131:2d54:e271,4,4,0.00,61.15,0.00,SIN
2a06:98c1:3109:0:84:23d2:2103:d1c,4,4,0.00,61.15,0.00,SIN
2a06:98c1:310d:f04e:d8a5:cbbf:cdd7:2b7f,4,4,0.00,61.15,0.00,SIN
2a06:98c1:3105:854d:432c:a0f6:f64c:c24b,4,4,0.00,61.16,0.00,SIN
2a06:98c1:3104:64:caa1:84da:b43e:6b46,4,4,0.00,61.16,0.00,SIN
2803:f800:50::e824:47e1,4,4,0.00,61.16,0.00,SIN
2a06:98c1:310c::e0:74f4:39a4,4,4,0.00,61.16,0.00,SIN
2a06:98c1:50:4f1e:205c:b918:4ab6:81ae,4,4,0.00,61.16,0.00,SIN
2a06:98c1:3107:aee4:c37e:150d:1d91:d36d,4,4,0.00,61.16,0.00,SIN
2a06:98c1:310d:e8:5e5b:7b70:95ae:1ed3,4,4,0.00,61.16,0.00,SIN
2a06:98c1:3108:0:4f76:de71:31d6:1869,4,4,0.00,61.17,0.00,SIN
2a06:98c1:310b:c8:74b4:16ef:c7fc:66f1,4,4,0.00,61.17,0.00,SIN
2a06:98c1:3106:0:2288:ea29:9a58:ba05,4,4,0.00,61.17,0.00,SIN
2a06:98c1:310e:883d:c991:db06:17d4:5c09,4,4,0.00,61.17,0.00,SIN
2a06:98c1:3103:f1:bbb0:fc1b:97e0:da14,4,4,0.00,61.17,0.00,SIN
2a06:98c1:310e:883d:c912:8f57:8feb:4a08,4,4,0.00,61.18,0.00,SIN
2a06:98c1:3101:0:9ae7:c7c:d9c7:65b6,4,4,0.00,61.18,0.00,SIN
2a06:98c1:3108:0:f9c7:49fa:f5d4:4b12,4,4,0.00,61.18,0.00,SIN
2a06:98c1:3108:0:f9c7:93db:caae:4651,4,4,0.00,61.18,0.00,SIN
2a06:98c1:3100:0:c632:78f9:fbb9:39de,4,4,0.00,61.19,0.00,SIN
2a06:98c1:3103:9715:1281:8b8f:60dc:d514,4,4,0.00,61.19,0.00,SIN
2a06:98c1:310b:0:365f:489a:6681:3368,4,4,0.00,61.19,0.00,SIN
2a06:98c1:3107:b7b8:a0b9:1998:9b5e:b5f,4,4,0.00,61.19,0.00,SIN
2a06:98c1:310b:f3:6682:dda:73bd:9a41,4,4,0.00,61.19,0.00,SIN
2a06:98c1:310c:eb:df6c:1912:c8df:a28d,4,4,0.00,61.20,0.00,SIN
2a06:98c1:3103:b862:c39:9e8e:48c7:bad6,4,4,0.00,61.20,0.00,SIN
2a06:98c1:3108:6a:b7e3:2aa0:3e4f:145,4,4,0.00,61.20,0.00,SIN
2a06:98c1:310b:f3:fe68:5445:d184:626b,4,4,0.00,61.20,0.00,SIN
2a06:98c1:3107:ae97:964b:c997:ef56:bd4a,4,4,0.00,61.21,0.00,SIN
2a06:98c1:3107:ae97:426a:a3b4:8761:eda6,4,4,0.00,61.21,0.00,SIN
2a06:98c1:3107:ae97:426a:a3b4:f134:9eeb,4,4,0.00,61.21,0.00,SIN
2a06:98c1:3105:85a9:8619:34dc:191f:9523,4,4,0.00,61.21,0.00,SIN
2a06:98c1:3105:85a9:8619:34b5:901a:396e,4,4,0.00,61.21,0.00,SIN
2a06:98c1:51:ae55:2d58:a2d9:b171:7b49,4,4,0.00,61.21,0.00,SIN
2a06:98c1:51:aece:fdcf:2f05:15b4:6293,4,4,0.00,61.21,0.00,SIN
2a06:98c1:3105::41:918e:9b62,4,4,0.00,61.21,0.00,SIN
2a06:98c1:50:d5:5928:407:3c7c:d090,4,4,0.00,61.21,0.00,SIN
2a06:98c1:3101::5e1c:b7bb:5bab,4,4,0.00,61.21,0.00,SIN
2400:cb00:2049:b200:4824:aa5d:30c6:fbcb,4,4,0.00,61.22,0.00,SIN
2a06:98c1:310b:f3:d05e:55e4:2766:ac35,4,4,0.00,61.22,0.00,SIN
2a06:98c1:310d:f04e:fb9e:14e1:6de7:c5bd,4,4,0.00,61.22,0.00,SIN
2a06:98c1:50:6b31:c1cf:56c6:159:a167,4,4,0.00,61.22,0.00,SIN
2a06:98c1:310a:36:414d:c428:c915:163d,4,4,0.00,61.23,0.00,SIN
2a06:98c1:3103:b862:c39:6217:331d:2479,4,4,0.00,61.23,0.00,SIN
2a06:98c1:3102:4e68:3986:aaa3:e072:c0a9,4,4,0.00,61.23,0.00,SIN
2a06:98c1:3107:ae97:429e:4f78:5d52:2be7,4,4,0.00,61.23,0.00,SIN
2a06:98c1:310b:f3:d05e:55e4:277b:f1b4,4,4,0.00,61.23,0.00,SIN
2a06:98c1:3106:8688:f648:10e1:626f:2d77,4,4,0.00,61.23,0.00,SIN
2a06:98c1:3100:7ded:86f1:b7d7:443a:eb0d,4,4,0.00,61.23,0.00,SIN
2a06:98c1:50:74:4ed9:ba51:256:390f,4,4,0.00,61.24,0.00,SIN
2a06:98c1:3100:7d40:b2bd:4b55:5913:f604,4,4,0.00,61.24,0.00,SIN
2a06:98c1:3103:b862:43a3:9e05:9977:eda1,4,4,0.00,61.24,0.00,SIN
2a06:98c1:3104:64:ca50:b436:65e0:6250,4,4,0.00,61.24,0.00,SIN
2400:cb00:2049:ab:fd08:708d:6cab:f774,4,4,0.00,61.24,0.00,SIN
2a06:98c1:3103:9715:120b:aea9:b439:578e,4,4,0.00,61.24,0.00,SIN
2a06:98c1:51:aece:296c:a70c:cbbf:9f00,4,4,0.00,61.24,0.00,SIN
2a06:98c1:310a:17:1ad8:c808:17c8:153e,4,4,0.00,61.24,0.00,SIN
2a06:98c1:50:fd1d:6e98:9d16:bd54:7620,4,4,0.00,61.25,0.00,SIN
2a06:98c1:310e:c8:5d12:3a63:e2be:ddd1,4,4,0.00,61.25,0.00,SIN
2a06:98c1:310a:17:1ad8:1fe9:a980:1cc7,4,4,0.00,61.25,0.00,SIN
2a06:98c1:310e:c9e4:2107:117e:2d50:63a7,4,4,0.00,61.25,0.00,SIN
2a06:98c1:3107:0:7e64:8b3b:a72d:ba9,4,4,0.00,61.25,0.00,SIN
2a06:98c1:3100:e7:85ee:5a20:cdf4:be77,4,4,0.00,61.25,0.00,SIN
2400:cb00:2049:b200:48f9:6c36:f1db:49f1,4,4,0.00,61.25,0.00,SIN
2a06:98c1:3109::78:f20:f0d4,4,4,0.00,61.25,0.00,SIN
2a06:98c1:3100:e7:85ee:a472:b4f2:b76c,4,4,0.00,61.25,0.00,SIN
2a06:98c1:50:fd1d:4c41:1f49:f951:79c2,4,4,0.00,61.25,0.00,SIN
2a06:98c1:3102:ee60:1104:ba3:91e3:c329,4,4,0.00,61.25,0.00,SIN
2a06:98c1:3102:0:f5e4:9ef2:448a:aa78,4,4,0.00,61.26,0.00,SIN
2a06:98c1:310b:0:77:9840:a288:2561,4,4,0.00,61.26,0.00,SIN
2a06:98c1:3107:aee4:4fd5:413d:9121:1452,4,4,0.00,61.26,0.00,SIN
2a06:98c1:3109:e1:dbc7:aed6:abbb:2409,4,4,0.00,61.26,0.00,SIN
2a06:98c1:3108:0:f9fd:4f80:8836:4243,4,4,0.00,61.26,0.00,SIN
2400:cb00:2049:29e6:1c9b:9ece:458a:95ae,4,4,0.00,61.26,0.00,SIN
2a06:98c1:3101:f322:2869:a86c:4920:ed1e,4,4,0.00,61.26,0.00,SIN
2a06:98c1:51:aece:8ac0:3a1a:c48d:8f30,4,4,0.00,61.26,0.00,SIN
2a06:98c1:310e:c9e4:3469:9bb6:aa11:1c53,4,4,0.00,61.26,0.00,SIN
2a06:98c1:51:0:c5:9fb0:aac3:7f9a,4,4,0.00,61.27,0.00,SIN
2a06:98c1:50:d5:5928:8097:28d3:4727,4,4,0.00,61.27,0.00,SIN
2a06:98c1:3100:7d40:8436:cb15:dfed:383b,4,4,0.00,61.27,0.00,SIN
2a06:98c1:310b:f3:d05e:7bd4:cb30:65fe,4,4,0.00,61.27,0.00,SIN
2a06:98c1:3108:0:f9fd:5a42:5df3:ec9,4,4,0.00,61.28,0.00,SIN
2a06:98c1:3101::5e1c:b733:9dc6,4,4,0.00,61.28,0.00,SIN
2a06:98c1:50:4f1e:20be:ce00:cb8a:94b7,4,4,0.00,61.28,0.00,SIN
2a06:98c1:3103:9715:1212:ef22:4d3:a581,4,4,0.00,61.28,0.00,SIN
2a06:98c1:310a:0:ed:736f:a471:a812,4,4,0.00,61.28,0.00,SIN
2803:f800:51:0:3a:6619:934d:6478,4,4,0.00,61.29,0.00,SIN
2a06:98c1:3102:ee60:d044:750c:c7fc:5668,4,4,0.00,61.29,0.00,SIN
2a06:98c1:3102:0:f5b1:d042:a95f:603,4,4,0.00,61.29,0.00,SIN
2a06:98c1:3101:f3af:743f:690:9f40:c339,4,4,0.00,61.29,0.00,SIN
2a06:98c1:3107:aee4:c3f3:e91:ede2:92d1,4,4,0.00,61.29,0.00,SIN
2a06:98c1:50:4f1e:e8d0:c753:6557:99ef,4,4,0.00,61.29,0.00,SIN
2a06:98c1:3103:e5b4:1543:a739:22ce:ab2f,4,4,0.00,61.30,0.00,SIN
2a06:98c1:50:6b31:c8ea:7bd0:dc81:798e,4,4,0.00,61.30,0.00,SIN
2a06:98c1:3106:0:6f:1fc4:9871:440e,4,4,0.00,61.31,0.00,SIN
2a06:98c1:3109:8481:c37f:5ebf:c6ec:330e,4,4,0.00,61.31,0.00,SIN
2a06:98c1:3104:f9:2dc4:ed2:a888:13ac,4,4,0.00,61.31,0.00,SIN
2a06:98c1:3103:e5b4:15bb:78b3:84e6:db85,4,4,0.00,61.31,0.00,SIN
2a06:98c1:310b:0:365f:aa7:5375:35e9,4,4,0.00,61.31,0.00,SIN
2a06:98c1:3107:aee4:c53e:9a81:bfab:3f6e,4,4,0.00,61.31,0.00,SIN
2a06:98c1:3101:0:9ae7:cde:b738:4d7b,4,4,0.00,61.31,0.00,SIN
2a06:98c1:3107:90:17b7:f381:69f5:4df4,4,4,0.00,61.31,0.00,SIN
2a06:98c1:310a:17:1ad8:c88d:e13f:834b,4,4,0.00,61.31,0.00,SIN
2a06:98c1:310f:0:d5f2:c4a0:3fad:411f,4,4,0.00,61.31,0.00,SIN
2a06:98c1:3108::5978:2ba2:4386,4,4,0.00,61.31,0.00,SIN
2a06:98c1:3103:c627:c644:f1fd:1fe8:3c66,4,4,0.00,61.32,0.00,SIN
2a06:98c1:3106:6c:655f:1457:c419:5c3d,4,4,0.00,61.32,0.00,SIN
2a06:98c1:3108:759c:209e:8b7c:b955:2297,4,4,0.00,61.32,0.00,SIN
2a06:98c1:51:ae55:2d58:a211:8687:8bc9,4,4,0.00,61.32,0.00,SIN
2a06:98c1:3102:4e68:3986:aaa3:e006:cdbd,4,4,0.00,61.32,0.00,SIN
2a06:98c1:3100:7ded:866b:564:69b4:dd6c,4,4,0.00,61.32,0.00,SIN
2a06:98c1:3103:f1:bbb0:15a3:3957:5a4,4,4,0.00,61.32,0.00,SIN
2a06:98c1:3103:f1:bbb0:1513:8515:6a73,4,4,0.00,61.32,0.00,SIN
2a06:98c1:3105:85a9:8619:34dc:1985:343d,4,4,0.00,61.33,0.00,SIN
2a06:98c1:310b:f3:fe68:5445:82db:fe51,4,4,0.00,61.33,0.00,SIN
2a06:98c1:3102:0:de:80a1:9f1e:703,4,4,0.00,61.33,0.00,SIN
2a06:98c1:310d:0:b4:2812:7301:52d3,4,4,0.00,61.33,0.00,SIN
2a06:98c1:310f:0:d5f2:c4a0:fa49:a7d1,4,4,0.00,61.33,0.00,SIN
2a06:98c1:310b:0:c0fa:4438:2cfa:24e,4,4,0.00,61.34,0.00,SIN
2a06:98c1:50:6b31:c8aa:3321:a0a:135a,4,4,0.00,61.34,0.00,SIN
2400:cb00:2049:ab:fd26:294:97e1:4c08,4,4,0.00,61.34,0.00,SIN
2a06:98c1:310b:0:c0fa:dd89:d1f8:b6db,4,4,0.00,61.34,0.00,SIN
2803:f800:51:d3:62bb:1df8:45bf:2e7d,4,4,0.00,61.35,0.00,SIN
2a06:98c1:3103:9728:baa2:1919:10dd:16ce,4,4,0.00,61.35,0.00,SIN
2a06:98c1:50:4f1e:20be:20d9:ed53:abbe,4,4,0.00,61.35,0.00,SIN
2a06:98c1:3100:7d14:928b:cf10:3792:de4,4,4,0.00,61.35,0.00,SIN
2a06:98c1:310c:f49c:71fc:e0d8:b2b5:6fbc,4,4,0.00,61.35,0.00,SIN
2a06:98c1:3107:0:7edf:548f:4d94:6e2,4,4,0.00,61.35,0.00,SIN
2a06:98c1:51::a67f:cfd0:b9ee,4,4,0.00,61.36,0.00,SIN
2a06:98c1:51:ae55:a472:8ad9:7e7c:1c57,4,4,0.00,61.36,0.00,SIN
2a06:98c1:3101:0:bcad:4621:8305:7777,4,4,0.00,61.36,0.00,SIN
2a06:98c1:310d:e8:5e16:6617:a905:5f2,4,4,0.00,61.36,0.00,SIN
2a06:98c1:310c:f49c:7120:3702:eca:79c2,4,4,0.00,61.36,0.00,SIN
2a06:98c1:310a:17:1ad8:1fe9:a122:885b,4,4,0.00,61.36,0.00,SIN
2400:cb00:2049:82:3cb6:3ed6:a0d7:12f2,4,4,0.00,61.36,0.00,SIN
2a06:98c1:3108:0:4f76:5e66:f9c5:dfb8,4,4,0.00,61.37,0.00,SIN
2a06:98c1:3103:18fc:3e2e:2bd3:3a2f:78b9,4,4,0.00,61.38,0.00,SIN
2a06:98c1:3108:759c:3a94:bd45:6e78:8fd,4,4,0.00,61.38,0.00,SIN
2a06:98c1:51:0:c5:aa25:5191:5591,4,4,0.00,61.38,0.00,SIN
2a06:98c1:3100:7d14:928b:8012:114f:a6c8,4,4,0.00,61.38,0.00,SIN
2a06:98c1:3100:7ded:e0e1:1570:7756:5526,4,4,0.00,61.38,0.00,SIN
2a06:98c1:3104:ce0b:a2ac:aaa8:d49:9abd,4,4,0.00,61.38,0.00,SIN
2a06:98c1:3107:b7b8:a084:ec:eb8f:8b41,4,4,0.00,61.38,0.00,SIN
2a06:98c1:3100:7ded:e062:4f46:b221:ca06,4,4,0.00,61.38,0.00,SIN
2a06:98c1:3107:ae51:4248:9540:1a5b:46f,4,4,0.00,61.39,0.00,SIN
2a06:98c1:3103:9728:baa2:1592:f92:7149,4,4,0.00,61.39,0.00,SIN
2a06:98c1:3108:7568:4161:a941:e659:96e6,4,4,0.00,61.39,0.00,SIN
2a06:98c1:3103::fc1a:81de:e7d0,4,4,0.00,61.39,0.00,SIN
2a06:98c1:3104:f9:af33:6e37:dfa7:66de,4,4,0.00,61.40,0.00,SIN
2a06:98c1:3102:4e68:d375:81e4:b05c:9839,4,4,0.00,61.40,0.00,SIN
2a06:98c1:50:0:b0a5:511c:693a:56ef,4,4,0.00,61.40,0.00,SIN
2a06:98c1:3100:7d1b:867f:6370:8d06:365a,4,4,0.00,61.40,0.00,SIN
2a06:98c1:3103:e577:34eb:8388:35b5:c998,4,4,0.00,61.40,0.00,SIN
2a06:98c1:50:fd1d:4ce6:fefb:5002:dd6a,4,4,0.00,61.40,0.00,SIN
2803:f800:51:0:8036:b447:a66b:c054,4,4,0.00,61.41,0.00,SIN
2803:f800:50:f049:b256:22be:1aa5:3c72,4,4,0.00,61.42,0.00,SIN
2a06:98c1:3107:ae97:189f:caef:6900:d3b8,4,4,0.00,61.42,0.00,SIN
2a06:98c1:3103:e525:6032:3894:8fc3:8a5e,4,4,0.00,61.42,0.00,SIN
2a06:98c1:3100:7d1b:1b81:8bd7:ef54:e019,4,4,0.00,61.42,0.00,SIN
2a06:98c1:310e:0:fafc:7730:26aa:57a6,4,4,0.00,61.42,0.00,SIN
2a06:98c1:3109:8481:5f9f:d578:252c:a3d4,4,4,0.00,61.42,0.00,SIN
2a06:98c1:3109:e1:dbc7:83d3:c660:b85b,4,4,0.00,61.43,0.00,SIN
2a06:98c1:3104:0:7:6d3e:f12d:735a,4,4,0.00,61.43,0.00,SIN
2a06:98c1:310d:f04e:fb9e:84cd:5ce9:128,4,4,0.00,61.43,0.00,SIN
2a06:98c1:3106:ca:9a85:8fe:4c82:17be,4,4,0.00,61.43,0.00,SIN
2a06:98c1:3103:9728:f49b:cb7d:9e5f:3472,4,4,0.00,61.43,0.00,SIN
2a06:98c1:3106:8688:6307:a97e:3b94:5b0,4,4,0.00,61.43,0.00,SIN
2a06:98c1:3107:ae97:18a9:8f26:80eb:e1cc,4,4,0.00,61.44,0.00,SIN
2803:f800:50::ed:311:fa6f,4,4,0.00,61.44,0.00,SIN
2a06:98c1:3109:e1:12f5:36c6:87fd:dfa5,4,4,0.00,61.44,0.00,SIN
2a06:98c1:50:6b31:c8ea:1419:f313:482a,4,4,0.00,61.44,0.00,SIN
2a06:98c1:51::2a80:412d,4,4,0.00,61.44,0.00,SIN
2a06:98c1:3109:e1:dbc7:ae5c:d0ef:5611,4,4,0.00,61.44,0.00,SIN
2a06:98c1:3106::61f0:f155,4,4,0.00,61.44,0.00,SIN
2a06:98c1:50:f:8cdb:1b54:dd51:8f27,4,4,0.00,61.45,0.00,SIN
2a06:98c1:310c:eb:dfaa:f984:b2b8:2046,4,4,0.00,61.45,0.00,SIN
2a06:98c1:3102:4e68:3986:aaa3:3ca5:23dc,4,4,0.00,61.45,0.00,SIN
2a06:98c1:3103::9599:e177,4,4,0.00,61.45,0.00,SIN
2a06:98c1:3100:7d1b:1bd8:5b5:9b40:8046,4,4,0.00,61.45,0.00,SIN
2a06:98c1:310b:f3:d05e:55e4:f2ed:5baf,4,4,0.00,61.46,0.00,SIN
2a06:98c1:310e:c949:6cd9:8be9:5095:b012,4,4,0.00,61.46,0.00,SIN
2a06:98c1:3109:84ab:6116:cdb4:ce87:5969,4,4,0.00,61.46,0.00,SIN
2a06:98c1:310e:0:e2:581e:d28a:1d8e,4,4,0.00,61.46,0.00,SIN
2a06:98c1:3100:e7:8597:101b:4685:74bc,4,4,0.00,61.46,0.00,SIN
2a06:98c1:3104:64:caa1:8405:4f6f:fbc6,4,4,0.00,61.46,0.00,SIN
2a06:98c1:310c:f49c:711d:543f:f363:5ee9,4,4,0.00,61.46,0.00,SIN
2803:f800:51:676a:7d0b:9201:2a98:614d,4,4,0.00,61.47,0.00,SIN
2400:cb00:2049:b2a5:f4a0:cb8:9a21:21ed,4,4,0.00,61.47,0.00,SIN
2a06:98c1:3104:ce0b:a2ff:4288:7e22:53b2,4,4,0.00,61.47,0.00,SIN
2400:cb00:2049:b2a5:f1b8:b9a6:5226:c277,4,4,0.00,61.47,0.00,SIN
2a06:98c1:51:ae55:2d58:68a2:39a5:13e9,4,4,0.00,61.47,0.00,SIN
2a06:98c1:310c:d4:309e:cbea:7109:9aee,4,4,0.00,61.47,0.00,SIN
2a06:98c1:3108:3a23:83e0:b0e1:20cb:ba2,4,4,0.00,61.47,0.00,SIN
2a06:98c1:51:ae55:2d58:a2d9:6b24:2a52,4,4,0.00,61.48,0.00,SIN
2a06:98c1:3107:aee4:c53e:9a81:55cc:3ebc,4,4,0.00,61.49,0.00,SIN
2a06:98c1:50:6b31:c8d3:348c:16a1:7f49,4,4,0.00,61.49,0.00,SIN
2a06:98c1:310c:14:4ae8:a213:1a38:7712,4,4,0.00,61.49,0.00,SIN
2a06:98c1:3103:e5b4:1543:a739:2224:606b,4,4,0.00,61.49,0.00,SIN
2a06:98c1:3103:b862:c39:9e94:7b2f:7090,4,4,0.00,61.49,0.00,SIN
2a06:98c1:310b:0:3607:787a:6e1b:9c14,4,4,0.00,61.50,0.00,SIN
2a06:98c1:3105:854d:432c:644d:b917:4655,4,4,0.00,61.50,0.00,SIN
2803:f800:51:676a:7da3:29e:c61c:855f,4,4,0.00,61.50,0.00,SIN
2a06:98c1:310e:0:fa3c:11e8:6e1c:a353,4,4,0.00,61.50,0.00,SIN
2a06:98c1:310f:a8:b4d2:e9bf:3bef:b636,4,4,0.00,61.51,0.00,SIN
2a06:98c1:50:74:4ed1:9caa:c314:666b,4,4,0.00,61.51,0.00,SIN
2a06:98c1:51:ae55:a472:8a45:459d:c9f0,4,4,0.00,61.51,0.00,SIN
2a06:98c1:310b:f3:d05e:b438:681e:4ac6,4,4,0.00,61.51,0.00,SIN
2a06:98c1:3102:d4:d2d3:d9cb:e286:3d86,4,4,0.00,61.51,0.00,SIN
2803:f800:50:f049:2608:fdda:959d:baa5,4,4,0.00,61.52,0.00,SIN
2a06:98c1:310b:7e91:95df:3b4:a79e:ec10,4,4,0.00,61.52,0.00,SIN
2a06:98c1:3106:ca:5f84:775c:5c3b:2094,4,4,0.00,61.52,0.00,SIN
2a06:98c1:310e:c949:c27:3a64:7906:e055,4,4,0.00,61.52,0.00,SIN
2a06:98c1:310c:d4:94e9:7326:aa2b:8de7,4,4,0.00,61.52,0.00,SIN
2a06:98c1:3105:854d:ee44:42fc:c0c3:e4fc,4,4,0.00,61.52,0.00,SIN
2a06:98c1:3100:e7:85ee:a417:c937:29ca,4,4,0.00,61.53,0.00,SIN
2a06:98c1:3108:3a23:83e0:b045:1d41:8718,4,4,0.00,61.54,0.00,SIN
2a06:98c1:310d:f04e:3b41:2620:6405:34d7,4,4,0.00,61.54,0.00,SIN
2a06:98c1:310b:c4:7f0f:2f14:54d1:e8b3,4,4,0.00,61.54,0.00,SIN
2a06:98c1:310b:0:d3:fc16:6d35:38dc,4,4,0.00,61.54,0.00,SIN
2a06:98c1:51:aece:5ff:85ca:6553:6e3e,4,4,0.00,61.54,0.00,SIN
2a06:98c1:3100:e7:ce3b:a3d4:38b4:9926,4,4,0.00,61.54,0.00,SIN
2a06:98c1:310b:f3:d05e:b438:3bd5:851d,4,4,0.00,61.55,0.00,SIN
2a06:98c1:3108:3a6e:9ac2:931d:1f6:a630,4,4,0.00,61.55,0.00,SIN
2a06:98c1:3101:f322:d27:8944:896c:cee6,4,4,0.00,61.55,0.00,SIN
2a06:98c1:310b:0:d3:fc76:9576:3a5d,4,4,0.00,61.56,0.00,SIN
2a06:98c1:310e:c949:c27:3a64:9a3d:84b6,4,4,0.00,61.56,0.00,SIN
2a06:98c1:3107:ae97:183a:874b:118c:c254,4,4,0.00,61.56,0.00,SIN
2a06:98c1:3103:9715:6361:a4c8:1fee:f9d2,4,4,0.00,61.56,0.00,SIN
2a06:98c1:3108:6a:b7e3:2aa0:3ea7:7d3c,4,4,0.00,61.56,0.00,SIN
2803:f800:50:f049:b3e6:37ce:fd1d:85b1,4,4,0.00,61.56,0.00,SIN
2803:f800:51:379b:e50c:8ca4:cafe:46e2,4,4,0.00,61.56,0.00,SIN
2a06:98c1:50:0:bcf0:69d5:9514:ae79,4,4,0.00,61.57,0.00,SIN
2a06:98c1:50:4f1e:205c:9d32:a2c5:68ee,4,4,0.00,61.57,0.00,SIN
2a06:98c1:310a:8d:d456:ca5d:f66d:393a,4,4,0.00,61.57,0.00,SIN
2a06:98c1:3103:18fc:3e2e:2bd3:cb30:eace,4,4,0.00,61.57,0.00,SIN
2a06:98c1:310c:5c:7e38:aaa5:2241:8b96,4,4,0.00,61.57,0.00,SIN
2a06:98c1:310c:5c:7e38:aaa5:225c:1cac,4,4,0.00,61.57,0.00,SIN
2a06:98c1:3103:183b:c03a:3236:8e54:36ce,4,4,0.00,61.57,0.00,SIN
2a06:98c1:310c:d4:9478:5fc3:1a85:4116,4,4,0.00,61.58,0.00,SIN
2a06:98c1:310e:c8:84d9:35cb:1164:fbd,4,4,0.00,61.58,0.00,SIN
2a06:98c1:310b:6c:bd54:f0a8:653a:fb06,4,4,0.00,61.58,0.00,SIN
2a06:98c1:3104:ce0b:a2ac:aa8c:ec22:b6c4,4,4,0.00,61.58,0.00,SIN
2a06:98c1:50:6b31:c14f:ab6d:ce57:45f3,4,4,0.00,61.58,0.00,SIN
2a06:98c1:3108:0:f9fd:4f48:a57a:8a9d,4,4,0.00,61.58,0.00,SIN
2a06:98c1:3103:e577:39a2:5093:9ec9:c568,4,4,0.00,61.58,0.00,SIN
2a06:98c1:3101:f322:d82:f625:89fd:4544,4,4,0.00,61.59,0.00,SIN
2a06:98c1:310b:0:365f:48e5:5bff:61d6,4,4,0.00,61.59,0.00,SIN
2a06:98c1:3103:e5b4:1543:a739:7b9c:8075,4,4,0.00,61.59,0.00,SIN
2a06:98c1:3100:e7:ce3b:8dc3:da5f:5a87,4,4,0.00,61.59,0.00,SIN
2a06:98c1:3106:0:98:ad82:c97d:54c1,4,4,0.00,61.60,0.00,SIN
2a06:98c1:50:fdfe:99c:99a4:d265:59c8,4,4,0.00,61.60,0.00,SIN
2a06:98c1:3103:0:9e:a6c1:11ab:4f0f,4,4,0.00,61.60,0.00,SIN
2a06:98c1:3100:e7:8597:101b:523f:c235,4,4,0.00,61.60,0.00,SIN
2a06:98c1:3101:0:c9:b1b0:80e0:4525,4,4,0.00,61.60,0.00,SIN
2a06:98c1:310c:14:4ae8:a213:c271:ae6,4,4,0.00,61.60,0.00,SIN
2a06:98c1:310c:d4:94e9:7326:aae0:f8ac,4,4,0.00,61.60,0.00,SIN
2a06:98c1:3101:0:c9:17f2:7328:a2a7,4,4,0.00,61.61,0.00,SIN
2a06:98c1:50:fdfe:95d:d164:8e23:4c05,4,4,0.00,61.61,0.00,SIN
2a06:98c1:3109:0:1c91:603e:db15:3b71,4,4,0.00,61.61,0.00,SIN
2400:cb00:2049:2978:3861:bf45:343b:7814,4,4,0.00,61.61,0.00,SIN
2400:cb00:2049:2978:3861:bf70:f95d:d646,4,4,0.00,61.61,0.00,SIN
2a06:98c1:50:fdfe:95d:ca06:de10:4c43,4,4,0.00,61.62,0.00,SIN
2803:f800:50:f049:b256:d977:927a:8a92,4,4,0.00,61.62,0.00,SIN
2a06:98c1:50:fd1d:4d65:ddd4:a79d:510d,4,4,0.00,61.63,0.00,SIN
2a06:98c1:50:4f1e:2008:a513:39e:90d1,4,4,0.00,61.63,0.00,SIN
2a06:98c1:3105:854d:3bb1:3ee0:218f:917e,4,4,0.00,61.63,0.00,SIN
2a06:98c1:50:4f1e:e868:e581:2be9:5d9,4,4,0.00,61.64,0.00,SIN
2a06:98c1:310a:36:ecce:712:5d9c:5c0a,4,4,0.00,61.64,0.00,SIN
2a06:98c1:3104::d4ac:8528:5e16,4,4,0.00,61.64,0.00,SIN
2a06:98c1:51:ae55:2d58:a211:864d:f1e4,4,4,0.00,61.65,0.00,SIN
2a06:98c1:50:4f1e:20c8:8998:4f83:49bf,4,4,0.00,61.65,0.00,SIN
2a06:98c1:3101:f3af:edc0:9927:96d1:e519,4,4,0.00,61.65,0.00,SIN
2a06:98c1:3104:de5f:5fdb:25af:5995:897a,4,4,0.00,61.65,0.00,SIN
2a06:98c1:3102:4e68:39ab:997b:43e7:4fe,4,4,0.00,61.66,0.00,SIN
2a06:98c1:3103:9728:baa2:1592:90e6:f230,4,4,0.00,61.66,0.00,SIN
2a06:98c1:3108:759c:209e:9e5c:a4a5:c14d,4,4,0.00,61.66,0.00,SIN
2a06:98c1:310b:0:c0fa:dd4a:7a32:9da0,4,4,0.00,61.66,0.00,SIN
2a06:98c1:3107:b7b8:a0b9:5819:9035:c7cb,4,4,0.00,61.66,0.00,SIN
2a06:98c1:3102:4e68:39ab:997b:4397:6c16,4,4,0.00,61.66,0.00,SIN
2a06:98c1:3103:e5b4:1543:a7f1:862c:1475,4,4,0.00,61.67,0.00,SIN
2a06:98c1:50:4f1e:20c8:8970:96e9:a8f4,4,4,0.00,61.67,0.00,SIN
2a06:98c1:3103:e577:343b:f629:6c73:f894,4,4,0.00,61.67,0.00,SIN
2a06:98c1:3105:0:533f:a2a4:26bf:7908,4,4,0.00,61.67,0.00,SIN
2a06:98c1:310e:c9e4:2170:3d8:c531:f39d,4,4,0.00,61.67,0.00,SIN
2a06:98c1:3103:e5b4:15d8:1598:269b:6cbb,4,4,0.00,61.68,0.00,SIN
2a06:98c1:3104:de5f:5f42:159f:d311:b2d1,4,4,0.00,61.68,0.00,SIN
2a06:98c1:3107:ae97:18a9:45d6:ab8a:e50d,4,4,0.00,61.68,0.00,SIN
2a06:98c1:50:74:4ed1:8bc:1164:5c1,4,4,0.00,61.69,0.00,SIN
2a06:98c1:3109:8481:5f9f:d578:250f:2572,4,4,0.00,61.69,0.00,SIN
2a06:98c1:3102:ee60:d0a9:9658:e372:af7b,4,4,0.00,61.69,0.00,SIN
2a06:98c1:50:fd1d:4d8a:606b:73d4:c0e9,4,4,0.00,61.69,0.00,SIN
2a06:98c1:310e:c98d:3c11:98bb:deaf:1679,4,4,0.00,61.69,0.00,SIN
2a06:98c1:3106:0:2288:8533:b627:3150,4,4,0.00,61.70,0.00,SIN
2400:cb00:2049:82:3cb6:d385:404d:4fd4,4,4,0.00,61.70,0.00,SIN
2a06:98c1:50:6b31:c13e:d244:a43d:922f,4,4,0.00,61.70,0.00,SIN
2a06:98c1:310b::de:8233:8f6,4,4,0.00,61.71,0.00,SIN
2a06:98c1:3109:8481:c30d:a331:39a0:9221,4,4,0.00,61.71,0.00,SIN
2a06:98c1:310e:c8:5dc2:aec7:b3c8:b999,4,4,0.00,61.71,0.00,SIN
2a06:98c1:3102:ee60:1104:6ee1:7cb:7d47,4,4,0.00,61.71,0.00,SIN
2a06:98c1:3106:8688:7a:e67b:7067:8f5,4,4,0.00,61.71,0.00,SIN
2a06:98c1:3103:7d22:28f8:fdf5:2600:5d0f,4,4,0.00,61.72,0.00,SIN
2a06:98c1:3103:7d22:28f8:17b2:4a11:b4b7,4,4,0.00,61.72,0.00,SIN
2a06:98c1:50:fdfe:99c:92d5:c60f:353b,4,4,0.00,61.72,0.00,SIN
2a06:98c1:3100:7ded:e0e1:36e6:3507:af79,4,4,0.00,61.72,0.00,SIN
2a06:98c1:310c:eb:df6c:1912:eb2e:93dc,4,4,0.00,61.72,0.00,SIN
2a06:98c1:3100:e7:ce3b:216b:bdf6:7851,4,4,0.00,61.72,0.00,SIN
2a06:98c1:3103:f1:bb4e:38e1:bba7:c097,4,4,0.00,61.73,0.00,SIN
2a06:98c1:310e:883d:c95c:a07c:475c:fc84,4,4,0.00,61.73,0.00,SIN
2a06:98c1:50:0:913b:c7a:7638:d478,4,4,0.00,61.73,0.00,SIN
2a06:98c1:50:fd1d:4d8a:607b:5c4e:2282,4,4,0.00,61.73,0.00,SIN
2a06:98c1:3104:64:5718:7cae:6b6d:6a01,4,4,0.00,61.74,0.00,SIN
2a06:98c1:51:ae55:2d58:a211:86af:90cd,4,4,0.00,61.74,0.00,SIN
2a06:98c1:3105:854d:3bb1:d188:9965:6d5c,4,4,0.00,61.75,0.00,SIN
2a06:98c1:310b:f3:d05e:55e4:f226:9281,4,4,0.00,61.75,0.00,SIN
2a06:98c1:50:74:9d4b:25b5:780c:d9bd,4,4,0.00,61.76,0.00,SIN
2a06:98c1:3103::67:48e5:76bc,4,4,0.00,61.76,0.00,SIN
2a06:98c1:310d:f04e:3b25:f7f:11f9:cf0,4,4,0.00,61.76,0.00,SIN
2a06:98c1:50:4fa8:58f3:f124:aa88:739a,4,4,0.00,61.76,0.00,SIN
2a06:98c1:310c:14:1cfb:295b:fd1e:a217,4,4,0.00,61.77,0.00,SIN
2a06:98c1:310c:14:ee71:1f3:7ec0:8311,4,4,0.00,61.77,0.00,SIN
2a06:98c1:3105:b1:501a:d74d:7ab1:ac63,4,4,0.00,61.78,0.00,SIN
2a06:98c1:3107:b7b8:a084:5d7:d231:be75,4,4,0.00,61.78,0.00,SIN
2400:cb00:2049:b2a5:f128:165a:e4f7:cb2a,4,4,0.00,61.78,0.00,SIN
2a06:98c1:310a:17:1a6b:4aa2:f0a6:9f33,4,4,0.00,61.78,0.00,SIN
2a06:98c1:3106:0:98:f006:b4e4:a7b4,4,4,0.00,61.78,0.00,SIN
2a06:98c1:3109:8481:d220:8e94:35fe:3f37,4,4,0.00,61.78,0.00,SIN
2a06:98c1:3103:e5b4:15bb:c6c0:549d:b1c8,4,4,0.00,61.78,0.00,SIN
2a06:98c1:3101:f322:2869:e9e4:3e9b:ebf9,4,4,0.00,61.78,0.00,SIN
2a06:98c1:310b:7e91:95df:a1d3:3958:14b,4,4,0.00,61.79,0.00,SIN
2a06:98c1:3104:deb8:dccc:e63d:4c48:ec51,4,4,0.00,61.79,0.00,SIN
2a06:98c1:3108::e20d:2089:2b93,4,4,0.00,61.79,0.00,SIN
2a06:98c1:310b:f3:d05e:b4cb:d258:75e,4,4,0.00,61.79,0.00,SIN
2a06:98c1:3104:f9:af33:f601:7ed9:e101,4,4,0.00,61.79,0.00,SIN
2803:f800:51:d3:62bb:25d0:58fd:634c,4,4,0.00,61.80,0.00,SIN
2a06:98c1:3103:b862:c39:9e8e:4813:2c11,4,4,0.00,61.80,0.00,SIN
2a06:98c1:310c:eb:df6c:19d7:3993:1877,4,4,0.00,61.80,0.00,SIN
2a06:98c1:3103:18fc:3e2e:8da9:46e7:2559,4,4,0.00,61.80,0.00,SIN
2a06:98c1:3101:0:c9:b1b0:80cb:1498,4,4,0.00,61.80,0.00,SIN
2a06:98c1:3103:e5b4:15d8:a887:29c1:5a81,4,4,0.00,61.80,0.00,SIN
2a06:98c1:3104::d4f7:3ead:db51,4,4,0.00,61.80,0.00,SIN
2a06:98c1:3104:cef7:cd60:de93:601f:c316,4,4,0.00,61.81,0.00,SIN
2a06:98c1:50:6b31:c8aa:5156:c4aa:8382,4,4,0.00,61.81,0.00,SIN
2a06:98c1:310e:c9e4:2107:1134:868b:2a27,4,4,0.00,61.81,0.00,SIN
2a06:98c1:3103:c627:2788:4337:3c66:dd2,4,4,0.00,61.81,0.00,SIN
2a06:98c1:310c:0:78:2b5a:1540:2d7c,4,4,0.00,61.81,0.00,SIN
2a06:98c1:3108:0:d3:466:b784:8258,4,4,0.00,61.81,0.00,SIN
2a06:98c1:310b:0:c190:d431:908e:bd74,4,4,0.00,61.81,0.00,SIN
2a06:98c1:310a::6796:6b2f:8b58,4,4,0.00,61.82,0.00,SIN
2a06:98c1:310c:5c:326e:19df:d3e8:22ba,4,4,0.00,61.82,0.00,SIN
2a06:98c1:50:6b76:649c:65c5:df8d:68cd,4,4,0.00,61.82,0.00,SIN
2a06:98c1:51:aece:5ff:44fa:9dcb:13bd,4,4,0.00,61.82,0.00,SIN
2a06:98c1:3107:aee4:6f92:2f22:7f1b:d026,4,4,0.00,61.83,0.00,SIN
2a06:98c1:51:0:c5:ab09:c4f1:c689,4,4,0.00,61.83,0.00,SIN
2a06:98c1:3108:0:4961:6426:dcf1:2c8c,4,4,0.00,61.83,0.00,SIN
2400:cb00:2049:b2a5:f4a0:341f:e96f:83d9,4,4,0.00,61.83,0.00,SIN
2a06:98c1:50:6b31:c13e:d2d5:102c:ef77,4,4,0.00,61.83,0.00,SIN
2a06:98c1:310d:f04e:3b41:bd59:c33:beec,4,4,0.00,61.84,0.00,SIN
2a06:98c1:310c:14:4ae8:a2b0:2166:398a,4,4,0.00,61.84,0.00,SIN
2a06:98c1:50:fdfe:99c:9222:4877:876c,4,4,0.00,61.84,0.00,SIN
2a06:98c1:3106:8688:f6af:c33b:e9a2:b9b4,4,4,0.00,61.84,0.00,SIN
2a06:98c1:310e:c98d:3c11:ad7a:b9dc:f054,4,4,0.00,61.85,0.00,SIN
2a06:98c1:310d:0:b4:31f2:698f:556b,4,4,0.00,61.85,0.00,SIN
2a06:98c1:310b:c4:7f0f:7d67:e576:e5b5,4,4,0.00,61.85,0.00,SIN
2a06:98c1:3104:8b:810b:9c06:ed4d:64d4,4,4,0.00,61.85,0.00,SIN
2a06:98c1:3101:0:c9:17f2:73c3:36de,4,4,0.00,61.86,0.00,SIN
2a06:98c1:3102:ee60:1104:ba3:b93e:9cca,4,4,0.00,61.87,0.00,SIN
2a06:98c1:50:4f1e:e868:6eb:3aa3:9746,4,4,0.00,61.87,0.00,SIN
2a06:98c1:51::a67f:cf47:7c81,4,4,0.00,61.87,0.00,SIN
2803:f800:51:d3:f328:1624:70ab:fec4,4,4,0.00,61.87,0.00,SIN
2a06:98c1:3106:8688:7a:8432:de10:12ca,4,4,0.00,61.88,0.00,SIN
2a06:98c1:50::9f:e1be,4,4,0.00,61.89,0.00,SIN
2a06:98c1:50:fd1d:4d8a:601b:46e0:af98,4,4,0.00,61.89,0.00,SIN
2a06:98c1:3106:8688:f648:e977:5d18:604,4,4,0.00,61.89,0.00,SIN
2a06:98c1:3109:8481:5f9f:d585:6d66:8723,4,4,0.00,61.89,0.00,SIN
2a06:98c1:50:0:bcf0:e3ea:a501:6269,4,4,0.00,61.90,0.00,SIN
2a06:98c1:3108:6a:b7e3:faa8:183a:c177,4,4,0.00,61.90,0.00,SIN
2a06:98c1:3104:8b:810b:f238:9bb9:a92a,4,4,0.00,61.91,0.00,SIN
2a06:98c1:50:4f1e:20c8:8998:5bd0:fb0c,4,4,0.00,61.91,0.00,SIN
2a06:98c1:51:ae55:2d58:6843:3a31:f393,4,4,0.00,61.91,0.00,SIN
2a06:98c1:3106:8688:f6af:c33b:48aa:d91f,4,4,0.00,61.92,0.00,SIN
2a06:98c1:3100:e7:85ee:5a88:f83d:7633,4,4,0.00,61.92,0.00,SIN
2a06:98c1:3106:ca:1748:6f4a:3be0:1f6d,4,4,0.00,61.92,0.00,SIN
2a06:98c1:50:0:b0a5:511c:d356:32ab,4,4,0.00,61.92,0.00,SIN
2a06:98c1:50:0:91b6:4af3:a967:2b27,4,4,0.00,61.93,0.00,SIN
2a06:98c1:50:fdfe:95d:d131:bb98:6365,4,4,0.00,61.94,0.00,SIN
2a06:98c1:3102:ee60:d0a9:96f9:f4e5:ced0,4,4,0.00,61.94,0.00,SIN
2a06:98c1:3105::d791:abba:9f02,4,4,0.00,61.94,0.00,SIN
2a06:98c1:3101:f322:d27:8944:34d4:85f6,4,4,0.00,61.94,0.00,SIN
2a06:98c1:3101:f322:d27:8920:873c:18cb,4,4,0.00,61.94,0.00,SIN
2a06:98c1:310b:0:365f:aa7:3a86:b802,4,4,0.00,61.95,0.00,SIN
2a06:98c1:50:fdfe:99c:92fb:e1b1:fdbd,4,4,0.00,61.95,0.00,SIN
2a06:98c1:310a:ca56:cd07:8e8e:f2d5:9c7f,4,4,0.00,61.95,0.00,SIN
2a06:98c1:50:fdfe:203c:74d6:9e6b:3ec2,4,4,0.00,61.95,0.00,SIN
2a06:98c1:3106:ca:239a:5d37:68b2:2b6f,4,4,0.00,61.95,0.00,SIN
2a06:98c1:50:fdfe:203c:74d6:7dfc:8c92,4,4,0.00,61.95,0.00,SIN
2a06:98c1:3105:0:533f:c61d:99ed:4d3e,4,4,0.00,61.96,0.00,SIN
2a06:98c1:3109:8481:5f9f:d578:e39:7ce5,4,4,0.00,61.97,0.00,SIN
2a06:98c1:3100:7d40:8436:cb15:df17:6ab8,4,4,0.00,61.97,0.00,SIN
2a06:98c1:310d:0:cd8:780d:8d03:5485,4,4,0.00,61.98,0.00,SIN
2a06:98c1:3104:cef7:cd54:488f:3214:2901,4,4,0.00,61.98,0.00,SIN
2a06:98c1:3103:e5b4:15bb:78de:74e1:adad,4,4,0.00,61.98,0.00,SIN
2a06:98c1:3100:7ded:aa50:3a3d:1d1c:c41d,4,4,0.00,61.99,0.00,SIN
2a06:98c1:3109:e1:12e9:3ad3:ad0b:8fa4,4,4,0.00,61.99,0.00,SIN
2a06:98c1:3103:e577:343b:796d:5015:bdaa,4,4,0.00,61.99,0.00,SIN
2a06:98c1:51:aece:5ff:85ca:65e4:3d53,4,4,0.00,62.00,0.00,SIN
2a06:98c1:3104::fc:96c0,4,4,0.00,62.00,0.00,SIN
2a06:98c1:3101:f322:d27:8920:d2a4:d84c,4,4,0.00,62.01,0.00,SIN
2a06:98c1:310d:f04e:d8a5:4fdd:4078:15bf,4,4,0.00,62.02,0.00,SIN
2a06:98c1:3103:9728:baa2:151d:7b73:3cef,4,4,0.00,62.03,0.00,SIN
2a06:98c1:3101:0:9ae7:c33:fb55:732a,4,4,0.00,62.03,0.00,SIN
2a06:98c1:3104:8b:810b:3ce1:6e8c:b96,4,4,0.00,62.03,0.00,SIN
2a06:98c1:3108::5978:f308:5c4d,4,4,0.00,62.04,0.00,SIN
2a06:98c1:50:0:91b6:4a51:e31b:69e7,4,4,0.00,62.04,0.00,SIN
2a06:98c1:3103:c627:c643:2d88:ca6b:7e60,4,4,0.00,62.05,0.00,SIN
2a06:98c1:3108:0:f917:b5a9:d281:e998,4,4,0.00,62.05,0.00,SIN
2a06:98c1:310b:0:c0fa:44cc:9b9a:327,4,4,0.00,62.05,0.00,SIN
2a06:98c1:3109:84ab:6179:dac8:2c7a:a22a,4,4,0.00,62.05,0.00,SIN
2803:f800:51:73fa:a342:95e9:6a14:ca9e,4,4,0.00,62.06,0.00,SIN
2a06:98c1:3107:ae97:964b:f634:b010:58cf,4,4,0.00,62.07,0.00,SIN
2a06:98c1:3102:4e68:d375:81ca:4cad:9c7e,4,4,0.00,62.08,0.00,SIN
2a06:98c1:310b:f3:d065:aca5:f84c:a831,4,4,0.00,62.08,0.00,SIN
2a06:98c1:310c:eb:df51:354f:2f95:24bc,4,4,0.00,62.09,0.00,SIN
2a06:98c1:310e:c9e4:2170:1fe5:12c0:f0a5,4,4,0.00,62.09,0.00,SIN
2a06:98c1:310d:0:d3d2:4ebe:c204:8655,4,4,0.00,62.10,0.00,SIN
2a06:98c1:3101:f3af:743f:690:9fee:5a43,4,4,0.00,62.10,0.00,SIN
2a06:98c1:310b:0:77:dec:6585:85ba,4,4,0.00,62.10,0.00,SIN
2a06:98c1:310a:0:ed:73f8:9232:24f0,4,4,0.00,62.10,0.00,SIN
2a06:98c1:310e:c8:84d9:3503:d6f8:5129,4,4,0.00,62.11,0.00,SIN
2a06:98c1:310b:0:c190:d431:9f09:be6e,4,4,0.00,62.12,0.00,SIN
2a06:98c1:3103:7d22:28cd:a837:8153:ce39,4,4,0.00,62.12,0.00,SIN
2400:cb00:2049::e600:18b4:858a,4,4,0.00,62.12,0.00,SIN
2a06:98c1:3106:86ad:f637:621:c533:958,4,4,0.00,62.14,0.00,SIN
2a06:98c1:3103:b862:4302:a77a:1482:c855,4,4,0.00,62.14,0.00,SIN
2a06:98c1:3102:4e68:39ab:997b:6ff2:c782,4,4,0.00,62.16,0.00,SIN
2a06:98c1:310d:0:c94:4268:f62d:81cd,4,4,0.00,62.16,0.00,SIN
2a06:98c1:51:0:c5:ab09:a15c:26a2,4,4,0.00,62.16,0.00,SIN
2a06:98c1:3109::78:f7d:63,4,4,0.00,62.17,0.00,SIN
2803:f800:51::cd5e:9f2c:9913,4,4,0.00,62.17,0.00,SIN
2a06:98c1:3109:8481:c37f:fad9:416e:1f92,4,4,0.00,62.17,0.00,SIN
2a06:98c1:51:ae55:2d58:6843:3aae:dd39,4,4,0.00,62.18,0.00,SIN
2a06:98c1:50:0:b0a5:2568:a827:5f99,4,4,0.00,62.18,0.00,SIN
2803:f800:51:d3:f328:1624:7049:b810,4,4,0.00,62.18,0.00,SIN
2a06:98c1:310b:f3:d05e:7b84:d05e:c59,4,4,0.00,62.19,0.00,SIN
2a06:98c1:310e:0:fa3c:1177:36e5:b928,4,4,0.00,62.19,0.00,SIN
2a06:98c1:3101:f322:e902:9061:c3b7:dc47,4,4,0.00,62.19,0.00,SIN
2a06:98c1:50:fdfe:95d:d131:bb89:efcf,4,4,0.00,62.19,0.00,SIN
2a06:98c1:50:0:918a:7067:fa0c:7be7,4,4,0.00,62.19,0.00,SIN
2a06:98c1:3103:f1:8755:1a1f:fc4b:d48b,4,4,0.00,62.20,0.00,SIN
2a06:98c1:3101:f3af:74ae:77b9:e059:7ac6,4,4,0.00,62.20,0.00,SIN
2a06:98c1:3100:e7:8534:88e9:57d0:95f1,4,4,0.00,62.20,0.00,SIN
2a06:98c1:3100:7d1b:867f:63ba:cb5e:a9d1,4,4,0.00,62.21,0.00,SIN
2a06:98c1:3101:f3af:ed6e:b6e:1c9e:f901,4,4,0.00,62.21,0.00,SIN
2a06:98c1:3109:e1:12f5:36c6:8759:b72,4,4,0.00,62.21,0.00,SIN
2a06:98c1:3108:0:d3:466:30e4:f33b,4,4,0.00,62.21,0.00,SIN
2a06:98c1:50:6b31:c14f:ab6d:fe39:6fa4,4,4,0.00,62.22,0.00,SIN
2a06:98c1:3107::a615:e10b:200f,4,4,0.00,62.22,0.00,SIN
2a06:98c1:3105:0:95:2f00:505a:5b71,4,4,0.00,62.23,0.00,SIN
2a06:98c1:50:4f1e:205c:b918:7321:2522,4,4,0.00,62.24,0.00,SIN
2a06:98c1:310e:c8:efc5:25a8:4ef6:8c9b,4,4,0.00,62.26,0.00,SIN
2a06:98c1:3105:85a9:8629:a07c:5397:a467,4,4,0.00,62.26,0.00,SIN
2a06:98c1:50:fd1d:997c:e00:6a37:98a2,4,4,0.00,62.26,0.00,SIN
2a06:98c1:3109:8481:c37f:5e2f:7890:ac53,4,4,0.00,62.26,0.00,SIN
2a06:98c1:310e:c8:84d9:35fd:7ac7:2845,4,4,0.00,62.27,0.00,SIN
2a06:98c1:3106:0:2288:ea29:d788:b023,4,4,0.00,62.27,0.00,SIN
2a06:98c1:3103:e5b4:1543:a739:7b55:e349,4,4,0.00,62.27,0.00,SIN
2a06:98c1:3107:b7b8:a084:3361:97b8:4ce6,4,4,0.00,62.27,0.00,SIN
2a06:98c1:310e:c9e4:3469:9b61:bc04:1a52,4,4,0.00,62.28,0.00,SIN
2a06:98c1:310c:14:4a8e:e653:be2c:5ae6,4,4,0.00,62.29,0.00,SIN
2a06:98c1:51:ae55:a453:aa57:2de5:d8de,4,4,0.00,62.29,0.00,SIN
2a06:98c1:3100:7d40:b2bd:3713:53bd:6ba,4,4,0.00,62.30,0.00,SIN
2a06:98c1:3103:c627:c644:b49d:d4bb:f607,4,4,0.00,62.31,0.00,SIN
2a06:98c1:3103:183b:1982:f78d:8ba4:582c,4,4,0.00,62.31,0.00,SIN
2a06:98c1:310c:f49c:71fc:6756:564e:942c,4,4,0.00,62.31,0.00,SIN
2a06:98c1:3103:e5b4:1543:a739:22d8:414b,4,4,0.00,62.32,0.00,SIN
2a06:98c1:3102:ee60:11f6:1b9b:883f:c413,4,4,0.00,62.32,0.00,SIN
2a06:98c1:310a:0:7cb0:f211:f49f:a95b,4,4,0.00,62.32,0.00,SIN
2400:cb00:2049:29e6:88da:290c:2da9:e473,4,4,0.00,62.33,0.00,SIN
2a06:98c1:310c:5c:326e:19df:20f5:76b3,4,4,0.00,62.33,0.00,SIN
2a06:98c1:3107:aee4:6f92:2f22:7f63:828b,4,4,0.00,62.33,0.00,SIN
2a06:98c1:3107:0:2e:6135:57f5:4991,4,4,0.00,62.33,0.00,SIN
2a06:98c1:3103:c627:c6d4:4eae:9285:6118,4,4,0.00,62.33,0.00,SIN
2400:cb00:2049:2929:9e06:b17f:208d:4f80,4,4,0.00,62.34,0.00,SIN
2a06:98c1:3100:7ded:aaa3:52f8:6fa8:f24b,4,4,0.00,62.35,0.00,SIN
2a06:98c1:3100:7d1b:2b84:8066:800f:ed4d,4,4,0.00,62.36,0.00,SIN
2a06:98c1:3104::a2fa:79d0,4,4,0.00,62.36,0.00,SIN
2a06:98c1:3104:64:caa1:841b:5967:7797,4,4,0.00,62.36,0.00,SIN
2a06:98c1:3107:ae97:189f:180a:bd68:20ab,4,4,0.00,62.37,0.00,SIN
2a06:98c1:50:fdfe:99c:9278:51af:cd9d,4,4,0.00,62.39,0.00,SIN
2a06:98c1:3104:64:caa1:84da:3d54:6d8f,4,4,0.00,62.39,0.00,SIN
2a06:98c1:3103:c627:278b:ca86:adeb:3c4e,4,4,0.00,62.39,0.00,SIN
2803:f800:50:0:e77b:af8b:4d5b:f8c0,4,4,0.00,62.39,0.00,SIN
2a06:98c1:3109::984c:c7c3:c4de,4,4,0.00,62.41,0.00,SIN
2a06:98c1:50:fd1d:6e03:cccc:8667:77ef,4,4,0.00,62.41,0.00,SIN
2a06:98c1:3101:0:c9:b1b0:36f:9cc7,4,4,0.00,62.42,0.00,SIN
2a06:98c1:310c:d4:309e:fcf6:e58a:e2b0,4,4,0.00,62.43,0.00,SIN
2a06:98c1:310c:14:7fd9:108c:fd6e:9b2c,4,4,0.00,62.44,0.00,SIN
2a06:98c1:3108:759c:e0e8:cf65:f45:2884,4,4,0.00,62.44,0.00,SIN
2a06:98c1:3101:0:318c:90e0:b7ce:3581,4,4,0.00,62.44,0.00,SIN
2a06:98c1:3104:ce0b:a2ff:4288:c6d7:c29a,4,4,0.00,62.45,0.00,SIN
2a06:98c1:50:0:b0a5:51fe:8e66:aa95,4,4,0.00,62.45,0.00,SIN
2803:f800:50:0:dd:1398:4bc4:7135,4,4,0.00,62.47,0.00,SIN
2a06:98c1:3103:97b3:e77:85c5:66:2349,4,4,0.00,62.47,0.00,SIN
2a06:98c1:310d:0:b4:3123:863c:b28b,4,4,0.00,62.48,0.00,SIN
2a06:98c1:3108::4d4b:cc39:23a5,4,4,0.00,62.48,0.00,SIN
2a06:98c1:310e:c8:5dc2:1e92:4d04:4aec,4,4,0.00,62.48,0.00,SIN
2a06:98c1:310b:f3:d042:d6f6:bcb7:5dcc,4,4,0.00,62.49,0.00,SIN
2a06:98c1:50:6b31:c8ea:14e9:e1cd:5926,4,4,0.00,62.49,0.00,SIN
2a06:98c1:3104::a284:c504,4,4,0.00,62.50,0.00,SIN
2a06:98c1:3107::4994:d965:81b4,4,4,0.00,62.50,0.00,SIN
2a06:98c1:3106:6c:c7b:451f:c623:dae4,4,4,0.00,62.51,0.00,SIN
2803:f800:51:676a:7da3:29e:445:2153,4,4,0.00,62.51,0.00,SIN
2a06:98c1:3103::b6:9024:e0c6,4,4,0.00,62.51,0.00,SIN
2a06:98c1:310e:0:e2:581e:933c:b4d2,4,4,0.00,62.51,0.00,SIN
2a06:98c1:3106:0:9:697b:2e1:e864,4,4,0.00,62.51,0.00,SIN
2a06:98c1:3109:0:1c72:87a4:fb7:333b,4,4,0.00,62.54,0.00,SIN
2a06:98c1:3108::d77c:513d,4,4,0.00,62.54,0.00,SIN
2a06:98c1:3107:aee4:4fd5:413d:2659:1ab8,4,4,0.00,62.55,0.00,SIN
2a06:98c1:3104:deb8:dccc:4688:ba58:4434,4,4,0.00,62.55,0.00,SIN
2a06:98c1:3101:f322:e902:90c2:4002:3d00,4,4,0.00,62.55,0.00,SIN
2a06:98c1:3103::fccc:1593:e587,4,4,0.00,62.56,0.00,SIN
2a06:98c1:3102:ee60:d0a9:d9c9:3c6b:85fa,4,4,0.00,62.57,0.00,SIN
2a06:98c1:3102:ee60:d0a9:9658:3d73:8c7c,4,4,0.00,62.57,0.00,SIN
2a06:98c1:3103:e5b4:1543:2f8c:286:19fd,4,4,0.00,62.57,0.00,SIN
2a06:98c1:3105:85a9:86be:72d0:4b64:4ecd,4,4,0.00,62.58,0.00,SIN
2a06:98c1:310d:f04e:d8a5:cbbf:a89e:562d,4,4,0.00,62.59,0.00,SIN
2a06:98c1:3100:e7:8597:543f:ea63:38ae,4,4,0.00,62.60,0.00,SIN
2a06:98c1:3104:f9:af33:e462:28c4:4858,4,4,0.00,62.60,0.00,SIN
2a06:98c1:3103:9728:ba04:6e65:539:2e0c,4,4,0.00,62.61,0.00,SIN
2a06:98c1:310d:f04e:d852:7413:634d:abeb,4,4,0.00,62.62,0.00,SIN
2a06:98c1:310b:0:c00a:1ad0:3883:47e9,4,4,0.00,62.63,0.00,SIN
2a06:98c1:3107:b7b8:a084:5d7:e58f:f3b8,4,4,0.00,62.63,0.00,SIN
2a06:98c1:310d:f04e:3b41:bd59:dc7b:b6ad,4,4,0.00,62.65,0.00,SIN
2a06:98c1:3100:3525:6fa9:f01e:4088:dd44,4,4,0.00,62.66,0.00,SIN
2a06:98c1:3101:0:9a1b:234c:d4ae:ed9f,4,4,0.00,62.66,0.00,SIN
2a06:98c1:3109::ba:a66c,4,4,0.00,62.67,0.00,SIN
2a06:98c1:50:4f1e:20c8:8998:4fc5:985d,4,4,0.00,62.67,0.00,SIN
2a06:98c1:3104:deb8:dccc:e62d:b4aa:3147,4,4,0.00,62.68,0.00,SIN
2a06:98c1:3103:c627:c6c4:a28:8adc:b61,4,4,0.00,62.68,0.00,SIN
2a06:98c1:3108:759c:e0e8:f5c5:3996:22d0,4,4,0.00,62.70,0.00,SIN
2a06:98c1:310e:0:fa3c:217a:bd02:625c,4,4,0.00,62.70,0.00,SIN
2a06:98c1:3103:b862:4302:a77a:1441:d722,4,4,0.00,62.71,0.00,SIN
2a06:98c1:3107:aee4:c37e:e177:32b4:c67b,4,4,0.00,62.72,0.00,SIN
2a06:98c1:3102:ee60:d08d:b662:190c:ec3,4,4,0.00,62.72,0.00,SIN
2a06:98c1:3104:ce0b:a2ff:4288:7e65:b731,4,4,0.00,62.72,0.00,SIN
2a06:98c1:310b:0:c00a:1ad0:382a:12c,4,4,0.00,62.72,0.00,SIN
2a06:98c1:3105::d73a:6920:61ac,4,4,0.00,62.72,0.00,SIN
2a06:98c1:3100:7ded:86f1:b7d7:44ec:3876,4,4,0.00,62.73,0.00,SIN
2a06:98c1:3107:aee4:c37e:150d:c757:412d,4,4,0.00,62.74,0.00,SIN
2a06:98c1:3107:ae97:189f:ca43:b0b9:c7e8,4,4,0.00,62.74,0.00,SIN
2a06:98c1:50:6b31:9760:3425:c93:f279,4,4,0.00,62.74,0.00,SIN
2a06:98c1:3107:aee4:c3f3:e91:1cfe:c0bf,4,4,0.00,62.79,0.00,SIN
2a06:98c1:3104::d439:29be:1ab3,4,4,0.00,62.79,0.00,SIN
2a06:98c1:3103:e5b4:15bb:c6c0:4089:b613,4,4,0.00,62.80,0.00,SIN
2a06:98c1:3100:0:c632:1e25:677:5fb3,4,4,0.00,62.82,0.00,SIN
2a06:98c1:3108::bc5b:95ea,4,4,0.00,62.82,0.00,SIN
2a06:98c1:50:0:b0a5:2568:a84b:ca0f,4,4,0.00,62.84,0.00,SIN
2a06:98c1:3100:e7:85ee:a417:3ec0:359,4,4,0.00,62.84,0.00,SIN
2a06:98c1:3108:759c:e0e8:cf65:dba2:ebc0,4,4,0.00,62.84,0.00,SIN
2a06:98c1:310b:0:c190:d4f6:856a:c1f2,4,4,0.00,62.86,0.00,SIN
2a06:98c1:50:4f1e:205c:b939:4f63:636e,4,4,0.00,62.86,0.00,SIN
2a06:98c1:310d:f04e:3bef:87b2:ee22:7f0a,4,4,0.00,62.87,0.00,SIN
2a06:98c1:310b:0:d3:6e8c:845c:ec4f,4,4,0.00,62.87,0.00,SIN
2a06:98c1:3103::19:f51f,4,4,0.00,62.89,0.00,SIN
2a06:98c1:310c:14:4ae8:a213:c211:39c4,4,4,0.00,62.89,0.00,SIN
2a06:98c1:3104:ce0b:a2ac:aa01:bff1:a1e6,4,4,0.00,62.89,0.00,SIN
2a06:98c1:3107:0:2e:617c:6b25:4ad4,4,4,0.00,62.91,0.00,SIN
2a06:98c1:3106:ca:5f84:772e:e3c:ee6a,4,4,0.00,62.91,0.00,SIN
2a06:98c1:3100:e7:ce3b:8dc3:2314:9dbd,4,4,0.00,62.92,0.00,SIN
2a06:98c1:3103:e577:39a2:5020:7bcc:e5cc,4,4,0.00,62.94,0.00,SIN
2a06:98c1:3103:c627:c644:f143:bc82:9c9b,4,4,0.00,62.95,0.00,SIN
2a06:98c1:3103:18fc:3e2e:2bd3:3a93:5aa4,4,4,0.00,62.96,0.00,SIN
2a06:98c1:310d::e1af:47bb:4318,4,4,0.00,62.97,0.00,SIN
2a06:98c1:3107::a615:2dc1:b11,4,4,0.00,62.99,0.00,SIN
2a06:98c1:3100:7ded:e0e1:36e6:354f:487a,4,4,0.00,62.99,0.00,SIN
2a06:98c1:3108:0:f9fd:ddb7:8dd1:3e91,4,4,0.00,63.00,0.00,SIN
2a06:98c1:50:fdfe:203c:740d:93c6:cf6e,4,4,0.00,63.03,0.00,SIN
2a06:98c1:3107:0:83:a928:8a79:c3b3,4,4,0.00,63.04,0.00,SIN
2a06:98c1:3103:9728:f42c:8b03:347a:c7d2,4,4,0.00,63.06,0.00,SIN
2a06:98c1:3105:0:53ff:e43b:6928:ef77,4,4,0.00,63.06,0.00,SIN
2a06:98c1:3101:0:c9:b1b0:80a3:8637,4,4,0.00,63.06,0.00,SIN
2a06:98c1:3108::e2d4:89d5:9471,4,4,0.00,63.07,0.00,SIN
2a06:98c1:51::434a,4,4,0.00,63.08,0.00,SIN
2a06:98c1:51:0:c5:aab8:3b83:b10b,4,4,0.00,63.09,0.00,SIN
2a06:98c1:310b::467c,4,4,0.00,63.09,0.00,SIN
2a06:98c1:310b:c4:7f1f:d598:17f7:a19d,4,4,0.00,63.09,0.00,SIN
2a06:98c1:3101:0:9ae7:c7c:d916:e067,4,4,0.00,63.09,0.00,SIN
2a06:98c1:50:0:913b:f25e:b295:1f54,4,4,0.00,63.11,0.00,SIN
2a06:98c1:310a:8d:d456:ca6d:96e5:3aa9,4,4,0.00,63.11,0.00,SIN
2a06:98c1:3104:8b:a44f:7b5a:23dc:6784,4,4,0.00,63.11,0.00,SIN
2a06:98c1:310d:f04e:3bef:8ea2:ed38:7c4f,4,4,0.00,63.15,0.00,SIN
2a06:98c1:50:fdfe:203c:74d6:7d35:d8bc,4,4,0.00,63.15,0.00,SIN
2a06:98c1:3104:f9:8f79:cf39:e81:4d3b,4,4,0.00,63.15,0.00,SIN
2a06:98c1:50:4f1e:e868:e56f:98ec:eea0,4,4,0.00,63.16,0.00,SIN
2a06:98c1:3103:e577:397b:bb00:ae24:a7a4,4,4,0.00,63.17,0.00,SIN
2a06:98c1:51:aece:5ff:4436:30b4:685e,4,4,0.00,63.17,0.00,SIN
2a06:98c1:3107:aee4:6f92:2f21:a6e1:2274,4,4,0.00,63.18,0.00,SIN
2803:f800:50:85:4f13:d390:ddd3:b99a,4,4,0.00,63.19,0.00,SIN
2a06:98c1:3104:8b:a44f:5a85:11ff:364e,4,4,0.00,63.23,0.00,SIN
2a06:98c1:3101::5e1c:5fdd:2a31,4,4,0.00,63.24,0.00,SIN
2a06:98c1:51:aece:fdcf:2fde:2f2b:ae6f,4,4,0.00,63.26,0.00,SIN
2a06:98c1:3105:85a9:8619:c473:a58e:8045,4,4,0.00,63.26,0.00,SIN
2a06:98c1:3101:0:c9:17f2:9b2:e032,4,4,0.00,63.27,0.00,SIN
2a06:98c1:3108:759c:3ab2:e8b3:f9d0:dcee,4,4,0.00,63.27,0.00,SIN
2a06:98c1:3106:86ad:afc4:af3:3f86:1162,4,4,0.00,63.28,0.00,SIN
2803:f800:50:85:4f13:814e:908d:e8ba,4,4,0.00,63.30,0.00,SIN
2a06:98c1:3101:f322:cb6d:c8b1:2956:7b35,4,4,0.00,63.30,0.00,SIN
2a06:98c1:3101:f322:cb99:4626:f0f7:17e8,4,4,0.00,63.34,0.00,SIN
2a06:98c1:3101:0:9ae7:c33:33d5:b99f,4,4,0.00,63.36,0.00,SIN
2a06:98c1:3101:0:9ae7:c33:3373:af63,4,4,0.00,63.36,0.00,SIN
2a06:98c1:3101:f3af:ed6e:dd35:85e1:1c8f,4,4,0.00,63.36,0.00,SIN
2a06:98c1:3103:9728:f42c:8b5f:d107:895d,4,4,0.00,63.38,0.00,SIN
2a06:98c1:3107:b7b8:a0b9:19d2:6b6f:9ab2,4,4,0.00,63.41,0.00,SIN
2a06:98c1:3103:9715:1212:ef64:ffa2:2a3,4,4,0.00,63.42,0.00,SIN
2a06:98c1:3108:0:d3:466:67b:13fb,4,4,0.00,63.46,0.00,SIN
2a06:98c1:50:0:913b:c7a:76ba:a634,4,4,0.00,63.47,0.00,SIN
2a06:98c1:3105:b1:501a:d73e:a522:c482,4,4,0.00,63.48,0.00,SIN
2a06:98c1:3100:7d14:9232:983b:188:c74b,4,4,0.00,63.49,0.00,SIN
2a06:98c1:50:0:913b:2e71:7b70:bae6,4,4,0.00,63.51,0.00,SIN
2a06:98c1:50:74:9d4b:25fc:108d:2719,4,4,0.00,63.51,0.00,SIN
2a06:98c1:50:d5:5928:459:cb7d:115d,4,4,0.00,63.56,0.00,SIN
2a06:98c1:50:fdfe:99c:803c:547d:592,4,4,0.00,63.56,0.00,SIN
2a06:98c1:3102:0:f5e4:9ef2:1e5b:4a3,4,4,0.00,63.61,0.00,SIN
2a06:98c1:51:ae55:2d83:743c:1d96:3a0,4,4,0.00,63.62,0.00,SIN
2a06:98c1:310d:f04e:a54f:6313:80b3:11da,4,4,0.00,63.64,0.00,SIN
2803:f800:51:676a:7de2:4c3e:2a67:26,4,4,0.00,63.65,0.00,SIN
2a06:98c1:3104:cef7:cd60:de93:e512:b79f,4,4,0.00,63.66,0.00,SIN
2a06:98c1:3100:e7:85ee:5a88:e862:9b9,4,4,0.00,63.70,0.00,SIN
2a06:98c1:3100:e7:85ee:a417:3e04:b533,4,4,0.00,63.71,0.00,SIN
2a06:98c1:3105:8523:aa0a:9e6b:12c:9b13,4,4,0.00,63.72,0.00,SIN
2a06:98c1:310a:0:7cb0:f2fa:e7ed:3e37,4,4,0.00,63.75,0.00,SIN
2a06:98c1:3100:e7:8534:88ad:eb22:f292,4,4,0.00,63.78,0.00,SIN
2a06:98c1:310d:e8:5e5b:7b8d:7cd3:9429,4,4,0.00,63.78,0.00,SIN
2a06:98c1:3102:0:f523:f760:a57c:6698,4,4,0.00,63.79,0.00,SIN
2a06:98c1:3109::984c:6dec:3dcd,4,4,0.00,63.79,0.00,SIN
2a06:98c1:50:fdfe:9f3:c923:9a91:f100,4,4,0.00,63.83,0.00,SIN
2a06:98c1:50:fdfe:9f3:c923:9a7d:e159,4,4,0.00,63.83,0.00,SIN
2a06:98c1:3101:0:c9:17db:8c88:1a03,4,4,0.00,63.83,0.00,SIN
2803:f800:51:0:3a:66d8:e6b2:62f0,4,4,0.00,63.87,0.00,SIN
2a06:98c1:310b:f3:d05e:b4cb:315c:e1fa,4,4,0.00,63.88,0.00,SIN
2a06:98c1:3103:c627:2788:4372:706e:e87d,4,4,0.00,63.90,0.00,SIN
2a06:98c1:3103:7d22:28cd:a837:8112:7474,4,4,0.00,63.92,0.00,SIN
2a06:98c1:3102:4e68:3986:aaa3:3c4b:de3f,4,4,0.00,63.98,0.00,SIN
2a06:98c1:51:7b:5592:b1e6:61a6:6c8d,4,4,0.00,64.00,0.00,SIN
2a06:98c1:3100:e7:8597:543f:67cc:4141,4,4,0.00,64.00,0.00,SIN
2803:f800:51:676a:7da3:b570:3c2a:b684,4,4,0.00,64.05,0.00,SIN
2a06:98c1:3108:3a6e:9ac2:f069:8333:110f,4,4,0.00,64.14,0.00,SIN
2a06:98c1:310e:c8:5dc2:aec7:1e44:cadf,4,4,0.00,64.15,0.00,SIN
2a06:98c1:3101:0:c9:17f2:127c:6f4a,4,4,0.00,64.15,0.00,SIN
2a06:98c1:3100:3525:6fa9:f01e:e69b:6cb2,4,4,0.00,64.17,0.00,SIN
2a06:98c1:3100:7ded:aaa3:52f8:d745:aada,4,4,0.00,64.18,0.00,SIN
2a06:98c1:51::fe:f9e7:a07f,4,4,0.00,64.24,0.00,SIN
2a06:98c1:310d:0:c94:42bc:f948:42f6,4,4,0.00,64.27,0.00,SIN
2a06:98c1:3100:e7:85ee:5a88:f811:9a42,4,4,0.00,64.28,0.00,SIN
2a06:98c1:3100:e7:8534:88ad:a03d:826e,4,4,0.00,64.30,0.00,SIN
2a06:98c1:3100:e7:ce3b:8dc3:23e3:19a5,4,4,0.00,64.30,0.00,SIN
2a06:98c1:3102:4e68:397d:edbe:22fc:3b86,4,4,0.00,64.45,0.00,SIN
2a06:98c1:3109:0:84:23d2:75b:6a82,4,4,0.00,64.47,0.00,SIN
2a06:98c1:50:fdfe:95d:d131:2d4c:1db,4,4,0.00,64.59,0.00,SIN
2a06:98c1:51::fe:f9c1:7192,4,4,0.00,64.74,0.00,SIN
2a06:98c1:3101:0:c9:17f2:57d7:2875,4,4,0.00,64.78,0.00,SIN
2a06:98c1:3103:f1:8755:1a1f:efb:7c2d,4,4,0.00,64.84,0.00,SIN
2a06:98c1:3104::d4ac:8584:ae5b,4,4,0.00,64.84,0.00,SIN
2a06:98c1:50:fdfe:99c:92fb:746e:73f9,4,4,0.00,64.86,0.00,SIN
2a06:98c1:3100:e7:85ee:5a88:6ec6:5d3f,4,4,0.00,64.90,0.00,SIN
2a06:98c1:3102:d4:d2d3:d9cb:5b53:7313,4,4,0.00,64.98,0.00,SIN
2a06:98c1:3102:d4:d2d3:d990:f6d2:52a3,4,4,0.00,65.02,0.00,SIN
2a06:98c1:3101::5e1c:5f8b:1fa2,4,4,0.00,65.02,0.00,SIN
2a06:98c1:3100:7d1b:8653:d0fc:ac35:c05d,4,4,0.00,65.10,0.00,SIN
2a06:98c1:50:fdfe:99c:9222:48fc:e945,4,4,0.00,65.36,0.00,SIN
2a06:98c1:3102:0:f523:433d:56ee:68a1,4,4,0.00,65.41,0.00,SIN
2a06:98c1:3101:0:c9:17f2:5706:ef60,4,4,0.00,65.46,0.00,SIN
2a06:98c1:3100:e7:8597:543f:4328:3af3,4,4,0.00,65.51,0.00,SIN
2a06:98c1:310a:17:1ad8:da5c:a3fe:cc03,4,4,0.00,65.51,0.00,SIN
2a06:98c1:50:fdfe:99c:9278:908f:bc05,4,4,0.00,65.61,0.00,SIN
2a06:98c1:50:fdfe:95d:cab1:7060:3395,4,4,0.00,65.82,0.00,SIN
2a06:98c1:3101::ba:b351:f7a5,4,4,0.00,65.91,0.00,SIN
2a06:98c1:3102:0:f523:cd75:6f80:e353,4,4,0.00,65.93,0.00,SIN
2a06:98c1:3101:0:c9:17db:8ccd:1cf5,4,4,0.00,65.95,0.00,SIN
2a06:98c1:3103:c627:c643:2dba:969b:57ee,4,4,0.00,65.98,0.00,SIN
2a06:98c1:3102:0:f523:f760:b104:6c68,4,4,0.00,65.99,0.00,SIN
2a06:98c1:3100:e7:8534:88ad:9c8c:f2bd,4,4,0.00,66.01,0.00,SIN
2400:cb00:2049:82:1ac1:f73a:4d04:ecb7,4,4,0.00,66.04,0.00,SIN
2a06:98c1:3101:0:c9:17db:84af:ecac,4,4,0.00,66.06,0.00,SIN
2a06:98c1:3102:d4:d2d3:d941:fc14:62aa,4,4,0.00,66.08,0.00,SIN
2a06:98c1:310e:c8:5dc2:6d6f:6c45:b96e,4,4,0.00,66.09,0.00,SIN
2a06:98c1:50:fdfe:95d:ca06:f486:49a3,4,4,0.00,66.21,0.00,SIN
2a06:98c1:3103:0:c0df:5c6c:36db:c4fb,4,4,0.00,66.25,0.00,SIN
2a06:98c1:3100:7ded:aa50:a38a:c121:4516,4,4,0.00,66.28,0.00,SIN
2a06:98c1:51:0:c5:aa25:b554:344d,4,4,0.00,66.31,0.00,SIN
2a06:98c1:3102:4e68:397d:ed76:c9d8:2142,4,4,0.00,66.33,0.00,SIN
2a06:98c1:3102:4e68:397d:ed76:c9f2:6e33,4,4,0.00,66.46,0.00,SIN
2a06:98c1:3100:7d1b:8653:3037:a9f8:50d4,4,4,0.00,66.49,0.00,SIN
2a06:98c1:50:fdfe:203c:740d:9306:4136,4,4,0.00,66.55,0.00,SIN
2a06:98c1:50:fdfe:99c:92d5:7927:df7f,4,4,0.00,66.56,0.00,SIN
2a06:98c1:3100:7ded:aa50:a38a:b470:6326,4,4,0.00,66.57,0.00,SIN
2a06:98c1:50:fdfe:95d:d131:2de1:478f,4,4,0.00,66.65,0.00,SIN
2a06:98c1:3102:0:f5e4:667a:f542:35d0,4,4,0.00,66.97,0.00,SIN
2a06:98c1:3102:0:f5e4:9e32:b587:fb07,4,4,0.00,66.97,0.00,SIN
2a06:98c1:3101:0:c9:17db:84aa:2758,4,4,0.00,66.97,0.00,SIN
2a06:98c1:3101:0:c9:1760:aeef:e44d,4,4,0.00,67.01,0.00,SIN
2a06:98c1:3103:0:c0df:5cdd:220c:32ed,4,4,0.00,67.04,0.00,SIN
2a06:98c1:3100:7ded:aa50:a382:f002:6be8,4,4,0.00,67.16,0.00,SIN
2a06:98c1:3105:854d:ee1f:54a4:ee61:82c8,4,4,0.00,67.21,0.00,SIN
2a06:98c1:50:fdfe:99c:92d5:1b15:6adc,4,4,0.00,67.56,0.00,SIN
2a06:98c1:3101:0:c9:1760:ae16:ecf8,4,4,0.00,67.64,0.00,SIN
2a06:98c1:3102:0:f523:cd5a:2d6e:18b4,4,4,0.00,67.90,0.00,SIN
2a06:98c1:3102:0:f523:cd75:6f01:4950,4,4,0.00,67.90,0.00,SIN
2a06:98c1:3102:0:f5e4:667a:6658:782a,4,4,0.00,68.04,0.00,SIN
2a06:98c1:3103:0:c0df:5c6c:1169:fcef,4,4,0.00,68.11,0.00,SIN
2a06:98c1:3102:0:f523:43c5:e282:9c68,4,4,0.00,68.19,0.00,SIN
2a06:98c1:3100:e7:85ee:5a20:19bc:9ff0,4,4,0.00,68.40,0.00,SIN
2a06:98c1:3102:4e68:397d:ed09:7094:4a65,4,4,0.00,68.51,0.00,SIN
2a06:98c1:3102:4e68:397d:1e9e:7d23:be0e,4,4,0.00,69.10,0.00,SIN
2a06:98c1:3101:0:bcad:cac3:c046:84aa,4,4,0.00,69.19,0.00,SIN
2a06:98c1:3103:f1:8755:a3e3:82bb:109d,4,4,0.00,69.33,0.00,SIN
2a06:98c1:3103:f1:8755:a34c:1f0a:1bea,4,4,0.00,69.60,0.00,SIN
2a06:98c1:3103:f1:8755:f69b:939:e8f6,4,4,0.00,69.84,0.00,SIN
2a06:98c1:3103:f1:8755:a34c:1ffb:14f,4,4,0.00,69.87,0.00,SIN
2a06:98c1:3102:0:f523:436a:b468:1ad3,4,4,0.00,69.99,0.00,SIN
2a06:98c1:3102:d4:d2d3:23b6:9cc7:e9fd,4,4,0.00,70.06,0.00,SIN
2a06:98c1:3103:f1:8755:a34c:57:f034,4,4,0.00,70.15,0.00,SIN
2a06:98c1:3102:d4:d2d3:23b6:9c7a:6143,4,4,0.00,70.26,0.00,SIN
2a06:98c1:3103:f1:8755:a34c:fe90:a2e7,4,4,0.00,70.28,0.00,SIN
2a06:98c1:3103:f1:26a:28a2:8d6c:ef0f,4,4,0.00,70.55,0.00,SIN
2a06:98c1:3100:7ded:e0e1:8721:b7f7:2d38,4,4,0.00,70.57,0.00,SIN
2a06:98c1:3102:d4:d2d3:23b6:9c96:6c55,4,4,0.00,70.69,0.00,SIN
2a06:98c1:3103:f1:8755:1ae6:b87d:39b9,4,4,0.00,70.74,0.00,SIN
2a06:98c1:3104:deb8:dccc:e62d:bdff:4f2c,4,4,0.00,71.00,0.00,SIN
2a06:98c1:3103:0:c0df:5c11:2248:128a,4,4,0.00,71.01,0.00,SIN
2a06:98c1:3102:d4:d2d3:23b6:70d0:fe5d,4,4,0.00,71.31,0.00,SIN
2a06:98c1:3102:4e68:397d:1e9e:7d18:542d,4,4,0.00,71.39,0.00,SIN
2a06:98c1:3103:f1:8755:1aef:2946:b265,4,4,0.00,71.40,0.00,SIN
2a06:98c1:3102:0:f1ca:12fc:becf:c484,4,4,0.00,71.47,0.00,SIN
2a06:98c1:3103:f1:8755:a34c:febf:8ec4,4,4,0.00,71.55,0.00,SIN
2a06:98c1:50:4f1e:a4a0:44cf:bdaf:1feb,4,4,0.00,71.55,0.00,SIN
2a06:98c1:3102:4e68:397d:1e6e:aa41:2868,4,4,0.00,71.59,0.00,SIN
2a06:98c1:3103:0:cf8b:d23:9951:dea2,4,4,0.00,71.83,0.00,SIN
2a06:98c1:50:fdfe:95d:ca06:f426:5167,4,4,0.00,71.99,0.00,SIN
2a06:98c1:3103:f1:8755:a34c:1fc0:df69,4,4,0.00,72.45,0.00,SIN
2a06:98c1:3102:0:f1ca:12fc:ad9c:4a98,4,4,0.00,72.60,0.00,SIN
2a06:98c1:3102:d4:d2d3:23b6:70be:f081,4,4,0.00,72.77,0.00,SIN
2a06:98c1:3103:f1:8755:1ae6:1d9c:e224,4,4,0.00,73.39,0.00,SIN
2a06:98c1:3104:ce0b:d77f:a558:b25e:399b,4,4,0.00,73.65,0.00,SIN
2a06:98c1:3103:0:c0df:5cdd:4f9f:db78,4,4,0.00,73.66,0.00,SIN
2a06:98c1:3103:0:c0df:5cdd:4fbd:82a7,4,4,0.00,73.66,0.00,SIN
2a06:98c1:3103:0:cf8b:f68d:eb75:278a,4,4,0.00,73.66,0.00,SIN
2a06:98c1:3102:0:f1ca:12fc:be21:7d47,4,4,0.00,73.78,0.00,SIN
2a06:98c1:3103:f1:8755:1a26:9e60:a34e,4,4,0.00,74.10,0.00,SIN
2a06:98c1:3103:f1:8755:1a54:78fc:8d0a,4,4,0.00,74.14,0.00,SIN
2a06:98c1:3102:0:f1ca:12fc:c3e:6fb7,4,4,0.00,74.18,0.00,SIN
2a06:98c1:3103:0:cf8b:f68d:344b:628,4,4,0.00,74.73,0.00,SIN
2a06:98c1:50:4f1e:205c:b9f9:47a2:56fa,4,4,0.00,76.17,0.00,SIN
2a06:98c1:3102:4e68:3986:aaf1:c73:b73c,4,4,0.00,115.11,0.00,SIN
2a06:98c1:3103:f1:bb3b:5ffe:7403:c9a0,4,4,0.00,116.59,0.00,SIN
2a06:98c1:3103:f1:8755:a3e3:82b2:c964,4,4,0.00,116.78,0.00,SIN
2a06:98c1:3102:4e68:3986:aaa3:a762:c679,4,4,0.00,117.28,0.00,SIN
2a06:98c1:3103:f1:bbb0:15d3:333:ca0c,4,4,0.00,117.32,0.00,SIN
2a06:98c1:3103:f1:bb3b:5ffe:16b5:a43f,4,4,0.00,117.86,0.00,SIN
2a06:98c1:3103:f1:bbb0:7a4f:1786:2f28,4,4,0.00,118.24,0.00,SIN
2a06:98c1:3102:0:f5e4:a1f0:e4d1:6147,4,4,0.00,118.28,0.00,SIN
2a06:98c1:3103:f1:26a:439b:365c:eb6d,4,4,0.00,118.59,0.00,SIN
2a06:98c1:3102:0:f5e4:a1f0:d2c:6802,4,4,0.00,118.60,0.00,SIN
2a06:98c1:3103:f1:26a:28a2:2d83:dd3e,4,4,0.00,119.33,0.00,SIN
2a06:98c1:3103:0:cf8b:4a9f:8078:9cd3,4,4,0.00,119.44,0.00,SIN
2a06:98c1:3103:f1:8755:1ae6:77d4:17b2,4,4,0.00,119.54,0.00,SIN
2a06:98c1:3103:f1:bbb0:1513:856b:f6ab,4,4,0.00,119.57,0.00,SIN
2a06:98c1:3103:f1:26a:288a:455d:2244,4,4,0.00,119.64,0.00,SIN
2a06:98c1:3103:f1:8755:1ae6:77d5:dd36,4,4,0.00,119.66,0.00,SIN
2a06:98c1:3103:f1:8755:1ae6:1d43:2c26,4,4,0.00,119.80,0.00,SIN
2a06:98c1:3102:d4:d2d3:d9cb:aea1:e50c,4,4,0.00,119.89,0.00,SIN
2a06:98c1:3103:f1:8755:1ae6:203:fcc4,4,4,0.00,119.99,0.00,SIN
2a06:98c1:3103:f1:8755:f69b:f0d:faa3,4,4,0.00,120.15,0.00,SIN
2a06:98c1:3103:f1:8755:a34c:d1:64f8,4,4,0.00,120.19,0.00,SIN
2a06:98c1:3102:4e68:397d:edbe:cdce:4172,4,4,0.00,120.47,0.00,SIN
2a06:98c1:3102:0:f5e4:9ef2:1edf:e350,4,4,0.00,120.53,0.00,SIN
2a06:98c1:3102:4e68:3986:aaa3:3cb7:2d3d,4,4,0.00,120.68,0.00,SIN
2a06:98c1:3103:f1:8755:1ae6:2b2:2966,4,4,0.00,120.72,0.00,SIN
2a06:98c1:3103:f1:bbb0:1513:26ac:36da,4,4,0.00,120.76,0.00,SIN
2a06:98c1:3103:f1:8755:1ae6:774b:5483,4,4,0.00,120.81,0.00,SIN
2a06:98c1:3102:d4:d2d3:d992:9d77:b6e9,4,4,0.00,120.81,0.00,SIN
2a06:98c1:3102:d4:d2d3:23b6:fef3:1cc0,4,4,0.00,120.96,0.00,SIN
2a06:98c1:3103:f1:bb3b:5f33:8a6c:e506,4,4,0.00,120.98,0.00,SIN
2a06:98c1:3103:0:cf8b:4a0a:645e:22a6,4,4,0.00,121.00,0.00,SIN
2a06:98c1:3103:f1:26a:439b:faf9:3db8,4,4,0.00,121.08,0.00,SIN
2a06:98c1:3103:f1:bb3b:5ffe:748a:60f7,4,4,0.00,121.17,0.00,SIN
2a06:98c1:3103:f1:8755:1a26:e0a6:1c23,4,4,0.00,121.31,0.00,SIN
2a06:98c1:3103:f1:8755:1a1f:b764:de7e,4,4,0.00,121.34,0.00,SIN
2a06:98c1:3103:0:cf8b:4a9f:928c:a6bd,4,4,0.00,121.40,0.00,SIN
2a06:98c1:3103:f1:bb3b:5ffe:74ee:a1ed,4,4,0.00,121.43,0.00,SIN
2a06:98c1:3103:0:cf8b:f68d:34bc:d36d,4,4,0.00,121.45,0.00,SIN
2a06:98c1:3103:f1:8755:1ae6:1d38:5b5f,4,4,0.00,121.50,0.00,SIN
2a06:98c1:3102:4e68:397d:ed76:4c37:fb08,4,4,0.00,121.55,0.00,SIN
2a06:98c1:3103:f1:bb4e:38e1:6b7a:2394,4,4,0.00,121.57,0.00,SIN
2a06:98c1:3102:d4:d2d3:23b6:fe85:862b,4,4,0.00,121.68,0.00,SIN
2a06:98c1:3103:f1:8755:1a54:7803:46f6,4,4,0.00,121.73,0.00,SIN
2a06:98c1:3103:f1:bb3b:5f33:567a:2e5,4,4,0.00,121.77,0.00,SIN
2a06:98c1:3103:0:cf8b:4a9f:1d94:6e03,4,4,0.00,121.95,0.00,SIN
2a06:98c1:3103:f1:bb3b:5f33:566b:a969,4,4,0.00,121.99,0.00,SIN
2a06:98c1:3103:0:cf8b:f68d:34c3:8ce4,4,4,0.00,122.02,0.00,SIN
2a06:98c1:3103:f1:8755:1a1f:fca5:dd0d,4,4,0.00,122.12,0.00,SIN
2a06:98c1:3103:f1:bb4e:38e1:bbe0:38dd,4,4,0.00,122.19,0.00,SIN
2a06:98c1:3103:f1:bb3b:5ffe:74e1:d8f7,4,4,0.00,122.27,0.00,SIN
2a06:98c1:3103:f1:26a:439b:fa1c:8996,4,4,0.00,122.42,0.00,SIN
2a06:98c1:3103:f1:bb4e:38e1:bb5d:dee8,4,4,0.00,122.51,0.00,SIN
2a06:98c1:3103:0:cf8b:4a9f:80eb:5f21,4,4,0.00,122.94,0.00,SIN
2a06:98c1:3102:4e68:397d:edbe:2201:4d8d,4,4,0.00,122.95,0.00,SIN
2a06:98c1:3103:0:cf8b:4a0a:6400:2230,4,4,0.00,123.02,0.00,SIN
2a06:98c1:3103:f1:8755:1a26:e0ae:dfe8,4,4,0.00,123.06,0.00,SIN
2a06:98c1:3102:0:f5e4:9ef2:45b:b165,4,4,0.00,123.21,0.00,SIN
2a06:98c1:3102:d4:d2d3:d9cb:aeef:f2d2,4,4,0.00,123.24,0.00,SIN
2a06:98c1:3103:f1:8755:f69b:9600:40be,4,4,0.00,123.26,0.00,SIN
2a06:98c1:3103:f1:8755:1a1f:e1f:2655,4,4,0.00,123.34,0.00,SIN
2a06:98c1:3103:f1:bb3b:5f33:db7f:80ac,4,4,0.00,123.41,0.00,SIN
2a06:98c1:3102:d4:d2d3:d941:fcb0:92e3,4,4,0.00,123.43,0.00,SIN
2a06:98c1:3103:f1:8755:1a1f:25f3:53e4,4,4,0.00,123.65,0.00,SIN
2a06:98c1:3102:d4:d2d3:d990:f687:742f,4,4,0.00,123.70,0.00,SIN
2a06:98c1:3103:f1:bb3b:5f33:db98:586b,4,4,0.00,123.70,0.00,SIN
2a06:98c1:3103:f1:8755:1a26:e05d:6cd4,4,4,0.00,123.83,0.00,SIN
2a06:98c1:3103:f1:26a:439b:7ddc:35d5,4,4,0.00,124.06,0.00,SIN
2a06:98c1:3103:f1:8755:f69b:e5a8:26c2,4,4,0.00,124.08,0.00,SIN
2a06:98c1:3102:4e68:397d:ed76:d251:8d90,4,4,0.00,124.18,0.00,SIN
2a06:98c1:3103:f1:8755:f69b:e5e9:c8a1,4,4,0.00,124.22,0.00,SIN
2a06:98c1:3103:f1:26a:439b:3675:bc8b,4,4,0.00,124.42,0.00,SIN
2a06:98c1:3102:0:f5e4:9ef2:1e02:d8fe,4,4,0.00,124.50,0.00,SIN
2a06:98c1:3103:0:cf8b:4a0a:64fd:120f,4,4,0.00,124.63,0.00,SIN
2a06:98c1:3103:f1:8755:f69b:969e:b59f,4,4,0.00,124.65,0.00,SIN
2a06:98c1:3103:0:cf8b:4a11:4bf7:2352,4,4,0.00,124.66,0.00,SIN
2a06:98c1:3103:f1:8755:f69b:e575:7986,4,4,0.00,124.66,0.00,SIN
2a06:98c1:3102:0:f5e4:667a:f5a2:d099,4,4,0.00,124.67,0.00,SIN
2a06:98c1:3103:0:cf8b:4a9f:389:c852,4,4,0.00,124.89,0.00,SIN
2a06:98c1:3103:f1:8755:f69b:9615:c6f3,4,4,0.00,125.02,0.00,SIN
2a06:98c1:3102:4e68:397d:edbe:cd9d:9198,4,4,0.00,125.14,0.00,SIN
2a06:98c1:3103:f1:bb3b:5f33:db1f:92cd,4,4,0.00,125.16,0.00,SIN
2a06:98c1:3102:d4:d2d3:d9cb:ae44:8e05,4,4,0.00,125.26,0.00,SIN
2a06:98c1:3103:f1:26a:439b:36ec:8bcd,4,4,0.00,125.26,0.00,SIN
2a06:98c1:3103:f1:8755:1aef:29f9:2bba,4,4,0.00,125.64,0.00,SIN
2a06:98c1:3102:0:f5e4:9e32:5cb0:598c,4,4,0.00,125.76,0.00,SIN
2a06:98c1:3102:0:f5e4:9ef2:1e00:3e0d,4,4,0.00,125.87,0.00,SIN
2a06:98c1:3102:d4:d2d3:23b6:9ce0:b2e5,4,4,0.00,126.43,0.00,SIN
2a06:98c1:3103:0:cf8b:4a9f:1d69:4aae,4,4,0.00,126.66,0.00,SIN
2a06:98c1:3102:0:f5e4:3c97:ad73:1010,4,4,0.00,126.79,0.00,SIN
2a06:98c1:3103:0:cf8b:d23:67ff:ea4c,4,4,0.00,127.75,0.00,SIN
2a06:98c1:3103:0:cf8b:4a0a:617e:6222,4,4,0.00,128.16,0.00,SIN
2a06:98c1:3103:0:cf8b:d23:99d5:1ac9,4,4,0.00,129.13,0.00,SIN
2a06:98c1:3103:0:cf8b:d23:6746:547c,4,4,0.00,146.84,0.00,SIN
2a06:98c1:3102:0:f5b1:d0bb:8d37:f95a,4,4,0.00,147.17,0.00,SIN
2a06:98c1:3102:0:f5b1:d042:a923:7b51,4,4,0.00,147.83,0.00,SIN
2a06:98c1:3102:0:f5b1:d0bb:d00:736,4,4,0.00,147.90,0.00,SIN
2a06:98c1:3102:0:f5b1:d0bb:dcb:a2dd,4,4,0.00,148.28,0.00,SIN
2a06:98c1:3103:0:c0df:98c0:aa99:eefa,4,4,0.00,148.58,0.00,SIN
2a06:98c1:3102:0:f523:f760:b189:79a2,4,4,0.00,148.70,0.00,SIN
2a06:98c1:3102:0:f5b1:d0f3:da1b:7cf2,4,4,0.00,148.88,0.00,SIN
2a06:98c1:3102:0:f5b1:d0bb:d3b:f083,4,4,0.00,148.94,0.00,SIN
2a06:98c1:3103:0:cf8b:d23:673e:7124,4,4,0.00,149.10,0.00,SIN
2a06:98c1:3103:0:c0df:5c6c:d72d:f515,4,4,0.00,149.32,0.00,SIN
2a06:98c1:3103:0:cf8b:d23:994c:be4,4,4,0.00,149.47,0.00,SIN
2a06:98c1:3102:0:f523:f760:6e5:cab2,4,4,0.00,150.49,0.00,SIN
2a06:98c1:3103:0:c0df:5c6c:3632:2c46,4,4,0.00,150.94,0.00,SIN
2a06:98c1:3102:0:f523:f760:66b:e230,4,4,0.00,151.44,0.00,SIN
2a06:98c1:3102:0:f523:f760:6f8:5ca,4,4,0.00,151.58,0.00,SIN
2a06:98c1:3102:0:f523:cd75:6f2d:36de,4,4,0.00,151.83,0.00,SIN
2a06:98c1:3103:0:c0df:5c11:22b3:1668,4,4,0.00,152.36,0.00,SIN
2a06:98c1:3102:0:f523:436a:b4c2:7de2,4,4,0.00,152.40,0.00,SIN
2a06:98c1:3102:0:f523:cd75:6fad:4f74,4,4,0.00,152.55,0.00,SIN
2a06:98c1:3102:0:f523:cd75:6f71:21af,4,4,0.00,152.64,0.00,SIN
2a06:98c1:3103:0:c0df:5c6c:3667:de5d,4,4,0.00,153.23,0.00,SIN
2a06:98c1:3103:0:c0df:98c0:39df:ba7d,4,4,0.00,154.02,0.00,SIN
2a06:98c1:3102:0:f523:f760:634:4a57,4,4,0.00,154.43,0.00,SIN
2a06:98c1:3102:0:f523:436a:b46d:d84c,4,4,0.00,156.92,0.00,SIN
2a06:98c1:3103:0:c0df:5c11:647d:960f,4,4,0.00,158.37,0.00,SIN
2400:cb00:2049:82:1ac1:f73a:cd2c:18e4,4,3,0.25,95.12,0.00,SIN
2400:cb00:2049:0:4b2a:310f:c110:9591,4,3,0.25,98.33,0.00,SIN
2400:cb00:2049:82:1a8d:8cc5:85ed:8fbb,4,3,0.25,99.16,0.00,SIN
2400:cb00:2049:82:1ac1:f73a:9a81:4508,4,3,0.25,100.32,0.00,SIN
